accept@1231: best=1232 metric=0.692 walkback=1 bin=3
wid@1231.6031843685191: votes=5 margin=0.767
refine@0: groups=18 slopeHz=0.45 intercept=2.092 pw=2.20/6.2 2.14/5.5 2.22/5.3 2.18/5.1 2.15/4.7 2.18/4.4 2.25/4.0 2.29/3.5 2.30/3.3 2.39/3.0 2.32/2.5 2.50/2.5 2.40/2.0 2.60/1.9 2.66/1.2 -3.05/1.8 2.94/1.3 2.91/1.4 
refine@9216: groups=72 slopeHz=-0.69 intercept=1.728 pw=2.07/3.3 2.03/6.2 1.88/4.6 1.91/4.5 2.00/4.8 1.94/4.3 1.51/4.3 1.50/4.8 1.39/4.3 1.33/6.0 1.31/4.9 0.96/5.3 1.25/4.7 0.96/4.7 1.04/5.9 0.50/6.4 0.79/4.9 0.75/3.9 0.26/4.7 0.73/6.5 0.40/5.9 0.36/5.3 0.45/4.9 0.33/4.7 0.07/5.9 0.13/6.2 -0.01/5.8 0.09/7.0 0.09/6.4 -0.30/6.4 -0.05/7.2 -0.19/6.0 -0.12/6.5 -0.48/7.0 -0.31/5.5 -0.32/4.7 -0.61/5.0 -0.31/6.3 -0.51/5.5 -0.51/4.9 -0.41/4.6 -0.46/4.3 -0.70/4.4 -0.65/4.5 -0.71/3.9 -0.79/3.8 -0.72/3.7 -0.99/3.0 -0.62/2.7 -0.78/3.2 -0.82/3.2 -1.34/2.1 -0.77/2.1 -0.45/1.7 -0.53/0.6 -1.03/2.0 -0.98/0.7 -0.42/0.7 -0.26/0.9 0.17/0.8 1.45/0.7 1.69/0.6 1.50/1.1 1.67/1.4 1.48/1.4 1.72/2.1 2.05/1.8 1.49/2.1 1.73/2.0 1.58/3.4 1.43/2.6 1.27/2.6 
frame@11568: gain=0.039 ref=0.060 mse=0.482 tau=-0.006 omega=-5.56E-004 bad=0 tapChange=1.2850 floor=1.2850 fading=False/False preMse=0.890 energy=0.021/0.017 fresh=False phase=0.020 anchor=0.159@-0.008 phi=0.021
frame@11664: gain=0.085 ref=0.060 mse=0.392 tau=-0.012 omega=-5.56E-004 bad=1 tapChange=0.0000 floor=1.2850 fading=False/True preMse=0.724 energy=0.024/0.017 fresh=True phase=0.072 anchor=0.106@-0.000 phi=0.000
frame@11760: gain=0.058 ref=0.060 mse=0.437 tau=-0.017 omega=-5.59E-004 bad=2 tapChange=0.7665 floor=0.7665 fading=False/True preMse=0.807 energy=0.025/0.017 fresh=False phase=-0.007 anchor=0.192@-0.003 phi=0.007
frame@11856: gain=0.109 ref=0.060 mse=0.354 tau=-0.023 omega=-5.91E-004 bad=3 tapChange=0.1769 floor=0.1769 fading=False/True preMse=0.653 energy=0.027/0.017 fresh=False phase=-0.069 anchor=0.280@-0.036 phi=0.061
frame@11952: gain=0.147 ref=0.062 mse=0.299 tau=-0.030 omega=-5.84E-004 bad=0 tapChange=0.0682 floor=0.0682 fading=False/True preMse=0.552 energy=0.027/0.018 fresh=False phase=0.003 anchor=0.339@0.008 phi=-0.013
frame@12048: gain=0.178 ref=0.067 mse=0.253 tau=-0.037 omega=-5.70E-004 bad=0 tapChange=0.0351 floor=0.0351 fading=False/True preMse=0.467 energy=0.028/0.018 fresh=False phase=0.034 anchor=0.390@0.019 phi=-0.026
frame@12144: gain=0.228 ref=0.072 mse=0.198 tau=-0.043 omega=-6.22E-004 bad=0 tapChange=0.0186 floor=0.0186 fading=False/True preMse=0.366 energy=0.030/0.019 fresh=False phase=-0.112 anchor=0.473@-0.074 phi=0.099
frame@12240: gain=0.241 ref=0.080 mse=0.177 tau=-0.048 omega=-6.19E-004 bad=0 tapChange=0.0138 floor=0.0138 fading=False/True preMse=0.327 energy=0.032/0.019 fresh=False phase=0.019 anchor=0.498@0.004 phi=-0.005
frame@12336: gain=0.274 ref=0.088 mse=0.141 tau=-0.053 omega=-6.47E-004 bad=0 tapChange=0.0088 floor=0.0088 fading=False/True preMse=0.260 energy=0.036/0.020 fresh=False phase=-0.054 anchor=0.555@-0.042 phi=0.053
frame@12432: gain=0.313 ref=0.097 mse=0.110 tau=-0.057 omega=-6.63E-004 bad=0 tapChange=0.0065 floor=0.0065 fading=False/True preMse=0.202 energy=0.041/0.021 fresh=False phase=-0.044 anchor=0.619@-0.026 phi=0.032
frame@12528: gain=0.349 ref=0.108 mse=0.082 tau=-0.062 omega=-6.63E-004 bad=0 tapChange=0.0045 floor=0.0045 fading=False/True preMse=0.151 energy=0.049/0.022 fresh=False phase=-0.001 anchor=0.679@-0.000 phi=-0.000
frame@12624: gain=0.390 ref=0.120 mse=0.064 tau=-0.067 omega=-6.84E-004 bad=0 tapChange=0.0045 floor=0.0045 fading=False/True preMse=0.119 energy=0.058/0.023 fresh=False phase=-0.046 anchor=0.751@-0.031 phi=0.040
frame@12720: gain=0.420 ref=0.134 mse=0.069 tau=-0.072 omega=-6.90E-004 bad=0 tapChange=0.0054 floor=0.0048 fading=False/True preMse=0.127 energy=0.068/0.025 fresh=False phase=-0.022 anchor=0.789@-0.008 phi=0.011
frame@12816: gain=0.433 ref=0.148 mse=0.047 tau=-0.074 omega=-6.59E-004 bad=0 tapChange=0.0035 floor=0.0035 fading=False/True preMse=0.087 energy=0.078/0.027 fresh=False phase=0.065 anchor=0.820@0.047 phi=-0.059
frame@12912: gain=0.462 ref=0.162 mse=0.027 tau=-0.078 omega=-6.51E-004 bad=0 tapChange=0.0021 floor=0.0021 fading=False/True preMse=0.049 energy=0.086/0.030 fresh=False phase=0.016 anchor=0.866@0.012 phi=-0.015
frame@13008: gain=0.471 ref=0.177 mse=0.034 tau=-0.080 omega=-6.26E-004 bad=0 tapChange=0.0026 floor=0.0023 fading=False/True preMse=0.063 energy=0.091/0.032 fresh=False phase=0.048 anchor=0.871@0.038 phi=-0.047
frame@13104: gain=0.476 ref=0.192 mse=0.016 tau=-0.080 omega=-6.07E-004 bad=0 tapChange=0.0011 floor=0.0011 fading=False/True preMse=0.029 energy=0.091/0.035 fresh=False phase=0.043 anchor=0.890@0.030 phi=-0.037
frame@13200: gain=0.455 ref=0.206 mse=0.027 tau=-0.079 omega=-5.90E-004 bad=0 tapChange=0.0016 floor=0.0013 fading=False/True preMse=0.049 energy=0.087/0.038 fresh=False phase=0.039 anchor=0.851@0.027 phi=-0.033
frame@13296: gain=0.452 ref=0.219 mse=0.032 tau=-0.079 omega=-5.89E-004 bad=0 tapChange=0.0019 floor=0.0014 fading=False/True preMse=0.059 energy=0.078/0.041 fresh=False phase=0.002 anchor=0.843@0.002 phi=-0.002
frame@13392: gain=0.424 ref=0.230 mse=0.040 tau=-0.077 omega=-5.71E-004 bad=0 tapChange=0.0021 floor=0.0016 fading=False/True preMse=0.073 energy=0.067/0.042 fresh=False phase=0.042 anchor=0.804@0.028 phi=-0.034
frame@13488: gain=0.427 ref=0.240 mse=0.043 tau=-0.075 omega=-5.51E-004 bad=0 tapChange=0.0023 floor=0.0018 fading=False/True preMse=0.079 energy=0.056/0.044 fresh=False phase=0.047 anchor=0.809@0.032 phi=-0.039
frame@13584: gain=0.405 ref=0.249 mse=0.053 tau=-0.075 omega=-5.53E-004 bad=0 tapChange=0.0019 floor=0.0019 fading=False/True preMse=0.099 energy=0.047/0.044 fresh=False phase=-0.008 anchor=0.761@-0.004 phi=0.005
frame@13680: gain=0.384 ref=0.257 mse=0.072 tau=-0.080 omega=-5.76E-004 bad=0 tapChange=0.0035 floor=0.0020 fading=False/True preMse=0.132 energy=0.042/0.044 fresh=False phase=-0.039 anchor=0.734@-0.036 phi=0.044
frame@13776: gain=0.403 ref=0.263 mse=0.058 tau=-0.083 omega=-5.77E-004 bad=0 tapChange=0.0022 floor=0.0022 fading=False/True preMse=0.106 energy=0.041/0.044 fresh=False phase=-0.003 anchor=0.754@-0.001 phi=0.001
frame@13872: gain=0.402 ref=0.270 mse=0.079 tau=-0.088 omega=-5.34E-004 bad=0 tapChange=0.0039 floor=0.0024 fading=False/True preMse=0.147 energy=0.044/0.044 fresh=False phase=0.081 anchor=0.750@0.068 phi=-0.083
frame@13968: gain=0.425 ref=0.277 mse=0.058 tau=-0.092 omega=-5.05E-004 bad=0 tapChange=0.0032 floor=0.0027 fading=False/True preMse=0.107 energy=0.050/0.044 fresh=False phase=0.058 anchor=0.799@0.047 phi=-0.056
frame@14064: gain=0.437 ref=0.284 mse=0.044 tau=-0.095 omega=-4.69E-004 bad=0 tapChange=0.0026 floor=0.0026 fading=False/True preMse=0.081 energy=0.057/0.044 fresh=False phase=0.067 anchor=0.821@0.058 phi=-0.069
frame@14160: gain=0.447 ref=0.292 mse=0.085 tau=-0.101 omega=-4.33E-004 bad=0 tapChange=0.0061 floor=0.0028 fading=False/True preMse=0.157 energy=0.063/0.045 fresh=False phase=0.072 anchor=0.816@0.057 phi=-0.069
frame@14256: gain=0.462 ref=0.300 mse=0.062 tau=-0.107 omega=-3.53E-004 bad=0 tapChange=0.0044 floor=0.0031 fading=False/True preMse=0.115 energy=0.068/0.046 fresh=False phase=0.161 anchor=0.864@0.124 phi=-0.153
frame@14352: gain=0.472 ref=0.308 mse=0.052 tau=-0.111 omega=-3.18E-004 bad=0 tapChange=0.0039 floor=0.0033 fading=False/True preMse=0.096 energy=0.071/0.047 fresh=False phase=0.072 anchor=0.866@0.054 phi=-0.067
frame@14448: gain=0.486 ref=0.316 mse=0.076 tau=-0.115 omega=-1.92E-004 bad=0 tapChange=0.0047 floor=0.0036 fading=False/True preMse=0.141 energy=0.074/0.048 fresh=False phase=0.257 anchor=0.890@0.194 phi=-0.243
frame@14544: gain=0.481 ref=0.325 mse=0.053 tau=-0.118 omega=-1.46E-004 bad=0 tapChange=0.0035 floor=0.0035 fading=False/True preMse=0.098 energy=0.076/0.050 fresh=False phase=0.087 anchor=0.873@0.074 phi=-0.089
frame@14640: gain=0.469 ref=0.332 mse=0.063 tau=-0.122 omega=-9.64E-005 bad=0 tapChange=0.0051 floor=0.0037 fading=False/True preMse=0.117 energy=0.077/0.051 fresh=False phase=0.100 anchor=0.864@0.076 phi=-0.094
frame@14736: gain=0.464 ref=0.339 mse=0.050 tau=-0.126 omega=-6.37E-005 bad=0 tapChange=0.0041 floor=0.0040 fading=False/True preMse=0.092 energy=0.077/0.052 fresh=False phase=0.068 anchor=0.865@0.049 phi=-0.063
frame@14832: gain=0.467 ref=0.345 mse=0.042 tau=-0.129 omega=-1.30E-005 bad=0 tapChange=0.0029 floor=0.0029 fading=False/True preMse=0.077 energy=0.075/0.053 fresh=False phase=0.102 anchor=0.866@0.078 phi=-0.097
frame@14928: gain=0.431 ref=0.352 mse=0.040 tau=-0.133 omega=-2.10E-005 bad=0 tapChange=0.0028 floor=0.0028 fading=False/True preMse=0.075 energy=0.071/0.055 fresh=False phase=-0.022 anchor=0.819@-0.012 phi=0.015
frame@15024: gain=0.383 ref=0.355 mse=0.081 tau=-0.134 omega=3.99E-005 bad=0 tapChange=0.0052 floor=0.0031 fading=False/True preMse=0.149 energy=0.064/0.055 fresh=False phase=0.118 anchor=0.740@0.096 phi=-0.117
frame@15120: gain=0.376 ref=0.357 mse=0.078 tau=-0.135 omega=1.34E-005 bad=0 tapChange=0.0041 floor=0.0033 fading=False/True preMse=0.143 energy=0.056/0.056 fresh=False phase=-0.052 anchor=0.722@-0.042 phi=0.051
frame@15216: gain=0.349 ref=0.358 mse=0.102 tau=-0.136 omega=1.74E-005 bad=0 tapChange=0.0060 floor=0.0036 fading=False/True preMse=0.188 energy=0.048/0.056 fresh=False phase=0.001 anchor=0.683@0.007 phi=-0.008
frame@15312: gain=0.292 ref=0.357 mse=0.145 tau=-0.140 omega=-3.57E-005 bad=0 tapChange=0.0071 floor=0.0039 fading=False/True preMse=0.268 energy=0.040/0.055 fresh=False phase=-0.118 anchor=0.586@-0.088 phi=0.102
frame@15408: gain=0.292 ref=0.354 mse=0.142 tau=-0.143 omega=-8.53E-005 bad=0 tapChange=0.0059 floor=0.0042 fading=False/True preMse=0.262 energy=0.033/0.055 fresh=False phase=-0.101 anchor=0.579@-0.083 phi=0.095
frame@15504: gain=0.268 ref=0.351 mse=0.167 tau=-0.142 omega=-1.83E-004 bad=0 tapChange=0.0054 floor=0.0045 fading=False/True preMse=0.309 energy=0.028/0.054 fresh=False phase=-0.202 anchor=0.532@-0.166 phi=0.188
frame@15600: gain=0.269 ref=0.347 mse=0.160 tau=-0.146 omega=-2.78E-004 bad=0 tapChange=0.0045 floor=0.0045 fading=False/True preMse=0.295 energy=0.024/0.052 fresh=False phase=-0.194 anchor=0.533@-0.161 phi=0.182
frame@15696: gain=0.280 ref=0.343 mse=0.146 tau=-0.155 omega=-3.64E-004 bad=0 tapChange=0.0032 floor=0.0032 fading=False/True preMse=0.269 energy=0.023/0.051 fresh=False phase=-0.175 anchor=0.545@-0.148 phi=0.166
frame@15792: gain=0.308 ref=0.340 mse=0.116 tau=-0.154 omega=-4.18E-004 bad=0 tapChange=0.0027 floor=0.0027 fading=False/True preMse=0.215 energy=0.025/0.049 fresh=False phase=-0.108 anchor=0.595@-0.090 phi=0.102
frame@15888: gain=0.354 ref=0.338 mse=0.090 tau=-0.148 omega=-4.23E-004 bad=0 tapChange=0.0030 floor=0.0029 fading=False/True preMse=0.167 energy=0.031/0.048 fresh=False phase=-0.010 anchor=0.675@-0.009 phi=0.011
frame@15984: gain=0.368 ref=0.339 mse=0.101 tau=-0.140 omega=-4.37E-004 bad=0 tapChange=0.0046 floor=0.0032 fading=False/True preMse=0.187 energy=0.041/0.047 fresh=False phase=-0.025 anchor=0.700@-0.023 phi=0.027
frame@16080: gain=0.466 ref=0.341 mse=0.117 tau=-0.133 omega=-4.06E-004 bad=0 tapChange=0.0070 floor=0.0034 fading=False/True preMse=0.216 energy=0.057/0.047 fresh=False phase=0.069 anchor=0.836@0.051 phi=-0.060
frame@16176: gain=0.485 ref=0.347 mse=0.088 tau=-0.126 omega=-3.76E-004 bad=0 tapChange=0.0068 floor=0.0037 fading=False/True preMse=0.162 energy=0.079/0.048 fresh=False phase=0.088 anchor=0.887@0.050 phi=-0.058
frame@16272: gain=0.479 ref=0.354 mse=0.132 tau=-0.120 omega=-3.55E-004 bad=0 tapChange=0.0109 floor=0.0040 fading=False/True preMse=0.243 energy=0.106/0.049 fresh=False phase=0.068 anchor=0.887@0.033 phi=-0.039
frame@16368: gain=0.533 ref=0.360 mse=0.088 tau=-0.114 omega=-3.47E-004 bad=0 tapChange=0.0065 floor=0.0043 fading=False/True preMse=0.163 energy=0.134/0.052 fresh=False phase=0.026 anchor=0.941@0.014 phi=-0.016
frame@16464: gain=0.571 ref=0.369 mse=0.183 tau=-0.111 omega=-3.67E-004 bad=0 tapChange=0.0165 floor=0.0046 fading=False/True preMse=0.338 energy=0.161/0.056 fresh=False phase=-0.015 anchor=0.976@-0.031 phi=0.039
frame@16560: gain=0.537 ref=0.379 mse=0.190 tau=-0.109 omega=-3.06E-004 bad=0 tapChange=0.0179 floor=0.0050 fading=True/True preMse=0.352 energy=0.184/0.061 fresh=False phase=0.199 anchor=0.972@0.094 phi=-0.118
frame@16656: gain=0.601 ref=0.387 mse=0.052 tau=-0.107 omega=-2.92E-004 bad=0 tapChange=0.0063 floor=0.0053 fading=True/True preMse=0.095 energy=0.200/0.067 fresh=False phase=0.057 anchor=1.039@0.022 phi=-0.027
frame@16752: gain=0.554 ref=0.397 mse=0.100 tau=-0.104 omega=-3.18E-004 bad=0 tapChange=0.0105 floor=0.0057 fading=True/True preMse=0.184 energy=0.209/0.074 fresh=False phase=-0.029 anchor=0.969@-0.040 phi=0.051
frame@16848: gain=0.537 ref=0.405 mse=0.112 tau=-0.103 omega=-3.08E-004 bad=0 tapChange=0.0131 floor=0.0060 fading=True/True preMse=0.206 energy=0.209/0.081 fresh=False phase=0.047 anchor=0.976@0.015 phi=-0.019
frame@16944: gain=0.532 ref=0.412 mse=0.045 tau=-0.100 omega=-2.84E-004 bad=0 tapChange=0.0062 floor=0.0062 fading=True/True preMse=0.083 energy=0.201/0.087 fresh=False phase=0.075 anchor=0.964@0.036 phi=-0.047
frame@17040: gain=0.548 ref=0.418 mse=0.076 tau=-0.098 omega=-2.22E-004 bad=0 tapChange=0.0099 floor=0.0067 fading=True/True preMse=0.141 energy=0.187/0.093 fresh=False phase=0.167 anchor=0.994@0.087 phi=-0.118
frame@17136: gain=0.494 ref=0.424 mse=0.032 tau=-0.096 omega=-2.20E-004 bad=0 tapChange=0.0045 floor=0.0045 fading=True/True preMse=0.059 energy=0.169/0.098 fresh=False phase=0.012 anchor=0.929@0.003 phi=-0.004
frame@17232: gain=0.506 ref=0.428 mse=0.046 tau=-0.094 omega=-2.09E-004 bad=0 tapChange=0.0064 floor=0.0048 fading=True/True preMse=0.085 energy=0.148/0.101 fresh=False phase=0.034 anchor=0.928@0.016 phi=-0.022
frame@17328: gain=0.454 ref=0.432 mse=0.044 tau=-0.093 omega=-1.70E-004 bad=0 tapChange=0.0049 floor=0.0049 fading=True/True preMse=0.081 energy=0.126/0.104 fresh=False phase=0.090 anchor=0.860@0.058 phi=-0.076
frame@17424: gain=0.411 ref=0.433 mse=0.053 tau=-0.093 omega=-1.25E-004 bad=0 tapChange=0.0054 floor=0.0053 fading=True/True preMse=0.098 energy=0.105/0.105 fresh=False phase=0.103 anchor=0.812@0.065 phi=-0.086
frame@17520: gain=0.409 ref=0.432 mse=0.066 tau=-0.093 omega=-9.31E-005 bad=0 tapChange=0.0069 floor=0.0057 fading=True/True preMse=0.122 energy=0.087/0.105 fresh=False phase=0.065 anchor=0.790@0.049 phi=-0.061
frame@17616: gain=0.368 ref=0.431 mse=0.080 tau=-0.088 omega=-3.60E-005 bad=0 tapChange=0.0062 floor=0.0060 fading=True/True preMse=0.148 energy=0.073/0.104 fresh=False phase=0.120 anchor=0.728@0.086 phi=-0.110
frame@17712: gain=0.339 ref=0.427 mse=0.088 tau=-0.086 omega=-6.69E-006 bad=0 tapChange=0.0068 floor=0.0064 fading=True/True preMse=0.162 energy=0.064/0.102 fresh=False phase=0.064 anchor=0.688@0.047 phi=-0.056
frame@17808: gain=0.316 ref=0.423 mse=0.107 tau=-0.081 omega=3.29E-005 bad=0 tapChange=0.0083 floor=0.0069 fading=True/True preMse=0.198 energy=0.062/0.100 fresh=False phase=0.087 anchor=0.654@0.063 phi=-0.076
frame@17904: gain=0.306 ref=0.418 mse=0.116 tau=-0.107 omega=7.29E-005 bad=0 tapChange=0.0086 floor=0.0073 fading=True/True preMse=0.214 energy=0.064/0.098 fresh=False phase=0.096 anchor=0.641@0.064 phi=-0.077
frame@18000: gain=0.309 ref=0.412 mse=0.117 tau=-0.113 omega=1.02E-004 bad=0 tapChange=0.0089 floor=0.0078 fading=True/True preMse=0.215 energy=0.071/0.097 fresh=False phase=0.062 anchor=0.649@0.047 phi=-0.055
frame@18096: gain=0.310 ref=0.407 mse=0.118 tau=-0.110 omega=1.16E-004 bad=0 tapChange=0.0087 floor=0.0083 fading=True/True preMse=0.217 energy=0.080/0.095 fresh=False phase=0.027 anchor=0.653@0.024 phi=-0.028
frame@18192: gain=0.328 ref=0.402 mse=0.102 tau=-0.111 omega=1.31E-004 bad=0 tapChange=0.0070 floor=0.0070 fading=True/True preMse=0.187 energy=0.088/0.095 fresh=False phase=0.027 anchor=0.680@0.024 phi=-0.027
frame@18288: gain=0.339 ref=0.398 mse=0.122 tau=-0.108 omega=1.55E-004 bad=0 tapChange=0.0085 floor=0.0074 fading=True/True preMse=0.225 energy=0.094/0.094 fresh=False phase=0.068 anchor=0.695@0.039 phi=-0.047
frame@18384: gain=0.376 ref=0.395 mse=0.092 tau=-0.109 omega=1.74E-004 bad=0 tapChange=0.0063 floor=0.0063 fading=True/True preMse=0.169 energy=0.096/0.094 fresh=False phase=0.041 anchor=0.746@0.032 phi=-0.037
frame@18480: gain=0.384 ref=0.394 mse=0.168 tau=-0.107 omega=1.52E-004 bad=0 tapChange=0.0126 floor=0.0067 fading=True/True preMse=0.310 energy=0.093/0.094 fresh=False phase=-0.052 anchor=0.750@-0.036 phi=0.043
frame@18576: gain=0.340 ref=0.394 mse=0.118 tau=-0.104 omega=1.63E-004 bad=0 tapChange=0.0068 floor=0.0068 fading=True/True preMse=0.218 energy=0.086/0.094 fresh=False phase=0.015 anchor=0.685@0.019 phi=-0.021
frame@18672: gain=0.374 ref=0.391 mse=0.087 tau=-0.103 omega=1.66E-004 bad=0 tapChange=0.0041 floor=0.0041 fading=True/True preMse=0.161 energy=0.076/0.094 fresh=False phase=0.006 anchor=0.727@0.004 phi=-0.005
frame@18768: gain=0.350 ref=0.390 mse=0.097 tau=-0.101 omega=1.84E-004 bad=0 tapChange=0.0053 floor=0.0044 fading=True/True preMse=0.180 energy=0.064/0.093 fresh=False phase=0.014 anchor=0.690@0.031 phi=-0.036
frame@18864: gain=0.385 ref=0.388 mse=0.088 tau=-0.101 omega=2.30E-004 bad=0 tapChange=0.0051 floor=0.0047 fading=True/True preMse=0.162 energy=0.053/0.092 fresh=False phase=0.084 anchor=0.738@0.074 phi=-0.088
frame@18960: gain=0.385 ref=0.388 mse=0.087 tau=-0.105 omega=2.31E-004 bad=0 tapChange=0.0051 floor=0.0050 fading=True/True preMse=0.161 energy=0.043/0.090 fresh=False phase=0.005 anchor=0.733@0.002 phi=-0.003
frame@19056: gain=0.379 ref=0.388 mse=0.086 tau=-0.111 omega=2.84E-004 bad=0 tapChange=0.0031 floor=0.0031 fading=True/True preMse=0.158 energy=0.036/0.087 fresh=False phase=0.113 anchor=0.712@0.086 phi=-0.102
frame@19152: gain=0.400 ref=0.388 mse=0.062 tau=-0.112 omega=2.74E-004 bad=0 tapChange=0.0023 floor=0.0023 fading=True/True preMse=0.114 energy=0.032/0.085 fresh=False phase=-0.024 anchor=0.747@-0.017 phi=0.020
frame@19248: gain=0.408 ref=0.388 mse=0.072 tau=-0.117 omega=3.11E-004 bad=0 tapChange=0.0030 floor=0.0025 fading=True/True preMse=0.133 energy=0.033/0.082 fresh=False phase=0.069 anchor=0.757@0.060 phi=-0.071
frame@19344: gain=0.413 ref=0.389 mse=0.064 tau=-0.117 omega=3.18E-004 bad=0 tapChange=0.0025 floor=0.0025 fading=True/True preMse=0.118 energy=0.036/0.080 fresh=False phase=0.013 anchor=0.764@0.012 phi=-0.014
frame@19440: gain=0.422 ref=0.390 mse=0.066 tau=-0.117 omega=2.67E-004 bad=0 tapChange=0.0028 floor=0.0027 fading=True/True preMse=0.122 energy=0.041/0.077 fresh=False phase=-0.103 anchor=0.781@-0.083 phi=0.099
frame@19536: gain=0.436 ref=0.392 mse=0.051 tau=-0.114 omega=2.85E-004 bad=0 tapChange=0.0023 floor=0.0023 fading=True/True preMse=0.095 energy=0.047/0.076 fresh=False phase=0.040 anchor=0.806@0.030 phi=-0.036
frame@19632: gain=0.432 ref=0.394 mse=0.082 tau=-0.111 omega=3.18E-004 bad=0 tapChange=0.0055 floor=0.0025 fading=True/True preMse=0.152 energy=0.052/0.074 fresh=False phase=0.067 anchor=0.808@0.051 phi=-0.062
frame@19728: gain=0.431 ref=0.396 mse=0.049 tau=-0.108 omega=3.06E-004 bad=0 tapChange=0.0021 floor=0.0021 fading=False/True preMse=0.091 energy=0.055/0.073 fresh=False phase=-0.025 anchor=0.802@-0.019 phi=0.023
frame@19824: gain=0.451 ref=0.398 mse=0.059 tau=-0.106 omega=3.19E-004 bad=0 tapChange=0.0029 floor=0.0023 fading=False/True preMse=0.110 energy=0.056/0.072 fresh=False phase=0.020 anchor=0.822@0.021 phi=-0.025
frame@19920: gain=0.458 ref=0.401 mse=0.081 tau=-0.101 omega=3.17E-004 bad=0 tapChange=0.0057 floor=0.0025 fading=False/True preMse=0.149 energy=0.055/0.071 fresh=False phase=0.000 anchor=0.843@-0.002 phi=0.003
frame@20016: gain=0.416 ref=0.403 mse=0.066 tau=-0.096 omega=3.33E-004 bad=0 tapChange=0.0037 floor=0.0028 fading=False/True preMse=0.123 energy=0.052/0.071 fresh=False phase=0.041 anchor=0.784@0.026 phi=-0.032
frame@20112: gain=0.372 ref=0.404 mse=0.080 tau=-0.092 omega=3.64E-004 bad=0 tapChange=0.0031 floor=0.0030 fading=False/True preMse=0.147 energy=0.048/0.070 fresh=False phase=0.063 anchor=0.709@0.050 phi=-0.058
frame@20208: gain=0.382 ref=0.402 mse=0.088 tau=-0.086 omega=3.90E-004 bad=0 tapChange=0.0039 floor=0.0032 fading=False/True preMse=0.162 energy=0.043/0.069 fresh=False phase=0.042 anchor=0.723@0.043 phi=-0.051
frame@20304: gain=0.339 ref=0.401 mse=0.100 tau=-0.083 omega=4.03E-004 bad=0 tapChange=0.0035 floor=0.0035 fading=False/True preMse=0.184 energy=0.037/0.067 fresh=False phase=0.029 anchor=0.654@0.022 phi=-0.025
frame@20400: gain=0.331 ref=0.398 mse=0.122 tau=-0.079 omega=4.19E-004 bad=0 tapChange=0.0049 floor=0.0038 fading=False/True preMse=0.225 energy=0.033/0.066 fresh=False phase=0.046 anchor=0.634@0.026 phi=-0.030
frame@20496: gain=0.260 ref=0.395 mse=0.187 tau=-0.078 omega=4.89E-004 bad=0 tapChange=0.0064 floor=0.0041 fading=False/True preMse=0.345 energy=0.029/0.064 fresh=False phase=0.133 anchor=0.520@0.121 phi=-0.135
frame@20592: gain=0.265 ref=0.388 mse=0.174 tau=-0.079 omega=4.79E-004 bad=0 tapChange=0.0045 floor=0.0044 fading=False/True preMse=0.321 energy=0.026/0.062 fresh=False phase=-0.036 anchor=0.519@-0.019 phi=0.021
frame@20688: gain=0.253 ref=0.382 mse=0.182 tau=-0.077 omega=4.99E-004 bad=0 tapChange=0.0044 floor=0.0044 fading=False/True preMse=0.337 energy=0.024/0.061 fresh=False phase=0.049 anchor=0.496@0.035 phi=-0.040
frame@20784: gain=0.241 ref=0.376 mse=0.198 tau=-0.075 omega=5.80E-004 bad=0 tapChange=0.0047 floor=0.0047 fading=False/True preMse=0.365 energy=0.022/0.059 fresh=False phase=0.175 anchor=0.478@0.141 phi=-0.156
frame@20880: gain=0.242 ref=0.369 mse=0.223 tau=-0.077 omega=5.68E-004 bad=0 tapChange=0.0065 floor=0.0050 fading=False/True preMse=0.411 energy=0.022/0.057 fresh=False phase=-0.021 anchor=0.465@-0.023 phi=0.024
frame@20976: gain=0.228 ref=0.363 mse=0.221 tau=-0.078 omega=6.54E-004 bad=0 tapChange=0.0055 floor=0.0054 fading=False/True preMse=0.408 energy=0.021/0.055 fresh=False phase=0.185 anchor=0.461@0.151 phi=-0.167
frame@21072: gain=0.241 ref=0.356 mse=0.192 tau=-0.079 omega=6.66E-004 bad=0 tapChange=0.0043 floor=0.0043 fading=False/True preMse=0.354 energy=0.022/0.053 fresh=False phase=0.028 anchor=0.475@0.021 phi=-0.023
frame@21168: gain=0.235 ref=0.350 mse=0.218 tau=-0.081 omega=6.46E-004 bad=0 tapChange=0.0054 floor=0.0046 fading=False/True preMse=0.402 energy=0.022/0.052 fresh=False phase=-0.055 anchor=0.462@-0.035 phi=0.039
frame@21264: gain=0.268 ref=0.344 mse=0.218 tau=-0.084 omega=7.17E-004 bad=0 tapChange=0.0076 floor=0.0049 fading=False/True preMse=0.402 energy=0.023/0.050 fresh=False phase=0.165 anchor=0.511@0.124 phi=-0.137
frame@21360: gain=0.269 ref=0.341 mse=0.177 tau=-0.086 omega=6.40E-004 bad=0 tapChange=0.0045 floor=0.0045 fading=False/True preMse=0.326 energy=0.023/0.049 fresh=False phase=-0.169 anchor=0.522@-0.134 phi=0.149
frame@21456: gain=0.266 ref=0.337 mse=0.181 tau=-0.089 omega=7.12E-004 bad=0 tapChange=0.0048 floor=0.0048 fading=False/True preMse=0.334 energy=0.023/0.048 fresh=False phase=0.156 anchor=0.524@0.127 phi=-0.140
frame@21552: gain=0.240 ref=0.333 mse=0.204 tau=-0.092 omega=6.53E-004 bad=0 tapChange=0.0044 floor=0.0044 fading=False/True preMse=0.377 energy=0.022/0.047 fresh=False phase=-0.129 anchor=0.483@-0.104 phi=0.114
frame@21648: gain=0.254 ref=0.329 mse=0.216 tau=-0.096 omega=7.16E-004 bad=0 tapChange=0.0061 floor=0.0047 fading=False/True preMse=0.399 energy=0.020/0.045 fresh=False phase=0.141 anchor=0.486@0.110 phi=-0.121
frame@21744: gain=0.224 ref=0.325 mse=0.205 tau=-0.099 omega=6.99E-004 bad=0 tapChange=0.0035 floor=0.0035 fading=False/True preMse=0.378 energy=0.017/0.044 fresh=False phase=-0.040 anchor=0.442@-0.030 phi=0.033
frame@21840: gain=0.163 ref=0.320 mse=0.290 tau=-0.100 omega=6.20E-004 bad=0 tapChange=0.0050 floor=0.0038 fading=False/True preMse=0.535 energy=0.013/0.043 fresh=False phase=-0.176 anchor=0.330@-0.142 phi=0.151
frame@21936: gain=0.099 ref=0.312 mse=0.387 tau=-0.102 omega=5.81E-004 bad=0 tapChange=0.0060 floor=0.0040 fading=False/True preMse=0.714 energy=0.011/0.041 fresh=False phase=-0.099 anchor=0.214@-0.072 phi=0.075
frame@22032: gain=0.086 ref=0.312 mse=0.451 tau=-0.107 omega=8.59E-004 bad=1 tapChange=0.0071 floor=0.0043 fading=False/True preMse=0.833 energy=0.008/0.041 fresh=False phase=0.699 anchor=0.185@0.515 phi=-0.534
frame@22128: gain=0.091 ref=0.312 mse=0.411 tau=-0.112 omega=1.03E-003 bad=2 tapChange=0.0057 floor=0.0047 fading=False/True preMse=0.759 energy=0.008/0.041 fresh=False phase=0.349 anchor=0.191@0.321 phi=-0.333
frame@22224: gain=0.120 ref=0.312 mse=0.362 tau=-0.115 omega=1.20E-003 bad=3 tapChange=0.0049 floor=0.0049 fading=False/True preMse=0.668 energy=0.009/0.041 fresh=False phase=0.356 anchor=0.243@0.312 phi=-0.328
frame@22320: gain=0.171 ref=0.312 mse=0.268 tau=-0.116 omega=1.22E-003 bad=4 tapChange=0.0038 floor=0.0038 fading=False/True preMse=0.495 energy=0.012/0.041 fresh=False phase=0.031 anchor=0.340@0.038 phi=-0.040
frame@22416: gain=0.226 ref=0.305 mse=0.210 tau=-0.115 omega=1.16E-003 bad=0 tapChange=0.0039 floor=0.0039 fading=False/True preMse=0.387 energy=0.017/0.040 fresh=False phase=-0.121 anchor=0.438@-0.106 phi=0.116
frame@22512: gain=0.233 ref=0.301 mse=0.206 tau=-0.115 omega=1.12E-003 bad=0 tapChange=0.0046 floor=0.0042 fading=False/True preMse=0.381 energy=0.023/0.039 fresh=False phase=-0.106 anchor=0.457@-0.083 phi=0.090
frame@22608: gain=0.338 ref=0.298 mse=0.150 tau=-0.115 omega=1.02E-003 bad=0 tapChange=0.0058 floor=0.0045 fading=False/True preMse=0.276 energy=0.031/0.038 fresh=False phase=-0.207 anchor=0.637@-0.165 phi=0.186
frame@22704: gain=0.315 ref=0.300 mse=0.163 tau=-0.116 omega=9.54E-004 bad=0 tapChange=0.0057 floor=0.0048 fading=False/True preMse=0.300 energy=0.039/0.037 fresh=False phase=-0.113 anchor=0.612@-0.115 phi=0.128
frame@22800: gain=0.394 ref=0.300 mse=0.145 tau=-0.116 omega=9.29E-004 bad=0 tapChange=0.0087 floor=0.0052 fading=False/True preMse=0.268 energy=0.046/0.038 fresh=False phase=-0.053 anchor=0.747@-0.041 phi=0.047
frame@22896: gain=0.309 ref=0.305 mse=0.198 tau=-0.116 omega=8.90E-004 bad=0 tapChange=0.0092 floor=0.0055 fading=False/True preMse=0.365 energy=0.052/0.038 fresh=False phase=-0.069 anchor=0.614@-0.066 phi=0.075
frame@22992: gain=0.400 ref=0.305 mse=0.154 tau=-0.115 omega=7.95E-004 bad=0 tapChange=0.0087 floor=0.0059 fading=False/True preMse=0.283 energy=0.057/0.039 fresh=False phase=-0.203 anchor=0.757@-0.160 phi=0.184
frame@23088: gain=0.378 ref=0.310 mse=0.135 tau=-0.116 omega=7.62E-004 bad=0 tapChange=0.0081 floor=0.0063 fading=False/True preMse=0.250 energy=0.061/0.040 fresh=False phase=-0.099 anchor=0.732@-0.055 phi=0.063
frame@23184: gain=0.367 ref=0.313 mse=0.136 tau=-0.117 omega=8.02E-004 bad=0 tapChange=0.0078 floor=0.0067 fading=False/True preMse=0.251 energy=0.064/0.041 fresh=False phase=0.110 anchor=0.714@0.067 phi=-0.077
frame@23280: gain=0.361 ref=0.316 mse=0.117 tau=-0.117 omega=7.55E-004 bad=0 tapChange=0.0060 floor=0.0060 fading=False/True preMse=0.216 energy=0.067/0.042 fresh=False phase=-0.114 anchor=0.708@-0.078 phi=0.091
frame@23376: gain=0.333 ref=0.318 mse=0.162 tau=-0.116 omega=7.80E-004 bad=0 tapChange=0.0086 floor=0.0064 fading=False/True preMse=0.299 energy=0.070/0.043 fresh=False phase=0.078 anchor=0.664@0.043 phi=-0.050
frame@23472: gain=0.311 ref=0.319 mse=0.212 tau=-0.115 omega=7.46E-004 bad=0 tapChange=0.0131 floor=0.0068 fading=False/True preMse=0.391 energy=0.072/0.044 fresh=False phase=-0.104 anchor=0.655@-0.058 phi=0.066
frame@23568: gain=0.351 ref=0.319 mse=0.163 tau=-0.114 omega=7.28E-004 bad=0 tapChange=0.0093 floor=0.0072 fading=False/True preMse=0.301 energy=0.075/0.046 fresh=False phase=-0.033 anchor=0.687@-0.030 phi=0.034
frame@23664: gain=0.353 ref=0.320 mse=0.168 tau=-0.112 omega=7.61E-004 bad=0 tapChange=0.0097 floor=0.0077 fading=False/True preMse=0.309 energy=0.076/0.047 fresh=False phase=0.076 anchor=0.697@0.056 phi=-0.063
frame@23760: gain=0.275 ref=0.322 mse=0.257 tau=-0.111 omega=6.31E-004 bad=0 tapChange=0.0147 floor=0.0082 fading=False/True preMse=0.474 energy=0.077/0.049 fresh=False phase=-0.331 anchor=0.595@-0.221 phi=0.249
frame@23856: gain=0.293 ref=0.320 mse=0.232 tau=-0.108 omega=6.97E-004 bad=0 tapChange=0.0151 floor=0.0087 fading=False/True preMse=0.429 energy=0.078/0.050 fresh=False phase=0.190 anchor=0.623@0.112 phi=-0.127
frame@23952: gain=0.331 ref=0.318 mse=0.303 tau=-0.107 omega=5.55E-004 bad=0 tapChange=0.0174 floor=0.0092 fading=False/True preMse=0.559 energy=0.079/0.052 fresh=False phase=-0.354 anchor=0.635@-0.239 phi=0.272
frame@24048: gain=0.265 ref=0.319 mse=0.211 tau=-0.106 omega=4.98E-004 bad=0 tapChange=0.0131 floor=0.0098 fading=False/True preMse=0.390 energy=0.081/0.053 fresh=False phase=-0.125 anchor=0.602@-0.097 phi=0.110
frame@24144: gain=0.320 ref=0.316 mse=0.276 tau=-0.104 omega=4.29E-004 bad=0 tapChange=0.0153 floor=0.0103 fading=False/True preMse=0.510 energy=0.086/0.054 fresh=False phase=-0.163 anchor=0.642@-0.116 phi=0.133
frame@24240: gain=0.272 ref=0.316 mse=0.310 tau=-0.104 omega=3.62E-004 bad=0 tapChange=0.0232 floor=0.0110 fading=False/True preMse=0.573 energy=0.092/0.056 fresh=False phase=-0.154 anchor=0.629@-0.113 phi=0.128
frame@24336: gain=0.273 ref=0.314 mse=0.387 tau=-0.102 omega=2.82E-004 bad=0 tapChange=0.0306 floor=0.0116 fading=False/True preMse=0.715 energy=0.098/0.058 fresh=False phase=-0.200 anchor=0.620@-0.134 phi=0.153
frame@24432: gain=0.384 ref=0.312 mse=0.367 tau=-0.103 omega=1.14E-004 bad=0 tapChange=0.0274 floor=0.0123 fading=False/True preMse=0.677 energy=0.105/0.060 fresh=False phase=-0.412 anchor=0.742@-0.275 phi=0.323
frame@24528: gain=0.410 ref=0.316 mse=0.161 tau=-0.103 omega=1.48E-004 bad=0 tapChange=0.0131 floor=0.0130 fading=False/True preMse=0.297 energy=0.112/0.062 fresh=False phase=0.118 anchor=0.820@0.055 phi=-0.066
frame@24624: gain=0.437 ref=0.320 mse=0.092 tau=-0.103 omega=6.53E-005 bad=0 tapChange=0.0075 floor=0.0075 fading=False/True preMse=0.170 energy=0.116/0.064 fresh=False phase=-0.211 anchor=0.851@-0.132 phi=0.160
frame@24720: gain=0.444 ref=0.326 mse=0.164 tau=-0.104 omega=4.24E-005 bad=0 tapChange=0.0149 floor=0.0080 fading=False/True preMse=0.303 energy=0.118/0.067 fresh=False phase=-0.050 anchor=0.851@-0.037 phi=0.044
frame@24816: gain=0.517 ref=0.332 mse=0.112 tau=-0.103 omega=3.57E-005 bad=0 tapChange=0.0113 floor=0.0085 fading=False/True preMse=0.207 energy=0.119/0.070 fresh=False phase=-0.013 anchor=0.943@-0.010 phi=0.013
frame@24912: gain=0.483 ref=0.341 mse=0.101 tau=-0.104 omega=-6.09E-005 bad=0 tapChange=0.0092 floor=0.0090 fading=False/True preMse=0.186 energy=0.117/0.072 fresh=False phase=-0.224 anchor=0.903@-0.149 phi=0.185
frame@25008: gain=0.530 ref=0.348 mse=0.107 tau=-0.106 omega=-9.09E-005 bad=0 tapChange=0.0120 floor=0.0095 fading=False/True preMse=0.198 energy=0.114/0.074 fresh=False phase=-0.061 anchor=0.963@-0.046 phi=0.058
frame@25104: gain=0.512 ref=0.358 mse=0.106 tau=-0.107 omega=-1.09E-004 bad=0 tapChange=0.0109 floor=0.0101 fading=False/True preMse=0.195 energy=0.112/0.076 fresh=False phase=-0.055 anchor=0.924@-0.028 phi=0.035
frame@25200: gain=0.504 ref=0.365 mse=0.076 tau=-0.109 omega=-1.01E-004 bad=0 tapChange=0.0075 floor=0.0075 fading=False/True preMse=0.141 energy=0.110/0.078 fresh=False phase=0.018 anchor=0.913@0.012 phi=-0.016
frame@25296: gain=0.487 ref=0.372 mse=0.116 tau=-0.111 omega=-1.06E-004 bad=0 tapChange=0.0140 floor=0.0080 fading=False/True preMse=0.214 energy=0.108/0.080 fresh=False phase=-0.020 anchor=0.919@-0.007 phi=0.009
frame@25392: gain=0.500 ref=0.378 mse=0.055 tau=-0.113 omega=-9.45E-005 bad=0 tapChange=0.0051 floor=0.0051 fading=False/True preMse=0.101 energy=0.106/0.081 fresh=False phase=0.028 anchor=0.903@0.017 phi=-0.022
frame@25488: gain=0.440 ref=0.384 mse=0.063 tau=-0.114 omega=-1.06E-004 bad=0 tapChange=0.0070 floor=0.0054 fading=False/True preMse=0.117 energy=0.105/0.082 fresh=False phase=-0.031 anchor=0.839@-0.017 phi=0.022
frame@25584: gain=0.450 ref=0.387 mse=0.035 tau=-0.114 omega=-1.03E-004 bad=0 tapChange=0.0034 floor=0.0034 fading=False/True preMse=0.064 energy=0.103/0.083 fresh=False phase=0.008 anchor=0.855@0.005 phi=-0.006
frame@25680: gain=0.442 ref=0.390 mse=0.054 tau=-0.114 omega=-1.01E-004 bad=0 tapChange=0.0045 floor=0.0036 fading=False/True preMse=0.100 energy=0.101/0.084 fresh=False phase=0.000 anchor=0.828@0.003 phi=-0.003
frame@25776: gain=0.454 ref=0.393 mse=0.039 tau=-0.118 omega=-1.19E-004 bad=0 tapChange=0.0033 floor=0.0033 fading=False/True preMse=0.073 energy=0.098/0.085 fresh=False phase=-0.034 anchor=0.856@-0.027 phi=0.034
frame@25872: gain=0.440 ref=0.396 mse=0.049 tau=-0.120 omega=-9.12E-005 bad=0 tapChange=0.0041 floor=0.0036 fading=False/True preMse=0.091 energy=0.096/0.086 fresh=False phase=0.052 anchor=0.835@0.042 phi=-0.052
frame@25968: gain=0.453 ref=0.398 mse=0.027 tau=-0.120 omega=-8.12E-005 bad=0 tapChange=0.0019 floor=0.0019 fading=False/True preMse=0.050 energy=0.093/0.086 fresh=False phase=0.016 anchor=0.856@0.015 phi=-0.019
frame@26064: gain=0.458 ref=0.401 mse=0.031 tau=-0.121 omega=-4.61E-005 bad=0 tapChange=0.0023 floor=0.0021 fading=False/True preMse=0.058 energy=0.090/0.087 fresh=False phase=0.071 anchor=0.863@0.053 phi=-0.067
frame@26160: gain=0.451 ref=0.404 mse=0.045 tau=-0.125 omega=-5.54E-005 bad=0 tapChange=0.0046 floor=0.0023 fading=False/True preMse=0.083 energy=0.086/0.087 fresh=False phase=-0.023 anchor=0.857@-0.014 phi=0.018
frame@26256: gain=0.466 ref=0.406 mse=0.035 tau=-0.125 omega=-9.22E-006 bad=0 tapChange=0.0025 floor=0.0025 fading=False/True preMse=0.065 energy=0.082/0.087 fresh=False phase=0.095 anchor=0.866@0.069 phi=-0.089
frame@26352: gain=0.460 ref=0.409 mse=0.035 tau=-0.128 omega=-1.10E-005 bad=0 tapChange=0.0026 floor=0.0026 fading=False/True preMse=0.064 energy=0.077/0.087 fresh=False phase=-0.002 anchor=0.854@-0.003 phi=0.003
frame@26448: gain=0.458 ref=0.411 mse=0.031 tau=-0.127 omega=1.75E-005 bad=0 tapChange=0.0024 floor=0.0024 fading=False/True preMse=0.057 energy=0.071/0.086 fresh=False phase=0.056 anchor=0.860@0.042 phi=-0.055
frame@26544: gain=0.431 ref=0.414 mse=0.040 tau=-0.129 omega=2.93E-005 bad=0 tapChange=0.0022 floor=0.0022 fading=False/True preMse=0.073 energy=0.063/0.085 fresh=False phase=0.020 anchor=0.811@0.018 phi=-0.023
frame@26640: gain=0.414 ref=0.415 mse=0.040 tau=-0.132 omega=4.07E-005 bad=0 tapChange=0.0018 floor=0.0018 fading=False/True preMse=0.073 energy=0.054/0.084 fresh=False phase=0.019 anchor=0.789@0.017 phi=-0.022
frame@26736: gain=0.369 ref=0.415 mse=0.070 tau=-0.133 omega=7.04E-005 bad=0 tapChange=0.0031 floor=0.0020 fading=False/True preMse=0.129 energy=0.044/0.083 fresh=False phase=0.048 anchor=0.711@0.046 phi=-0.057
frame@26832: gain=0.338 ref=0.412 mse=0.090 tau=-0.136 omega=1.11E-004 bad=0 tapChange=0.0027 floor=0.0022 fading=False/True preMse=0.165 energy=0.033/0.081 fresh=False phase=0.072 anchor=0.650@0.065 phi=-0.077
frame@26928: gain=0.303 ref=0.409 mse=0.128 tau=-0.137 omega=1.28E-004 bad=0 tapChange=0.0029 floor=0.0024 fading=False/True preMse=0.236 energy=0.024/0.078 fresh=False phase=0.042 anchor=0.573@0.029 phi=-0.034
frame@27024: gain=0.246 ref=0.403 mse=0.178 tau=-0.134 omega=1.77E-004 bad=0 tapChange=0.0026 floor=0.0026 fading=False/True preMse=0.329 energy=0.016/0.076 fresh=False phase=0.082 anchor=0.471@0.083 phi=-0.094
frame@27120: gain=0.221 ref=0.395 mse=0.205 tau=-0.132 omega=1.72E-004 bad=0 tapChange=0.0021 floor=0.0021 fading=False/True preMse=0.378 energy=0.010/0.073 fresh=False phase=-0.014 anchor=0.421@-0.009 phi=0.011
frame@27216: gain=0.183 ref=0.387 mse=0.254 tau=-0.131 omega=1.53E-004 bad=0 tapChange=0.0019 floor=0.0019 fading=False/True preMse=0.469 energy=0.007/0.070 fresh=False phase=-0.035 anchor=0.346@-0.034 phi=0.037
frame@27312: gain=0.168 ref=0.377 mse=0.279 tau=-0.128 omega=1.61E-004 bad=0 tapChange=0.0016 floor=0.0016 fading=False/True preMse=0.516 energy=0.005/0.066 fresh=False phase=0.021 anchor=0.310@0.014 phi=-0.016
frame@27408: gain=0.153 ref=0.377 mse=0.296 tau=-0.126 omega=8.08E-005 bad=1 tapChange=0.0018 floor=0.0018 fading=False/True preMse=0.546 energy=0.006/0.066 fresh=False phase=-0.161 anchor=0.291@-0.143 phi=0.154
frame@27504: gain=0.147 ref=0.377 mse=0.299 tau=-0.123 omega=6.51E-005 bad=2 tapChange=0.0032 floor=0.0020 fading=False/True preMse=0.552 energy=0.008/0.066 fresh=False phase=-0.030 anchor=0.291@-0.028 phi=0.030
frame@27600: gain=0.176 ref=0.377 mse=0.291 tau=-0.120 omega=-6.45E-005 bad=3 tapChange=0.0047 floor=0.0022 fading=False/True preMse=0.537 energy=0.011/0.066 fresh=False phase=-0.252 anchor=0.337@-0.230 phi=0.249
frame@27696: gain=0.209 ref=0.367 mse=0.218 tau=-0.117 omega=-2.96E-005 bad=0 tapChange=0.0044 floor=0.0024 fading=False/True preMse=0.402 energy=0.016/0.064 fresh=False phase=0.080 anchor=0.420@0.062 phi=-0.067
frame@27792: gain=0.278 ref=0.359 mse=0.167 tau=-0.116 omega=-1.15E-004 bad=0 tapChange=0.0040 floor=0.0026 fading=False/True preMse=0.309 energy=0.022/0.061 fresh=False phase=-0.168 anchor=0.532@-0.146 phi=0.163
frame@27888: gain=0.336 ref=0.355 mse=0.115 tau=-0.115 omega=-7.33E-005 bad=0 tapChange=0.0043 floor=0.0028 fading=False/True preMse=0.213 energy=0.029/0.059 fresh=False phase=0.086 anchor=0.649@0.070 phi=-0.079
frame@27984: gain=0.423 ref=0.354 mse=0.065 tau=-0.115 omega=-8.02E-005 bad=0 tapChange=0.0027 floor=0.0027 fading=False/True preMse=0.120 energy=0.038/0.058 fresh=False phase=-0.006 anchor=0.778@-0.011 phi=0.013
frame@28080: gain=0.456 ref=0.357 mse=0.053 tau=-0.114 omega=-8.08E-005 bad=0 tapChange=0.0033 floor=0.0030 fading=False/True preMse=0.098 energy=0.046/0.057 fresh=False phase=0.000 anchor=0.844@-0.001 phi=0.001
frame@28176: gain=0.500 ref=0.362 mse=0.037 tau=-0.113 omega=-4.35E-005 bad=0 tapChange=0.0025 floor=0.0025 fading=False/True preMse=0.069 energy=0.055/0.056 fresh=False phase=0.079 anchor=0.905@0.060 phi=-0.072
frame@28272: gain=0.511 ref=0.369 mse=0.054 tau=-0.113 omega=-4.29E-005 bad=0 tapChange=0.0050 floor=0.0027 fading=False/True preMse=0.100 energy=0.063/0.056 fresh=False phase=0.002 anchor=0.940@0.001 phi=-0.001
frame@28368: gain=0.562 ref=0.376 mse=0.056 tau=-0.111 omega=1.70E-005 bad=0 tapChange=0.0051 floor=0.0029 fading=False/True preMse=0.104 energy=0.070/0.057 fresh=False phase=0.121 anchor=0.987@0.093 phi=-0.115
frame@28464: gain=0.549 ref=0.385 mse=0.020 tau=-0.110 omega=1.32E-005 bad=0 tapChange=0.0027 floor=0.0027 fading=False/True preMse=0.038 energy=0.076/0.057 fresh=False phase=-0.008 anchor=0.982@-0.006 phi=0.007
frame@28560: gain=0.564 ref=0.393 mse=0.036 tau=-0.110 omega=3.38E-005 bad=0 tapChange=0.0047 floor=0.0029 fading=False/True preMse=0.066 energy=0.079/0.058 fresh=False phase=0.043 anchor=1.003@0.032 phi=-0.039
frame@28656: gain=0.528 ref=0.402 mse=0.014 tau=-0.109 omega=4.27E-005 bad=0 tapChange=0.0021 floor=0.0021 fading=False/True preMse=0.025 energy=0.080/0.059 fresh=False phase=0.016 anchor=0.962@0.014 phi=-0.017
frame@28752: gain=0.539 ref=0.408 mse=0.023 tau=-0.109 omega=7.94E-005 bad=0 tapChange=0.0026 floor=0.0023 fading=False/True preMse=0.042 energy=0.080/0.060 fresh=False phase=0.073 anchor=0.964@0.054 phi=-0.070
frame@28848: gain=0.496 ref=0.415 mse=0.015 tau=-0.107 omega=8.48E-005 bad=0 tapChange=0.0017 floor=0.0017 fading=False/True preMse=0.029 energy=0.077/0.061 fresh=False phase=0.007 anchor=0.914@0.009 phi=-0.010
frame@28944: gain=0.487 ref=0.419 mse=0.015 tau=-0.107 omega=8.95E-005 bad=0 tapChange=0.0013 floor=0.0013 fading=False/True preMse=0.027 energy=0.073/0.062 fresh=False phase=0.009 anchor=0.896@0.008 phi=-0.009
frame@29040: gain=0.473 ref=0.422 mse=0.030 tau=-0.106 omega=1.08E-004 bad=0 tapChange=0.0022 floor=0.0015 fading=False/True preMse=0.055 energy=0.068/0.063 fresh=False phase=0.037 anchor=0.864@0.026 phi=-0.035
frame@29136: gain=0.433 ref=0.425 mse=0.036 tau=-0.106 omega=1.07E-004 bad=0 tapChange=0.0023 floor=0.0016 fading=False/True preMse=0.067 energy=0.062/0.063 fresh=False phase=-0.002 anchor=0.817@-0.001 phi=0.001
frame@29232: gain=0.416 ref=0.425 mse=0.039 tau=-0.106 omega=9.99E-005 bad=0 tapChange=0.0018 floor=0.0018 fading=False/True preMse=0.071 energy=0.056/0.063 fresh=False phase=-0.014 anchor=0.786@-0.012 phi=0.014
frame@29328: gain=0.381 ref=0.425 mse=0.062 tau=-0.106 omega=1.11E-004 bad=0 tapChange=0.0030 floor=0.0020 fading=False/True preMse=0.114 energy=0.051/0.063 fresh=False phase=0.022 anchor=0.732@0.018 phi=-0.022
frame@29424: gain=0.333 ref=0.423 mse=0.090 tau=-0.105 omega=1.06E-004 bad=0 tapChange=0.0039 floor=0.0022 fading=False/True preMse=0.166 energy=0.046/0.062 fresh=False phase=-0.014 anchor=0.655@-0.008 phi=0.009
frame@29520: gain=0.307 ref=0.418 mse=0.111 tau=-0.103 omega=1.14E-004 bad=0 tapChange=0.0053 floor=0.0024 fading=False/True preMse=0.204 energy=0.042/0.061 fresh=False phase=0.013 anchor=0.619@0.012 phi=-0.014
frame@29616: gain=0.274 ref=0.413 mse=0.144 tau=-0.097 omega=9.32E-005 bad=0 tapChange=0.0056 floor=0.0026 fading=False/True preMse=0.266 energy=0.038/0.060 fresh=False phase=-0.052 anchor=0.552@-0.035 phi=0.040
frame@29712: gain=0.237 ref=0.406 mse=0.180 tau=-0.089 omega=7.75E-005 bad=0 tapChange=0.0071 floor=0.0028 fading=False/True preMse=0.333 energy=0.034/0.059 fresh=False phase=-0.037 anchor=0.495@-0.026 phi=0.030
frame@29808: gain=0.200 ref=0.397 mse=0.224 tau=-0.073 omega=6.25E-005 bad=0 tapChange=0.0084 floor=0.0031 fading=False/True preMse=0.414 energy=0.030/0.058 fresh=False phase=-0.034 anchor=0.430@-0.026 phi=0.029
frame@29904: gain=0.171 ref=0.387 mse=0.269 tau=-0.066 omega=3.60E-005 bad=0 tapChange=0.0096 floor=0.0033 fading=False/True preMse=0.496 energy=0.026/0.056 fresh=False phase=-0.049 anchor=0.374@-0.047 phi=0.051
frame@30000: gain=0.121 ref=0.387 mse=0.355 tau=-0.066 omega=3.60E-005 bad=1 tapChange=0.0000 floor=0.0033 fading=False/True preMse=0.655 energy=0.023/0.056 fresh=True phase=-0.019 anchor=0.104@0.000 phi=0.000
frame@30096: gain=0.052 ref=0.387 mse=0.449 tau=-0.066 omega=-8.37E-006 bad=2 tapChange=0.6956 floor=0.0036 fading=False/True preMse=0.829 energy=0.021/0.056 fresh=False phase=-0.077 anchor=0.170@-0.039 phi=0.085
frame@30192: gain=0.085 ref=0.387 mse=0.393 tau=-0.068 omega=1.41E-005 bad=3 tapChange=0.1668 floor=0.0038 fading=True/True preMse=0.725 energy=0.020/0.056 fresh=False phase=0.047 anchor=0.220@0.027 phi=-0.043
frame@30288: gain=0.110 ref=0.387 mse=0.360 tau=-0.069 omega=-1.63E-005 bad=4 tapChange=0.0779 floor=0.0041 fading=True/True preMse=0.664 energy=0.022/0.056 fresh=False phase=-0.071 anchor=0.255@-0.040 phi=0.058
frame@30384: gain=0.148 ref=0.387 mse=0.305 tau=-0.073 omega=6.41E-005 bad=5 tapChange=0.0563 floor=0.0044 fading=True/True preMse=0.563 energy=0.024/0.056 fresh=False phase=0.189 anchor=0.349@0.113 phi=-0.154
frame@30480: gain=0.180 ref=0.387 mse=0.265 tau=-0.074 omega=-1.22E-005 bad=6 tapChange=0.0329 floor=0.0048 fading=True/True preMse=0.490 energy=0.029/0.056 fresh=False phase=-0.167 anchor=0.387@-0.111 phi=0.146
frame@30576: gain=0.209 ref=0.377 mse=0.221 tau=-0.077 omega=4.04E-005 bad=0 tapChange=0.0262 floor=0.0051 fading=True/True preMse=0.409 energy=0.034/0.055 fresh=False phase=0.116 anchor=0.461@0.078 phi=-0.101
frame@30672: gain=0.248 ref=0.369 mse=0.171 tau=-0.080 omega=1.67E-005 bad=0 tapChange=0.0162 floor=0.0055 fading=True/True preMse=0.316 energy=0.039/0.054 fresh=False phase=-0.047 anchor=0.521@-0.037 phi=0.046
frame@30768: gain=0.295 ref=0.363 mse=0.127 tau=-0.082 omega=-6.70E-006 bad=0 tapChange=0.0100 floor=0.0058 fading=True/True preMse=0.234 energy=0.044/0.053 fresh=False phase=-0.044 anchor=0.600@-0.035 phi=0.045
frame@30864: gain=0.337 ref=0.359 mse=0.086 tau=-0.084 omega=8.80E-006 bad=0 tapChange=0.0053 floor=0.0053 fading=True/True preMse=0.159 energy=0.047/0.053 fresh=False phase=0.034 anchor=0.667@0.024 phi=-0.030
frame@30960: gain=0.352 ref=0.358 mse=0.088 tau=-0.085 omega=-1.52E-005 bad=0 tapChange=0.0060 floor=0.0057 fading=True/True preMse=0.163 energy=0.048/0.052 fresh=False phase=-0.050 anchor=0.687@-0.036 phi=0.046
frame@31056: gain=0.348 ref=0.358 mse=0.084 tau=-0.088 omega=4.82E-007 bad=0 tapChange=0.0048 floor=0.0048 fading=True/True preMse=0.155 energy=0.046/0.052 fresh=False phase=0.022 anchor=0.682@0.024 phi=-0.030
frame@31152: gain=0.355 ref=0.357 mse=0.077 tau=-0.089 omega=-1.04E-006 bad=0 tapChange=0.0034 floor=0.0034 fading=True/True preMse=0.142 energy=0.042/0.052 fresh=False phase=-0.003 anchor=0.683@-0.003 phi=0.003
frame@31248: gain=0.338 ref=0.357 mse=0.082 tau=-0.089 omega=-9.92E-006 bad=0 tapChange=0.0027 floor=0.0027 fading=True/True preMse=0.151 energy=0.037/0.051 fresh=False phase=-0.012 anchor=0.655@-0.014 phi=0.017
frame@31344: gain=0.336 ref=0.356 mse=0.089 tau=-0.091 omega=2.50E-005 bad=0 tapChange=0.0026 floor=0.0026 fading=True/True preMse=0.165 energy=0.032/0.051 fresh=False phase=0.080 anchor=0.650@0.057 phi=-0.067
frame@31440: gain=0.297 ref=0.355 mse=0.122 tau=-0.095 omega=4.18E-005 bad=0 tapChange=0.0036 floor=0.0028 fading=True/True preMse=0.225 energy=0.027/0.050 fresh=False phase=0.024 anchor=0.580@0.028 phi=-0.032
frame@31536: gain=0.293 ref=0.352 mse=0.124 tau=-0.099 omega=6.56E-005 bad=0 tapChange=0.0030 floor=0.0030 fading=True/True preMse=0.229 energy=0.023/0.049 fresh=False phase=0.053 anchor=0.570@0.041 phi=-0.046
frame@31632: gain=0.260 ref=0.349 mse=0.160 tau=-0.100 omega=1.01E-004 bad=0 tapChange=0.0034 floor=0.0033 fading=True/True preMse=0.296 energy=0.022/0.047 fresh=False phase=0.078 anchor=0.506@0.060 phi=-0.067
frame@31728: gain=0.258 ref=0.345 mse=0.162 tau=-0.107 omega=1.44E-004 bad=0 tapChange=0.0036 floor=0.0036 fading=True/True preMse=0.299 energy=0.023/0.046 fresh=False phase=0.094 anchor=0.505@0.075 phi=-0.084
frame@31824: gain=0.267 ref=0.341 mse=0.153 tau=-0.110 omega=1.78E-004 bad=0 tapChange=0.0038 floor=0.0038 fading=True/True preMse=0.283 energy=0.027/0.045 fresh=False phase=0.074 anchor=0.525@0.056 phi=-0.064
frame@31920: gain=0.314 ref=0.337 mse=0.114 tau=-0.114 omega=2.19E-004 bad=0 tapChange=0.0036 floor=0.0036 fading=True/True preMse=0.211 energy=0.033/0.044 fresh=False phase=0.090 anchor=0.613@0.070 phi=-0.078
frame@32016: gain=0.351 ref=0.336 mse=0.082 tau=-0.117 omega=2.40E-004 bad=0 tapChange=0.0026 floor=0.0026 fading=True/True preMse=0.152 energy=0.040/0.043 fresh=False phase=0.042 anchor=0.670@0.036 phi=-0.041
frame@32112: gain=0.429 ref=0.336 mse=0.051 tau=-0.123 omega=2.65E-004 bad=0 tapChange=0.0022 floor=0.0022 fading=True/True preMse=0.095 energy=0.050/0.043 fresh=False phase=0.065 anchor=0.799@0.041 phi=-0.048
frame@32208: gain=0.462 ref=0.341 mse=0.031 tau=-0.124 omega=2.66E-004 bad=0 tapChange=0.0016 floor=0.0016 fading=True/True preMse=0.057 energy=0.060/0.044 fresh=False phase=-0.009 anchor=0.847@0.002 phi=-0.003
frame@32304: gain=0.525 ref=0.347 mse=0.020 tau=-0.127 omega=2.76E-004 bad=0 tapChange=0.0019 floor=0.0017 fading=True/True preMse=0.036 energy=0.071/0.044 fresh=False phase=0.020 anchor=0.947@0.015 phi=-0.018
frame@32400: gain=0.574 ref=0.356 mse=0.022 tau=-0.130 omega=2.92E-004 bad=0 tapChange=0.0024 floor=0.0019 fading=True/True preMse=0.040 energy=0.082/0.046 fresh=False phase=0.038 anchor=1.009@0.026 phi=-0.032
frame@32496: gain=0.598 ref=0.367 mse=0.036 tau=-0.130 omega=3.03E-004 bad=0 tapChange=0.0043 floor=0.0021 fading=True/True preMse=0.066 energy=0.094/0.048 fresh=False phase=0.004 anchor=1.045@0.017 phi=-0.020
frame@32592: gain=0.592 ref=0.378 mse=0.048 tau=-0.130 omega=3.01E-004 bad=0 tapChange=0.0056 floor=0.0023 fading=True/True preMse=0.090 energy=0.105/0.050 fresh=False phase=0.003 anchor=1.033@-0.001 phi=0.003
frame@32688: gain=0.617 ref=0.389 mse=0.028 tau=-0.132 omega=3.06E-004 bad=0 tapChange=0.0043 floor=0.0025 fading=True/True preMse=0.051 energy=0.115/0.053 fresh=False phase=0.010 anchor=1.069@0.006 phi=-0.008
frame@32784: gain=0.612 ref=0.401 mse=0.035 tau=-0.134 omega=3.17E-004 bad=0 tapChange=0.0056 floor=0.0028 fading=True/True preMse=0.065 energy=0.123/0.056 fresh=False phase=0.017 anchor=1.061@0.017 phi=-0.021
frame@32880: gain=0.604 ref=0.411 mse=0.034 tau=-0.137 omega=3.00E-004 bad=0 tapChange=0.0059 floor=0.0030 fading=True/True preMse=0.064 energy=0.128/0.059 fresh=False phase=-0.036 anchor=1.044@-0.023 phi=0.032
frame@32976: gain=0.569 ref=0.421 mse=0.024 tau=-0.139 omega=2.82E-004 bad=0 tapChange=0.0041 floor=0.0033 fading=True/True preMse=0.044 energy=0.129/0.062 fresh=False phase=-0.044 anchor=1.013@-0.024 phi=0.035
frame@33072: gain=0.547 ref=0.428 mse=0.007 tau=-0.139 omega=2.83E-004 bad=0 tapChange=0.0014 floor=0.0014 fading=True/True preMse=0.012 energy=0.125/0.066 fresh=False phase=0.007 anchor=0.982@0.002 phi=-0.002
frame@33168: gain=0.502 ref=0.434 mse=0.013 tau=-0.139 omega=2.67E-004 bad=0 tapChange=0.0013 floor=0.0013 fading=True/True preMse=0.024 energy=0.118/0.069 fresh=False phase=-0.042 anchor=0.922@-0.022 phi=0.031
frame@33264: gain=0.469 ref=0.437 mse=0.022 tau=-0.139 omega=2.80E-004 bad=0 tapChange=0.0018 floor=0.0015 fading=True/True preMse=0.040 energy=0.106/0.071 fresh=False phase=0.027 anchor=0.876@0.018 phi=-0.024
frame@33360: gain=0.463 ref=0.439 mse=0.023 tau=-0.141 omega=2.60E-004 bad=0 tapChange=0.0018 floor=0.0017 fading=True/True preMse=0.043 energy=0.092/0.073 fresh=False phase=-0.049 anchor=0.871@-0.029 phi=0.039
frame@33456: gain=0.416 ref=0.440 mse=0.042 tau=-0.142 omega=2.70E-004 bad=0 tapChange=0.0028 floor=0.0019 fading=True/True preMse=0.077 energy=0.078/0.074 fresh=False phase=0.025 anchor=0.794@0.016 phi=-0.020
frame@33552: gain=0.398 ref=0.439 mse=0.046 tau=-0.140 omega=2.74E-004 bad=0 tapChange=0.0026 floor=0.0021 fading=True/True preMse=0.085 energy=0.065/0.074 fresh=False phase=-0.004 anchor=0.766@0.005 phi=-0.007
frame@33648: gain=0.371 ref=0.437 mse=0.063 tau=-0.138 omega=2.90E-004 bad=0 tapChange=0.0031 floor=0.0023 fading=True/True preMse=0.117 energy=0.054/0.074 fresh=False phase=0.026 anchor=0.717@0.026 phi=-0.032
frame@33744: gain=0.372 ref=0.434 mse=0.068 tau=-0.138 omega=3.29E-004 bad=0 tapChange=0.0031 floor=0.0025 fading=False/True preMse=0.125 energy=0.045/0.073 fresh=False phase=0.072 anchor=0.716@0.061 phi=-0.075
frame@33840: gain=0.337 ref=0.431 mse=0.090 tau=-0.136 omega=3.51E-004 bad=0 tapChange=0.0038 floor=0.0027 fading=False/True preMse=0.166 energy=0.040/0.071 fresh=False phase=0.037 anchor=0.655@0.033 phi=-0.041
frame@33936: gain=0.341 ref=0.426 mse=0.092 tau=-0.134 omega=4.10E-004 bad=0 tapChange=0.0033 floor=0.0029 fading=False/True preMse=0.171 energy=0.037/0.070 fresh=False phase=0.123 anchor=0.660@0.095 phi=-0.114
frame@34032: gain=0.348 ref=0.422 mse=0.085 tau=-0.131 omega=4.52E-004 bad=0 tapChange=0.0030 floor=0.0030 fading=False/True preMse=0.157 energy=0.036/0.068 fresh=False phase=0.078 anchor=0.671@0.066 phi=-0.080
frame@34128: gain=0.325 ref=0.418 mse=0.113 tau=-0.129 omega=4.71E-004 bad=0 tapChange=0.0051 floor=0.0033 fading=False/True preMse=0.209 energy=0.036/0.066 fresh=False phase=0.015 anchor=0.631@0.031 phi=-0.037
frame@34224: gain=0.339 ref=0.413 mse=0.091 tau=-0.125 omega=5.07E-004 bad=0 tapChange=0.0032 floor=0.0032 fading=False/True preMse=0.169 energy=0.036/0.065 fresh=False phase=0.075 anchor=0.658@0.060 phi=-0.069
frame@34320: gain=0.350 ref=0.410 mse=0.088 tau=-0.122 omega=5.50E-004 bad=0 tapChange=0.0029 floor=0.0029 fading=False/True preMse=0.163 energy=0.037/0.064 fresh=False phase=0.071 anchor=0.669@0.071 phi=-0.084
frame@34416: gain=0.332 ref=0.407 mse=0.098 tau=-0.118 omega=5.55E-004 bad=0 tapChange=0.0038 floor=0.0032 fading=False/True preMse=0.180 energy=0.038/0.062 fresh=False phase=-0.002 anchor=0.645@0.008 phi=-0.010
frame@34512: gain=0.363 ref=0.403 mse=0.079 tau=-0.114 omega=6.13E-004 bad=0 tapChange=0.0028 floor=0.0028 fading=False/True preMse=0.146 energy=0.039/0.061 fresh=False phase=0.125 anchor=0.700@0.095 phi=-0.111
frame@34608: gain=0.370 ref=0.401 mse=0.067 tau=-0.111 omega=6.30E-004 bad=0 tapChange=0.0019 floor=0.0019 fading=False/True preMse=0.123 energy=0.040/0.060 fresh=False phase=0.020 anchor=0.703@0.027 phi=-0.031
frame@34704: gain=0.357 ref=0.399 mse=0.084 tau=-0.107 omega=6.27E-004 bad=0 tapChange=0.0032 floor=0.0021 fading=False/True preMse=0.155 energy=0.041/0.059 fresh=False phase=-0.022 anchor=0.687@-0.003 phi=0.004
frame@34800: gain=0.362 ref=0.397 mse=0.077 tau=-0.104 omega=6.26E-004 bad=0 tapChange=0.0031 floor=0.0023 fading=False/True preMse=0.142 energy=0.043/0.058 fresh=False phase=-0.005 anchor=0.704@-0.002 phi=0.002
frame@34896: gain=0.368 ref=0.395 mse=0.075 tau=-0.100 omega=6.11E-004 bad=0 tapChange=0.0029 floor=0.0025 fading=False/True preMse=0.138 energy=0.043/0.057 fresh=False phase=-0.039 anchor=0.705@-0.027 phi=0.030
frame@34992: gain=0.372 ref=0.394 mse=0.070 tau=-0.099 omega=5.85E-004 bad=0 tapChange=0.0026 floor=0.0026 fading=False/True preMse=0.128 energy=0.042/0.056 fresh=False phase=-0.063 anchor=0.718@-0.042 phi=0.049
frame@35088: gain=0.352 ref=0.393 mse=0.090 tau=-0.096 omega=5.25E-004 bad=0 tapChange=0.0036 floor=0.0028 fading=False/True preMse=0.166 energy=0.040/0.056 fresh=False phase=-0.140 anchor=0.686@-0.102 phi=0.116
frame@35184: gain=0.344 ref=0.391 mse=0.093 tau=-0.095 omega=4.69E-004 bad=0 tapChange=0.0033 floor=0.0030 fading=False/True preMse=0.172 energy=0.037/0.055 fresh=False phase=-0.120 anchor=0.668@-0.095 phi=0.106
frame@35280: gain=0.345 ref=0.389 mse=0.097 tau=-0.094 omega=4.21E-004 bad=0 tapChange=0.0031 floor=0.0031 fading=False/True preMse=0.179 energy=0.034/0.054 fresh=False phase=-0.107 anchor=0.665@-0.083 phi=0.094
frame@35376: gain=0.326 ref=0.386 mse=0.113 tau=-0.094 omega=3.25E-004 bad=0 tapChange=0.0027 floor=0.0027 fading=False/True preMse=0.209 energy=0.031/0.053 fresh=False phase=-0.206 anchor=0.627@-0.163 phi=0.183
frame@35472: gain=0.307 ref=0.383 mse=0.128 tau=-0.092 omega=2.17E-004 bad=0 tapChange=0.0027 floor=0.0027 fading=False/True preMse=0.236 energy=0.028/0.052 fresh=False phase=-0.227 anchor=0.595@-0.186 phi=0.209
frame@35568: gain=0.304 ref=0.380 mse=0.125 tau=-0.092 omega=1.26E-004 bad=0 tapChange=0.0021 floor=0.0021 fading=False/True preMse=0.230 energy=0.026/0.051 fresh=False phase=-0.188 anchor=0.585@-0.156 phi=0.174
frame@35664: gain=0.299 ref=0.376 mse=0.127 tau=-0.090 omega=2.72E-005 bad=0 tapChange=0.0019 floor=0.0019 fading=False/True preMse=0.234 energy=0.025/0.050 fresh=False phase=-0.198 anchor=0.576@-0.171 phi=0.190
frame@35760: gain=0.303 ref=0.372 mse=0.117 tau=-0.088 omega=-3.41E-005 bad=0 tapChange=0.0014 floor=0.0014 fading=False/True preMse=0.216 energy=0.023/0.048 fresh=False phase=-0.123 anchor=0.578@-0.106 phi=0.118
frame@35856: gain=0.297 ref=0.369 mse=0.121 tau=-0.086 omega=-9.58E-005 bad=0 tapChange=0.0013 floor=0.0013 fading=False/True preMse=0.223 energy=0.020/0.047 fresh=False phase=-0.122 anchor=0.567@-0.107 phi=0.118
frame@35952: gain=0.266 ref=0.365 mse=0.150 tau=-0.089 omega=-1.29E-004 bad=0 tapChange=0.0019 floor=0.0015 fading=False/True preMse=0.277 energy=0.018/0.046 fresh=False phase=-0.075 anchor=0.517@-0.058 phi=0.063
frame@36048: gain=0.257 ref=0.360 mse=0.157 tau=-0.088 omega=-1.58E-004 bad=0 tapChange=0.0016 floor=0.0016 fading=False/True preMse=0.289 energy=0.013/0.044 fresh=False phase=-0.053 anchor=0.495@-0.051 phi=0.055
frame@36144: gain=0.231 ref=0.355 mse=0.186 tau=-0.085 omega=-1.63E-004 bad=0 tapChange=0.0013 floor=0.0013 fading=False/True preMse=0.344 energy=0.009/0.043 fresh=False phase=-0.006 anchor=0.440@-0.010 phi=0.010
frame@36240: gain=0.192 ref=0.349 mse=0.236 tau=-0.085 omega=-1.61E-004 bad=0 tapChange=0.0010 floor=0.0010 fading=False/True preMse=0.436 energy=0.006/0.041 fresh=False phase=0.009 anchor=0.361@0.003 phi=-0.003
frame@36336: gain=0.142 ref=0.341 mse=0.307 tau=-0.085 omega=-1.61E-004 bad=0 tapChange=0.0007 floor=0.0007 fading=False/True preMse=0.567 energy=0.003/0.039 fresh=False phase=0.004 anchor=0.264@0.000 phi=0.000
frame@36432: gain=0.093 ref=0.341 mse=0.385 tau=-0.084 omega=-1.76E-004 bad=1 tapChange=0.0009 floor=0.0008 fading=False/True preMse=0.711 energy=0.001/0.039 fresh=False phase=-0.001 anchor=0.171@-0.027 phi=0.028
frame@36528: gain=0.046 ref=0.341 mse=0.466 tau=-0.087 omega=-1.77E-004 bad=2 tapChange=0.0012 floor=0.0009 fading=False/True preMse=0.860 energy=0.000/0.039 fresh=False phase=-0.080 anchor=0.086@-0.099 phi=0.002
frame@36624: gain=0.018 ref=0.341 mse=0.531 tau=-0.092 omega=-1.80E-004 bad=3 tapChange=0.0019 floor=0.0011 fading=False/True preMse=0.980 energy=0.000/0.039 fresh=False phase=-0.843 anchor=0.036@-0.824 phi=0.006
frame@36720: gain=0.026 ref=0.341 mse=0.572 tau=-0.102 omega=-1.85E-004 bad=4 tapChange=0.0028 floor=0.0012 fading=False/True preMse=1.055 energy=0.001/0.039 fresh=False phase=-1.886 anchor=0.047@-1.795 phi=0.011
frame@36816: gain=0.044 ref=0.341 mse=0.592 tau=-0.108 omega=-1.94E-004 bad=5 tapChange=0.0034 floor=0.0014 fading=False/True preMse=1.092 energy=0.001/0.039 fresh=False phase=-2.004 anchor=0.074@-1.919 phi=0.018
frame@36912: gain=0.054 ref=0.341 mse=0.586 tau=-0.109 omega=-2.08E-004 bad=6 tapChange=0.0036 floor=0.0016 fading=False/True preMse=1.082 energy=0.002/0.039 fresh=False phase=-1.834 anchor=0.094@-1.759 phi=0.026
frame@37008: gain=0.062 ref=0.341 mse=0.562 tau=-0.112 omega=-1.01E-003 bad=7 tapChange=0.0033 floor=0.0018 fading=False/True preMse=1.037 energy=0.002/0.039 fresh=False phase=-1.574 anchor=0.109@-1.512 phi=1.545
frame@37104: gain=0.075 ref=0.341 mse=0.418 tau=-0.113 omega=-9.40E-004 bad=8 tapChange=0.0025 floor=0.0019 fading=False/True preMse=0.771 energy=0.002/0.039 fresh=False phase=0.260 anchor=0.150@0.133 phi=-0.139
frame@37200: gain=0.088 ref=0.341 mse=0.391 tau=-0.114 omega=-8.16E-004 bad=9 tapChange=0.0010 floor=0.0010 fading=False/True preMse=0.722 energy=0.002/0.039 fresh=False phase=0.260 anchor=0.167@0.227 phi=-0.239
frame@37296: gain=0.097 ref=0.341 mse=0.375 tau=-0.114 omega=-7.15E-004 bad=10 tapChange=0.0011 floor=0.0011 fading=False/True preMse=0.693 energy=0.003/0.039 fresh=False phase=0.189 anchor=0.184@0.182 phi=-0.193
frame@37392: gain=0.100 ref=0.341 mse=0.369 tau=-0.114 omega=-6.58E-004 bad=11 tapChange=0.0011 floor=0.0011 fading=False/True preMse=0.682 energy=0.003/0.039 fresh=False phase=0.097 anchor=0.189@0.104 phi=-0.110
frame@37488: gain=0.096 ref=0.341 mse=0.374 tau=-0.115 omega=-6.22E-004 bad=12 tapChange=0.0021 floor=0.0012 fading=False/True preMse=0.690 energy=0.003/0.039 fresh=False phase=0.067 anchor=0.187@0.066 phi=-0.069
frame@37584: gain=0.088 ref=0.341 mse=0.388 tau=-0.115 omega=-6.51E-004 bad=13 tapChange=0.0020 floor=0.0014 fading=False/True preMse=0.716 energy=0.003/0.039 fresh=False phase=-0.064 anchor=0.170@-0.053 phi=0.056
frame@37680: gain=0.073 ref=0.341 mse=0.418 tau=-0.116 omega=-7.74E-004 bad=14 tapChange=0.0018 floor=0.0015 fading=False/True preMse=0.771 energy=0.003/0.039 fresh=False phase=-0.251 anchor=0.140@-0.226 phi=0.235
frame@37776: gain=0.067 ref=0.341 mse=0.437 tau=-0.120 omega=-9.94E-004 bad=15 tapChange=0.0028 floor=0.0017 fading=False/True preMse=0.806 energy=0.003/0.039 fresh=False phase=-0.444 anchor=0.134@-0.407 phi=0.424
frame@37872: gain=0.086 ref=0.341 mse=0.410 tau=-0.117 omega=-1.22E-003 bad=16 tapChange=0.0029 floor=0.0019 fading=False/True preMse=0.757 energy=0.004/0.039 fresh=False phase=-0.440 anchor=0.169@-0.411 phi=0.433
frame@37968: gain=0.128 ref=0.341 mse=0.332 tau=-0.115 omega=-1.31E-003 bad=17 tapChange=0.0041 floor=0.0021 fading=False/True preMse=0.613 energy=0.007/0.039 fresh=False phase=-0.167 anchor=0.253@-0.154 phi=0.167
frame@38064: gain=0.188 ref=0.341 mse=0.248 tau=-0.112 omega=-1.31E-003 bad=18 tapChange=0.0047 floor=0.0023 fading=False/True preMse=0.458 energy=0.012/0.039 fresh=False phase=0.012 anchor=0.367@0.003 phi=-0.003
frame@38160: gain=0.256 ref=0.333 mse=0.171 tau=-0.109 omega=-1.27E-003 bad=0 tapChange=0.0047 floor=0.0025 fading=False/True preMse=0.316 energy=0.020/0.038 fresh=False phase=0.075 anchor=0.499@0.065 phi=-0.075
frame@38256: gain=0.330 ref=0.329 mse=0.105 tau=-0.108 omega=-1.20E-003 bad=0 tapChange=0.0026 floor=0.0026 fading=False/True preMse=0.194 energy=0.030/0.037 fresh=False phase=0.129 anchor=0.627@0.104 phi=-0.120
frame@38352: gain=0.395 ref=0.329 mse=0.072 tau=-0.104 omega=-1.16E-003 bad=0 tapChange=0.0031 floor=0.0029 fading=False/True preMse=0.132 energy=0.042/0.037 fresh=False phase=0.097 anchor=0.741@0.077 phi=-0.091
frame@38448: gain=0.455 ref=0.333 mse=0.048 tau=-0.102 omega=-1.08E-003 bad=0 tapChange=0.0023 floor=0.0023 fading=False/True preMse=0.089 energy=0.054/0.037 fresh=False phase=0.156 anchor=0.835@0.118 phi=-0.141
frame@38544: gain=0.501 ref=0.339 mse=0.037 tau=-0.100 omega=-1.03E-003 bad=0 tapChange=0.0027 floor=0.0025 fading=False/True preMse=0.069 energy=0.067/0.038 fresh=False phase=0.108 anchor=0.907@0.081 phi=-0.098
frame@38640: gain=0.518 ref=0.347 mse=0.032 tau=-0.096 omega=-9.75E-004 bad=0 tapChange=0.0026 floor=0.0026 fading=False/True preMse=0.059 energy=0.078/0.039 fresh=False phase=0.125 anchor=0.934@0.090 phi=-0.108
frame@38736: gain=0.532 ref=0.355 mse=0.029 tau=-0.094 omega=-9.16E-004 bad=0 tapChange=0.0025 floor=0.0025 fading=False/True preMse=0.054 energy=0.087/0.041 fresh=False phase=0.130 anchor=0.950@0.093 phi=-0.114
frame@38832: gain=0.525 ref=0.364 mse=0.027 tau=-0.091 omega=-8.71E-004 bad=0 tapChange=0.0026 floor=0.0026 fading=False/True preMse=0.050 energy=0.092/0.044 fresh=False phase=0.104 anchor=0.945@0.070 phi=-0.087
frame@38928: gain=0.502 ref=0.372 mse=0.023 tau=-0.090 omega=-8.24E-004 bad=0 tapChange=0.0019 floor=0.0019 fading=False/True preMse=0.043 energy=0.091/0.046 fresh=False phase=0.109 anchor=0.917@0.073 phi=-0.090
frame@39024: gain=0.481 ref=0.379 mse=0.026 tau=-0.089 omega=-7.78E-004 bad=0 tapChange=0.0016 floor=0.0016 fading=False/True preMse=0.047 energy=0.086/0.048 fresh=False phase=0.104 anchor=0.887@0.071 phi=-0.087
frame@39120: gain=0.451 ref=0.384 mse=0.033 tau=-0.088 omega=-7.28E-004 bad=0 tapChange=0.0019 floor=0.0018 fading=False/True preMse=0.061 energy=0.076/0.050 fresh=False phase=0.119 anchor=0.848@0.079 phi=-0.096
frame@39216: gain=0.415 ref=0.387 mse=0.042 tau=-0.085 omega=-6.88E-004 bad=0 tapChange=0.0017 floor=0.0017 fading=False/True preMse=0.077 energy=0.062/0.051 fresh=False phase=0.088 anchor=0.791@0.065 phi=-0.078
frame@39312: gain=0.375 ref=0.389 mse=0.061 tau=-0.084 omega=-6.65E-004 bad=0 tapChange=0.0025 floor=0.0019 fading=False/True preMse=0.113 energy=0.047/0.052 fresh=False phase=0.056 anchor=0.725@0.037 phi=-0.044
frame@39408: gain=0.330 ref=0.388 mse=0.092 tau=-0.083 omega=-6.40E-004 bad=0 tapChange=0.0028 floor=0.0021 fading=False/True preMse=0.169 energy=0.033/0.052 fresh=False phase=0.055 anchor=0.644@0.041 phi=-0.047
frame@39504: gain=0.277 ref=0.385 mse=0.142 tau=-0.081 omega=-6.25E-004 bad=0 tapChange=0.0031 floor=0.0023 fading=False/True preMse=0.262 energy=0.021/0.051 fresh=False phase=0.026 anchor=0.541@0.025 phi=-0.029
frame@39600: gain=0.224 ref=0.380 mse=0.201 tau=-0.080 omega=-6.39E-004 bad=0 tapChange=0.0026 floor=0.0025 fading=False/True preMse=0.370 energy=0.012/0.049 fresh=False phase=-0.030 anchor=0.433@-0.025 phi=0.028
frame@39696: gain=0.184 ref=0.372 mse=0.260 tau=-0.080 omega=-7.57E-004 bad=0 tapChange=0.0028 floor=0.0028 fading=False/True preMse=0.479 energy=0.009/0.047 fresh=False phase=-0.252 anchor=0.356@-0.207 phi=0.225
frame@39792: gain=0.167 ref=0.362 mse=0.284 tau=-0.076 omega=-8.92E-004 bad=0 tapChange=0.0036 floor=0.0030 fading=False/True preMse=0.524 energy=0.009/0.045 fresh=False phase=-0.285 anchor=0.328@-0.241 phi=0.260
frame@39888: gain=0.192 ref=0.353 mse=0.245 tau=-0.075 omega=-9.73E-004 bad=0 tapChange=0.0040 floor=0.0033 fading=False/True preMse=0.452 energy=0.013/0.044 fresh=False phase=-0.170 anchor=0.377@-0.143 phi=0.156
frame@39984: gain=0.237 ref=0.345 mse=0.192 tau=-0.072 omega=-9.96E-004 bad=0 tapChange=0.0046 floor=0.0035 fading=False/True preMse=0.354 energy=0.019/0.042 fresh=False phase=-0.042 anchor=0.464@-0.040 phi=0.044
frame@40080: gain=0.285 ref=0.339 mse=0.153 tau=-0.071 omega=-9.35E-004 bad=0 tapChange=0.0044 floor=0.0038 fading=False/True preMse=0.283 energy=0.026/0.041 fresh=False phase=0.143 anchor=0.549@0.105 phi=-0.118
frame@40176: gain=0.334 ref=0.337 mse=0.118 tau=-0.066 omega=-9.10E-004 bad=0 tapChange=0.0047 floor=0.0041 fading=False/True preMse=0.218 energy=0.033/0.040 fresh=False phase=0.055 anchor=0.638@0.042 phi=-0.047
frame@40272: gain=0.364 ref=0.336 mse=0.099 tau=-0.066 omega=-8.23E-004 bad=0 tapChange=0.0035 floor=0.0035 fading=False/True preMse=0.183 energy=0.039/0.040 fresh=False phase=0.188 anchor=0.691@0.147 phi=-0.167
frame@40368: gain=0.380 ref=0.338 mse=0.090 tau=-0.061 omega=-7.47E-004 bad=0 tapChange=0.0035 floor=0.0035 fading=False/True preMse=0.166 energy=0.044/0.040 fresh=False phase=0.174 anchor=0.718@0.128 phi=-0.147
frame@40464: gain=0.394 ref=0.340 mse=0.089 tau=-0.061 omega=-6.48E-004 bad=0 tapChange=0.0035 floor=0.0035 fading=False/True preMse=0.164 energy=0.046/0.040 fresh=False phase=0.224 anchor=0.741@0.166 phi=-0.190
frame@40560: gain=0.389 ref=0.343 mse=0.069 tau=-0.059 omega=-5.93E-004 bad=0 tapChange=0.0027 floor=0.0027 fading=False/True preMse=0.127 energy=0.047/0.040 fresh=False phase=0.122 anchor=0.740@0.093 phi=-0.106
frame@40656: gain=0.368 ref=0.345 mse=0.075 tau=-0.057 omega=-5.40E-004 bad=0 tapChange=0.0026 floor=0.0026 fading=False/True preMse=0.138 energy=0.044/0.041 fresh=False phase=0.123 anchor=0.712@0.088 phi=-0.100
frame@40752: gain=0.352 ref=0.346 mse=0.086 tau=-0.053 omega=-4.86E-004 bad=0 tapChange=0.0029 floor=0.0029 fading=False/True preMse=0.159 energy=0.039/0.041 fresh=False phase=0.122 anchor=0.684@0.092 phi=-0.104
frame@40848: gain=0.311 ref=0.346 mse=0.109 tau=-0.051 omega=-4.71E-004 bad=0 tapChange=0.0028 floor=0.0028 fading=False/True preMse=0.202 energy=0.032/0.041 fresh=False phase=0.036 anchor=0.607@0.026 phi=-0.029
frame@40944: gain=0.256 ref=0.345 mse=0.166 tau=-0.052 omega=-4.52E-004 bad=0 tapChange=0.0038 floor=0.0031 fading=False/True preMse=0.307 energy=0.024/0.040 fresh=False phase=0.046 anchor=0.510@0.035 phi=-0.038
frame@41040: gain=0.200 ref=0.340 mse=0.233 tau=-0.055 omega=-4.67E-004 bad=0 tapChange=0.0040 floor=0.0033 fading=False/True preMse=0.430 energy=0.016/0.039 fresh=False phase=-0.035 anchor=0.400@-0.026 phi=0.029
frame@41136: gain=0.139 ref=0.333 mse=0.334 tau=-0.065 omega=-5.55E-004 bad=0 tapChange=0.0048 floor=0.0036 fading=False/True preMse=0.617 energy=0.009/0.038 fresh=False phase=-0.186 anchor=0.281@-0.159 phi=0.168
frame@41232: gain=0.081 ref=0.333 mse=0.445 tau=-0.071 omega=-7.88E-004 bad=1 tapChange=0.0050 floor=0.0039 fading=False/True preMse=0.821 energy=0.005/0.038 fresh=False phase=-0.517 anchor=0.164@-0.435 phi=0.449
frame@41328: gain=0.084 ref=0.333 mse=0.524 tau=-0.075 omega=-1.31E-003 bad=2 tapChange=0.0067 floor=0.0042 fading=False/True preMse=0.968 energy=0.005/0.038 fresh=False phase=-1.177 anchor=0.161@-0.982 phi=1.010
frame@41424: gain=0.142 ref=0.333 mse=0.348 tau=-0.077 omega=-1.41E-003 bad=3 tapChange=0.0061 floor=0.0045 fading=False/True preMse=0.642 energy=0.008/0.038 fresh=False phase=-0.169 anchor=0.282@-0.170 phi=0.180
frame@41520: gain=0.231 ref=0.333 mse=0.236 tau=-0.079 omega=-1.39E-003 bad=4 tapChange=0.0062 floor=0.0048 fading=False/True preMse=0.435 energy=0.016/0.038 fresh=False phase=0.059 anchor=0.442@0.034 phi=-0.038
frame@41616: gain=0.295 ref=0.328 mse=0.171 tau=-0.076 omega=-1.30E-003 bad=0 tapChange=0.0053 floor=0.0051 fading=False/True preMse=0.316 energy=0.025/0.037 fresh=False phase=0.187 anchor=0.562@0.147 phi=-0.164
frame@41712: gain=0.363 ref=0.326 mse=0.118 tau=-0.075 omega=-1.23E-003 bad=0 tapChange=0.0049 floor=0.0049 fading=False/True preMse=0.217 energy=0.036/0.037 fresh=False phase=0.146 anchor=0.685@0.118 phi=-0.134
frame@41808: gain=0.415 ref=0.328 mse=0.106 tau=-0.073 omega=-1.12E-003 bad=0 tapChange=0.0053 floor=0.0052 fading=False/True preMse=0.196 energy=0.046/0.037 fresh=False phase=0.246 anchor=0.777@0.184 phi=-0.212
frame@41904: gain=0.464 ref=0.333 mse=0.072 tau=-0.061 omega=-1.03E-003 bad=0 tapChange=0.0038 floor=0.0038 fading=False/True preMse=0.133 energy=0.053/0.037 fresh=False phase=0.190 anchor=0.850@0.150 phi=-0.175
frame@42000: gain=0.460 ref=0.339 mse=0.069 tau=-0.066 omega=-9.27E-004 bad=0 tapChange=0.0035 floor=0.0035 fading=False/True preMse=0.127 energy=0.058/0.038 fresh=False phase=0.231 anchor=0.852@0.173 phi=-0.201
frame@42096: gain=0.460 ref=0.345 mse=0.066 tau=-0.044 omega=-8.21E-004 bad=0 tapChange=0.0032 floor=0.0032 fading=False/True preMse=0.122 energy=0.059/0.039 fresh=False phase=0.225 anchor=0.851@0.173 phi=-0.202
frame@42192: gain=0.451 ref=0.351 mse=0.065 tau=-0.074 omega=-7.21E-004 bad=0 tapChange=0.0031 floor=0.0031 fading=False/True preMse=0.120 energy=0.058/0.040 fresh=False phase=0.216 anchor=0.838@0.164 phi=-0.192
frame@42288: gain=0.426 ref=0.356 mse=0.072 tau=-0.104 omega=-6.17E-004 bad=0 tapChange=0.0033 floor=0.0033 fading=False/True preMse=0.133 energy=0.055/0.041 fresh=False phase=0.226 anchor=0.803@0.173 phi=-0.201
frame@42384: gain=0.395 ref=0.359 mse=0.090 tau=-0.134 omega=-5.06E-004 bad=0 tapChange=0.0038 floor=0.0036 fading=False/True preMse=0.166 energy=0.051/0.041 fresh=False phase=0.237 anchor=0.750@0.183 phi=-0.212
frame@42480: gain=0.380 ref=0.361 mse=0.090 tau=-0.152 omega=-3.94E-004 bad=0 tapChange=0.0034 floor=0.0034 fading=False/True preMse=0.165 energy=0.048/0.042 fresh=False phase=0.238 anchor=0.729@0.188 phi=-0.216
frame@42576: gain=0.375 ref=0.362 mse=0.088 tau=-0.158 omega=-2.89E-004 bad=0 tapChange=0.0030 floor=0.0030 fading=False/True preMse=0.163 energy=0.045/0.042 fresh=False phase=0.225 anchor=0.715@0.176 phi=-0.202
frame@42672: gain=0.348 ref=0.363 mse=0.101 tau=-0.158 omega=-1.90E-004 bad=0 tapChange=0.0035 floor=0.0033 fading=False/True preMse=0.187 energy=0.042/0.042 fresh=False phase=0.208 anchor=0.676@0.165 phi=-0.189
frame@42768: gain=0.349 ref=0.362 mse=0.085 tau=-0.159 omega=-1.27E-004 bad=0 tapChange=0.0025 floor=0.0025 fading=False/True preMse=0.157 energy=0.039/0.042 fresh=False phase=0.135 anchor=0.673@0.107 phi=-0.122
frame@42864: gain=0.363 ref=0.361 mse=0.078 tau=-0.158 omega=-4.80E-005 bad=0 tapChange=0.0020 floor=0.0020 fading=False/True preMse=0.144 energy=0.036/0.042 fresh=False phase=0.164 anchor=0.693@0.131 phi=-0.151
frame@42960: gain=0.348 ref=0.362 mse=0.087 tau=-0.155 omega=1.85E-005 bad=0 tapChange=0.0021 floor=0.0021 fading=False/True preMse=0.161 energy=0.034/0.042 fresh=False phase=0.135 anchor=0.665@0.112 phi=-0.128
frame@43056: gain=0.355 ref=0.361 mse=0.083 tau=-0.152 omega=6.27E-005 bad=0 tapChange=0.0015 floor=0.0015 fading=False/True preMse=0.153 energy=0.031/0.041 fresh=False phase=0.087 anchor=0.666@0.075 phi=-0.085
frame@43152: gain=0.359 ref=0.361 mse=0.075 tau=-0.149 omega=6.55E-005 bad=0 tapChange=0.0016 floor=0.0016 fading=False/True preMse=0.138 energy=0.029/0.041 fresh=False phase=0.004 anchor=0.678@0.005 phi=-0.005
frame@43248: gain=0.351 ref=0.360 mse=0.080 tau=-0.158 omega=7.02E-005 bad=0 tapChange=0.0015 floor=0.0015 fading=False/True preMse=0.148 energy=0.028/0.040 fresh=False phase=0.013 anchor=0.661@0.008 phi=-0.009
frame@43344: gain=0.356 ref=0.360 mse=0.075 tau=-0.166 omega=7.45E-005 bad=0 tapChange=0.0014 floor=0.0014 fading=False/True preMse=0.138 energy=0.027/0.040 fresh=False phase=0.008 anchor=0.672@0.007 phi=-0.008
frame@43440: gain=0.366 ref=0.360 mse=0.080 tau=-0.163 omega=1.08E-004 bad=0 tapChange=0.0018 floor=0.0016 fading=False/True preMse=0.147 energy=0.029/0.039 fresh=False phase=0.069 anchor=0.687@0.057 phi=-0.064
frame@43536: gain=0.388 ref=0.360 mse=0.059 tau=-0.164 omega=8.65E-005 bad=0 tapChange=0.0017 floor=0.0017 fading=False/True preMse=0.109 energy=0.032/0.039 fresh=False phase=-0.054 anchor=0.733@-0.036 phi=0.041
frame@43632: gain=0.395 ref=0.361 mse=0.080 tau=-0.165 omega=1.40E-004 bad=0 tapChange=0.0023 floor=0.0018 fading=False/True preMse=0.148 energy=0.037/0.038 fresh=False phase=0.114 anchor=0.729@0.090 phi=-0.102
frame@43728: gain=0.401 ref=0.363 mse=0.063 tau=-0.162 omega=1.16E-004 bad=0 tapChange=0.0023 floor=0.0020 fading=False/True preMse=0.117 energy=0.044/0.038 fresh=False phase=-0.056 anchor=0.752@-0.040 phi=0.046
frame@43824: gain=0.449 ref=0.365 mse=0.039 tau=-0.159 omega=1.12E-004 bad=0 tapChange=0.0021 floor=0.0021 fading=False/True preMse=0.072 energy=0.053/0.038 fresh=False phase=-0.012 anchor=0.830@-0.006 phi=0.007
frame@43920: gain=0.471 ref=0.369 mse=0.052 tau=-0.157 omega=1.18E-004 bad=0 tapChange=0.0036 floor=0.0023 fading=False/True preMse=0.095 energy=0.062/0.039 fresh=False phase=0.015 anchor=0.864@0.009 phi=-0.010
frame@44016: gain=0.537 ref=0.374 mse=0.063 tau=-0.156 omega=1.01E-004 bad=0 tapChange=0.0055 floor=0.0025 fading=False/True preMse=0.117 energy=0.073/0.040 fresh=False phase=-0.042 anchor=0.962@-0.026 phi=0.032
frame@44112: gain=0.521 ref=0.382 mse=0.037 tau=-0.157 omega=1.23E-004 bad=0 tapChange=0.0036 floor=0.0027 fading=False/True preMse=0.068 energy=0.083/0.042 fresh=False phase=0.046 anchor=0.942@0.035 phi=-0.043
frame@44208: gain=0.533 ref=0.389 mse=0.151 tau=-0.158 omega=1.83E-004 bad=0 tapChange=0.0120 floor=0.0030 fading=False/True preMse=0.279 energy=0.092/0.044 fresh=False phase=0.140 anchor=0.941@0.094 phi=-0.114
frame@44304: gain=0.502 ref=0.397 mse=0.097 tau=-0.154 omega=1.34E-004 bad=0 tapChange=0.0088 floor=0.0032 fading=False/True preMse=0.179 energy=0.100/0.046 fresh=False phase=-0.122 anchor=0.918@-0.077 phi=0.094
frame@44400: gain=0.486 ref=0.402 mse=0.089 tau=-0.149 omega=1.73E-004 bad=0 tapChange=0.0061 floor=0.0035 fading=False/True preMse=0.164 energy=0.105/0.049 fresh=False phase=0.104 anchor=0.880@0.060 phi=-0.075
frame@44496: gain=0.493 ref=0.406 mse=0.111 tau=-0.148 omega=1.97E-004 bad=0 tapChange=0.0101 floor=0.0037 fading=False/True preMse=0.204 energy=0.108/0.052 fresh=False phase=0.062 anchor=0.901@0.037 phi=-0.046
frame@44592: gain=0.451 ref=0.410 mse=0.171 tau=-0.145 omega=1.58E-004 bad=0 tapChange=0.0172 floor=0.0040 fading=True/True preMse=0.315 energy=0.108/0.055 fresh=False phase=-0.109 anchor=0.856@-0.061 phi=0.075
frame@44688: gain=0.417 ref=0.412 mse=0.139 tau=-0.144 omega=2.35E-004 bad=0 tapChange=0.0119 floor=0.0043 fading=True/True preMse=0.257 energy=0.105/0.057 fresh=False phase=0.188 anchor=0.801@0.122 phi=-0.149
frame@44784: gain=0.426 ref=0.413 mse=0.128 tau=-0.141 omega=2.23E-004 bad=0 tapChange=0.0135 floor=0.0047 fading=True/True preMse=0.236 energy=0.100/0.060 fresh=False phase=-0.028 anchor=0.813@-0.019 phi=0.024
frame@44880: gain=0.443 ref=0.413 mse=0.054 tau=-0.140 omega=2.02E-004 bad=0 tapChange=0.0047 floor=0.0047 fading=True/True preMse=0.099 energy=0.092/0.062 fresh=False phase=-0.045 anchor=0.843@-0.032 phi=0.041
frame@44976: gain=0.445 ref=0.415 mse=0.079 tau=-0.140 omega=1.89E-004 bad=0 tapChange=0.0078 floor=0.0051 fading=True/True preMse=0.146 energy=0.082/0.063 fresh=False phase=-0.032 anchor=0.842@-0.018 phi=0.024
frame@45072: gain=0.421 ref=0.416 mse=0.117 tau=-0.138 omega=1.45E-004 bad=0 tapChange=0.0112 floor=0.0054 fading=True/True preMse=0.215 energy=0.072/0.064 fresh=False phase=-0.089 anchor=0.797@-0.068 phi=0.085
frame@45168: gain=0.442 ref=0.417 mse=0.097 tau=-0.136 omega=1.55E-004 bad=0 tapChange=0.0086 floor=0.0058 fading=True/True preMse=0.178 energy=0.063/0.065 fresh=False phase=0.023 anchor=0.820@0.015 phi=-0.020
frame@45264: gain=0.388 ref=0.418 mse=0.093 tau=-0.137 omega=1.08E-004 bad=0 tapChange=0.0068 floor=0.0062 fading=True/True preMse=0.171 energy=0.056/0.064 fresh=False phase=-0.099 anchor=0.747@-0.073 phi=0.091
frame@45360: gain=0.381 ref=0.416 mse=0.082 tau=-0.133 omega=1.26E-004 bad=0 tapChange=0.0050 floor=0.0050 fading=True/True preMse=0.152 energy=0.050/0.064 fresh=False phase=0.034 anchor=0.728@0.028 phi=-0.035
frame@45456: gain=0.398 ref=0.415 mse=0.081 tau=-0.131 omega=8.42E-005 bad=0 tapChange=0.0051 floor=0.0051 fading=True/True preMse=0.150 energy=0.047/0.063 fresh=False phase=-0.087 anchor=0.752@-0.066 phi=0.081
frame@45552: gain=0.400 ref=0.414 mse=0.087 tau=-0.127 omega=4.10E-005 bad=0 tapChange=0.0048 floor=0.0048 fading=True/True preMse=0.160 energy=0.044/0.063 fresh=False phase=-0.091 anchor=0.747@-0.068 phi=0.083
frame@45648: gain=0.395 ref=0.413 mse=0.082 tau=-0.124 omega=1.95E-005 bad=0 tapChange=0.0038 floor=0.0038 fading=True/True preMse=0.151 energy=0.042/0.062 fresh=False phase=-0.048 anchor=0.741@-0.034 phi=0.041
frame@45744: gain=0.370 ref=0.412 mse=0.080 tau=-0.116 omega=-3.65E-006 bad=0 tapChange=0.0030 floor=0.0030 fading=True/True preMse=0.148 energy=0.040/0.061 fresh=False phase=-0.053 anchor=0.704@-0.037 phi=0.045
frame@45840: gain=0.357 ref=0.410 mse=0.091 tau=-0.109 omega=8.17E-006 bad=0 tapChange=0.0036 floor=0.0032 fading=True/True preMse=0.168 energy=0.038/0.060 fresh=False phase=0.022 anchor=0.681@0.019 phi=-0.023
frame@45936: gain=0.336 ref=0.407 mse=0.096 tau=-0.103 omega=9.82E-006 bad=0 tapChange=0.0032 floor=0.0032 fading=True/True preMse=0.178 energy=0.035/0.059 fresh=False phase=0.005 anchor=0.648@0.003 phi=-0.003
frame@46032: gain=0.320 ref=0.404 mse=0.123 tau=-0.091 omega=-1.06E-006 bad=0 tapChange=0.0046 floor=0.0035 fading=True/True preMse=0.228 energy=0.033/0.057 fresh=False phase=-0.028 anchor=0.616@-0.018 phi=0.021
frame@46128: gain=0.321 ref=0.400 mse=0.133 tau=-0.086 omega=-1.77E-005 bad=0 tapChange=0.0053 floor=0.0038 fading=True/True preMse=0.246 energy=0.031/0.056 fresh=False phase=-0.034 anchor=0.618@-0.028 phi=0.032
frame@46224: gain=0.268 ref=0.396 mse=0.190 tau=-0.083 omega=-5.81E-006 bad=0 tapChange=0.0072 floor=0.0040 fading=True/True preMse=0.350 energy=0.029/0.055 fresh=False phase=0.028 anchor=0.525@0.020 phi=-0.023
frame@46320: gain=0.250 ref=0.389 mse=0.223 tau=-0.082 omega=5.24E-005 bad=0 tapChange=0.0097 floor=0.0044 fading=True/True preMse=0.412 energy=0.029/0.054 fresh=False phase=0.140 anchor=0.510@0.099 phi=-0.112
frame@46416: gain=0.206 ref=0.382 mse=0.300 tau=-0.083 omega=-4.73E-005 bad=0 tapChange=0.0120 floor=0.0047 fading=True/True preMse=0.553 energy=0.030/0.052 fresh=False phase=-0.239 anchor=0.410@-0.175 phi=0.191
frame@46512: gain=0.138 ref=0.374 mse=0.340 tau=-0.085 omega=-8.08E-005 bad=0 tapChange=0.0132 floor=0.0050 fading=True/True preMse=0.628 energy=0.032/0.051 fresh=False phase=-0.095 anchor=0.339@-0.059 phi=0.064
frame@46608: gain=0.187 ref=0.374 mse=0.454 tau=-0.087 omega=-1.65E-004 bad=1 tapChange=0.0266 floor=0.0054 fading=True/True preMse=0.839 energy=0.034/0.051 fresh=False phase=-0.203 anchor=0.401@-0.147 phi=0.162
frame@46704: gain=0.170 ref=0.364 mse=0.324 tau=-0.089 omega=-2.14E-004 bad=0 tapChange=0.0164 floor=0.0057 fading=True/True preMse=0.598 energy=0.036/0.050 fresh=False phase=-0.128 anchor=0.389@-0.086 phi=0.093
frame@46800: gain=0.184 ref=0.354 mse=0.291 tau=-0.090 omega=-3.49E-004 bad=0 tapChange=0.0133 floor=0.0061 fading=True/True preMse=0.537 energy=0.037/0.050 fresh=False phase=-0.343 anchor=0.411@-0.238 phi=0.260
frame@46896: gain=0.139 ref=0.346 mse=0.407 tau=-0.093 omega=-3.75E-004 bad=0 tapChange=0.0211 floor=0.0065 fading=True/True preMse=0.752 energy=0.035/0.049 fresh=False phase=-0.163 anchor=0.354@-0.046 phi=0.050
frame@46992: gain=0.182 ref=0.346 mse=0.297 tau=-0.094 omega=-3.91E-004 bad=1 tapChange=0.0131 floor=0.0069 fading=True/True preMse=0.548 energy=0.032/0.049 fresh=False phase=-0.023 anchor=0.399@-0.030 phi=0.031
frame@47088: gain=0.170 ref=0.338 mse=0.290 tau=-0.095 omega=-4.20E-004 bad=0 tapChange=0.0100 floor=0.0074 fading=True/True preMse=0.535 energy=0.028/0.048 fresh=False phase=-0.108 anchor=0.376@-0.052 phi=0.055
frame@47184: gain=0.151 ref=0.329 mse=0.368 tau=-0.096 omega=-4.72E-004 bad=0 tapChange=0.0146 floor=0.0079 fading=True/True preMse=0.679 energy=0.022/0.047 fresh=False phase=-0.087 anchor=0.329@-0.093 phi=0.099
frame@47280: gain=0.135 ref=0.320 mse=0.337 tau=-0.098 omega=-4.46E-004 bad=0 tapChange=0.0087 floor=0.0083 fading=True/True preMse=0.621 energy=0.017/0.046 fresh=False phase=0.049 anchor=0.291@0.046 phi=-0.050
frame@47376: gain=0.092 ref=0.320 mse=0.412 tau=-0.101 omega=-4.46E-004 bad=1 tapChange=0.0000 floor=0.0083 fading=True/True preMse=0.761 energy=0.014/0.046 fresh=True phase=-0.177 anchor=0.074@0.000 phi=0.000
frame@47472: gain=0.034 ref=0.320 mse=0.486 tau=-0.107 omega=-2.87E-004 bad=2 tapChange=0.5748 floor=0.0089 fading=True/True preMse=0.897 energy=0.012/0.046 fresh=False phase=0.275 anchor=0.104@0.144 phi=-0.304
frame@47568: gain=0.057 ref=0.320 mse=0.445 tau=-0.110 omega=-1.40E-004 bad=3 tapChange=0.1940 floor=0.0094 fading=True/True preMse=0.821 energy=0.012/0.046 fresh=False phase=0.248 anchor=0.150@0.172 phi=-0.283
frame@47664: gain=0.082 ref=0.320 mse=0.402 tau=-0.115 omega=-3.39E-005 bad=4 tapChange=0.1030 floor=0.0100 fading=True/True preMse=0.743 energy=0.014/0.046 fresh=False phase=0.193 anchor=0.200@0.138 phi=-0.203
frame@47760: gain=0.102 ref=0.320 mse=0.372 tau=-0.117 omega=8.41E-005 bad=5 tapChange=0.0537 floor=0.0106 fading=True/True preMse=0.687 energy=0.017/0.046 fresh=False phase=0.214 anchor=0.232@0.167 phi=-0.227
frame@47856: gain=0.129 ref=0.320 mse=0.327 tau=-0.118 omega=1.35E-004 bad=6 tapChange=0.0361 floor=0.0112 fading=True/True preMse=0.604 energy=0.018/0.046 fresh=False phase=0.089 anchor=0.282@0.075 phi=-0.098
frame@47952: gain=0.156 ref=0.320 mse=0.284 tau=-0.119 omega=1.48E-004 bad=7 tapChange=0.0228 floor=0.0119 fading=True/True preMse=0.525 energy=0.018/0.046 fresh=False phase=0.022 anchor=0.330@0.020 phi=-0.025
frame@48048: gain=0.167 ref=0.312 mse=0.270 tau=-0.120 omega=1.90E-004 bad=0 tapChange=0.0146 floor=0.0126 fading=True/True preMse=0.498 energy=0.017/0.045 fresh=False phase=0.074 anchor=0.344@0.065 phi=-0.080
frame@48144: gain=0.175 ref=0.305 mse=0.255 tau=-0.121 omega=2.01E-004 bad=0 tapChange=0.0089 floor=0.0089 fading=True/True preMse=0.470 energy=0.014/0.043 fresh=False phase=0.007 anchor=0.354@0.019 phi=-0.022
frame@48240: gain=0.168 ref=0.298 mse=0.266 tau=-0.121 omega=2.25E-004 bad=0 tapChange=0.0051 floor=0.0051 fading=True/True preMse=0.491 energy=0.011/0.042 fresh=False phase=0.053 anchor=0.330@0.040 phi=-0.046
frame@48336: gain=0.160 ref=0.292 mse=0.276 tau=-0.123 omega=2.29E-004 bad=0 tapChange=0.0032 floor=0.0032 fading=True/True preMse=0.509 energy=0.008/0.040 fresh=False phase=0.011 anchor=0.311@0.007 phi=-0.007
frame@48432: gain=0.132 ref=0.285 mse=0.319 tau=-0.126 omega=2.93E-004 bad=0 tapChange=0.0018 floor=0.0018 fading=True/True preMse=0.588 energy=0.005/0.039 fresh=False phase=0.121 anchor=0.254@0.111 phi=-0.123
frame@48528: gain=0.114 ref=0.278 mse=0.345 tau=-0.129 omega=3.60E-004 bad=0 tapChange=0.0015 floor=0.0015 fading=True/True preMse=0.637 energy=0.004/0.037 fresh=False phase=0.122 anchor=0.220@0.117 phi=-0.127
frame@48624: gain=0.098 ref=0.278 mse=0.375 tau=-0.131 omega=4.56E-004 bad=1 tapChange=0.0019 floor=0.0017 fading=True/True preMse=0.692 energy=0.004/0.037 fresh=False phase=0.191 anchor=0.189@0.173 phi=-0.185
frame@48720: gain=0.096 ref=0.278 mse=0.379 tau=-0.132 omega=5.71E-004 bad=2 tapChange=0.0033 floor=0.0019 fading=True/True preMse=0.700 energy=0.005/0.037 fresh=False phase=0.227 anchor=0.191@0.206 phi=-0.220
frame@48816: gain=0.113 ref=0.278 mse=0.354 tau=-0.130 omega=6.72E-004 bad=3 tapChange=0.0052 floor=0.0021 fading=True/True preMse=0.654 energy=0.007/0.037 fresh=False phase=0.198 anchor=0.228@0.180 phi=-0.194
frame@48912: gain=0.139 ref=0.278 mse=0.311 tau=-0.129 omega=7.35E-004 bad=4 tapChange=0.0062 floor=0.0023 fading=True/True preMse=0.574 energy=0.011/0.037 fresh=False phase=0.127 anchor=0.286@0.112 phi=-0.123
frame@49008: gain=0.164 ref=0.271 mse=0.278 tau=-0.127 omega=7.30E-004 bad=0 tapChange=0.0062 floor=0.0025 fading=True/True preMse=0.513 energy=0.015/0.036 fresh=False phase=-0.021 anchor=0.329@-0.011 phi=0.011
frame@49104: gain=0.210 ref=0.265 mse=0.224 tau=-0.126 omega=7.30E-004 bad=0 tapChange=0.0064 floor=0.0027 fading=True/True preMse=0.413 energy=0.019/0.035 fresh=False phase=0.005 anchor=0.419@-0.001 phi=-0.000
frame@49200: gain=0.242 ref=0.263 mse=0.183 tau=-0.126 omega=7.39E-004 bad=0 tapChange=0.0055 floor=0.0029 fading=True/True preMse=0.338 energy=0.024/0.034 fresh=False phase=0.030 anchor=0.489@0.015 phi=-0.017
frame@49296: gain=0.289 ref=0.262 mse=0.140 tau=-0.125 omega=7.20E-004 bad=0 tapChange=0.0042 floor=0.0032 fading=True/True preMse=0.258 energy=0.029/0.033 fresh=False phase=-0.037 anchor=0.561@-0.030 phi=0.035
frame@49392: gain=0.335 ref=0.263 mse=0.101 tau=-0.124 omega=7.27E-004 bad=0 tapChange=0.0032 floor=0.0032 fading=True/True preMse=0.186 energy=0.034/0.033 fresh=False phase=0.017 anchor=0.644@0.011 phi=-0.013
frame@49488: gain=0.353 ref=0.267 mse=0.086 tau=-0.124 omega=6.94E-004 bad=0 tapChange=0.0024 floor=0.0024 fading=True/True preMse=0.158 energy=0.038/0.033 fresh=False phase=-0.074 anchor=0.673@-0.056 phi=0.065
frame@49584: gain=0.373 ref=0.271 mse=0.086 tau=-0.121 omega=6.52E-004 bad=0 tapChange=0.0033 floor=0.0026 fading=True/True preMse=0.160 energy=0.040/0.033 fresh=False phase=-0.099 anchor=0.699@-0.070 phi=0.081
frame@49680: gain=0.349 ref=0.276 mse=0.112 tau=-0.118 omega=6.19E-004 bad=0 tapChange=0.0052 floor=0.0029 fading=True/True preMse=0.207 energy=0.042/0.034 fresh=False phase=-0.092 anchor=0.670@-0.054 phi=0.063
frame@49776: gain=0.368 ref=0.280 mse=0.092 tau=-0.118 omega=6.72E-004 bad=0 tapChange=0.0036 floor=0.0031 fading=True/True preMse=0.171 energy=0.042/0.034 fresh=False phase=0.109 anchor=0.711@0.086 phi=-0.101
frame@49872: gain=0.375 ref=0.284 mse=0.070 tau=-0.118 omega=6.57E-004 bad=0 tapChange=0.0019 floor=0.0019 fading=True/True preMse=0.128 energy=0.040/0.034 fresh=False phase=-0.046 anchor=0.705@-0.025 phi=0.029
frame@49968: gain=0.367 ref=0.289 mse=0.075 tau=-0.116 omega=6.74E-004 bad=0 tapChange=0.0020 floor=0.0020 fading=True/True preMse=0.139 energy=0.036/0.035 fresh=False phase=0.032 anchor=0.691@0.029 phi=-0.033
frame@50064: gain=0.298 ref=0.293 mse=0.150 tau=-0.113 omega=6.25E-004 bad=0 tapChange=0.0055 floor=0.0022 fading=True/True preMse=0.277 energy=0.032/0.035 fresh=False phase=-0.108 anchor=0.592@-0.082 phi=0.094
frame@50160: gain=0.292 ref=0.293 mse=0.145 tau=-0.110 omega=7.11E-004 bad=0 tapChange=0.0031 floor=0.0024 fading=True/True preMse=0.268 energy=0.027/0.035 fresh=False phase=0.167 anchor=0.571@0.147 phi=-0.165
frame@50256: gain=0.288 ref=0.293 mse=0.166 tau=-0.107 omega=7.68E-004 bad=0 tapChange=0.0052 floor=0.0026 fading=True/True preMse=0.306 energy=0.024/0.034 fresh=False phase=0.118 anchor=0.559@0.097 phi=-0.110
frame@50352: gain=0.241 ref=0.293 mse=0.195 tau=-0.104 omega=8.02E-004 bad=0 tapChange=0.0050 floor=0.0028 fading=True/True preMse=0.360 energy=0.021/0.034 fresh=False phase=0.052 anchor=0.481@0.059 phi=-0.065
frame@50448: gain=0.275 ref=0.290 mse=0.187 tau=-0.104 omega=9.29E-004 bad=0 tapChange=0.0048 floor=0.0031 fading=True/True preMse=0.345 energy=0.020/0.033 fresh=False phase=0.261 anchor=0.539@0.218 phi=-0.243
frame@50544: gain=0.267 ref=0.289 mse=0.191 tau=-0.103 omega=9.64E-004 bad=0 tapChange=0.0058 floor=0.0033 fading=True/True preMse=0.353 energy=0.021/0.033 fresh=False phase=0.078 anchor=0.520@0.062 phi=-0.067
frame@50640: gain=0.321 ref=0.288 mse=0.133 tau=-0.104 omega=9.98E-004 bad=0 tapChange=0.0041 floor=0.0036 fading=True/True preMse=0.246 energy=0.025/0.032 fresh=False phase=0.061 anchor=0.611@0.059 phi=-0.066
frame@50736: gain=0.317 ref=0.290 mse=0.145 tau=-0.105 omega=9.88E-004 bad=0 tapChange=0.0052 floor=0.0039 fading=True/True preMse=0.268 energy=0.030/0.032 fresh=False phase=-0.005 anchor=0.609@-0.016 phi=0.018
frame@50832: gain=0.339 ref=0.291 mse=0.112 tau=-0.108 omega=9.63E-004 bad=0 tapChange=0.0041 floor=0.0041 fading=True/True preMse=0.208 energy=0.036/0.031 fresh=False phase=-0.064 anchor=0.648@-0.043 phi=0.048
frame@50928: gain=0.343 ref=0.294 mse=0.117 tau=-0.111 omega=9.54E-004 bad=0 tapChange=0.0052 floor=0.0044 fading=False/True preMse=0.217 energy=0.043/0.032 fresh=False phase=-0.025 anchor=0.667@-0.015 phi=0.018
frame@51024: gain=0.348 ref=0.296 mse=0.104 tau=-0.113 omega=9.21E-004 bad=0 tapChange=0.0044 floor=0.0044 fading=False/True preMse=0.192 energy=0.048/0.032 fresh=False phase=-0.073 anchor=0.676@-0.056 phi=0.064
frame@51120: gain=0.394 ref=0.299 mse=0.104 tau=-0.121 omega=8.50E-004 bad=0 tapChange=0.0050 floor=0.0047 fading=False/True preMse=0.192 energy=0.051/0.033 fresh=False phase=-0.142 anchor=0.749@-0.119 phi=0.136
frame@51216: gain=0.361 ref=0.303 mse=0.094 tau=-0.125 omega=8.16E-004 bad=0 tapChange=0.0038 floor=0.0038 fading=False/True preMse=0.173 energy=0.052/0.034 fresh=False phase=-0.074 anchor=0.700@-0.059 phi=0.066
frame@51312: gain=0.351 ref=0.306 mse=0.097 tau=-0.133 omega=7.61E-004 bad=0 tapChange=0.0041 floor=0.0041 fading=False/True preMse=0.179 energy=0.050/0.035 fresh=False phase=-0.126 anchor=0.691@-0.092 phi=0.105
frame@51408: gain=0.337 ref=0.309 mse=0.106 tau=-0.141 omega=7.38E-004 bad=0 tapChange=0.0042 floor=0.0042 fading=False/True preMse=0.196 energy=0.045/0.036 fresh=False phase=-0.047 anchor=0.661@-0.039 phi=0.044
frame@51504: gain=0.307 ref=0.310 mse=0.124 tau=-0.130 omega=7.29E-004 bad=0 tapChange=0.0043 floor=0.0043 fading=False/True preMse=0.229 energy=0.040/0.036 fresh=False phase=-0.021 anchor=0.610@-0.018 phi=0.019
frame@51600: gain=0.276 ref=0.310 mse=0.151 tau=-0.107 omega=7.36E-004 bad=0 tapChange=0.0050 floor=0.0046 fading=False/True preMse=0.279 energy=0.035/0.036 fresh=False phase=0.025 anchor=0.559@0.012 phi=-0.013
frame@51696: gain=0.226 ref=0.308 mse=0.223 tau=-0.096 omega=8.03E-004 bad=0 tapChange=0.0068 floor=0.0049 fading=False/True preMse=0.412 energy=0.031/0.036 fresh=False phase=0.144 anchor=0.467@0.119 phi=-0.130
frame@51792: gain=0.223 ref=0.304 mse=0.238 tau=-0.087 omega=9.03E-004 bad=0 tapChange=0.0074 floor=0.0052 fading=False/True preMse=0.439 energy=0.032/0.036 fresh=False phase=0.220 anchor=0.461@0.176 phi=-0.191
frame@51888: gain=0.272 ref=0.300 mse=0.177 tau=-0.082 omega=9.49E-004 bad=0 tapChange=0.0060 floor=0.0056 fading=False/True preMse=0.326 energy=0.036/0.036 fresh=False phase=0.098 anchor=0.547@0.082 phi=-0.089
frame@51984: gain=0.306 ref=0.299 mse=0.213 tau=-0.081 omega=9.75E-004 bad=0 tapChange=0.0092 floor=0.0060 fading=False/True preMse=0.393 energy=0.044/0.036 fresh=False phase=0.019 anchor=0.604@0.045 phi=-0.049
frame@52080: gain=0.378 ref=0.299 mse=0.153 tau=-0.079 omega=9.24E-004 bad=0 tapChange=0.0065 floor=0.0064 fading=False/True preMse=0.283 energy=0.056/0.036 fresh=False phase=-0.141 anchor=0.715@-0.085 phi=0.096
frame@52176: gain=0.433 ref=0.303 mse=0.132 tau=-0.076 omega=8.90E-004 bad=0 tapChange=0.0076 floor=0.0068 fading=False/True preMse=0.244 energy=0.069/0.037 fresh=False phase=-0.078 anchor=0.800@-0.057 phi=0.066
frame@52272: gain=0.496 ref=0.309 mse=0.169 tau=-0.078 omega=9.17E-004 bad=0 tapChange=0.0123 floor=0.0072 fading=False/True preMse=0.313 energy=0.082/0.039 fresh=False phase=0.027 anchor=0.905@0.044 phi=-0.052
frame@52368: gain=0.505 ref=0.319 mse=0.121 tau=-0.077 omega=8.29E-004 bad=0 tapChange=0.0080 floor=0.0077 fading=False/True preMse=0.224 energy=0.093/0.041 fresh=False phase=-0.224 anchor=0.907@-0.141 phi=0.169
frame@52464: gain=0.507 ref=0.328 mse=0.116 tau=-0.078 omega=8.39E-004 bad=0 tapChange=0.0090 floor=0.0082 fading=False/True preMse=0.213 energy=0.100/0.043 fresh=False phase=0.012 anchor=0.907@0.016 phi=-0.020
frame@52560: gain=0.439 ref=0.337 mse=0.219 tau=-0.078 omega=6.89E-004 bad=0 tapChange=0.0162 floor=0.0087 fading=False/True preMse=0.403 energy=0.102/0.046 fresh=False phase=-0.388 anchor=0.812@-0.244 phi=0.289
frame@52656: gain=0.429 ref=0.342 mse=0.080 tau=-0.079 omega=7.12E-004 bad=0 tapChange=0.0065 floor=0.0065 fading=False/True preMse=0.147 energy=0.099/0.049 fresh=False phase=0.041 anchor=0.827@0.036 phi=-0.044
frame@52752: gain=0.389 ref=0.346 mse=0.128 tau=-0.080 omega=6.27E-004 bad=0 tapChange=0.0091 floor=0.0070 fading=False/True preMse=0.237 energy=0.090/0.052 fresh=False phase=-0.236 anchor=0.761@-0.139 phi=0.164
frame@52848: gain=0.354 ref=0.349 mse=0.117 tau=-0.081 omega=6.50E-004 bad=0 tapChange=0.0074 floor=0.0074 fading=False/True preMse=0.216 energy=0.077/0.054 fresh=False phase=0.037 anchor=0.712@0.037 phi=-0.044
frame@52944: gain=0.340 ref=0.349 mse=0.123 tau=-0.083 omega=6.95E-004 bad=0 tapChange=0.0070 floor=0.0070 fading=False/True preMse=0.226 energy=0.062/0.055 fresh=False phase=0.090 anchor=0.685@0.073 phi=-0.087
frame@53040: gain=0.304 ref=0.348 mse=0.162 tau=-0.083 omega=6.71E-004 bad=0 tapChange=0.0094 floor=0.0074 fading=False/True preMse=0.299 energy=0.048/0.055 fresh=False phase=-0.050 anchor=0.617@-0.039 phi=0.046
frame@53136: gain=0.267 ref=0.346 mse=0.180 tau=-0.085 omega=7.09E-004 bad=0 tapChange=0.0082 floor=0.0079 fading=False/True preMse=0.332 energy=0.035/0.055 fresh=False phase=0.076 anchor=0.546@0.065 phi=-0.073
frame@53232: gain=0.260 ref=0.342 mse=0.192 tau=-0.087 omega=7.85E-004 bad=0 tapChange=0.0069 floor=0.0069 fading=False/True preMse=0.355 energy=0.026/0.054 fresh=False phase=0.167 anchor=0.515@0.130 phi=-0.146
frame@53328: gain=0.281 ref=0.338 mse=0.167 tau=-0.087 omega=8.66E-004 bad=0 tapChange=0.0045 floor=0.0045 fading=False/True preMse=0.308 energy=0.020/0.052 fresh=False phase=0.167 anchor=0.542@0.137 phi=-0.154
frame@53424: gain=0.276 ref=0.335 mse=0.145 tau=-0.087 omega=8.61E-004 bad=0 tapChange=0.0023 floor=0.0023 fading=False/True preMse=0.268 energy=0.018/0.051 fresh=False phase=-0.021 anchor=0.532@-0.007 phi=0.008
frame@53520: gain=0.292 ref=0.332 mse=0.142 tau=-0.085 omega=9.07E-004 bad=0 tapChange=0.0028 floor=0.0025 fading=False/True preMse=0.263 energy=0.018/0.049 fresh=False phase=0.093 anchor=0.554@0.079 phi=-0.089
frame@53616: gain=0.298 ref=0.330 mse=0.125 tau=-0.084 omega=9.10E-004 bad=0 tapChange=0.0017 floor=0.0017 fading=False/True preMse=0.231 energy=0.020/0.048 fresh=False phase=-0.003 anchor=0.563@0.003 phi=-0.004
frame@53712: gain=0.300 ref=0.329 mse=0.145 tau=-0.079 omega=8.29E-004 bad=0 tapChange=0.0035 floor=0.0019 fading=False/True preMse=0.267 energy=0.023/0.046 fresh=False phase=-0.158 anchor=0.569@-0.139 phi=0.155
frame@53808: gain=0.276 ref=0.327 mse=0.154 tau=-0.076 omega=8.05E-004 bad=0 tapChange=0.0036 floor=0.0021 fading=False/True preMse=0.284 energy=0.027/0.045 fresh=False phase=-0.062 anchor=0.540@-0.041 phi=0.045
frame@53904: gain=0.270 ref=0.325 mse=0.181 tau=-0.075 omega=7.34E-004 bad=0 tapChange=0.0055 floor=0.0023 fading=False/True preMse=0.333 energy=0.032/0.044 fresh=False phase=-0.160 anchor=0.531@-0.125 phi=0.138
frame@54000: gain=0.274 ref=0.322 mse=0.171 tau=-0.077 omega=6.70E-004 bad=0 tapChange=0.0055 floor=0.0025 fading=False/True preMse=0.315 energy=0.035/0.044 fresh=False phase=-0.161 anchor=0.550@-0.111 phi=0.122
frame@54096: gain=0.238 ref=0.319 mse=0.204 tau=-0.081 omega=6.35E-004 bad=0 tapChange=0.0069 floor=0.0027 fading=False/True preMse=0.377 energy=0.039/0.043 fresh=False phase=-0.066 anchor=0.500@-0.061 phi=0.067
frame@54192: gain=0.269 ref=0.315 mse=0.203 tau=-0.085 omega=5.48E-004 bad=0 tapChange=0.0082 floor=0.0029 fading=False/True preMse=0.375 energy=0.042/0.043 fresh=False phase=-0.229 anchor=0.548@-0.152 phi=0.168
frame@54288: gain=0.288 ref=0.313 mse=0.149 tau=-0.089 omega=5.12E-004 bad=0 tapChange=0.0052 floor=0.0032 fading=False/True preMse=0.275 energy=0.045/0.043 fresh=False phase=-0.090 anchor=0.585@-0.062 phi=0.068
frame@54384: gain=0.285 ref=0.312 mse=0.159 tau=-0.094 omega=4.48E-004 bad=0 tapChange=0.0059 floor=0.0034 fading=False/True preMse=0.294 energy=0.047/0.043 fresh=False phase=-0.155 anchor=0.581@-0.112 phi=0.123
frame@54480: gain=0.289 ref=0.310 mse=0.155 tau=-0.100 omega=3.89E-004 bad=0 tapChange=0.0067 floor=0.0037 fading=False/True preMse=0.287 energy=0.048/0.043 fresh=False phase=-0.143 anchor=0.601@-0.103 phi=0.114
frame@54576: gain=0.291 ref=0.309 mse=0.135 tau=-0.105 omega=3.36E-004 bad=0 tapChange=0.0051 floor=0.0040 fading=False/True preMse=0.250 energy=0.049/0.043 fresh=False phase=-0.126 anchor=0.598@-0.091 phi=0.101
frame@54672: gain=0.321 ref=0.308 mse=0.128 tau=-0.110 omega=3.36E-004 bad=0 tapChange=0.0045 floor=0.0043 fading=False/True preMse=0.236 energy=0.049/0.044 fresh=False phase=0.003 anchor=0.627@-0.001 phi=0.000
frame@54768: gain=0.319 ref=0.309 mse=0.117 tau=-0.117 omega=2.92E-004 bad=0 tapChange=0.0041 floor=0.0041 fading=False/True preMse=0.215 energy=0.048/0.044 fresh=False phase=-0.098 anchor=0.633@-0.076 phi=0.085
frame@54864: gain=0.326 ref=0.310 mse=0.112 tau=-0.117 omega=2.69E-004 bad=0 tapChange=0.0042 floor=0.0042 fading=False/True preMse=0.207 energy=0.046/0.044 fresh=False phase=-0.055 anchor=0.647@-0.038 phi=0.044
frame@54960: gain=0.316 ref=0.310 mse=0.119 tau=-0.119 omega=3.07E-004 bad=0 tapChange=0.0041 floor=0.0041 fading=False/True preMse=0.219 energy=0.042/0.044 fresh=False phase=0.078 anchor=0.631@0.066 phi=-0.073
frame@55056: gain=0.301 ref=0.311 mse=0.155 tau=-0.124 omega=3.08E-004 bad=0 tapChange=0.0048 floor=0.0044 fading=False/True preMse=0.286 energy=0.038/0.044 fresh=False phase=0.012 anchor=0.585@0.002 phi=-0.002
frame@55152: gain=0.277 ref=0.310 mse=0.166 tau=-0.128 omega=3.70E-004 bad=0 tapChange=0.0050 floor=0.0047 fading=False/True preMse=0.307 energy=0.033/0.044 fresh=False phase=0.123 anchor=0.559@0.108 phi=-0.118
frame@55248: gain=0.264 ref=0.309 mse=0.168 tau=-0.126 omega=4.04E-004 bad=0 tapChange=0.0047 floor=0.0047 fading=False/True preMse=0.309 energy=0.029/0.043 fresh=False phase=0.071 anchor=0.527@0.060 phi=-0.065
frame@55344: gain=0.258 ref=0.306 mse=0.239 tau=-0.126 omega=4.91E-004 bad=0 tapChange=0.0067 floor=0.0050 fading=False/True preMse=0.442 energy=0.025/0.043 fresh=False phase=0.194 anchor=0.489@0.155 phi=-0.168
frame@55440: gain=0.236 ref=0.304 mse=0.215 tau=-0.124 omega=5.24E-004 bad=0 tapChange=0.0064 floor=0.0053 fading=False/True preMse=0.397 energy=0.023/0.042 fresh=False phase=0.077 anchor=0.485@0.058 phi=-0.063
frame@55536: gain=0.298 ref=0.301 mse=0.191 tau=-0.122 omega=6.26E-004 bad=0 tapChange=0.0045 floor=0.0045 fading=False/True preMse=0.352 energy=0.024/0.041 fresh=False phase=0.201 anchor=0.554@0.178 phi=-0.196
frame@55632: gain=0.346 ref=0.300 mse=0.132 tau=-0.120 omega=6.61E-004 bad=0 tapChange=0.0049 floor=0.0049 fading=False/True preMse=0.243 energy=0.025/0.040 fresh=False phase=0.080 anchor=0.661@0.059 phi=-0.066
frame@55728: gain=0.376 ref=0.303 mse=0.120 tau=-0.117 omega=6.20E-004 bad=0 tapChange=0.0039 floor=0.0039 fading=False/True preMse=0.221 energy=0.029/0.039 fresh=False phase=-0.092 anchor=0.688@-0.069 phi=0.078
frame@55824: gain=0.443 ref=0.306 mse=0.062 tau=-0.113 omega=6.19E-004 bad=0 tapChange=0.0026 floor=0.0026 fading=False/True preMse=0.114 energy=0.034/0.039 fresh=False phase=-0.008 anchor=0.810@-0.002 phi=0.003
frame@55920: gain=0.470 ref=0.313 mse=0.056 tau=-0.111 omega=5.58E-004 bad=0 tapChange=0.0027 floor=0.0027 fading=False/True preMse=0.104 energy=0.040/0.038 fresh=False phase=-0.127 anchor=0.850@-0.100 phi=0.117
frame@56016: gain=0.532 ref=0.321 mse=0.089 tau=-0.109 omega=5.13E-004 bad=0 tapChange=0.0061 floor=0.0029 fading=False/True preMse=0.165 energy=0.047/0.039 fresh=False phase=-0.097 anchor=0.941@-0.072 phi=0.086
frame@56112: gain=0.577 ref=0.332 mse=0.051 tau=-0.103 omega=4.50E-004 bad=0 tapChange=0.0046 floor=0.0031 fading=False/True preMse=0.094 energy=0.055/0.039 fresh=False phase=-0.118 anchor=1.020@-0.100 phi=0.122
frame@56208: gain=0.533 ref=0.344 mse=0.068 tau=-0.102 omega=3.91E-004 bad=0 tapChange=0.0057 floor=0.0034 fading=False/True preMse=0.125 energy=0.065/0.040 fresh=False phase=-0.124 anchor=0.949@-0.093 phi=0.113
frame@56304: gain=0.566 ref=0.353 mse=0.047 tau=-0.098 omega=3.22E-004 bad=0 tapChange=0.0045 floor=0.0037 fading=False/True preMse=0.087 energy=0.077/0.041 fresh=False phase=-0.145 anchor=0.996@-0.107 phi=0.132
frame@56400: gain=0.599 ref=0.364 mse=0.044 tau=-0.091 omega=2.70E-004 bad=0 tapChange=0.0050 floor=0.0039 fading=False/True preMse=0.082 energy=0.089/0.043 fresh=False phase=-0.111 anchor=1.042@-0.079 phi=0.101
frame@56496: gain=0.574 ref=0.376 mse=0.033 tau=-0.086 omega=2.45E-004 bad=0 tapChange=0.0043 floor=0.0042 fading=False/True preMse=0.060 energy=0.103/0.045 fresh=False phase=-0.057 anchor=1.013@-0.039 phi=0.048
frame@56592: gain=0.578 ref=0.386 mse=0.037 tau=-0.077 omega=1.84E-004 bad=0 tapChange=0.0045 floor=0.0045 fading=False/True preMse=0.068 energy=0.116/0.048 fresh=False phase=-0.137 anchor=1.014@-0.090 phi=0.117
frame@56688: gain=0.545 ref=0.395 mse=0.036 tau=-0.070 omega=1.54E-004 bad=0 tapChange=0.0038 floor=0.0038 fading=False/True preMse=0.066 energy=0.128/0.051 fresh=False phase=-0.080 anchor=0.975@-0.045 phi=0.058
frame@56784: gain=0.501 ref=0.403 mse=0.045 tau=-0.065 omega=1.68E-004 bad=0 tapChange=0.0056 floor=0.0041 fading=False/True preMse=0.082 energy=0.137/0.055 fresh=False phase=0.031 anchor=0.928@0.021 phi=-0.028
frame@56880: gain=0.521 ref=0.408 mse=0.033 tau=-0.058 omega=1.22E-004 bad=0 tapChange=0.0038 floor=0.0038 fading=False/True preMse=0.061 energy=0.145/0.059 fresh=False phase=-0.096 anchor=0.943@-0.068 phi=0.089
frame@56976: gain=0.497 ref=0.413 mse=0.035 tau=-0.053 omega=8.46E-005 bad=0 tapChange=0.0042 floor=0.0041 fading=False/True preMse=0.065 energy=0.150/0.064 fresh=False phase=-0.087 anchor=0.918@-0.054 phi=0.072
frame@57072: gain=0.487 ref=0.418 mse=0.026 tau=-0.052 omega=5.31E-005 bad=0 tapChange=0.0033 floor=0.0033 fading=False/True preMse=0.048 energy=0.153/0.068 fresh=False phase=-0.079 anchor=0.911@-0.047 phi=0.061
frame@57168: gain=0.463 ref=0.421 mse=0.079 tau=-0.053 omega=4.14E-005 bad=0 tapChange=0.0088 floor=0.0035 fading=False/True preMse=0.145 energy=0.154/0.072 fresh=False phase=-0.044 anchor=0.879@-0.018 phi=0.022
frame@57264: gain=0.457 ref=0.423 mse=0.061 tau=-0.052 omega=4.53E-005 bad=0 tapChange=0.0069 floor=0.0038 fading=False/True preMse=0.112 energy=0.153/0.076 fresh=False phase=0.022 anchor=0.871@0.006 phi=-0.008
frame@57360: gain=0.462 ref=0.425 mse=0.052 tau=-0.051 omega=4.11E-006 bad=0 tapChange=0.0047 floor=0.0041 fading=False/True preMse=0.097 energy=0.150/0.080 fresh=False phase=-0.097 anchor=0.875@-0.060 phi=0.079
frame@57456: gain=0.479 ref=0.427 mse=0.061 tau=-0.050 omega=-3.66E-005 bad=0 tapChange=0.0078 floor=0.0044 fading=False/True preMse=0.112 energy=0.146/0.084 fresh=False phase=-0.084 anchor=0.888@-0.058 phi=0.078
frame@57552: gain=0.424 ref=0.429 mse=0.117 tau=-0.049 omega=-6.12E-005 bad=0 tapChange=0.0160 floor=0.0047 fading=False/True preMse=0.216 energy=0.140/0.087 fresh=False phase=-0.047 anchor=0.823@-0.037 phi=0.047
frame@57648: gain=0.407 ref=0.429 mse=0.079 tau=-0.051 omega=-5.67E-005 bad=0 tapChange=0.0097 floor=0.0051 fading=False/True preMse=0.146 energy=0.133/0.089 fresh=False phase=0.025 anchor=0.803@0.006 phi=-0.009
frame@57744: gain=0.396 ref=0.428 mse=0.119 tau=-0.053 omega=-1.12E-004 bad=0 tapChange=0.0119 floor=0.0054 fading=False/True preMse=0.219 energy=0.125/0.092 fresh=False phase=-0.142 anchor=0.790@-0.083 phi=0.107
frame@57840: gain=0.398 ref=0.426 mse=0.137 tau=-0.055 omega=-1.27E-004 bad=0 tapChange=0.0149 floor=0.0058 fading=False/True preMse=0.253 energy=0.116/0.093 fresh=False phase=-0.017 anchor=0.790@-0.021 phi=0.028
frame@57936: gain=0.374 ref=0.425 mse=0.172 tau=-0.056 omega=-1.76E-004 bad=0 tapChange=0.0201 floor=0.0062 fading=False/True preMse=0.317 energy=0.107/0.094 fresh=False phase=-0.096 anchor=0.747@-0.075 phi=0.094
frame@58032: gain=0.385 ref=0.422 mse=0.133 tau=-0.059 omega=-2.53E-004 bad=0 tapChange=0.0133 floor=0.0066 fading=False/True preMse=0.245 energy=0.097/0.095 fresh=False phase=-0.176 anchor=0.759@-0.114 phi=0.147
frame@58128: gain=0.355 ref=0.420 mse=0.124 tau=-0.061 omega=-2.39E-004 bad=0 tapChange=0.0133 floor=0.0070 fading=False/True preMse=0.229 energy=0.087/0.095 fresh=False phase=0.058 anchor=0.713@0.020 phi=-0.026
frame@58224: gain=0.308 ref=0.417 mse=0.186 tau=-0.065 omega=-2.44E-004 bad=0 tapChange=0.0186 floor=0.0075 fading=False/True preMse=0.343 energy=0.078/0.095 fresh=False phase=-0.045 anchor=0.659@-0.008 phi=0.010
frame@58320: gain=0.297 ref=0.412 mse=0.217 tau=-0.068 omega=-2.31E-004 bad=0 tapChange=0.0238 floor=0.0080 fading=False/True preMse=0.401 energy=0.071/0.094 fresh=False phase=0.051 anchor=0.649@0.022 phi=-0.026
frame@58416: gain=0.283 ref=0.406 mse=0.183 tau=-0.071 omega=-2.41E-004 bad=0 tapChange=0.0166 floor=0.0085 fading=False/True preMse=0.337 energy=0.064/0.093 fresh=False phase=0.001 anchor=0.604@-0.018 phi=0.020
frame@58512: gain=0.285 ref=0.400 mse=0.198 tau=-0.075 omega=-2.74E-004 bad=0 tapChange=0.0167 floor=0.0090 fading=False/True preMse=0.366 energy=0.059/0.091 fresh=False phase=-0.112 anchor=0.604@-0.053 phi=0.064
frame@58608: gain=0.248 ref=0.394 mse=0.202 tau=-0.080 omega=-2.29E-004 bad=0 tapChange=0.0154 floor=0.0095 fading=False/True preMse=0.372 energy=0.053/0.090 fresh=False phase=0.140 anchor=0.543@0.075 phi=-0.087
frame@58704: gain=0.232 ref=0.387 mse=0.210 tau=-0.086 omega=-2.49E-004 bad=0 tapChange=0.0150 floor=0.0101 fading=False/True preMse=0.388 energy=0.047/0.088 fresh=False phase=-0.074 anchor=0.519@-0.034 phi=0.040
frame@58800: gain=0.225 ref=0.379 mse=0.207 tau=-0.089 omega=-2.21E-004 bad=0 tapChange=0.0105 floor=0.0105 fading=False/True preMse=0.383 energy=0.041/0.086 fresh=False phase=0.083 anchor=0.484@0.048 phi=-0.054
frame@58896: gain=0.197 ref=0.371 mse=0.238 tau=-0.096 omega=-1.51E-004 bad=0 tapChange=0.0113 floor=0.0112 fading=False/True preMse=0.439 energy=0.034/0.084 fresh=False phase=0.169 anchor=0.435@0.121 phi=-0.136
frame@58992: gain=0.185 ref=0.363 mse=0.253 tau=-0.103 omega=-7.72E-005 bad=0 tapChange=0.0090 floor=0.0090 fading=False/True preMse=0.466 energy=0.027/0.081 fresh=False phase=0.153 anchor=0.397@0.128 phi=-0.141
frame@59088: gain=0.161 ref=0.354 mse=0.296 tau=-0.106 omega=5.44E-005 bad=0 tapChange=0.0075 floor=0.0075 fading=False/True preMse=0.547 energy=0.020/0.078 fresh=False phase=0.292 anchor=0.335@0.233 phi=-0.253
frame@59184: gain=0.154 ref=0.344 mse=0.317 tau=-0.111 omega=2.10E-004 bad=0 tapChange=0.0066 floor=0.0066 fading=False/True preMse=0.585 energy=0.014/0.075 fresh=False phase=0.315 anchor=0.313@0.279 phi=-0.299
frame@59280: gain=0.157 ref=0.344 mse=0.325 tau=-0.114 omega=4.18E-004 bad=1 tapChange=0.0050 floor=0.0050 fading=False/True preMse=0.599 energy=0.010/0.075 fresh=False phase=0.404 anchor=0.310@0.371 phi=-0.399
frame@59376: gain=0.155 ref=0.335 mse=0.324 tau=-0.113 omega=5.43E-004 bad=0 tapChange=0.0051 floor=0.0051 fading=False/True preMse=0.598 energy=0.008/0.072 fresh=False phase=0.203 anchor=0.304@0.225 phi=-0.242
frame@59472: gain=0.175 ref=0.326 mse=0.294 tau=-0.112 omega=6.50E-004 bad=0 tapChange=0.0048 floor=0.0048 fading=False/True preMse=0.542 energy=0.008/0.069 fresh=False phase=0.184 anchor=0.340@0.189 phi=-0.205
frame@59568: gain=0.193 ref=0.318 mse=0.272 tau=-0.111 omega=6.87E-004 bad=0 tapChange=0.0068 floor=0.0051 fading=False/True preMse=0.502 energy=0.012/0.066 fresh=False phase=0.056 anchor=0.386@0.065 phi=-0.070
frame@59664: gain=0.213 ref=0.312 mse=0.251 tau=-0.110 omega=7.01E-004 bad=0 tapChange=0.0089 floor=0.0054 fading=False/True preMse=0.463 energy=0.020/0.063 fresh=False phase=0.021 anchor=0.437@0.025 phi=-0.027
frame@59760: gain=0.247 ref=0.307 mse=0.223 tau=-0.115 omega=6.94E-004 bad=0 tapChange=0.0106 floor=0.0058 fading=False/True preMse=0.412 energy=0.032/0.061 fresh=False phase=-0.022 anchor=0.512@-0.012 phi=0.014
frame@59856: gain=0.291 ref=0.304 mse=0.187 tau=-0.118 omega=6.68E-004 bad=0 tapChange=0.0101 floor=0.0062 fading=False/True preMse=0.345 energy=0.049/0.060 fresh=False phase=-0.058 anchor=0.598@-0.045 phi=0.050
frame@59952: gain=0.325 ref=0.303 mse=0.170 tau=-0.127 omega=6.36E-004 bad=0 tapChange=0.0105 floor=0.0066 fading=False/True preMse=0.314 energy=0.070/0.059 fresh=False phase=-0.068 anchor=0.666@-0.053 phi=0.060
frame@60048: gain=0.387 ref=0.304 mse=0.124 tau=-0.142 omega=6.00E-004 bad=0 tapChange=0.0079 floor=0.0070 fading=False/True preMse=0.229 energy=0.092/0.060 fresh=False phase=-0.085 anchor=0.761@-0.062 phi=0.071
frame@60144: gain=0.425 ref=0.309 mse=0.099 tau=-0.148 omega=5.56E-004 bad=0 tapChange=0.0063 floor=0.0063 fading=False/True preMse=0.183 energy=0.116/0.061 fresh=False phase=-0.103 anchor=0.819@-0.073 phi=0.084
frame@60240: gain=0.464 ref=0.314 mse=0.078 tau=-0.159 omega=5.13E-004 bad=0 tapChange=0.0054 floor=0.0054 fading=False/True preMse=0.143 energy=0.136/0.064 fresh=False phase=-0.102 anchor=0.879@-0.070 phi=0.081
frame@60336: gain=0.478 ref=0.322 mse=0.071 tau=-0.174 omega=4.60E-004 bad=0 tapChange=0.0052 floor=0.0052 fading=False/True preMse=0.132 energy=0.153/0.068 fresh=False phase=-0.139 anchor=0.900@-0.086 phi=0.102
frame@60432: gain=0.473 ref=0.330 mse=0.055 tau=-0.175 omega=4.19E-004 bad=0 tapChange=0.0039 floor=0.0039 fading=False/True preMse=0.102 energy=0.163/0.072 fresh=False phase=-0.102 anchor=0.893@-0.068 phi=0.079
frame@60528: gain=0.470 ref=0.337 mse=0.058 tau=-0.173 omega=3.78E-004 bad=0 tapChange=0.0041 floor=0.0041 fading=False/True preMse=0.106 energy=0.165/0.076 fresh=False phase=-0.126 anchor=0.894@-0.069 phi=0.080
frame@60624: gain=0.474 ref=0.344 mse=0.049 tau=-0.185 omega=3.36E-004 bad=0 tapChange=0.0033 floor=0.0033 fading=False/True preMse=0.090 energy=0.159/0.081 fresh=False phase=-0.105 anchor=0.890@-0.068 phi=0.080
frame@60720: gain=0.455 ref=0.350 mse=0.037 tau=-0.194 omega=2.99E-004 bad=0 tapChange=0.0028 floor=0.0028 fading=False/True preMse=0.068 energy=0.149/0.085 fresh=False phase=-0.101 anchor=0.876@-0.060 phi=0.070
frame@60816: gain=0.415 ref=0.355 mse=0.056 tau=-0.205 omega=2.54E-004 bad=0 tapChange=0.0036 floor=0.0030 fading=False/True preMse=0.103 energy=0.133/0.088 fresh=False phase=-0.112 anchor=0.815@-0.075 phi=0.086
frame@60912: gain=0.389 ref=0.358 mse=0.067 tau=-0.219 omega=2.12E-004 bad=0 tapChange=0.0043 floor=0.0033 fading=False/True preMse=0.125 energy=0.114/0.090 fresh=False phase=-0.101 anchor=0.778@-0.072 phi=0.082
frame@61008: gain=0.359 ref=0.360 mse=0.085 tau=-0.218 omega=1.78E-004 bad=0 tapChange=0.0053 floor=0.0035 fading=False/True preMse=0.156 energy=0.095/0.091 fresh=False phase=-0.079 anchor=0.730@-0.056 phi=0.064
frame@61104: gain=0.320 ref=0.360 mse=0.114 tau=-0.207 omega=1.54E-004 bad=0 tapChange=0.0067 floor=0.0038 fading=False/True preMse=0.211 energy=0.077/0.092 fresh=False phase=-0.054 anchor=0.664@-0.041 phi=0.047
frame@61200: gain=0.265 ref=0.358 mse=0.170 tau=-0.191 omega=1.17E-004 bad=0 tapChange=0.0088 floor=0.0041 fading=False/True preMse=0.314 energy=0.061/0.091 fresh=False phase=-0.089 anchor=0.565@-0.063 phi=0.070
frame@61296: gain=0.213 ref=0.353 mse=0.230 tau=-0.179 omega=1.28E-004 bad=0 tapChange=0.0106 floor=0.0044 fading=False/True preMse=0.425 energy=0.049/0.089 fresh=False phase=0.025 anchor=0.470@0.017 phi=-0.020
frame@61392: gain=0.174 ref=0.346 mse=0.298 tau=-0.166 omega=1.03E-004 bad=0 tapChange=0.0122 floor=0.0047 fading=False/True preMse=0.551 energy=0.041/0.087 fresh=False phase=-0.078 anchor=0.396@-0.044 phi=0.047
frame@61488: gain=0.154 ref=0.338 mse=0.332 tau=-0.158 omega=1.63E-004 bad=0 tapChange=0.0133 floor=0.0051 fading=False/True preMse=0.613 energy=0.036/0.085 fresh=False phase=0.155 anchor=0.349@0.107 phi=-0.115
frame@61584: gain=0.162 ref=0.328 mse=0.373 tau=-0.151 omega=3.56E-004 bad=0 tapChange=0.0159 floor=0.0054 fading=False/True preMse=0.689 energy=0.034/0.083 fresh=False phase=0.489 anchor=0.362@0.343 phi=-0.370
frame@61680: gain=0.187 ref=0.320 mse=0.345 tau=-0.147 omega=5.17E-004 bad=0 tapChange=0.0151 floor=0.0058 fading=False/True preMse=0.636 energy=0.033/0.080 fresh=False phase=0.420 anchor=0.421@0.284 phi=-0.311
frame@61776: gain=0.230 ref=0.313 mse=0.242 tau=-0.143 omega=5.31E-004 bad=0 tapChange=0.0103 floor=0.0062 fading=False/True preMse=0.446 energy=0.034/0.078 fresh=False phase=-0.018 anchor=0.473@0.024 phi=-0.027
frame@61872: gain=0.321 ref=0.309 mse=0.162 tau=-0.141 omega=5.76E-004 bad=0 tapChange=0.0075 floor=0.0066 fading=False/True preMse=0.300 energy=0.034/0.076 fresh=False phase=0.080 anchor=0.622@0.076 phi=-0.087
frame@61968: gain=0.334 ref=0.310 mse=0.116 tau=-0.139 omega=5.25E-004 bad=0 tapChange=0.0044 floor=0.0044 fading=False/True preMse=0.214 energy=0.034/0.074 fresh=False phase=-0.125 anchor=0.642@-0.088 phi=0.100
frame@62064: gain=0.359 ref=0.311 mse=0.144 tau=-0.137 omega=4.78E-004 bad=0 tapChange=0.0067 floor=0.0047 fading=False/True preMse=0.266 energy=0.033/0.072 fresh=False phase=-0.080 anchor=0.692@-0.078 phi=0.090
frame@62160: gain=0.327 ref=0.313 mse=0.158 tau=-0.136 omega=3.95E-004 bad=0 tapChange=0.0062 floor=0.0050 fading=False/True preMse=0.292 energy=0.032/0.070 fresh=False phase=-0.192 anchor=0.621@-0.139 phi=0.159
frame@62256: gain=0.373 ref=0.314 mse=0.097 tau=-0.136 omega=3.38E-004 bad=0 tapChange=0.0033 floor=0.0033 fading=False/True preMse=0.179 energy=0.030/0.068 fresh=False phase=-0.102 anchor=0.702@-0.096 phi=0.109
frame@62352: gain=0.393 ref=0.317 mse=0.094 tau=-0.138 omega=2.41E-004 bad=0 tapChange=0.0030 floor=0.0030 fading=False/True preMse=0.173 energy=0.028/0.066 fresh=False phase=-0.187 anchor=0.727@-0.161 phi=0.186
frame@62448: gain=0.373 ref=0.321 mse=0.092 tau=-0.142 omega=1.58E-004 bad=0 tapChange=0.0025 floor=0.0025 fading=False/True preMse=0.170 energy=0.026/0.064 fresh=False phase=-0.166 anchor=0.695@-0.139 phi=0.159
frame@62544: gain=0.359 ref=0.323 mse=0.092 tau=-0.142 omega=6.21E-005 bad=0 tapChange=0.0014 floor=0.0014 fading=False/True preMse=0.170 energy=0.025/0.062 fresh=False phase=-0.199 anchor=0.667@-0.162 phi=0.185
frame@62640: gain=0.338 ref=0.325 mse=0.098 tau=-0.146 omega=-1.49E-005 bad=0 tapChange=0.0013 floor=0.0013 fading=False/True preMse=0.181 energy=0.023/0.060 fresh=False phase=-0.147 anchor=0.634@-0.130 phi=0.148
frame@62736: gain=0.343 ref=0.326 mse=0.092 tau=-0.152 omega=-8.21E-005 bad=0 tapChange=0.0012 floor=0.0012 fading=False/True preMse=0.170 energy=0.021/0.058 fresh=False phase=-0.132 anchor=0.643@-0.115 phi=0.129
frame@62832: gain=0.320 ref=0.327 mse=0.115 tau=-0.152 omega=-1.62E-004 bad=0 tapChange=0.0014 floor=0.0013 fading=False/True preMse=0.212 energy=0.018/0.056 fresh=False phase=-0.152 anchor=0.598@-0.137 phi=0.152
frame@62928: gain=0.295 ref=0.326 mse=0.137 tau=-0.151 omega=-2.27E-004 bad=0 tapChange=0.0014 floor=0.0014 fading=False/True preMse=0.253 energy=0.015/0.055 fresh=False phase=-0.112 anchor=0.552@-0.113 phi=0.125
frame@63024: gain=0.257 ref=0.325 mse=0.172 tau=-0.148 omega=-3.09E-004 bad=0 tapChange=0.0011 floor=0.0011 fading=False/True preMse=0.318 energy=0.012/0.053 fresh=False phase=-0.156 anchor=0.480@-0.145 phi=0.157
frame@63120: gain=0.254 ref=0.321 mse=0.187 tau=-0.143 omega=-3.80E-004 bad=0 tapChange=0.0024 floor=0.0012 fading=False/True preMse=0.344 energy=0.011/0.051 fresh=False phase=-0.145 anchor=0.476@-0.127 phi=0.138
frame@63216: gain=0.256 ref=0.318 mse=0.199 tau=-0.142 omega=-5.13E-004 bad=0 tapChange=0.0023 floor=0.0014 fading=False/True preMse=0.367 energy=0.011/0.049 fresh=False phase=-0.253 anchor=0.480@-0.232 phi=0.254
frame@63312: gain=0.252 ref=0.315 mse=0.190 tau=-0.139 omega=-6.11E-004 bad=0 tapChange=0.0022 floor=0.0015 fading=False/True preMse=0.351 energy=0.012/0.047 fresh=False phase=-0.205 anchor=0.472@-0.173 phi=0.188
frame@63408: gain=0.302 ref=0.312 mse=0.150 tau=-0.138 omega=-5.98E-004 bad=0 tapChange=0.0033 floor=0.0017 fading=False/True preMse=0.278 energy=0.015/0.045 fresh=False phase=0.035 anchor=0.565@0.021 phi=-0.024
frame@63504: gain=0.316 ref=0.311 mse=0.134 tau=-0.136 omega=-6.51E-004 bad=0 tapChange=0.0029 floor=0.0019 fading=False/True preMse=0.247 energy=0.018/0.043 fresh=False phase=-0.116 anchor=0.590@-0.091 phi=0.101
frame@63600: gain=0.351 ref=0.312 mse=0.096 tau=-0.133 omega=-6.03E-004 bad=0 tapChange=0.0013 floor=0.0013 fading=False/True preMse=0.176 energy=0.021/0.042 fresh=False phase=0.113 anchor=0.653@0.081 phi=-0.091
frame@63696: gain=0.354 ref=0.314 mse=0.100 tau=-0.132 omega=-5.47E-004 bad=0 tapChange=0.0023 floor=0.0015 fading=False/True preMse=0.184 energy=0.024/0.041 fresh=False phase=0.089 anchor=0.659@0.096 phi=-0.107
frame@63792: gain=0.410 ref=0.316 mse=0.089 tau=-0.131 omega=-4.77E-004 bad=0 tapChange=0.0029 floor=0.0017 fading=False/True preMse=0.164 energy=0.026/0.040 fresh=False phase=0.160 anchor=0.757@0.119 phi=-0.135
frame@63888: gain=0.386 ref=0.320 mse=0.084 tau=-0.131 omega=-4.28E-004 bad=0 tapChange=0.0026 floor=0.0019 fading=False/True preMse=0.155 energy=0.027/0.040 fresh=False phase=0.083 anchor=0.718@0.082 phi=-0.094
frame@63984: gain=0.418 ref=0.324 mse=0.073 tau=-0.132 omega=-3.38E-004 bad=0 tapChange=0.0022 floor=0.0021 fading=False/True preMse=0.135 energy=0.026/0.039 fresh=False phase=0.172 anchor=0.772@0.151 phi=-0.172
frame@64080: gain=0.370 ref=0.328 mse=0.114 tau=-0.131 omega=-2.30E-004 bad=0 tapChange=0.0028 floor=0.0023 fading=False/True preMse=0.210 energy=0.025/0.038 fresh=False phase=0.235 anchor=0.685@0.184 phi=-0.208
frame@64176: gain=0.330 ref=0.330 mse=0.141 tau=-0.129 omega=-1.21E-004 bad=0 tapChange=0.0036 floor=0.0025 fading=False/True preMse=0.260 energy=0.023/0.038 fresh=False phase=0.198 anchor=0.627@0.187 phi=-0.210
frame@64272: gain=0.304 ref=0.330 mse=0.142 tau=-0.131 omega=-1.15E-005 bad=0 tapChange=0.0024 floor=0.0024 fading=False/True preMse=0.261 energy=0.021/0.037 fresh=False phase=0.215 anchor=0.575@0.190 phi=-0.209
frame@64368: gain=0.301 ref=0.329 mse=0.134 tau=-0.135 omega=6.21E-005 bad=0 tapChange=0.0023 floor=0.0023 fading=False/True preMse=0.247 energy=0.019/0.036 fresh=False phase=0.146 anchor=0.570@0.128 phi=-0.141
frame@64464: gain=0.297 ref=0.328 mse=0.150 tau=-0.138 omega=1.77E-004 bad=0 tapChange=0.0021 floor=0.0021 fading=False/True preMse=0.277 energy=0.018/0.035 fresh=False phase=0.236 anchor=0.556@0.200 phi=-0.221
frame@64560: gain=0.286 ref=0.326 mse=0.147 tau=-0.146 omega=2.78E-004 bad=0 tapChange=0.0022 floor=0.0022 fading=False/True preMse=0.272 energy=0.017/0.034 fresh=False phase=0.191 anchor=0.548@0.175 phi=-0.193
frame@64656: gain=0.283 ref=0.324 mse=0.147 tau=-0.176 omega=3.81E-004 bad=0 tapChange=0.0018 floor=0.0018 fading=False/True preMse=0.271 energy=0.017/0.033 fresh=False phase=0.206 anchor=0.537@0.181 phi=-0.199
frame@64752: gain=0.279 ref=0.322 mse=0.142 tau=-0.203 omega=4.55E-004 bad=0 tapChange=0.0016 floor=0.0016 fading=False/True preMse=0.263 energy=0.018/0.033 fresh=False phase=0.148 anchor=0.532@0.130 phi=-0.142
frame@64848: gain=0.283 ref=0.320 mse=0.142 tau=-0.197 omega=5.11E-004 bad=0 tapChange=0.0018 floor=0.0018 fading=False/True preMse=0.262 energy=0.018/0.032 fresh=False phase=0.109 anchor=0.533@0.099 phi=-0.108
frame@64944: gain=0.295 ref=0.318 mse=0.136 tau=-0.186 omega=5.92E-004 bad=0 tapChange=0.0021 floor=0.0020 fading=False/True preMse=0.250 energy=0.019/0.031 fresh=False phase=0.171 anchor=0.566@0.141 phi=-0.155
frame@65040: gain=0.280 ref=0.317 mse=0.152 tau=-0.176 omega=5.86E-004 bad=0 tapChange=0.0024 floor=0.0022 fading=False/True preMse=0.280 energy=0.019/0.031 fresh=False phase=-0.028 anchor=0.528@-0.010 phi=0.011
frame@65136: gain=0.272 ref=0.315 mse=0.147 tau=-0.167 omega=6.18E-004 bad=0 tapChange=0.0018 floor=0.0018 fading=False/True preMse=0.271 energy=0.019/0.030 fresh=False phase=0.057 anchor=0.518@0.056 phi=-0.060
frame@65232: gain=0.256 ref=0.313 mse=0.171 tau=-0.158 omega=6.54E-004 bad=0 tapChange=0.0024 floor=0.0020 fading=False/True preMse=0.315 energy=0.019/0.029 fresh=False phase=0.079 anchor=0.494@0.065 phi=-0.069
frame@65328: gain=0.271 ref=0.310 mse=0.166 tau=-0.150 omega=6.93E-004 bad=0 tapChange=0.0026 floor=0.0022 fading=False/True preMse=0.307 energy=0.018/0.029 fresh=False phase=0.064 anchor=0.510@0.070 phi=-0.076
frame@65424: gain=0.261 ref=0.308 mse=0.161 tau=-0.143 omega=6.95E-004 bad=0 tapChange=0.0021 floor=0.0021 fading=False/True preMse=0.297 energy=0.018/0.028 fresh=False phase=-0.002 anchor=0.497@0.003 phi=-0.003
frame@65520: gain=0.278 ref=0.306 mse=0.181 tau=-0.137 omega=7.44E-004 bad=0 tapChange=0.0040 floor=0.0023 fading=False/True preMse=0.335 energy=0.018/0.028 fresh=False phase=0.115 anchor=0.542@0.088 phi=-0.096
frame@65616: gain=0.311 ref=0.304 mse=0.145 tau=-0.132 omega=7.35E-004 bad=0 tapChange=0.0032 floor=0.0025 fading=False/True preMse=0.267 energy=0.019/0.027 fresh=False phase=-0.033 anchor=0.580@-0.017 phi=0.019
frame@65712: gain=0.327 ref=0.305 mse=0.098 tau=-0.127 omega=7.32E-004 bad=0 tapChange=0.0011 floor=0.0011 fading=False/True preMse=0.181 energy=0.020/0.027 fresh=False phase=-0.008 anchor=0.614@-0.004 phi=0.006
frame@65808: gain=0.355 ref=0.306 mse=0.092 tau=-0.123 omega=7.12E-004 bad=0 tapChange=0.0019 floor=0.0012 fading=False/True preMse=0.171 energy=0.021/0.027 fresh=False phase=-0.038 anchor=0.657@-0.033 phi=0.037
frame@65904: gain=0.379 ref=0.308 mse=0.071 tau=-0.120 omega=6.99E-004 bad=0 tapChange=0.0014 floor=0.0014 fading=False/True preMse=0.131 energy=0.023/0.026 fresh=False phase=-0.014 anchor=0.710@-0.022 phi=0.025
frame@66000: gain=0.407 ref=0.312 mse=0.069 tau=-0.117 omega=6.50E-004 bad=0 tapChange=0.0020 floor=0.0016 fading=False/True preMse=0.127 energy=0.025/0.026 fresh=False phase=-0.093 anchor=0.750@-0.083 phi=0.094
frame@66096: gain=0.423 ref=0.317 mse=0.057 tau=-0.115 omega=5.91E-004 bad=0 tapChange=0.0016 floor=0.0016 fading=False/True preMse=0.106 energy=0.027/0.026 fresh=False phase=-0.127 anchor=0.773@-0.100 phi=0.114
frame@66192: gain=0.424 ref=0.322 mse=0.053 tau=-0.112 omega=5.07E-004 bad=0 tapChange=0.0013 floor=0.0013 fading=False/True preMse=0.099 energy=0.030/0.026 fresh=False phase=-0.165 anchor=0.780@-0.143 phi=0.162
frame@66288: gain=0.436 ref=0.327 mse=0.041 tau=-0.111 omega=4.47E-004 bad=0 tapChange=0.0012 floor=0.0012 fading=False/True preMse=0.076 energy=0.034/0.026 fresh=False phase=-0.111 anchor=0.806@-0.100 phi=0.115
frame@66384: gain=0.463 ref=0.332 mse=0.032 tau=-0.129 omega=3.93E-004 bad=0 tapChange=0.0014 floor=0.0014 fading=False/True preMse=0.059 energy=0.040/0.027 fresh=False phase=-0.112 anchor=0.852@-0.090 phi=0.104
frame@66480: gain=0.465 ref=0.339 mse=0.036 tau=-0.140 omega=3.42E-004 bad=0 tapChange=0.0017 floor=0.0015 fading=False/True preMse=0.067 energy=0.046/0.027 fresh=False phase=-0.100 anchor=0.853@-0.085 phi=0.098
frame@66576: gain=0.475 ref=0.345 mse=0.036 tau=-0.147 omega=2.90E-004 bad=0 tapChange=0.0018 floor=0.0017 fading=False/True preMse=0.066 energy=0.053/0.028 fresh=False phase=-0.106 anchor=0.871@-0.085 phi=0.099
frame@66672: gain=0.450 ref=0.352 mse=0.039 tau=-0.146 omega=2.61E-004 bad=0 tapChange=0.0021 floor=0.0019 fading=False/True preMse=0.072 energy=0.059/0.030 fresh=False phase=-0.067 anchor=0.843@-0.049 phi=0.057
frame@66768: gain=0.451 ref=0.357 mse=0.067 tau=-0.148 omega=2.24E-004 bad=0 tapChange=0.0034 floor=0.0021 fading=False/True preMse=0.123 energy=0.062/0.031 fresh=False phase=-0.070 anchor=0.827@-0.061 phi=0.070
frame@66864: gain=0.436 ref=0.361 mse=0.084 tau=-0.146 omega=1.75E-004 bad=0 tapChange=0.0044 floor=0.0023 fading=False/True preMse=0.156 energy=0.064/0.033 fresh=False phase=-0.097 anchor=0.813@-0.081 phi=0.093
frame@66960: gain=0.392 ref=0.365 mse=0.125 tau=-0.146 omega=1.07E-004 bad=0 tapChange=0.0064 floor=0.0025 fading=False/True preMse=0.230 energy=0.063/0.034 fresh=False phase=-0.129 anchor=0.742@-0.114 phi=0.131
frame@67056: gain=0.359 ref=0.367 mse=0.124 tau=-0.144 omega=6.75E-005 bad=0 tapChange=0.0068 floor=0.0027 fading=False/True preMse=0.229 energy=0.060/0.036 fresh=False phase=-0.088 anchor=0.704@-0.066 phi=0.076
frame@67152: gain=0.276 ref=0.366 mse=0.197 tau=-0.141 omega=1.07E-004 bad=0 tapChange=0.0104 floor=0.0030 fading=False/True preMse=0.364 energy=0.054/0.037 fresh=False phase=0.087 anchor=0.582@0.068 phi=-0.076
frame@67248: gain=0.283 ref=0.362 mse=0.199 tau=-0.140 omega=1.01E-004 bad=0 tapChange=0.0106 floor=0.0032 fading=False/True preMse=0.367 energy=0.048/0.038 fresh=False phase=-0.004 anchor=0.587@-0.011 phi=0.013
frame@67344: gain=0.284 ref=0.358 mse=0.252 tau=-0.137 omega=1.08E-005 bad=0 tapChange=0.0128 floor=0.0035 fading=True/True preMse=0.465 energy=0.041/0.038 fresh=False phase=-0.191 anchor=0.560@-0.153 phi=0.172
frame@67440: gain=0.215 ref=0.354 mse=0.270 tau=-0.133 omega=-3.77E-005 bad=0 tapChange=0.0107 floor=0.0038 fading=True/True preMse=0.498 energy=0.034/0.038 fresh=False phase=-0.098 anchor=0.450@-0.084 phi=0.093
frame@67536: gain=0.196 ref=0.347 mse=0.291 tau=-0.130 omega=-5.62E-005 bad=0 tapChange=0.0113 floor=0.0041 fading=True/True preMse=0.537 energy=0.029/0.038 fresh=False phase=-0.026 anchor=0.416@-0.033 phi=0.035
frame@67632: gain=0.174 ref=0.340 mse=0.308 tau=-0.125 omega=-1.46E-004 bad=0 tapChange=0.0102 floor=0.0044 fading=True/True preMse=0.568 energy=0.025/0.038 fresh=False phase=-0.203 anchor=0.376@-0.159 phi=0.173
frame@67728: gain=0.162 ref=0.331 mse=0.384 tau=-0.122 omega=-3.66E-004 bad=0 tapChange=0.0137 floor=0.0047 fading=True/True preMse=0.708 energy=0.024/0.037 fresh=False phase=-0.509 anchor=0.343@-0.393 phi=0.423
frame@67824: gain=0.157 ref=0.323 mse=0.304 tau=-0.118 omega=-4.04E-004 bad=0 tapChange=0.0103 floor=0.0050 fading=True/True preMse=0.560 energy=0.024/0.036 fresh=False phase=-0.088 anchor=0.362@-0.068 phi=0.072
frame@67920: gain=0.201 ref=0.314 mse=0.275 tau=-0.114 omega=-4.80E-004 bad=0 tapChange=0.0104 floor=0.0054 fading=True/True preMse=0.508 energy=0.027/0.036 fresh=False phase=-0.153 anchor=0.424@-0.134 phi=0.147
frame@68016: gain=0.285 ref=0.309 mse=0.192 tau=-0.112 omega=-5.88E-004 bad=0 tapChange=0.0071 floor=0.0057 fading=True/True preMse=0.354 energy=0.032/0.035 fresh=False phase=-0.217 anchor=0.556@-0.185 phi=0.207
frame@68112: gain=0.284 ref=0.308 mse=0.226 tau=-0.109 omega=-5.51E-004 bad=0 tapChange=0.0107 floor=0.0061 fading=True/True preMse=0.416 energy=0.036/0.035 fresh=False phase=0.097 anchor=0.562@0.064 phi=-0.072
frame@68208: gain=0.323 ref=0.306 mse=0.134 tau=-0.107 omega=-5.62E-004 bad=0 tapChange=0.0062 floor=0.0062 fading=True/True preMse=0.247 energy=0.040/0.035 fresh=False phase=-0.031 anchor=0.649@-0.018 phi=0.021
frame@68304: gain=0.381 ref=0.307 mse=0.111 tau=-0.105 omega=-5.25E-004 bad=0 tapChange=0.0052 floor=0.0052 fading=True/True preMse=0.205 energy=0.041/0.035 fresh=False phase=0.085 anchor=0.715@0.062 phi=-0.071
frame@68400: gain=0.362 ref=0.311 mse=0.118 tau=-0.103 omega=-4.92E-004 bad=0 tapChange=0.0055 floor=0.0055 fading=True/True preMse=0.217 energy=0.041/0.036 fresh=False phase=0.074 anchor=0.690@0.055 phi=-0.062
frame@68496: gain=0.338 ref=0.313 mse=0.100 tau=-0.103 omega=-4.62E-004 bad=0 tapChange=0.0040 floor=0.0040 fading=True/True preMse=0.185 energy=0.038/0.036 fresh=False phase=0.064 anchor=0.667@0.050 phi=-0.057
frame@68592: gain=0.315 ref=0.315 mse=0.120 tau=-0.101 omega=-3.92E-004 bad=0 tapChange=0.0038 floor=0.0038 fading=True/True preMse=0.221 energy=0.032/0.036 fresh=False phase=0.149 anchor=0.616@0.120 phi=-0.135
frame@68688: gain=0.300 ref=0.315 mse=0.120 tau=-0.099 omega=-3.75E-004 bad=0 tapChange=0.0025 floor=0.0025 fading=True/True preMse=0.221 energy=0.025/0.036 fresh=False phase=0.033 anchor=0.581@0.030 phi=-0.033
frame@68784: gain=0.273 ref=0.314 mse=0.162 tau=-0.098 omega=-3.04E-004 bad=0 tapChange=0.0026 floor=0.0026 fading=True/True preMse=0.298 energy=0.017/0.035 fresh=False phase=0.142 anchor=0.516@0.124 phi=-0.137
frame@68880: gain=0.210 ref=0.312 mse=0.217 tau=-0.097 omega=-2.74E-004 bad=0 tapChange=0.0020 floor=0.0020 fading=True/True preMse=0.400 energy=0.010/0.034 fresh=False phase=0.059 anchor=0.402@0.053 phi=-0.057
frame@68976: gain=0.153 ref=0.307 mse=0.288 tau=-0.096 omega=-2.65E-004 bad=0 tapChange=0.0010 floor=0.0010 fading=True/True preMse=0.531 energy=0.004/0.033 fresh=False phase=0.026 anchor=0.290@0.017 phi=-0.017
frame@69072: gain=0.092 ref=0.299 mse=0.386 tau=-0.097 omega=-2.80E-004 bad=0 tapChange=0.0011 floor=0.0011 fading=True/True preMse=0.713 energy=0.001/0.032 fresh=False phase=-0.021 anchor=0.175@-0.027 phi=0.028
frame@69168: gain=0.045 ref=0.299 mse=0.485 tau=-0.101 omega=-2.84E-004 bad=1 tapChange=0.0027 floor=0.0013 fading=True/True preMse=0.895 energy=0.001/0.032 fresh=False phase=-0.453 anchor=0.089@-0.444 phi=0.008
frame@69264: gain=0.052 ref=0.299 mse=0.564 tau=-0.071 omega=-2.95E-004 bad=2 tapChange=0.0063 floor=0.0014 fading=True/True preMse=1.041 energy=0.004/0.032 fresh=False phase=-1.527 anchor=0.097@-1.283 phi=0.021
frame@69360: gain=0.086 ref=0.299 mse=0.592 tau=-0.065 omega=-1.01E-003 bad=3 tapChange=0.0119 floor=0.0016 fading=True/True preMse=1.092 energy=0.009/0.032 fresh=False phase=-1.632 anchor=0.153@-1.337 phi=1.373
frame@69456: gain=0.120 ref=0.299 mse=0.353 tau=-0.061 omega=-1.01E-003 bad=4 tapChange=0.0000 floor=0.0016 fading=True/True preMse=0.652 energy=0.016/0.032 fresh=True phase=0.033 anchor=0.084@-0.000 phi=0.000
frame@69552: gain=0.052 ref=0.299 mse=0.449 tau=-0.063 omega=-9.38E-004 bad=5 tapChange=0.9527 floor=0.0018 fading=True/True preMse=0.829 energy=0.024/0.032 fresh=False phase=0.127 anchor=0.180@0.058 phi=-0.139
frame@69648: gain=0.114 ref=0.299 mse=0.347 tau=-0.063 omega=-8.65E-004 bad=6 tapChange=0.2339 floor=0.0020 fading=True/True preMse=0.640 energy=0.033/0.032 fresh=False phase=0.133 anchor=0.307@0.077 phi=-0.140
frame@69744: gain=0.182 ref=0.299 mse=0.247 tau=-0.068 omega=-8.09E-004 bad=7 tapChange=0.0817 floor=0.0022 fading=True/True preMse=0.457 energy=0.041/0.032 fresh=False phase=0.105 anchor=0.428@0.068 phi=-0.108
frame@69840: gain=0.246 ref=0.293 mse=0.171 tau=-0.077 omega=-7.63E-004 bad=0 tapChange=0.0338 floor=0.0024 fading=True/True preMse=0.316 energy=0.048/0.032 fresh=False phase=0.085 anchor=0.533@0.059 phi=-0.088
frame@69936: gain=0.309 ref=0.291 mse=0.118 tau=-0.082 omega=-7.12E-004 bad=0 tapChange=0.0151 floor=0.0026 fading=True/True preMse=0.217 energy=0.054/0.033 fresh=False phase=0.097 anchor=0.629@0.070 phi=-0.099
frame@70032: gain=0.328 ref=0.292 mse=0.117 tau=-0.090 omega=-6.61E-004 bad=0 tapChange=0.0147 floor=0.0028 fading=True/True preMse=0.217 energy=0.059/0.034 fresh=False phase=0.105 anchor=0.659@0.071 phi=-0.097
frame@70128: gain=0.364 ref=0.294 mse=0.079 tau=-0.098 omega=-6.34E-004 bad=0 tapChange=0.0076 floor=0.0031 fading=True/True preMse=0.146 energy=0.064/0.035 fresh=False phase=0.049 anchor=0.714@0.038 phi=-0.051
frame@70224: gain=0.400 ref=0.297 mse=0.070 tau=-0.106 omega=-6.08E-004 bad=0 tapChange=0.0057 floor=0.0033 fading=True/True preMse=0.128 energy=0.069/0.037 fresh=False phase=0.054 anchor=0.761@0.039 phi=-0.051
frame@70320: gain=0.417 ref=0.302 mse=0.083 tau=-0.114 omega=-5.48E-004 bad=0 tapChange=0.0075 floor=0.0036 fading=True/True preMse=0.154 energy=0.073/0.038 fresh=False phase=0.125 anchor=0.785@0.087 phi=-0.115
frame@70416: gain=0.425 ref=0.308 mse=0.065 tau=-0.123 omega=-5.72E-004 bad=0 tapChange=0.0071 floor=0.0039 fading=True/True preMse=0.120 energy=0.077/0.040 fresh=False phase=-0.056 anchor=0.817@-0.035 phi=0.047
frame@70512: gain=0.415 ref=0.314 mse=0.067 tau=-0.130 omega=-5.28E-004 bad=0 tapChange=0.0063 floor=0.0042 fading=True/True preMse=0.124 energy=0.080/0.042 fresh=False phase=0.100 anchor=0.795@0.066 phi=-0.085
frame@70608: gain=0.411 ref=0.319 mse=0.063 tau=-0.137 omega=-4.93E-004 bad=0 tapChange=0.0056 floor=0.0045 fading=True/True preMse=0.116 energy=0.082/0.044 fresh=False phase=0.076 anchor=0.788@0.051 phi=-0.067
frame@70704: gain=0.386 ref=0.324 mse=0.124 tau=-0.137 omega=-4.49E-004 bad=0 tapChange=0.0137 floor=0.0048 fading=True/True preMse=0.229 energy=0.084/0.046 fresh=False phase=0.084 anchor=0.746@0.067 phi=-0.084
frame@70800: gain=0.375 ref=0.327 mse=0.154 tau=-0.140 omega=-3.94E-004 bad=0 tapChange=0.0133 floor=0.0051 fading=True/True preMse=0.283 energy=0.084/0.048 fresh=False phase=0.149 anchor=0.726@0.084 phi=-0.105
frame@70896: gain=0.346 ref=0.329 mse=0.114 tau=-0.142 omega=-3.73E-004 bad=0 tapChange=0.0102 floor=0.0055 fading=True/True preMse=0.211 energy=0.082/0.049 fresh=False phase=0.025 anchor=0.697@0.033 phi=-0.042
frame@70992: gain=0.348 ref=0.330 mse=0.215 tau=-0.141 omega=-2.73E-004 bad=0 tapChange=0.0211 floor=0.0059 fading=True/True preMse=0.396 energy=0.078/0.051 fresh=False phase=0.250 anchor=0.698@0.154 phi=-0.190
frame@71088: gain=0.303 ref=0.331 mse=0.205 tau=-0.140 omega=-2.08E-004 bad=0 tapChange=0.0191 floor=0.0062 fading=True/True preMse=0.378 energy=0.072/0.052 fresh=False phase=0.152 anchor=0.626@0.103 phi=-0.125
frame@71184: gain=0.280 ref=0.329 mse=0.215 tau=-0.138 omega=-1.56E-004 bad=0 tapChange=0.0182 floor=0.0067 fading=True/True preMse=0.397 energy=0.064/0.053 fresh=False phase=0.117 anchor=0.591@0.084 phi=-0.100
frame@71280: gain=0.303 ref=0.327 mse=0.222 tau=-0.135 omega=-6.22E-005 bad=0 tapChange=0.0195 floor=0.0071 fading=True/True preMse=0.411 energy=0.055/0.054 fresh=False phase=0.202 anchor=0.617@0.150 phi=-0.180
frame@71376: gain=0.282 ref=0.326 mse=0.193 tau=-0.132 omega=-2.64E-005 bad=0 tapChange=0.0153 floor=0.0075 fading=True/True preMse=0.355 energy=0.048/0.054 fresh=False phase=0.057 anchor=0.585@0.058 phi=-0.069
frame@71472: gain=0.253 ref=0.324 mse=0.266 tau=-0.130 omega=1.25E-004 bad=0 tapChange=0.0182 floor=0.0080 fading=True/True preMse=0.490 energy=0.044/0.054 fresh=False phase=0.366 anchor=0.529@0.252 phi=-0.290
frame@71568: gain=0.281 ref=0.320 mse=0.178 tau=-0.127 omega=1.95E-004 bad=0 tapChange=0.0108 floor=0.0085 fading=True/True preMse=0.329 energy=0.043/0.053 fresh=False phase=0.134 anchor=0.573@0.116 phi=-0.135
frame@71664: gain=0.320 ref=0.318 mse=0.177 tau=-0.124 omega=3.14E-004 bad=0 tapChange=0.0107 floor=0.0091 fading=True/True preMse=0.326 energy=0.046/0.053 fresh=False phase=0.279 anchor=0.631@0.194 phi=-0.228
frame@71760: gain=0.315 ref=0.318 mse=0.130 tau=-0.122 omega=3.63E-004 bad=0 tapChange=0.0074 floor=0.0074 fading=True/True preMse=0.241 energy=0.052/0.052 fresh=False phase=0.087 anchor=0.635@0.082 phi=-0.095
frame@71856: gain=0.394 ref=0.318 mse=0.081 tau=-0.120 omega=4.14E-004 bad=0 tapChange=0.0049 floor=0.0049 fading=True/True preMse=0.149 energy=0.060/0.052 fresh=False phase=0.131 anchor=0.758@0.082 phi=-0.098
frame@71952: gain=0.418 ref=0.322 mse=0.100 tau=-0.118 omega=4.48E-004 bad=0 tapChange=0.0081 floor=0.0052 fading=True/True preMse=0.184 energy=0.069/0.053 fresh=False phase=0.079 anchor=0.797@0.052 phi=-0.064
frame@72048: gain=0.401 ref=0.327 mse=0.071 tau=-0.115 omega=4.38E-004 bad=0 tapChange=0.0051 floor=0.0051 fading=True/True preMse=0.131 energy=0.077/0.054 fresh=False phase=-0.039 anchor=0.785@-0.016 phi=0.019
frame@72144: gain=0.451 ref=0.330 mse=0.048 tau=-0.113 omega=4.24E-004 bad=0 tapChange=0.0035 floor=0.0035 fading=True/True preMse=0.089 energy=0.083/0.055 fresh=False phase=-0.007 anchor=0.850@-0.021 phi=0.026
frame@72240: gain=0.447 ref=0.336 mse=0.061 tau=-0.111 omega=3.96E-004 bad=0 tapChange=0.0051 floor=0.0038 fading=True/True preMse=0.112 energy=0.087/0.056 fresh=False phase=-0.077 anchor=0.850@-0.044 phi=0.054
frame@72336: gain=0.447 ref=0.342 mse=0.033 tau=-0.109 omega=3.81E-004 bad=0 tapChange=0.0023 floor=0.0023 fading=True/True preMse=0.061 energy=0.087/0.058 fresh=False phase=-0.012 anchor=0.846@-0.024 phi=0.029
frame@72432: gain=0.456 ref=0.347 mse=0.056 tau=-0.107 omega=3.33E-004 bad=0 tapChange=0.0046 floor=0.0025 fading=True/True preMse=0.104 energy=0.085/0.059 fresh=False phase=-0.109 anchor=0.858@-0.076 phi=0.092
frame@72528: gain=0.379 ref=0.352 mse=0.071 tau=-0.104 omega=3.45E-004 bad=0 tapChange=0.0053 floor=0.0027 fading=True/True preMse=0.131 energy=0.079/0.060 fresh=False phase=0.030 anchor=0.753@0.019 phi=-0.023
frame@72624: gain=0.372 ref=0.354 mse=0.066 tau=-0.101 omega=3.23E-004 bad=0 tapChange=0.0040 floor=0.0029 fading=True/True preMse=0.122 energy=0.072/0.061 fresh=False phase=-0.045 anchor=0.733@-0.035 phi=0.042
frame@72720: gain=0.363 ref=0.355 mse=0.079 tau=-0.098 omega=3.41E-004 bad=0 tapChange=0.0043 floor=0.0032 fading=True/True preMse=0.146 energy=0.064/0.062 fresh=False phase=0.050 anchor=0.709@0.029 phi=-0.034
frame@72816: gain=0.316 ref=0.355 mse=0.102 tau=-0.095 omega=3.54E-004 bad=0 tapChange=0.0049 floor=0.0034 fading=True/True preMse=0.189 energy=0.056/0.062 fresh=False phase=0.031 anchor=0.638@0.021 phi=-0.024
frame@72912: gain=0.302 ref=0.353 mse=0.114 tau=-0.093 omega=3.93E-004 bad=0 tapChange=0.0051 floor=0.0037 fading=True/True preMse=0.210 energy=0.048/0.062 fresh=False phase=0.082 anchor=0.615@0.066 phi=-0.075
frame@73008: gain=0.291 ref=0.351 mse=0.126 tau=-0.089 omega=4.35E-004 bad=0 tapChange=0.0044 floor=0.0040 fading=True/True preMse=0.232 energy=0.041/0.061 fresh=False phase=0.094 anchor=0.584@0.073 phi=-0.082
frame@73104: gain=0.293 ref=0.348 mse=0.131 tau=-0.087 omega=4.72E-004 bad=0 tapChange=0.0043 floor=0.0043 fading=True/True preMse=0.242 energy=0.035/0.060 fresh=False phase=0.079 anchor=0.582@0.063 phi=-0.071
frame@73200: gain=0.287 ref=0.345 mse=0.127 tau=-0.089 omega=4.86E-004 bad=0 tapChange=0.0036 floor=0.0036 fading=True/True preMse=0.235 energy=0.029/0.059 fresh=False phase=0.031 anchor=0.571@0.023 phi=-0.025
frame@73296: gain=0.290 ref=0.342 mse=0.133 tau=-0.091 omega=4.93E-004 bad=0 tapChange=0.0026 floor=0.0026 fading=True/True preMse=0.246 energy=0.024/0.057 fresh=False phase=0.017 anchor=0.558@0.013 phi=-0.014
frame@73392: gain=0.287 ref=0.339 mse=0.135 tau=-0.093 omega=4.70E-004 bad=0 tapChange=0.0022 floor=0.0022 fading=True/True preMse=0.249 energy=0.020/0.056 fresh=False phase=-0.047 anchor=0.553@-0.040 phi=0.044
frame@73488: gain=0.266 ref=0.337 mse=0.159 tau=-0.096 omega=4.28E-004 bad=0 tapChange=0.0023 floor=0.0023 fading=True/True preMse=0.293 energy=0.016/0.054 fresh=False phase=-0.073 anchor=0.511@-0.073 phi=0.081
frame@73584: gain=0.253 ref=0.333 mse=0.177 tau=-0.099 omega=3.50E-004 bad=0 tapChange=0.0021 floor=0.0021 fading=True/True preMse=0.327 energy=0.013/0.052 fresh=False phase=-0.148 anchor=0.483@-0.137 phi=0.151
frame@73680: gain=0.241 ref=0.329 mse=0.196 tau=-0.102 omega=2.50E-004 bad=0 tapChange=0.0016 floor=0.0016 fading=True/True preMse=0.361 energy=0.010/0.050 fresh=False phase=-0.181 anchor=0.451@-0.176 phi=0.192
frame@73776: gain=0.231 ref=0.325 mse=0.207 tau=-0.103 omega=1.67E-004 bad=0 tapChange=0.0014 floor=0.0014 fading=True/True preMse=0.382 energy=0.009/0.048 fresh=False phase=-0.144 anchor=0.430@-0.146 phi=0.158
frame@73872: gain=0.236 ref=0.320 mse=0.203 tau=-0.106 omega=6.03E-005 bad=0 tapChange=0.0014 floor=0.0014 fading=True/True preMse=0.374 energy=0.008/0.046 fresh=False phase=-0.202 anchor=0.442@-0.190 phi=0.206
frame@73968: gain=0.226 ref=0.316 mse=0.204 tau=-0.107 omega=-1.82E-005 bad=0 tapChange=0.0015 floor=0.0015 fading=True/True preMse=0.377 energy=0.008/0.044 fresh=False phase=-0.140 anchor=0.430@-0.139 phi=0.151
frame@74064: gain=0.218 ref=0.311 mse=0.218 tau=-0.110 omega=-5.28E-005 bad=0 tapChange=0.0019 floor=0.0016 fading=True/True preMse=0.403 energy=0.009/0.042 fresh=False phase=-0.053 anchor=0.409@-0.062 phi=0.066
frame@74160: gain=0.220 ref=0.307 mse=0.213 tau=-0.113 omega=-9.33E-005 bad=0 tapChange=0.0020 floor=0.0018 fading=False/True preMse=0.393 energy=0.011/0.041 fresh=False phase=-0.067 anchor=0.415@-0.073 phi=0.078
frame@74256: gain=0.205 ref=0.302 mse=0.226 tau=-0.114 omega=-7.10E-005 bad=0 tapChange=0.0026 floor=0.0020 fading=False/True preMse=0.418 energy=0.013/0.039 fresh=False phase=0.051 anchor=0.396@0.040 phi=-0.043
frame@74352: gain=0.193 ref=0.298 mse=0.245 tau=-0.117 omega=-5.52E-005 bad=0 tapChange=0.0038 floor=0.0022 fading=False/True preMse=0.452 energy=0.015/0.038 fresh=False phase=0.045 anchor=0.380@0.028 phi=-0.030
frame@74448: gain=0.157 ref=0.292 mse=0.297 tau=-0.120 omega=-1.40E-005 bad=0 tapChange=0.0064 floor=0.0024 fading=False/True preMse=0.548 energy=0.018/0.037 fresh=False phase=0.102 anchor=0.331@0.074 phi=-0.079
frame@74544: gain=0.143 ref=0.286 mse=0.318 tau=-0.120 omega=7.66E-005 bad=0 tapChange=0.0081 floor=0.0027 fading=False/True preMse=0.588 energy=0.022/0.036 fresh=False phase=0.234 anchor=0.319@0.164 phi=-0.174
frame@74640: gain=0.139 ref=0.278 mse=0.339 tau=-0.118 omega=2.02E-004 bad=0 tapChange=0.0101 floor=0.0029 fading=False/True preMse=0.625 energy=0.026/0.035 fresh=False phase=0.318 anchor=0.317@0.227 phi=-0.240
frame@74736: gain=0.146 ref=0.272 mse=0.334 tau=-0.115 omega=3.45E-004 bad=0 tapChange=0.0115 floor=0.0031 fading=False/True preMse=0.616 energy=0.032/0.035 fresh=False phase=0.377 anchor=0.343@0.258 phi=-0.274
frame@74832: gain=0.192 ref=0.265 mse=0.284 tau=-0.109 omega=5.18E-004 bad=0 tapChange=0.0098 floor=0.0034 fading=False/True preMse=0.524 energy=0.039/0.035 fresh=False phase=0.427 anchor=0.422@0.309 phi=-0.333
frame@74928: gain=0.258 ref=0.262 mse=0.190 tau=-0.107 omega=5.76E-004 bad=0 tapChange=0.0076 floor=0.0037 fading=False/True preMse=0.350 energy=0.046/0.035 fresh=False phase=0.102 anchor=0.543@0.102 phi=-0.112
frame@75024: gain=0.327 ref=0.261 mse=0.118 tau=-0.104 omega=6.29E-004 bad=0 tapChange=0.0051 floor=0.0039 fading=False/True preMse=0.218 energy=0.052/0.035 fresh=False phase=0.103 anchor=0.657@0.091 phi=-0.102
frame@75120: gain=0.358 ref=0.265 mse=0.090 tau=-0.100 omega=6.39E-004 bad=0 tapChange=0.0045 floor=0.0042 fading=False/True preMse=0.165 energy=0.057/0.036 fresh=False phase=0.010 anchor=0.716@0.017 phi=-0.019
frame@75216: gain=0.471 ref=0.269 mse=0.042 tau=-0.098 omega=6.41E-004 bad=0 tapChange=0.0027 floor=0.0027 fading=False/True preMse=0.078 energy=0.059/0.037 fresh=False phase=-0.013 anchor=0.876@0.002 phi=-0.002
frame@75312: gain=0.471 ref=0.279 mse=0.030 tau=-0.097 omega=6.02E-004 bad=0 tapChange=0.0018 floor=0.0018 fading=False/True preMse=0.056 energy=0.058/0.038 fresh=False phase=-0.089 anchor=0.872@-0.064 phi=0.074
frame@75408: gain=0.440 ref=0.289 mse=0.047 tau=-0.095 omega=5.52E-004 bad=0 tapChange=0.0025 floor=0.0019 fading=False/True preMse=0.087 energy=0.054/0.039 fresh=False phase=-0.119 anchor=0.827@-0.084 phi=0.097
frame@75504: gain=0.434 ref=0.297 mse=0.043 tau=-0.092 omega=5.08E-004 bad=0 tapChange=0.0021 floor=0.0021 fading=False/True preMse=0.080 energy=0.047/0.040 fresh=False phase=-0.092 anchor=0.817@-0.074 phi=0.085
frame@75600: gain=0.413 ref=0.303 mse=0.049 tau=-0.090 omega=4.45E-004 bad=0 tapChange=0.0015 floor=0.0015 fading=False/True preMse=0.091 energy=0.039/0.040 fresh=False phase=-0.131 anchor=0.776@-0.106 phi=0.122
frame@75696: gain=0.369 ref=0.309 mse=0.070 tau=-0.090 omega=3.73E-004 bad=0 tapChange=0.0013 floor=0.0013 fading=False/True preMse=0.129 energy=0.030/0.040 fresh=False phase=-0.143 anchor=0.699@-0.120 phi=0.137
frame@75792: gain=0.315 ref=0.312 mse=0.109 tau=-0.088 omega=2.95E-004 bad=0 tapChange=0.0014 floor=0.0014 fading=False/True preMse=0.200 energy=0.022/0.040 fresh=False phase=-0.155 anchor=0.602@-0.134 phi=0.150
frame@75888: gain=0.266 ref=0.312 mse=0.156 tau=-0.088 omega=1.97E-004 bad=0 tapChange=0.0014 floor=0.0014 fading=False/True preMse=0.288 energy=0.014/0.039 fresh=False phase=-0.193 anchor=0.509@-0.172 phi=0.189
frame@75984: gain=0.201 ref=0.310 mse=0.243 tau=-0.087 omega=4.26E-005 bad=0 tapChange=0.0018 floor=0.0016 fading=False/True preMse=0.448 energy=0.009/0.038 fresh=False phase=-0.320 anchor=0.384@-0.276 phi=0.296
frame@76080: gain=0.153 ref=0.304 mse=0.324 tau=-0.084 omega=-1.90E-004 bad=0 tapChange=0.0029 floor=0.0017 fading=False/True preMse=0.597 energy=0.007/0.036 fresh=False phase=-0.480 anchor=0.297@-0.423 phi=0.447
frame@76176: gain=0.159 ref=0.297 mse=0.323 tau=-0.084 omega=-4.50E-004 bad=0 tapChange=0.0027 floor=0.0019 fading=False/True preMse=0.596 energy=0.009/0.035 fresh=False phase=-0.529 anchor=0.307@-0.471 phi=0.499
frame@76272: gain=0.200 ref=0.290 mse=0.263 tau=-0.082 omega=-6.46E-004 bad=0 tapChange=0.0037 floor=0.0021 fading=False/True preMse=0.486 energy=0.013/0.034 fresh=False phase=-0.392 anchor=0.389@-0.349 phi=0.376
frame@76368: gain=0.268 ref=0.285 mse=0.161 tau=-0.081 omega=-7.04E-004 bad=0 tapChange=0.0033 floor=0.0023 fading=False/True preMse=0.296 energy=0.021/0.032 fresh=False phase=-0.100 anchor=0.519@-0.101 phi=0.112
frame@76464: gain=0.341 ref=0.285 mse=0.097 tau=-0.081 omega=-7.31E-004 bad=0 tapChange=0.0026 floor=0.0025 fading=False/True preMse=0.180 energy=0.031/0.032 fresh=False phase=-0.044 anchor=0.646@-0.045 phi=0.050
frame@76560: gain=0.410 ref=0.287 mse=0.060 tau=-0.082 omega=-6.84E-004 bad=0 tapChange=0.0023 floor=0.0023 fading=False/True preMse=0.111 energy=0.041/0.032 fresh=False phase=0.112 anchor=0.766@0.079 phi=-0.090
frame@76656: gain=0.444 ref=0.294 mse=0.039 tau=-0.081 omega=-6.70E-004 bad=0 tapChange=0.0018 floor=0.0018 fading=False/True preMse=0.073 energy=0.051/0.032 fresh=False phase=0.038 anchor=0.820@0.023 phi=-0.026
frame@76752: gain=0.479 ref=0.301 mse=0.044 tau=-0.082 omega=-6.06E-004 bad=0 tapChange=0.0025 floor=0.0020 fading=False/True preMse=0.081 energy=0.059/0.033 fresh=False phase=0.151 anchor=0.877@0.106 phi=-0.124
frame@76848: gain=0.465 ref=0.310 mse=0.033 tau=-0.083 omega=-5.80E-004 bad=0 tapChange=0.0018 floor=0.0018 fading=False/True preMse=0.062 energy=0.064/0.035 fresh=False phase=0.065 anchor=0.858@0.042 phi=-0.049
frame@76944: gain=0.460 ref=0.318 mse=0.050 tau=-0.084 omega=-5.17E-004 bad=0 tapChange=0.0029 floor=0.0020 fading=False/True preMse=0.092 energy=0.065/0.036 fresh=False phase=0.160 anchor=0.859@0.104 phi=-0.121
frame@77040: gain=0.432 ref=0.325 mse=0.042 tau=-0.085 omega=-4.82E-004 bad=0 tapChange=0.0020 floor=0.0020 fading=False/True preMse=0.078 energy=0.064/0.037 fresh=False phase=0.088 anchor=0.815@0.059 phi=-0.068
frame@77136: gain=0.403 ref=0.330 mse=0.060 tau=-0.086 omega=-4.45E-004 bad=0 tapChange=0.0027 floor=0.0022 fading=False/True preMse=0.111 energy=0.061/0.039 fresh=False phase=0.098 anchor=0.775@0.062 phi=-0.071
frame@77232: gain=0.374 ref=0.334 mse=0.076 tau=-0.087 omega=-4.03E-004 bad=0 tapChange=0.0035 floor=0.0024 fading=False/True preMse=0.140 energy=0.056/0.040 fresh=False phase=0.104 anchor=0.730@0.069 phi=-0.079
frame@77328: gain=0.357 ref=0.336 mse=0.099 tau=-0.091 omega=-3.56E-004 bad=0 tapChange=0.0048 floor=0.0027 fading=False/True preMse=0.183 energy=0.052/0.041 fresh=False phase=0.126 anchor=0.709@0.081 phi=-0.091
frame@77424: gain=0.310 ref=0.337 mse=0.124 tau=-0.095 omega=-3.41E-004 bad=0 tapChange=0.0051 floor=0.0029 fading=False/True preMse=0.230 energy=0.050/0.041 fresh=False phase=0.039 anchor=0.627@0.028 phi=-0.030
frame@77520: gain=0.318 ref=0.336 mse=0.127 tau=-0.102 omega=-2.89E-004 bad=0 tapChange=0.0057 floor=0.0031 fading=False/True preMse=0.234 energy=0.048/0.042 fresh=False phase=0.126 anchor=0.642@0.088 phi=-0.098
frame@77616: gain=0.313 ref=0.335 mse=0.130 tau=-0.113 omega=-2.48E-004 bad=0 tapChange=0.0060 floor=0.0034 fading=False/True preMse=0.240 energy=0.049/0.042 fresh=False phase=0.109 anchor=0.638@0.070 phi=-0.079
frame@77712: gain=0.312 ref=0.334 mse=0.129 tau=-0.120 omega=-1.95E-004 bad=0 tapChange=0.0058 floor=0.0037 fading=False/True preMse=0.239 energy=0.052/0.042 fresh=False phase=0.129 anchor=0.637@0.092 phi=-0.102
frame@77808: gain=0.319 ref=0.333 mse=0.124 tau=-0.127 omega=-1.47E-004 bad=0 tapChange=0.0057 floor=0.0039 fading=False/True preMse=0.230 energy=0.056/0.043 fresh=False phase=0.121 anchor=0.649@0.083 phi=-0.093
frame@77904: gain=0.348 ref=0.332 mse=0.099 tau=-0.139 omega=-9.31E-005 bad=0 tapChange=0.0047 floor=0.0042 fading=False/True preMse=0.184 energy=0.063/0.044 fresh=False phase=0.127 anchor=0.698@0.092 phi=-0.103
frame@78000: gain=0.378 ref=0.333 mse=0.077 tau=-0.139 omega=-3.40E-005 bad=0 tapChange=0.0038 floor=0.0038 fading=False/True preMse=0.142 energy=0.070/0.045 fresh=False phase=0.144 anchor=0.745@0.101 phi=-0.114
frame@78096: gain=0.417 ref=0.335 mse=0.057 tau=-0.169 omega=2.16E-005 bad=0 tapChange=0.0030 floor=0.0030 fading=False/True preMse=0.106 energy=0.079/0.046 fresh=False phase=0.134 anchor=0.802@0.094 phi=-0.107
frame@78192: gain=0.442 ref=0.339 mse=0.035 tau=-0.199 omega=6.97E-005 bad=0 tapChange=0.0019 floor=0.0019 fading=False/True preMse=0.065 energy=0.088/0.047 fresh=False phase=0.113 anchor=0.842@0.081 phi=-0.092
frame@78288: gain=0.471 ref=0.344 mse=0.022 tau=-0.194 omega=1.09E-004 bad=0 tapChange=0.0014 floor=0.0014 fading=False/True preMse=0.041 energy=0.097/0.049 fresh=False phase=0.091 anchor=0.882@0.065 phi=-0.075
frame@78384: gain=0.489 ref=0.350 mse=0.012 tau=-0.200 omega=1.34E-004 bad=0 tapChange=0.0009 floor=0.0009 fading=False/True preMse=0.021 energy=0.105/0.052 fresh=False phase=0.062 anchor=0.910@0.042 phi=-0.049
frame@78480: gain=0.503 ref=0.357 mse=0.008 tau=-0.170 omega=1.55E-004 bad=0 tapChange=0.0008 floor=0.0008 fading=False/True preMse=0.014 energy=0.112/0.054 fresh=False phase=0.050 anchor=0.928@0.034 phi=-0.039
frame@78576: gain=0.509 ref=0.365 mse=0.008 tau=-0.140 omega=1.62E-004 bad=0 tapChange=0.0008 floor=0.0008 fading=False/True preMse=0.014 energy=0.116/0.057 fresh=False phase=0.016 anchor=0.935@0.012 phi=-0.014
frame@78672: gain=0.506 ref=0.372 mse=0.009 tau=-0.110 omega=1.66E-004 bad=0 tapChange=0.0009 floor=0.0009 fading=False/True preMse=0.017 energy=0.120/0.060 fresh=False phase=0.008 anchor=0.932@0.007 phi=-0.008
frame@78768: gain=0.511 ref=0.379 mse=0.014 tau=-0.093 omega=1.53E-004 bad=0 tapChange=0.0011 floor=0.0010 fading=False/True preMse=0.026 energy=0.123/0.063 fresh=False phase=-0.033 anchor=0.936@-0.021 phi=0.025
frame@78864: gain=0.500 ref=0.385 mse=0.015 tau=-0.066 omega=1.55E-004 bad=0 tapChange=0.0013 floor=0.0012 fading=False/True preMse=0.028 energy=0.126/0.066 fresh=False phase=0.002 anchor=0.924@0.003 phi=-0.003
frame@78960: gain=0.499 ref=0.391 mse=0.023 tau=-0.057 omega=1.22E-004 bad=0 tapChange=0.0018 floor=0.0014 fading=False/True preMse=0.042 energy=0.128/0.069 fresh=False phase=-0.072 anchor=0.919@-0.053 phi=0.063
frame@79056: gain=0.508 ref=0.396 mse=0.012 tau=-0.036 omega=9.68E-005 bad=0 tapChange=0.0011 floor=0.0011 fading=False/True preMse=0.022 energy=0.132/0.072 fresh=False phase=-0.060 anchor=0.933@-0.040 phi=0.048
frame@79152: gain=0.511 ref=0.402 mse=0.014 tau=-0.017 omega=7.13E-005 bad=0 tapChange=0.0014 floor=0.0012 fading=False/True preMse=0.027 energy=0.135/0.075 fresh=False phase=-0.059 anchor=0.939@-0.041 phi=0.049
frame@79248: gain=0.509 ref=0.407 mse=0.010 tau=0.003 omega=6.07E-005 bad=0 tapChange=0.0010 floor=0.0010 fading=False/True preMse=0.018 energy=0.137/0.078 fresh=False phase=-0.028 anchor=0.938@-0.017 phi=0.020
frame@79344: gain=0.509 ref=0.412 mse=0.009 tau=0.021 omega=5.70E-005 bad=0 tapChange=0.0010 floor=0.0010 fading=False/True preMse=0.017 energy=0.138/0.081 fresh=False phase=-0.009 anchor=0.938@-0.005 phi=0.007
frame@79440: gain=0.535 ref=0.417 mse=0.007 tau=0.024 omega=3.43E-005 bad=0 tapChange=0.0010 floor=0.0010 fading=False/True preMse=0.012 energy=0.137/0.084 fresh=False phase=-0.055 anchor=0.969@-0.036 phi=0.044
frame@79536: gain=0.516 ref=0.423 mse=0.005 tau=0.033 omega=4.54E-005 bad=0 tapChange=0.0007 floor=0.0007 fading=False/True preMse=0.009 energy=0.133/0.087 fresh=False phase=0.027 anchor=0.950@0.017 phi=-0.021
frame@79632: gain=0.516 ref=0.428 mse=0.006 tau=0.049 omega=5.11E-005 bad=0 tapChange=0.0008 floor=0.0008 fading=False/True preMse=0.011 energy=0.127/0.089 fresh=False phase=0.008 anchor=0.948@0.009 phi=-0.011
frame@79728: gain=0.508 ref=0.432 mse=0.005 tau=0.066 omega=6.12E-005 bad=0 tapChange=0.0006 floor=0.0006 fading=False/True preMse=0.010 energy=0.117/0.091 fresh=False phase=0.021 anchor=0.937@0.015 phi=-0.019
frame@79824: gain=0.495 ref=0.436 mse=0.010 tau=0.062 omega=7.48E-005 bad=0 tapChange=0.0008 floor=0.0007 fading=False/True preMse=0.018 energy=0.107/0.092 fresh=False phase=0.026 anchor=0.920@0.021 phi=-0.026
frame@79920: gain=0.482 ref=0.439 mse=0.013 tau=0.056 omega=1.05E-004 bad=0 tapChange=0.0009 floor=0.0009 fading=False/True preMse=0.024 energy=0.095/0.093 fresh=False phase=0.065 anchor=0.902@0.046 phi=-0.058
frame@80016: gain=0.456 ref=0.441 mse=0.019 tau=0.026 omega=1.26E-004 bad=0 tapChange=0.0011 floor=0.0010 fading=False/True preMse=0.035 energy=0.084/0.093 fresh=False phase=0.043 anchor=0.863@0.033 phi=-0.041
frame@80112: gain=0.449 ref=0.442 mse=0.024 tau=-0.000 omega=1.70E-004 bad=0 tapChange=0.0012 floor=0.0012 fading=False/True preMse=0.045 energy=0.075/0.093 fresh=False phase=0.090 anchor=0.851@0.067 phi=-0.084
frame@80208: gain=0.433 ref=0.442 mse=0.027 tau=0.002 omega=2.03E-004 bad=0 tapChange=0.0013 floor=0.0013 fading=False/True preMse=0.050 energy=0.067/0.092 fresh=False phase=0.066 anchor=0.825@0.052 phi=-0.064
frame@80304: gain=0.421 ref=0.442 mse=0.034 tau=-0.017 omega=2.46E-004 bad=0 tapChange=0.0014 floor=0.0014 fading=False/True preMse=0.062 energy=0.061/0.090 fresh=False phase=0.088 anchor=0.804@0.068 phi=-0.083
frame@80400: gain=0.411 ref=0.441 mse=0.038 tau=-0.009 omega=2.73E-004 bad=0 tapChange=0.0017 floor=0.0016 fading=False/True preMse=0.070 energy=0.059/0.089 fresh=False phase=0.050 anchor=0.786@0.042 phi=-0.051
frame@80496: gain=0.417 ref=0.439 mse=0.038 tau=-0.005 omega=2.88E-004 bad=0 tapChange=0.0020 floor=0.0017 fading=False/True preMse=0.070 energy=0.060/0.088 fresh=False phase=0.037 anchor=0.794@0.025 phi=-0.030
frame@80592: gain=0.422 ref=0.438 mse=0.038 tau=-0.003 omega=3.20E-004 bad=0 tapChange=0.0018 floor=0.0018 fading=False/True preMse=0.070 energy=0.065/0.086 fresh=False phase=0.068 anchor=0.802@0.051 phi=-0.062
frame@80688: gain=0.436 ref=0.437 mse=0.038 tau=0.003 omega=3.16E-004 bad=0 tapChange=0.0021 floor=0.0020 fading=False/True preMse=0.069 energy=0.074/0.085 fresh=False phase=-0.015 anchor=0.826@-0.008 phi=0.009
frame@80784: gain=0.461 ref=0.437 mse=0.047 tau=0.005 omega=3.16E-004 bad=0 tapChange=0.0032 floor=0.0022 fading=False/True preMse=0.086 energy=0.086/0.085 fresh=False phase=-0.007 anchor=0.855@0.002 phi=-0.001
frame@80880: gain=0.480 ref=0.438 mse=0.069 tau=0.006 omega=3.22E-004 bad=0 tapChange=0.0064 floor=0.0024 fading=False/True preMse=0.127 energy=0.100/0.085 fresh=False phase=0.036 anchor=0.887@0.010 phi=-0.012
frame@80976: gain=0.524 ref=0.441 mse=0.061 tau=0.002 omega=2.72E-004 bad=0 tapChange=0.0052 floor=0.0027 fading=False/True preMse=0.112 energy=0.116/0.085 fresh=False phase=-0.128 anchor=0.939@-0.077 phi=0.096
frame@81072: gain=0.489 ref=0.445 mse=0.070 tau=-0.000 omega=2.99E-004 bad=0 tapChange=0.0072 floor=0.0029 fading=False/True preMse=0.130 energy=0.131/0.087 fresh=False phase=0.075 anchor=0.900@0.040 phi=-0.051
frame@81168: gain=0.473 ref=0.447 mse=0.079 tau=-0.003 omega=2.48E-004 bad=0 tapChange=0.0083 floor=0.0031 fading=False/True preMse=0.146 energy=0.143/0.089 fresh=False phase=-0.121 anchor=0.878@-0.077 phi=0.097
frame@81264: gain=0.463 ref=0.448 mse=0.048 tau=-0.008 omega=2.31E-004 bad=0 tapChange=0.0036 floor=0.0034 fading=False/True preMse=0.089 energy=0.149/0.092 fresh=False phase=-0.063 anchor=0.869@-0.028 phi=0.033
frame@81360: gain=0.504 ref=0.449 mse=0.090 tau=-0.015 omega=2.12E-004 bad=0 tapChange=0.0083 floor=0.0037 fading=False/True preMse=0.167 energy=0.150/0.095 fresh=False phase=-0.056 anchor=0.916@-0.028 phi=0.036
frame@81456: gain=0.438 ref=0.452 mse=0.077 tau=-0.020 omega=2.01E-004 bad=0 tapChange=0.0054 floor=0.0040 fading=False/True preMse=0.143 energy=0.144/0.097 fresh=False phase=-0.039 anchor=0.832@-0.017 phi=0.021
frame@81552: gain=0.385 ref=0.451 mse=0.091 tau=-0.025 omega=1.93E-004 bad=0 tapChange=0.0083 floor=0.0043 fading=False/True preMse=0.167 energy=0.132/0.100 fresh=False phase=-0.019 anchor=0.771@-0.013 phi=0.015
frame@81648: gain=0.391 ref=0.448 mse=0.093 tau=-0.031 omega=1.91E-004 bad=0 tapChange=0.0103 floor=0.0046 fading=False/True preMse=0.172 energy=0.116/0.101 fresh=False phase=0.014 anchor=0.791@-0.001 phi=0.003
frame@81744: gain=0.362 ref=0.445 mse=0.137 tau=-0.035 omega=2.35E-004 bad=0 tapChange=0.0145 floor=0.0049 fading=False/True preMse=0.252 energy=0.098/0.102 fresh=False phase=0.103 anchor=0.737@0.068 phi=-0.084
frame@81840: gain=0.283 ref=0.441 mse=0.244 tau=-0.043 omega=2.26E-004 bad=0 tapChange=0.0205 floor=0.0052 fading=False/True preMse=0.450 energy=0.080/0.102 fresh=False phase=-0.065 anchor=0.586@-0.015 phi=0.018
frame@81936: gain=0.288 ref=0.433 mse=0.214 tau=-0.047 omega=2.34E-004 bad=0 tapChange=0.0196 floor=0.0056 fading=True/True preMse=0.395 energy=0.064/0.101 fresh=False phase=0.052 anchor=0.611@0.013 phi=-0.016
frame@82032: gain=0.307 ref=0.426 mse=0.204 tau=-0.052 omega=3.24E-004 bad=0 tapChange=0.0149 floor=0.0060 fading=True/True preMse=0.376 energy=0.051/0.099 fresh=False phase=0.176 anchor=0.616@0.145 phi=-0.173
frame@82128: gain=0.274 ref=0.420 mse=0.191 tau=-0.056 omega=3.51E-004 bad=0 tapChange=0.0130 floor=0.0064 fading=True/True preMse=0.352 energy=0.041/0.096 fresh=False phase=0.084 anchor=0.563@0.046 phi=-0.052
frame@82224: gain=0.277 ref=0.412 mse=0.203 tau=-0.059 omega=4.56E-004 bad=0 tapChange=0.0113 floor=0.0068 fading=True/True preMse=0.375 energy=0.036/0.094 fresh=False phase=0.224 anchor=0.550@0.173 phi=-0.201
frame@82320: gain=0.346 ref=0.406 mse=0.127 tau=-0.060 omega=4.97E-004 bad=0 tapChange=0.0058 floor=0.0058 fading=True/True preMse=0.235 energy=0.034/0.091 fresh=False phase=0.059 anchor=0.660@0.067 phi=-0.079
frame@82416: gain=0.365 ref=0.403 mse=0.100 tau=-0.062 omega=5.02E-004 bad=0 tapChange=0.0050 floor=0.0050 fading=True/True preMse=0.184 energy=0.035/0.088 fresh=False phase=0.025 anchor=0.693@0.009 phi=-0.010
frame@82512: gain=0.440 ref=0.401 mse=0.065 tau=-0.061 omega=4.82E-004 bad=0 tapChange=0.0028 floor=0.0028 fading=True/True preMse=0.119 energy=0.038/0.085 fresh=False phase=-0.060 anchor=0.805@-0.032 phi=0.039
frame@82608: gain=0.454 ref=0.403 mse=0.033 tau=-0.060 omega=4.75E-004 bad=0 tapChange=0.0017 floor=0.0017 fading=True/True preMse=0.062 energy=0.044/0.083 fresh=False phase=-0.007 anchor=0.837@-0.010 phi=0.013
frame@82704: gain=0.483 ref=0.405 mse=0.052 tau=-0.058 omega=4.32E-004 bad=0 tapChange=0.0037 floor=0.0019 fading=True/True preMse=0.096 energy=0.051/0.081 fresh=False phase=-0.095 anchor=0.877@-0.068 phi=0.084
frame@82800: gain=0.495 ref=0.409 mse=0.021 tau=-0.058 omega=4.17E-004 bad=0 tapChange=0.0017 floor=0.0017 fading=True/True preMse=0.039 energy=0.059/0.080 fresh=False phase=-0.021 anchor=0.904@-0.023 phi=0.027
frame@82896: gain=0.516 ref=0.414 mse=0.026 tau=-0.061 omega=3.76E-004 bad=0 tapChange=0.0023 floor=0.0019 fading=True/True preMse=0.047 energy=0.066/0.078 fresh=False phase=-0.086 anchor=0.930@-0.064 phi=0.080
frame@82992: gain=0.526 ref=0.419 mse=0.020 tau=-0.058 omega=3.30E-004 bad=0 tapChange=0.0016 floor=0.0016 fading=True/True preMse=0.036 energy=0.072/0.078 fresh=False phase=-0.097 anchor=0.942@-0.069 phi=0.087
frame@83088: gain=0.545 ref=0.424 mse=0.035 tau=-0.058 omega=2.79E-004 bad=0 tapChange=0.0039 floor=0.0018 fading=True/True preMse=0.064 energy=0.077/0.078 fresh=False phase=-0.106 anchor=0.977@-0.078 phi=0.099
frame@83184: gain=0.519 ref=0.430 mse=0.016 tau=-0.058 omega=2.59E-004 bad=0 tapChange=0.0017 floor=0.0017 fading=True/True preMse=0.029 energy=0.079/0.078 fresh=False phase=-0.035 anchor=0.942@-0.030 phi=0.039
frame@83280: gain=0.492 ref=0.435 mse=0.020 tau=-0.065 omega=2.47E-004 bad=0 tapChange=0.0020 floor=0.0019 fading=True/True preMse=0.036 energy=0.078/0.078 fresh=False phase=-0.024 anchor=0.910@-0.017 phi=0.022
frame@83376: gain=0.463 ref=0.437 mse=0.031 tau=-0.072 omega=2.06E-004 bad=0 tapChange=0.0021 floor=0.0021 fading=True/True preMse=0.058 energy=0.077/0.078 fresh=False phase=-0.086 anchor=0.858@-0.062 phi=0.079
frame@83472: gain=0.435 ref=0.439 mse=0.040 tau=-0.083 omega=2.05E-004 bad=0 tapChange=0.0024 floor=0.0023 fading=True/True preMse=0.075 energy=0.075/0.078 fresh=False phase=-0.001 anchor=0.818@-0.003 phi=0.003
frame@83568: gain=0.406 ref=0.439 mse=0.088 tau=-0.094 omega=1.90E-004 bad=0 tapChange=0.0084 floor=0.0025 fading=True/True preMse=0.163 energy=0.074/0.077 fresh=False phase=-0.033 anchor=0.788@-0.020 phi=0.027
frame@83664: gain=0.357 ref=0.437 mse=0.123 tau=-0.103 omega=1.95E-004 bad=0 tapChange=0.0105 floor=0.0027 fading=True/True preMse=0.227 energy=0.075/0.077 fresh=False phase=0.006 anchor=0.705@0.008 phi=-0.010
frame@83760: gain=0.379 ref=0.433 mse=0.147 tau=-0.110 omega=1.93E-004 bad=0 tapChange=0.0139 floor=0.0030 fading=True/True preMse=0.272 energy=0.079/0.077 fresh=False phase=-0.013 anchor=0.734@-0.003 phi=0.005
frame@83856: gain=0.334 ref=0.430 mse=0.180 tau=-0.114 omega=1.66E-004 bad=0 tapChange=0.0161 floor=0.0032 fading=True/True preMse=0.332 energy=0.085/0.077 fresh=False phase=-0.066 anchor=0.677@-0.043 phi=0.051
frame@83952: gain=0.363 ref=0.425 mse=0.136 tau=-0.116 omega=1.85E-004 bad=0 tapChange=0.0126 floor=0.0035 fading=True/True preMse=0.250 energy=0.091/0.078 fresh=False phase=0.037 anchor=0.734@0.029 phi=-0.035
frame@84048: gain=0.306 ref=0.422 mse=0.225 tau=-0.117 omega=2.53E-004 bad=0 tapChange=0.0208 floor=0.0037 fading=True/True preMse=0.416 energy=0.098/0.078 fresh=False phase=0.155 anchor=0.660@0.110 phi=-0.131
frame@84144: gain=0.389 ref=0.416 mse=0.190 tau=-0.120 omega=1.57E-004 bad=0 tapChange=0.0176 floor=0.0040 fading=True/True preMse=0.351 energy=0.101/0.079 fresh=False phase=-0.281 anchor=0.756@-0.152 phi=0.185
frame@84240: gain=0.392 ref=0.415 mse=0.094 tau=-0.123 omega=1.91E-004 bad=0 tapChange=0.0081 floor=0.0043 fading=True/True preMse=0.173 energy=0.103/0.080 fresh=False phase=0.086 anchor=0.778@0.051 phi=-0.065
frame@84336: gain=0.376 ref=0.414 mse=0.121 tau=-0.124 omega=2.09E-004 bad=0 tapChange=0.0099 floor=0.0047 fading=True/True preMse=0.224 energy=0.102/0.081 fresh=False phase=0.032 anchor=0.748@0.028 phi=-0.035
frame@84432: gain=0.362 ref=0.412 mse=0.170 tau=-0.125 omega=1.67E-004 bad=0 tapChange=0.0160 floor=0.0050 fading=True/True preMse=0.313 energy=0.099/0.083 fresh=False phase=-0.132 anchor=0.739@-0.067 phi=0.080
frame@84528: gain=0.368 ref=0.409 mse=0.069 tau=-0.126 omega=1.49E-004 bad=0 tapChange=0.0054 floor=0.0053 fading=True/True preMse=0.128 energy=0.096/0.083 fresh=False phase=-0.040 anchor=0.744@-0.029 phi=0.035
frame@84624: gain=0.368 ref=0.407 mse=0.151 tau=-0.126 omega=1.03E-004 bad=0 tapChange=0.0138 floor=0.0057 fading=True/True preMse=0.280 energy=0.093/0.084 fresh=False phase=-0.108 anchor=0.730@-0.074 phi=0.087
frame@84720: gain=0.331 ref=0.405 mse=0.136 tau=-0.124 omega=1.20E-004 bad=0 tapChange=0.0111 floor=0.0061 fading=True/True preMse=0.252 energy=0.092/0.084 fresh=False phase=0.052 anchor=0.680@0.028 phi=-0.033
frame@84816: gain=0.418 ref=0.402 mse=0.122 tau=-0.125 omega=9.92E-005 bad=0 tapChange=0.0098 floor=0.0065 fading=True/True preMse=0.224 energy=0.090/0.085 fresh=False phase=-0.022 anchor=0.794@-0.033 phi=0.040
frame@84912: gain=0.379 ref=0.402 mse=0.096 tau=-0.123 omega=1.09E-004 bad=0 tapChange=0.0068 floor=0.0068 fading=True/True preMse=0.178 energy=0.090/0.085 fresh=False phase=0.027 anchor=0.746@0.016 phi=-0.020
frame@85008: gain=0.414 ref=0.401 mse=0.061 tau=-0.121 omega=8.99E-005 bad=0 tapChange=0.0044 floor=0.0044 fading=True/True preMse=0.113 energy=0.087/0.085 fresh=False phase=-0.059 anchor=0.796@-0.031 phi=0.037
frame@85104: gain=0.424 ref=0.402 mse=0.098 tau=-0.119 omega=1.01E-004 bad=0 tapChange=0.0086 floor=0.0047 fading=True/True preMse=0.181 energy=0.079/0.085 fresh=False phase=0.018 anchor=0.810@0.018 phi=-0.022
frame@85200: gain=0.455 ref=0.403 mse=0.058 tau=-0.120 omega=8.73E-005 bad=0 tapChange=0.0051 floor=0.0051 fading=True/True preMse=0.107 energy=0.076/0.085 fresh=False phase=-0.029 anchor=0.859@-0.022 phi=0.027
frame@85296: gain=0.452 ref=0.406 mse=0.054 tau=-0.121 omega=7.40E-005 bad=0 tapChange=0.0038 floor=0.0038 fading=True/True preMse=0.100 energy=0.067/0.085 fresh=False phase=-0.015 anchor=0.842@-0.020 phi=0.026
frame@85392: gain=0.452 ref=0.408 mse=0.042 tau=-0.123 omega=7.75E-005 bad=0 tapChange=0.0032 floor=0.0032 fading=True/True preMse=0.078 energy=0.058/0.084 fresh=False phase=-0.007 anchor=0.847@0.004 phi=-0.007
frame@85488: gain=0.472 ref=0.410 mse=0.040 tau=-0.128 omega=4.95E-005 bad=0 tapChange=0.0032 floor=0.0032 fading=True/True preMse=0.074 energy=0.051/0.082 fresh=False phase=-0.061 anchor=0.873@-0.044 phi=0.054
frame@85584: gain=0.432 ref=0.413 mse=0.068 tau=-0.131 omega=8.15E-005 bad=0 tapChange=0.0046 floor=0.0035 fading=True/True preMse=0.125 energy=0.049/0.081 fresh=False phase=0.063 anchor=0.803@0.049 phi=-0.061
frame@85680: gain=0.437 ref=0.414 mse=0.063 tau=-0.132 omega=6.21E-005 bad=0 tapChange=0.0045 floor=0.0038 fading=True/True preMse=0.116 energy=0.053/0.079 fresh=False phase=-0.035 anchor=0.814@-0.030 phi=0.037
frame@85776: gain=0.443 ref=0.415 mse=0.097 tau=-0.131 omega=2.03E-005 bad=0 tapChange=0.0074 floor=0.0041 fading=True/True preMse=0.180 energy=0.064/0.078 fresh=False phase=-0.062 anchor=0.814@-0.064 phi=0.080
frame@85872: gain=0.412 ref=0.417 mse=0.113 tau=-0.130 omega=2.99E-006 bad=0 tapChange=0.0102 floor=0.0044 fading=True/True preMse=0.208 energy=0.081/0.077 fresh=False phase=-0.041 anchor=0.800@-0.028 phi=0.033
frame@85968: gain=0.463 ref=0.417 mse=0.141 tau=-0.128 omega=3.01E-005 bad=0 tapChange=0.0137 floor=0.0047 fading=True/True preMse=0.261 energy=0.103/0.077 fresh=False phase=0.104 anchor=0.849@0.044 phi=-0.052
frame@86064: gain=0.445 ref=0.419 mse=0.088 tau=-0.126 omega=-2.25E-006 bad=0 tapChange=0.0083 floor=0.0050 fading=True/True preMse=0.162 energy=0.127/0.079 fresh=False phase=-0.080 anchor=0.862@-0.050 phi=0.062
frame@86160: gain=0.434 ref=0.420 mse=0.231 tau=-0.123 omega=2.89E-005 bad=0 tapChange=0.0222 floor=0.0054 fading=True/True preMse=0.426 energy=0.150/0.081 fresh=False phase=0.140 anchor=0.830@0.048 phi=-0.060
frame@86256: gain=0.446 ref=0.421 mse=0.069 tau=-0.120 omega=2.09E-005 bad=0 tapChange=0.0063 floor=0.0057 fading=True/True preMse=0.128 energy=0.168/0.085 fresh=False phase=0.009 anchor=0.859@-0.012 phi=0.015
frame@86352: gain=0.482 ref=0.422 mse=0.075 tau=-0.117 omega=-1.90E-005 bad=0 tapChange=0.0082 floor=0.0061 fading=True/True preMse=0.138 energy=0.179/0.089 fresh=False phase=-0.066 anchor=0.904@-0.061 phi=0.077
frame@86448: gain=0.435 ref=0.425 mse=0.055 tau=-0.115 omega=1.04E-005 bad=0 tapChange=0.0060 floor=0.0060 fading=True/True preMse=0.102 energy=0.181/0.093 fresh=False phase=0.088 anchor=0.867@0.045 phi=-0.057
frame@86544: gain=0.499 ref=0.426 mse=0.083 tau=-0.114 omega=-7.02E-006 bad=0 tapChange=0.0096 floor=0.0064 fading=True/True preMse=0.153 energy=0.174/0.098 fresh=False phase=-0.029 anchor=0.924@-0.026 phi=0.034
frame@86640: gain=0.448 ref=0.429 mse=0.028 tau=-0.112 omega=1.40E-006 bad=0 tapChange=0.0028 floor=0.0028 fading=True/True preMse=0.051 energy=0.159/0.102 fresh=False phase=0.017 anchor=0.874@0.012 phi=-0.016
frame@86736: gain=0.430 ref=0.430 mse=0.039 tau=-0.110 omega=1.51E-005 bad=0 tapChange=0.0041 floor=0.0030 fading=True/True preMse=0.073 energy=0.139/0.104 fresh=False phase=0.027 anchor=0.842@0.020 phi=-0.026
frame@86832: gain=0.407 ref=0.430 mse=0.041 tau=-0.107 omega=5.72E-006 bad=0 tapChange=0.0035 floor=0.0032 fading=True/True preMse=0.075 energy=0.115/0.106 fresh=False phase=-0.029 anchor=0.805@-0.014 phi=0.018
frame@86928: gain=0.375 ref=0.429 mse=0.075 tau=-0.104 omega=-2.14E-005 bad=0 tapChange=0.0063 floor=0.0035 fading=True/True preMse=0.139 energy=0.093/0.107 fresh=False phase=-0.064 anchor=0.753@-0.041 phi=0.052
frame@87024: gain=0.349 ref=0.426 mse=0.095 tau=-0.099 omega=-5.38E-005 bad=0 tapChange=0.0075 floor=0.0038 fading=True/True preMse=0.175 energy=0.075/0.106 fresh=False phase=-0.079 anchor=0.711@-0.052 phi=0.062
frame@87120: gain=0.320 ref=0.422 mse=0.128 tau=-0.096 omega=-1.44E-004 bad=0 tapChange=0.0080 floor=0.0041 fading=True/True preMse=0.237 energy=0.065/0.104 fresh=False phase=-0.208 anchor=0.647@-0.146 phi=0.173
frame@87216: gain=0.307 ref=0.417 mse=0.134 tau=-0.091 omega=-2.40E-004 bad=0 tapChange=0.0080 floor=0.0044 fading=True/True preMse=0.248 energy=0.063/0.102 fresh=False phase=-0.229 anchor=0.634@-0.157 phi=0.185
frame@87312: gain=0.312 ref=0.412 mse=0.152 tau=-0.089 omega=-3.39E-004 bad=0 tapChange=0.0097 floor=0.0047 fading=True/True preMse=0.280 energy=0.070/0.100 fresh=False phase=-0.235 anchor=0.640@-0.163 phi=0.191
frame@87408: gain=0.356 ref=0.407 mse=0.111 tau=-0.085 omega=-4.43E-004 bad=0 tapChange=0.0061 floor=0.0050 fading=True/True preMse=0.205 energy=0.082/0.099 fresh=False phase=-0.236 anchor=0.708@-0.168 phi=0.199
frame@87504: gain=0.403 ref=0.404 mse=0.096 tau=-0.082 omega=-5.13E-004 bad=0 tapChange=0.0073 floor=0.0054 fading=True/True preMse=0.177 energy=0.098/0.098 fresh=False phase=-0.129 anchor=0.789@-0.112 phi=0.134
frame@87600: gain=0.457 ref=0.404 mse=0.108 tau=-0.084 omega=-5.87E-004 bad=0 tapChange=0.0089 floor=0.0058 fading=True/True preMse=0.200 energy=0.113/0.098 fresh=False phase=-0.167 anchor=0.855@-0.117 phi=0.143
frame@87696: gain=0.491 ref=0.407 mse=0.066 tau=-0.085 omega=-6.04E-004 bad=0 tapChange=0.0061 floor=0.0061 fading=True/True preMse=0.123 energy=0.126/0.099 fresh=False phase=-0.013 anchor=0.909@-0.026 phi=0.032
frame@87792: gain=0.525 ref=0.411 mse=0.079 tau=-0.087 omega=-6.03E-004 bad=0 tapChange=0.0082 floor=0.0065 fading=True/True preMse=0.145 energy=0.134/0.100 fresh=False phase=0.045 anchor=0.962@0.001 phi=-0.002
frame@87888: gain=0.554 ref=0.417 mse=0.095 tau=-0.087 omega=-6.38E-004 bad=0 tapChange=0.0112 floor=0.0069 fading=True/True preMse=0.175 energy=0.136/0.102 fresh=False phase=-0.054 anchor=0.996@-0.052 phi=0.068
frame@87984: gain=0.516 ref=0.424 mse=0.110 tau=-0.090 omega=-6.31E-004 bad=0 tapChange=0.0133 floor=0.0074 fading=True/True preMse=0.202 energy=0.133/0.104 fresh=False phase=0.021 anchor=0.939@0.011 phi=-0.015
frame@88080: gain=0.520 ref=0.428 mse=0.049 tau=-0.092 omega=-6.15E-004 bad=0 tapChange=0.0062 floor=0.0062 fading=True/True preMse=0.091 energy=0.128/0.105 fresh=False phase=0.045 anchor=0.955@0.023 phi=-0.030
frame@88176: gain=0.502 ref=0.433 mse=0.036 tau=-0.094 omega=-6.07E-004 bad=0 tapChange=0.0044 floor=0.0044 fading=True/True preMse=0.066 energy=0.120/0.106 fresh=False phase=0.023 anchor=0.927@0.011 phi=-0.016
frame@88272: gain=0.439 ref=0.436 mse=0.071 tau=-0.097 omega=-6.09E-004 bad=0 tapChange=0.0088 floor=0.0047 fading=True/True preMse=0.130 energy=0.111/0.107 fresh=False phase=0.011 anchor=0.862@-0.003 phi=0.004
frame@88368: gain=0.470 ref=0.436 mse=0.066 tau=-0.099 omega=-5.94E-004 bad=0 tapChange=0.0085 floor=0.0051 fading=True/True preMse=0.122 energy=0.102/0.107 fresh=False phase=0.024 anchor=0.879@0.021 phi=-0.028
frame@88464: gain=0.438 ref=0.438 mse=0.051 tau=-0.104 omega=-5.72E-004 bad=0 tapChange=0.0051 floor=0.0051 fading=True/True preMse=0.093 energy=0.092/0.107 fresh=False phase=0.047 anchor=0.834@0.033 phi=-0.043
frame@88560: gain=0.397 ref=0.438 mse=0.059 tau=-0.106 omega=-5.52E-004 bad=0 tapChange=0.0051 floor=0.0051 fading=True/True preMse=0.109 energy=0.081/0.106 fresh=False phase=0.043 anchor=0.777@0.031 phi=-0.038
frame@88656: gain=0.371 ref=0.436 mse=0.070 tau=-0.108 omega=-5.49E-004 bad=0 tapChange=0.0055 floor=0.0054 fading=True/True preMse=0.129 energy=0.069/0.105 fresh=False phase=0.005 anchor=0.731@0.005 phi=-0.005
frame@88752: gain=0.340 ref=0.433 mse=0.094 tau=-0.111 omega=-5.29E-004 bad=0 tapChange=0.0058 floor=0.0058 fading=True/True preMse=0.174 energy=0.055/0.103 fresh=False phase=0.040 anchor=0.672@0.033 phi=-0.039
frame@88848: gain=0.292 ref=0.428 mse=0.124 tau=-0.114 omega=-5.40E-004 bad=0 tapChange=0.0064 floor=0.0062 fading=True/True preMse=0.228 energy=0.042/0.101 fresh=False phase=-0.026 anchor=0.595@-0.019 phi=0.022
frame@88944: gain=0.264 ref=0.421 mse=0.154 tau=-0.118 omega=-5.25E-004 bad=0 tapChange=0.0050 floor=0.0050 fading=True/True preMse=0.285 energy=0.030/0.098 fresh=False phase=0.029 anchor=0.523@0.024 phi=-0.028
frame@89040: gain=0.225 ref=0.413 mse=0.200 tau=-0.124 omega=-5.25E-004 bad=0 tapChange=0.0051 floor=0.0051 fading=True/True preMse=0.369 energy=0.019/0.094 fresh=False phase=-0.006 anchor=0.447@0.001 phi=-0.000
frame@89136: gain=0.176 ref=0.404 mse=0.265 tau=-0.128 omega=-5.35E-004 bad=0 tapChange=0.0041 floor=0.0041 fading=True/True preMse=0.490 energy=0.011/0.091 fresh=False phase=-0.025 anchor=0.343@-0.018 phi=0.020
frame@89232: gain=0.123 ref=0.404 mse=0.346 tau=-0.120 omega=-5.35E-004 bad=1 tapChange=0.0038 floor=0.0038 fading=True/True preMse=0.640 energy=0.006/0.091 fresh=False phase=-0.005 anchor=0.237@0.001 phi=-0.001
frame@89328: gain=0.069 ref=0.404 mse=0.443 tau=-0.111 omega=-5.08E-004 bad=2 tapChange=0.0041 floor=0.0041 fading=False/True preMse=0.818 energy=0.003/0.091 fresh=False phase=0.048 anchor=0.132@0.049 phi=-0.051
frame@89424: gain=0.013 ref=0.404 mse=0.556 tau=-0.107 omega=-5.06E-004 bad=3 tapChange=0.0078 floor=0.0044 fading=False/True preMse=1.027 energy=0.004/0.091 fresh=False phase=0.594 anchor=0.035@0.449 phi=-0.004
frame@89520: gain=0.042 ref=0.404 mse=0.650 tau=-0.107 omega=-4.99E-004 bad=4 tapChange=0.0141 floor=0.0047 fading=False/True preMse=1.199 energy=0.006/0.091 fresh=False phase=2.532 anchor=0.054@2.309 phi=-0.013
frame@89616: gain=0.084 ref=0.404 mse=0.735 tau=-0.111 omega=7.76E-004 bad=5 tapChange=0.0276 floor=0.0050 fading=False/True preMse=1.358 energy=0.011/0.091 fresh=False phase=2.640 anchor=0.102@2.422 phi=-2.449
frame@89712: gain=0.103 ref=0.404 mse=0.384 tau=-0.141 omega=7.34E-004 bad=6 tapChange=0.0198 floor=0.0054 fading=True/True preMse=0.709 energy=0.017/0.091 fresh=False phase=-0.173 anchor=0.266@-0.072 phi=0.081
frame@89808: gain=0.198 ref=0.404 mse=0.229 tau=-0.153 omega=6.92E-004 bad=7 tapChange=0.0108 floor=0.0058 fading=True/True preMse=0.423 energy=0.025/0.091 fresh=False phase=-0.098 anchor=0.420@-0.070 phi=0.080
frame@89904: gain=0.280 ref=0.394 mse=0.146 tau=-0.156 omega=6.13E-004 bad=0 tapChange=0.0063 floor=0.0062 fading=True/True preMse=0.270 energy=0.033/0.087 fresh=False phase=-0.165 anchor=0.557@-0.128 phi=0.151
frame@90000: gain=0.364 ref=0.388 mse=0.071 tau=-0.150 omega=5.80E-004 bad=0 tapChange=0.0026 floor=0.0026 fading=True/True preMse=0.131 energy=0.042/0.085 fresh=False phase=-0.069 anchor=0.701@-0.053 phi=0.064
frame@90096: gain=0.404 ref=0.387 mse=0.061 tau=-0.144 omega=5.22E-004 bad=0 tapChange=0.0025 floor=0.0025 fading=True/True preMse=0.112 energy=0.051/0.082 fresh=False phase=-0.114 anchor=0.762@-0.092 phi=0.111
frame@90192: gain=0.454 ref=0.388 mse=0.033 tau=-0.137 omega=4.91E-004 bad=0 tapChange=0.0019 floor=0.0019 fading=True/True preMse=0.061 energy=0.060/0.081 fresh=False phase=-0.058 anchor=0.846@-0.048 phi=0.060
frame@90288: gain=0.483 ref=0.391 mse=0.041 tau=-0.130 omega=4.34E-004 bad=0 tapChange=0.0031 floor=0.0021 fading=True/True preMse=0.076 energy=0.068/0.080 fresh=False phase=-0.110 anchor=0.886@-0.088 phi=0.110
frame@90384: gain=0.460 ref=0.396 mse=0.047 tau=-0.124 omega=3.95E-004 bad=0 tapChange=0.0034 floor=0.0023 fading=True/True preMse=0.087 energy=0.076/0.079 fresh=False phase=-0.073 anchor=0.848@-0.060 phi=0.074
frame@90480: gain=0.473 ref=0.399 mse=0.068 tau=-0.117 omega=3.59E-004 bad=0 tapChange=0.0042 floor=0.0025 fading=True/True preMse=0.126 energy=0.083/0.079 fresh=False phase=-0.078 anchor=0.857@-0.056 phi=0.069
frame@90576: gain=0.439 ref=0.403 mse=0.055 tau=-0.111 omega=3.25E-004 bad=0 tapChange=0.0030 floor=0.0028 fading=True/True preMse=0.101 energy=0.090/0.079 fresh=False phase=-0.065 anchor=0.824@-0.052 phi=0.066
frame@90672: gain=0.392 ref=0.404 mse=0.090 tau=-0.107 omega=2.98E-004 bad=0 tapChange=0.0077 floor=0.0030 fading=True/True preMse=0.166 energy=0.099/0.080 fresh=False phase=-0.025 anchor=0.777@-0.043 phi=0.052
frame@90768: gain=0.358 ref=0.404 mse=0.116 tau=-0.106 omega=2.69E-004 bad=0 tapChange=0.0108 floor=0.0032 fading=True/True preMse=0.214 energy=0.110/0.081 fresh=False phase=-0.042 anchor=0.737@-0.045 phi=0.054
frame@90864: gain=0.381 ref=0.402 mse=0.117 tau=-0.104 omega=2.01E-004 bad=0 tapChange=0.0099 floor=0.0035 fading=True/True preMse=0.217 energy=0.125/0.082 fresh=False phase=-0.142 anchor=0.761@-0.108 phi=0.131
frame@90960: gain=0.410 ref=0.401 mse=0.110 tau=-0.103 omega=1.40E-004 bad=0 tapChange=0.0086 floor=0.0038 fading=True/True preMse=0.203 energy=0.143/0.084 fresh=False phase=-0.150 anchor=0.799@-0.097 phi=0.117
frame@91056: gain=0.405 ref=0.401 mse=0.229 tau=-0.102 omega=1.33E-004 bad=0 tapChange=0.0232 floor=0.0041 fading=True/True preMse=0.423 energy=0.164/0.087 fresh=False phase=0.047 anchor=0.803@-0.011 phi=0.013
frame@91152: gain=0.386 ref=0.401 mse=0.167 tau=-0.101 omega=6.58E-005 bad=0 tapChange=0.0156 floor=0.0044 fading=True/True preMse=0.309 energy=0.185/0.091 fresh=False phase=-0.170 anchor=0.798@-0.106 phi=0.130
frame@91248: gain=0.413 ref=0.400 mse=0.070 tau=-0.102 omega=7.18E-005 bad=0 tapChange=0.0072 floor=0.0047 fading=True/True preMse=0.129 energy=0.203/0.096 fresh=False phase=0.057 anchor=0.847@0.009 phi=-0.012
frame@91344: gain=0.510 ref=0.401 mse=0.126 tau=-0.103 omega=-1.18E-005 bad=0 tapChange=0.0111 floor=0.0050 fading=True/True preMse=0.232 energy=0.218/0.101 fresh=False phase=-0.180 anchor=0.921@-0.129 phi=0.161
frame@91440: gain=0.464 ref=0.407 mse=0.091 tau=-0.103 omega=-2.50E-005 bad=0 tapChange=0.0096 floor=0.0054 fading=True/True preMse=0.168 energy=0.222/0.107 fresh=False phase=-0.025 anchor=0.910@-0.020 phi=0.025
frame@91536: gain=0.511 ref=0.409 mse=0.039 tau=-0.103 omega=-4.31E-005 bad=0 tapChange=0.0045 floor=0.0045 fading=True/True preMse=0.072 energy=0.217/0.113 fresh=False phase=-0.034 anchor=0.940@-0.027 phi=0.035
frame@91632: gain=0.453 ref=0.414 mse=0.138 tau=-0.104 omega=-6.56E-005 bad=0 tapChange=0.0157 floor=0.0048 fading=True/True preMse=0.255 energy=0.200/0.118 fresh=False phase=-0.047 anchor=0.900@-0.033 phi=0.043
frame@91728: gain=0.470 ref=0.416 mse=0.043 tau=-0.104 omega=-9.08E-005 bad=0 tapChange=0.0052 floor=0.0052 fading=True/True preMse=0.079 energy=0.176/0.122 fresh=False phase=-0.046 anchor=0.904@-0.038 phi=0.048
frame@91824: gain=0.467 ref=0.419 mse=0.048 tau=-0.104 omega=-8.40E-005 bad=0 tapChange=0.0057 floor=0.0055 fading=True/True preMse=0.088 energy=0.145/0.125 fresh=False phase=0.017 anchor=0.896@0.011 phi=-0.013
frame@91920: gain=0.440 ref=0.421 mse=0.056 tau=-0.105 omega=-8.68E-005 bad=0 tapChange=0.0066 floor=0.0059 fading=True/True preMse=0.103 energy=0.113/0.126 fresh=False phase=-0.005 anchor=0.859@-0.004 phi=0.005
frame@92016: gain=0.417 ref=0.422 mse=0.049 tau=-0.107 omega=-1.07E-004 bad=0 tapChange=0.0045 floor=0.0045 fading=True/True preMse=0.090 energy=0.083/0.125 fresh=False phase=-0.046 anchor=0.815@-0.029 phi=0.038
frame@92112: gain=0.395 ref=0.422 mse=0.069 tau=-0.107 omega=-1.48E-004 bad=0 tapChange=0.0052 floor=0.0048 fading=True/True preMse=0.127 energy=0.059/0.123 fresh=False phase=-0.092 anchor=0.764@-0.064 phi=0.080
frame@92208: gain=0.353 ref=0.421 mse=0.088 tau=-0.107 omega=-1.74E-004 bad=0 tapChange=0.0051 floor=0.0051 fading=True/True preMse=0.162 energy=0.041/0.120 fresh=False phase=-0.051 anchor=0.686@-0.040 phi=0.049
frame@92304: gain=0.323 ref=0.417 mse=0.124 tau=-0.107 omega=-2.25E-004 bad=0 tapChange=0.0059 floor=0.0054 fading=True/True preMse=0.229 energy=0.030/0.116 fresh=False phase=-0.105 anchor=0.623@-0.082 phi=0.097
frame@92400: gain=0.302 ref=0.413 mse=0.130 tau=-0.106 omega=-2.74E-004 bad=0 tapChange=0.0043 floor=0.0043 fading=True/True preMse=0.239 energy=0.025/0.112 fresh=False phase=-0.116 anchor=0.586@-0.080 phi=0.094
frame@92496: gain=0.272 ref=0.407 mse=0.151 tau=-0.105 omega=-2.69E-004 bad=0 tapChange=0.0042 floor=0.0042 fading=True/True preMse=0.278 energy=0.023/0.107 fresh=False phase=0.006 anchor=0.532@0.007 phi=-0.009
frame@92592: gain=0.271 ref=0.400 mse=0.148 tau=-0.104 omega=-2.80E-004 bad=0 tapChange=0.0035 floor=0.0035 fading=True/True preMse=0.272 energy=0.023/0.103 fresh=False phase=-0.024 anchor=0.528@-0.020 phi=0.022
frame@92688: gain=0.266 ref=0.394 mse=0.148 tau=-0.104 omega=-2.67E-004 bad=0 tapChange=0.0031 floor=0.0031 fading=True/True preMse=0.274 energy=0.023/0.099 fresh=False phase=0.027 anchor=0.520@0.024 phi=-0.027
frame@92784: gain=0.264 ref=0.387 mse=0.149 tau=-0.105 omega=-2.37E-004 bad=0 tapChange=0.0029 floor=0.0029 fading=True/True preMse=0.275 energy=0.024/0.095 fresh=False phase=0.059 anchor=0.517@0.051 phi=-0.057
frame@92880: gain=0.263 ref=0.381 mse=0.156 tau=-0.107 omega=-1.86E-004 bad=0 tapChange=0.0034 floor=0.0031 fading=True/True preMse=0.288 energy=0.025/0.092 fresh=False phase=0.099 anchor=0.516@0.086 phi=-0.097
frame@92976: gain=0.267 ref=0.375 mse=0.166 tau=-0.108 omega=-1.35E-004 bad=0 tapChange=0.0052 floor=0.0034 fading=True/True preMse=0.307 energy=0.027/0.088 fresh=False phase=0.109 anchor=0.531@0.089 phi=-0.099
frame@93072: gain=0.243 ref=0.370 mse=0.189 tau=-0.109 omega=-6.46E-005 bad=0 tapChange=0.0074 floor=0.0037 fading=True/True preMse=0.349 energy=0.032/0.085 fresh=False phase=0.173 anchor=0.511@0.121 phi=-0.134
frame@93168: gain=0.268 ref=0.364 mse=0.183 tau=-0.110 omega=1.96E-005 bad=0 tapChange=0.0076 floor=0.0040 fading=True/True preMse=0.338 energy=0.041/0.083 fresh=False phase=0.194 anchor=0.548@0.144 phi=-0.162
frame@93264: gain=0.296 ref=0.359 mse=0.167 tau=-0.109 omega=1.04E-004 bad=0 tapChange=0.0075 floor=0.0042 fading=True/True preMse=0.309 energy=0.053/0.081 fresh=False phase=0.185 anchor=0.592@0.144 phi=-0.162
frame@93360: gain=0.305 ref=0.356 mse=0.155 tau=-0.108 omega=1.88E-004 bad=0 tapChange=0.0081 floor=0.0046 fading=True/True preMse=0.286 energy=0.067/0.079 fresh=False phase=0.199 anchor=0.627@0.144 phi=-0.162
frame@93456: gain=0.341 ref=0.353 mse=0.137 tau=-0.108 omega=2.23E-004 bad=0 tapChange=0.0086 floor=0.0049 fading=True/True preMse=0.254 energy=0.082/0.079 fresh=False phase=0.068 anchor=0.694@0.059 phi=-0.068
frame@93552: gain=0.382 ref=0.353 mse=0.084 tau=-0.107 omega=2.76E-004 bad=0 tapChange=0.0050 floor=0.0050 fading=True/True preMse=0.156 energy=0.095/0.079 fresh=False phase=0.114 anchor=0.758@0.088 phi=-0.100
frame@93648: gain=0.429 ref=0.354 mse=0.065 tau=-0.105 omega=3.26E-004 bad=0 tapChange=0.0040 floor=0.0040 fading=True/True preMse=0.119 energy=0.106/0.080 fresh=False phase=0.108 anchor=0.824@0.083 phi=-0.097
frame@93744: gain=0.431 ref=0.358 mse=0.081 tau=-0.105 omega=3.68E-004 bad=0 tapChange=0.0054 floor=0.0043 fading=True/True preMse=0.150 energy=0.113/0.081 fresh=False phase=0.076 anchor=0.831@0.069 phi=-0.081
frame@93840: gain=0.438 ref=0.361 mse=0.046 tau=-0.103 omega=3.81E-004 bad=0 tapChange=0.0032 floor=0.0032 fading=True/True preMse=0.084 energy=0.115/0.082 fresh=False phase=0.010 anchor=0.853@0.022 phi=-0.025
frame@93936: gain=0.461 ref=0.365 mse=0.036 tau=-0.103 omega=4.14E-004 bad=0 tapChange=0.0025 floor=0.0025 fading=True/True preMse=0.067 energy=0.112/0.084 fresh=False phase=0.062 anchor=0.869@0.054 phi=-0.063
frame@94032: gain=0.451 ref=0.370 mse=0.041 tau=-0.101 omega=4.24E-004 bad=0 tapChange=0.0030 floor=0.0027 fading=True/True preMse=0.076 energy=0.108/0.086 fresh=False phase=0.007 anchor=0.860@0.016 phi=-0.019
frame@94128: gain=0.437 ref=0.374 mse=0.035 tau=-0.101 omega=4.33E-004 bad=0 tapChange=0.0024 floor=0.0024 fading=True/True preMse=0.064 energy=0.100/0.087 fresh=False phase=-0.002 anchor=0.846@0.013 phi=-0.016
frame@94224: gain=0.401 ref=0.377 mse=0.050 tau=-0.099 omega=4.39E-004 bad=0 tapChange=0.0032 floor=0.0026 fading=True/True preMse=0.093 energy=0.092/0.087 fresh=False phase=-0.004 anchor=0.790@0.011 phi=-0.013
frame@94320: gain=0.389 ref=0.378 mse=0.060 tau=-0.097 omega=4.49E-004 bad=0 tapChange=0.0037 floor=0.0029 fading=False/True preMse=0.111 energy=0.085/0.088 fresh=False phase=0.010 anchor=0.767@0.015 phi=-0.018
frame@94416: gain=0.354 ref=0.379 mse=0.082 tau=-0.095 omega=4.42E-004 bad=0 tapChange=0.0050 floor=0.0031 fading=False/True preMse=0.152 energy=0.079/0.087 fresh=False phase=-0.038 anchor=0.719@-0.011 phi=0.012
frame@94512: gain=0.340 ref=0.378 mse=0.091 tau=-0.093 omega=4.48E-004 bad=0 tapChange=0.0051 floor=0.0034 fading=False/True preMse=0.167 energy=0.074/0.087 fresh=False phase=0.003 anchor=0.692@0.008 phi=-0.010
frame@94608: gain=0.318 ref=0.376 mse=0.114 tau=-0.092 omega=4.36E-004 bad=0 tapChange=0.0065 floor=0.0037 fading=False/True preMse=0.211 energy=0.072/0.086 fresh=False phase=-0.047 anchor=0.660@-0.019 phi=0.021
frame@94704: gain=0.297 ref=0.373 mse=0.134 tau=-0.090 omega=4.26E-004 bad=0 tapChange=0.0075 floor=0.0039 fading=False/True preMse=0.247 energy=0.072/0.086 fresh=False phase=-0.044 anchor=0.630@-0.018 phi=0.020
frame@94800: gain=0.276 ref=0.369 mse=0.163 tau=-0.087 omega=4.00E-004 bad=0 tapChange=0.0095 floor=0.0042 fading=False/True preMse=0.301 energy=0.075/0.085 fresh=False phase=-0.089 anchor=0.604@-0.044 phi=0.049
frame@94896: gain=0.272 ref=0.364 mse=0.161 tau=-0.079 omega=3.85E-004 bad=0 tapChange=0.0096 floor=0.0045 fading=False/True preMse=0.298 energy=0.079/0.084 fresh=False phase=-0.057 anchor=0.608@-0.027 phi=0.029
frame@94992: gain=0.277 ref=0.360 mse=0.156 tau=-0.080 omega=3.73E-004 bad=0 tapChange=0.0094 floor=0.0049 fading=False/True preMse=0.289 energy=0.085/0.084 fresh=False phase=-0.047 anchor=0.621@-0.021 phi=0.023
frame@95088: gain=0.283 ref=0.356 mse=0.152 tau=-0.086 omega=3.47E-004 bad=0 tapChange=0.0092 floor=0.0052 fading=False/True preMse=0.281 energy=0.092/0.084 fresh=False phase=-0.078 anchor=0.633@-0.045 phi=0.050
frame@95184: gain=0.306 ref=0.352 mse=0.137 tau=-0.097 omega=3.10E-004 bad=0 tapChange=0.0082 floor=0.0056 fading=False/True preMse=0.253 energy=0.100/0.085 fresh=False phase=-0.112 anchor=0.665@-0.064 phi=0.071
frame@95280: gain=0.334 ref=0.350 mse=0.113 tau=-0.107 omega=2.69E-004 bad=0 tapChange=0.0065 floor=0.0060 fading=False/True preMse=0.209 energy=0.107/0.085 fresh=False phase=-0.120 anchor=0.708@-0.071 phi=0.079
frame@95376: gain=0.355 ref=0.349 mse=0.102 tau=-0.131 omega=2.17E-004 bad=0 tapChange=0.0059 floor=0.0059 fading=False/True preMse=0.189 energy=0.114/0.087 fresh=False phase=-0.147 anchor=0.738@-0.088 phi=0.099
frame@95472: gain=0.365 ref=0.349 mse=0.094 tau=-0.138 omega=1.56E-004 bad=0 tapChange=0.0054 floor=0.0054 fading=False/True preMse=0.174 energy=0.119/0.088 fresh=False phase=-0.180 anchor=0.759@-0.105 phi=0.118
frame@95568: gain=0.379 ref=0.350 mse=0.073 tau=-0.147 omega=1.17E-004 bad=0 tapChange=0.0044 floor=0.0044 fading=False/True preMse=0.135 energy=0.121/0.089 fresh=False phase=-0.110 anchor=0.773@-0.067 phi=0.075
frame@95664: gain=0.397 ref=0.351 mse=0.053 tau=-0.149 omega=7.51E-005 bad=0 tapChange=0.0030 floor=0.0030 fading=False/True preMse=0.098 energy=0.120/0.091 fresh=False phase=-0.108 anchor=0.793@-0.070 phi=0.080
frame@95760: gain=0.383 ref=0.354 mse=0.102 tau=-0.153 omega=4.82E-005 bad=0 tapChange=0.0061 floor=0.0032 fading=False/True preMse=0.188 energy=0.117/0.092 fresh=False phase=-0.067 anchor=0.764@-0.045 phi=0.052
frame@95856: gain=0.423 ref=0.355 mse=0.061 tau=-0.160 omega=1.82E-006 bad=0 tapChange=0.0037 floor=0.0035 fading=False/True preMse=0.112 energy=0.111/0.094 fresh=False phase=-0.117 anchor=0.821@-0.077 phi=0.089
frame@95952: gain=0.375 ref=0.359 mse=0.122 tau=-0.164 omega=1.64E-006 bad=0 tapChange=0.0065 floor=0.0038 fading=False/True preMse=0.226 energy=0.105/0.095 fresh=False phase=0.034 anchor=0.740@-0.001 phi=0.000
frame@96048: gain=0.366 ref=0.359 mse=0.169 tau=-0.163 omega=-6.71E-005 bad=0 tapChange=0.0103 floor=0.0041 fading=False/True preMse=0.311 energy=0.100/0.095 fresh=False phase=-0.167 anchor=0.727@-0.116 phi=0.132
frame@96144: gain=0.326 ref=0.360 mse=0.179 tau=-0.165 omega=-4.34E-005 bad=0 tapChange=0.0117 floor=0.0044 fading=False/True preMse=0.331 energy=0.095/0.095 fresh=False phase=0.077 anchor=0.668@0.039 phi=-0.045
frame@96240: gain=0.328 ref=0.358 mse=0.180 tau=-0.165 omega=-4.61E-005 bad=0 tapChange=0.0117 floor=0.0047 fading=False/True preMse=0.333 energy=0.093/0.095 fresh=False phase=0.026 anchor=0.687@-0.004 phi=0.005
frame@96336: gain=0.300 ref=0.357 mse=0.245 tau=-0.163 omega=-8.92E-005 bad=0 tapChange=0.0163 floor=0.0050 fading=False/True preMse=0.452 energy=0.093/0.095 fresh=False phase=-0.074 anchor=0.629@-0.074 phi=0.083
frame@96432: gain=0.357 ref=0.354 mse=0.163 tau=-0.161 omega=-5.47E-005 bad=0 tapChange=0.0110 floor=0.0054 fading=False/True preMse=0.300 energy=0.093/0.095 fresh=False phase=0.115 anchor=0.723@0.058 phi=-0.066
frame@96528: gain=0.344 ref=0.354 mse=0.241 tau=-0.159 omega=5.87E-006 bad=0 tapChange=0.0157 floor=0.0058 fading=False/True preMse=0.445 energy=0.093/0.095 fresh=False phase=0.212 anchor=0.702@0.101 phi=-0.116
frame@96624: gain=0.219 ref=0.353 mse=0.371 tau=-0.155 omega=1.70E-006 bad=0 tapChange=0.0262 floor=0.0061 fading=False/True preMse=0.685 energy=0.092/0.095 fresh=False phase=-0.020 anchor=0.529@-0.007 phi=0.008
frame@96720: gain=0.299 ref=0.347 mse=0.198 tau=-0.153 omega=5.44E-005 bad=0 tapChange=0.0136 floor=0.0065 fading=False/True preMse=0.365 energy=0.088/0.095 fresh=False phase=0.140 anchor=0.645@0.089 phi=-0.101
frame@96816: gain=0.359 ref=0.344 mse=0.193 tau=-0.151 omega=7.61E-005 bad=0 tapChange=0.0128 floor=0.0070 fading=False/True preMse=0.356 energy=0.080/0.094 fresh=False phase=0.104 anchor=0.723@0.036 phi=-0.042
frame@96912: gain=0.259 ref=0.345 mse=0.221 tau=-0.148 omega=1.47E-004 bad=0 tapChange=0.0137 floor=0.0074 fading=False/True preMse=0.408 energy=0.070/0.094 fresh=False phase=0.216 anchor=0.578@0.122 phi=-0.137
frame@97008: gain=0.211 ref=0.341 mse=0.340 tau=-0.145 omega=1.48E-004 bad=0 tapChange=0.0219 floor=0.0079 fading=False/True preMse=0.628 energy=0.060/0.093 fresh=False phase=-0.007 anchor=0.484@0.002 phi=-0.002
frame@97104: gain=0.197 ref=0.334 mse=0.326 tau=-0.141 omega=2.95E-004 bad=0 tapChange=0.0179 floor=0.0084 fading=False/True preMse=0.603 energy=0.051/0.091 fresh=False phase=0.437 anchor=0.442@0.257 phi=-0.282
frame@97200: gain=0.168 ref=0.327 mse=0.312 tau=-0.138 omega=3.65E-004 bad=0 tapChange=0.0161 floor=0.0089 fading=False/True preMse=0.577 energy=0.044/0.089 fresh=False phase=0.172 anchor=0.411@0.124 phi=-0.135
frame@97296: gain=0.195 ref=0.319 mse=0.342 tau=-0.131 omega=5.88E-004 bad=0 tapChange=0.0154 floor=0.0095 fading=False/True preMse=0.631 energy=0.041/0.087 fresh=False phase=0.569 anchor=0.415@0.393 phi=-0.428
frame@97392: gain=0.203 ref=0.313 mse=0.277 tau=-0.125 omega=7.41E-004 bad=0 tapChange=0.0122 floor=0.0100 fading=False/True preMse=0.511 energy=0.040/0.084 fresh=False phase=0.373 anchor=0.447@0.266 phi=-0.292
frame@97488: gain=0.276 ref=0.308 mse=0.170 tau=-0.113 omega=8.31E-004 bad=0 tapChange=0.0073 floor=0.0073 fading=False/True preMse=0.314 energy=0.042/0.082 fresh=False phase=0.204 anchor=0.564@0.155 phi=-0.173
frame@97584: gain=0.349 ref=0.306 mse=0.097 tau=-0.087 omega=8.36E-004 bad=0 tapChange=0.0042 floor=0.0042 fading=False/True preMse=0.179 energy=0.044/0.080 fresh=False phase=0.001 anchor=0.679@0.010 phi=-0.011
frame@97680: gain=0.397 ref=0.308 mse=0.061 tau=-0.078 omega=8.34E-004 bad=0 tapChange=0.0025 floor=0.0025 fading=False/True preMse=0.112 energy=0.044/0.078 fresh=False phase=-0.009 anchor=0.753@-0.004 phi=0.005
frame@97776: gain=0.412 ref=0.313 mse=0.055 tau=-0.071 omega=7.95E-004 bad=0 tapChange=0.0021 floor=0.0021 fading=False/True preMse=0.101 energy=0.042/0.077 fresh=False phase=-0.084 anchor=0.770@-0.064 phi=0.074
frame@97872: gain=0.408 ref=0.318 mse=0.056 tau=-0.069 omega=7.34E-004 bad=0 tapChange=0.0017 floor=0.0017 fading=False/True preMse=0.103 energy=0.036/0.075 fresh=False phase=-0.123 anchor=0.760@-0.101 phi=0.117
frame@97968: gain=0.364 ref=0.322 mse=0.083 tau=-0.073 omega=6.66E-004 bad=0 tapChange=0.0018 floor=0.0018 fading=False/True preMse=0.153 energy=0.028/0.073 fresh=False phase=-0.132 anchor=0.686@-0.115 phi=0.131
frame@98064: gain=0.314 ref=0.324 mse=0.130 tau=-0.075 omega=5.99E-004 bad=0 tapChange=0.0025 floor=0.0020 fading=False/True preMse=0.240 energy=0.020/0.071 fresh=False phase=-0.147 anchor=0.589@-0.115 phi=0.129
frame@98160: gain=0.253 ref=0.324 mse=0.186 tau=-0.077 omega=5.08E-004 bad=0 tapChange=0.0024 floor=0.0022 fading=False/True preMse=0.343 energy=0.012/0.068 fresh=False phase=-0.183 anchor=0.478@-0.160 phi=0.175
frame@98256: gain=0.157 ref=0.320 mse=0.314 tau=-0.080 omega=3.86E-004 bad=0 tapChange=0.0037 floor=0.0024 fading=False/True preMse=0.580 energy=0.008/0.065 fresh=False phase=-0.238 anchor=0.306@-0.220 phi=0.234
frame@98352: gain=0.093 ref=0.312 mse=0.456 tau=-0.079 omega=5.11E-005 bad=0 tapChange=0.0066 floor=0.0026 fading=False/True preMse=0.842 energy=0.008/0.062 fresh=False phase=-0.737 anchor=0.183@-0.620 phi=0.643
frame@98448: gain=0.120 ref=0.312 mse=0.428 tau=-0.080 omega=-2.68E-004 bad=1 tapChange=0.0091 floor=0.0028 fading=False/True preMse=0.790 energy=0.013/0.062 fresh=False phase=-0.693 anchor=0.242@-0.584 phi=0.613
frame@98544: gain=0.176 ref=0.312 mse=0.337 tau=-0.078 omega=-5.05E-004 bad=2 tapChange=0.0105 floor=0.0031 fading=False/True preMse=0.623 energy=0.023/0.062 fresh=False phase=-0.527 anchor=0.368@-0.421 phi=0.454
frame@98640: gain=0.267 ref=0.305 mse=0.171 tau=-0.073 omega=-5.38E-004 bad=0 tapChange=0.0069 floor=0.0033 fading=False/True preMse=0.315 energy=0.036/0.061 fresh=False phase=-0.060 anchor=0.550@-0.057 phi=0.064
frame@98736: gain=0.353 ref=0.303 mse=0.102 tau=-0.070 omega=-5.29E-004 bad=0 tapChange=0.0048 floor=0.0036 fading=False/True preMse=0.189 energy=0.050/0.059 fresh=False phase=0.028 anchor=0.689@0.016 phi=-0.018
frame@98832: gain=0.442 ref=0.306 mse=0.059 tau=-0.062 omega=-5.04E-004 bad=0 tapChange=0.0036 floor=0.0036 fading=False/True preMse=0.109 energy=0.063/0.059 fresh=False phase=0.072 anchor=0.824@0.041 phi=-0.048
frame@98928: gain=0.459 ref=0.313 mse=0.035 tau=-0.056 omega=-4.64E-004 bad=0 tapChange=0.0019 floor=0.0019 fading=False/True preMse=0.064 energy=0.072/0.059 fresh=False phase=0.080 anchor=0.858@0.064 phi=-0.075
frame@99024: gain=0.473 ref=0.320 mse=0.038 tau=-0.057 omega=-4.06E-004 bad=0 tapChange=0.0022 floor=0.0021 fading=False/True preMse=0.070 energy=0.077/0.060 fresh=False phase=0.120 anchor=0.877@0.094 phi=-0.112
frame@99120: gain=0.488 ref=0.328 mse=0.033 tau=-0.059 omega=-3.91E-004 bad=0 tapChange=0.0025 floor=0.0023 fading=False/True preMse=0.061 energy=0.077/0.061 fresh=False phase=0.042 anchor=0.892@0.024 phi=-0.028
frame@99216: gain=0.478 ref=0.336 mse=0.044 tau=-0.062 omega=-3.23E-004 bad=0 tapChange=0.0029 floor=0.0025 fading=False/True preMse=0.081 energy=0.072/0.061 fresh=False phase=0.147 anchor=0.883@0.111 phi=-0.132
frame@99312: gain=0.433 ref=0.343 mse=0.048 tau=-0.058 omega=-2.91E-004 bad=0 tapChange=0.0022 floor=0.0022 fading=False/True preMse=0.089 energy=0.064/0.062 fresh=False phase=0.052 anchor=0.820@0.053 phi=-0.061
frame@99408: gain=0.409 ref=0.347 mse=0.054 tau=-0.061 omega=-2.18E-004 bad=0 tapChange=0.0020 floor=0.0020 fading=False/True preMse=0.100 energy=0.055/0.062 fresh=False phase=0.159 anchor=0.772@0.118 phi=-0.139
frame@99504: gain=0.373 ref=0.350 mse=0.128 tau=-0.062 omega=-8.02E-005 bad=0 tapChange=0.0055 floor=0.0022 fading=False/True preMse=0.236 energy=0.047/0.062 fresh=False phase=0.284 anchor=0.714@0.227 phi=-0.265
frame@99600: gain=0.335 ref=0.352 mse=0.145 tau=-0.067 omega=3.29E-005 bad=0 tapChange=0.0068 floor=0.0024 fading=False/True preMse=0.268 energy=0.041/0.061 fresh=False phase=0.235 anchor=0.665@0.188 phi=-0.217
frame@99696: gain=0.317 ref=0.351 mse=0.177 tau=-0.069 omega=-1.07E-005 bad=0 tapChange=0.0099 floor=0.0026 fading=False/True preMse=0.326 energy=0.038/0.060 fresh=False phase=-0.116 anchor=0.612@-0.073 phi=0.084
frame@99792: gain=0.345 ref=0.349 mse=0.184 tau=-0.072 omega=1.87E-004 bad=0 tapChange=0.0074 floor=0.0028 fading=False/True preMse=0.340 energy=0.037/0.059 fresh=False phase=0.427 anchor=0.652@0.329 phi=-0.379
frame@99888: gain=0.353 ref=0.349 mse=0.085 tau=-0.076 omega=2.42E-004 bad=0 tapChange=0.0027 floor=0.0027 fading=False/True preMse=0.157 energy=0.039/0.058 fresh=False phase=0.113 anchor=0.678@0.091 phi=-0.105
frame@99984: gain=0.344 ref=0.349 mse=0.137 tau=-0.080 omega=2.46E-004 bad=0 tapChange=0.0067 floor=0.0029 fading=False/True preMse=0.253 energy=0.042/0.057 fresh=False phase=0.006 anchor=0.684@0.008 phi=-0.008
frame@100080: gain=0.358 ref=0.349 mse=0.226 tau=-0.084 omega=2.55E-004 bad=0 tapChange=0.0153 floor=0.0032 fading=True/True preMse=0.417 energy=0.044/0.056 fresh=False phase=0.006 anchor=0.669@0.015 phi=-0.017
frame@100176: gain=0.397 ref=0.349 mse=0.096 tau=-0.088 omega=2.74E-004 bad=0 tapChange=0.0058 floor=0.0034 fading=True/True preMse=0.178 energy=0.045/0.056 fresh=False phase=0.037 anchor=0.759@0.032 phi=-0.037
frame@100272: gain=0.409 ref=0.352 mse=0.060 tau=-0.092 omega=2.38E-004 bad=0 tapChange=0.0024 floor=0.0024 fading=True/True preMse=0.112 energy=0.044/0.055 fresh=False phase=-0.078 anchor=0.765@-0.058 phi=0.070
frame@100368: gain=0.370 ref=0.355 mse=0.092 tau=-0.095 omega=1.98E-004 bad=0 tapChange=0.0040 floor=0.0026 fading=True/True preMse=0.171 energy=0.040/0.054 fresh=False phase=-0.082 anchor=0.725@-0.066 phi=0.077
frame@100464: gain=0.375 ref=0.355 mse=0.084 tau=-0.097 omega=1.41E-004 bad=0 tapChange=0.0026 floor=0.0026 fading=True/True preMse=0.155 energy=0.036/0.054 fresh=False phase=-0.124 anchor=0.699@-0.093 phi=0.109
frame@100560: gain=0.314 ref=0.356 mse=0.138 tau=-0.098 omega=4.66E-005 bad=0 tapChange=0.0046 floor=0.0028 fading=True/True preMse=0.255 energy=0.030/0.053 fresh=False phase=-0.202 anchor=0.606@-0.161 phi=0.182
frame@100656: gain=0.291 ref=0.354 mse=0.171 tau=-0.099 omega=-2.33E-005 bad=0 tapChange=0.0063 floor=0.0030 fading=True/True preMse=0.315 energy=0.025/0.052 fresh=False phase=-0.148 anchor=0.562@-0.120 phi=0.134
frame@100752: gain=0.242 ref=0.351 mse=0.216 tau=-0.099 omega=-1.11E-004 bad=0 tapChange=0.0062 floor=0.0033 fading=True/True preMse=0.399 energy=0.021/0.050 fresh=False phase=-0.202 anchor=0.475@-0.152 phi=0.169
frame@100848: gain=0.220 ref=0.346 mse=0.223 tau=-0.099 omega=-2.39E-004 bad=0 tapChange=0.0043 floor=0.0036 fading=True/True preMse=0.411 energy=0.019/0.049 fresh=False phase=-0.285 anchor=0.440@-0.224 phi=0.245
frame@100944: gain=0.226 ref=0.339 mse=0.247 tau=-0.094 omega=-4.16E-004 bad=0 tapChange=0.0059 floor=0.0038 fading=True/True preMse=0.456 energy=0.018/0.047 fresh=False phase=-0.378 anchor=0.443@-0.311 phi=0.340
frame@101040: gain=0.226 ref=0.334 mse=0.210 tau=-0.092 omega=-4.93E-004 bad=0 tapChange=0.0042 floor=0.0041 fading=True/True preMse=0.387 energy=0.018/0.046 fresh=False phase=-0.157 anchor=0.449@-0.135 phi=0.148
frame@101136: gain=0.251 ref=0.328 mse=0.182 tau=-0.082 omega=-5.83E-004 bad=0 tapChange=0.0031 floor=0.0031 fading=True/True preMse=0.336 energy=0.018/0.045 fresh=False phase=-0.174 anchor=0.483@-0.158 phi=0.173
frame@101232: gain=0.272 ref=0.324 mse=0.152 tau=-0.072 omega=-6.68E-004 bad=0 tapChange=0.0023 floor=0.0023 fading=True/True preMse=0.280 energy=0.018/0.043 fresh=False phase=-0.176 anchor=0.523@-0.147 phi=0.162
frame@101328: gain=0.291 ref=0.322 mse=0.125 tau=-0.063 omega=-7.01E-004 bad=0 tapChange=0.0015 floor=0.0015 fading=True/True preMse=0.230 energy=0.018/0.042 fresh=False phase=-0.064 anchor=0.555@-0.057 phi=0.064
frame@101424: gain=0.310 ref=0.320 mse=0.112 tau=-0.060 omega=-7.50E-004 bad=0 tapChange=0.0011 floor=0.0011 fading=True/True preMse=0.207 energy=0.018/0.041 fresh=False phase=-0.094 anchor=0.582@-0.085 phi=0.094
frame@101520: gain=0.333 ref=0.320 mse=0.092 tau=-0.056 omega=-7.19E-004 bad=0 tapChange=0.0010 floor=0.0010 fading=True/True preMse=0.169 energy=0.019/0.040 fresh=False phase=0.064 anchor=0.626@0.053 phi=-0.060
frame@101616: gain=0.342 ref=0.320 mse=0.087 tau=-0.058 omega=-7.50E-004 bad=0 tapChange=0.0009 floor=0.0009 fading=True/True preMse=0.162 energy=0.019/0.039 fresh=False phase=-0.061 anchor=0.635@-0.053 phi=0.059
frame@101712: gain=0.372 ref=0.321 mse=0.081 tau=-0.060 omega=-7.54E-004 bad=0 tapChange=0.0014 floor=0.0010 fading=True/True preMse=0.150 energy=0.020/0.038 fresh=False phase=-0.009 anchor=0.682@-0.008 phi=0.009
frame@101808: gain=0.391 ref=0.324 mse=0.067 tau=-0.062 omega=-6.93E-004 bad=0 tapChange=0.0012 floor=0.0012 fading=True/True preMse=0.125 energy=0.021/0.037 fresh=False phase=0.129 anchor=0.721@0.105 phi=-0.119
frame@101904: gain=0.369 ref=0.327 mse=0.108 tau=-0.064 omega=-6.45E-004 bad=0 tapChange=0.0036 floor=0.0013 fading=True/True preMse=0.199 energy=0.023/0.036 fresh=False phase=0.094 anchor=0.689@0.081 phi=-0.091
frame@102000: gain=0.388 ref=0.329 mse=0.069 tau=-0.067 omega=-5.78E-004 bad=0 tapChange=0.0011 floor=0.0011 fading=True/True preMse=0.128 energy=0.024/0.035 fresh=False phase=0.138 anchor=0.710@0.113 phi=-0.129
frame@102096: gain=0.390 ref=0.332 mse=0.096 tau=-0.070 omega=-4.92E-004 bad=0 tapChange=0.0027 floor=0.0012 fading=True/True preMse=0.177 energy=0.025/0.035 fresh=False phase=0.164 anchor=0.730@0.146 phi=-0.166
frame@102192: gain=0.433 ref=0.335 mse=0.088 tau=-0.074 omega=-3.72E-004 bad=0 tapChange=0.0025 floor=0.0014 fading=True/True preMse=0.162 energy=0.027/0.034 fresh=False phase=0.244 anchor=0.784@0.200 phi=-0.229
frame@102288: gain=0.415 ref=0.340 mse=0.085 tau=-0.075 omega=-3.15E-004 bad=0 tapChange=0.0036 floor=0.0016 fading=True/True preMse=0.158 energy=0.029/0.034 fresh=False phase=0.121 anchor=0.758@0.095 phi=-0.110
frame@102384: gain=0.430 ref=0.344 mse=0.085 tau=-0.076 omega=-2.35E-004 bad=0 tapChange=0.0039 floor=0.0018 fading=True/True preMse=0.157 energy=0.033/0.034 fresh=False phase=0.158 anchor=0.789@0.132 phi=-0.153
frame@102480: gain=0.473 ref=0.348 mse=0.072 tau=-0.077 omega=-1.30E-004 bad=0 tapChange=0.0033 floor=0.0019 fading=True/True preMse=0.133 energy=0.037/0.034 fresh=False phase=0.219 anchor=0.867@0.173 phi=-0.202
frame@102576: gain=0.492 ref=0.354 mse=0.048 tau=-0.076 omega=-7.49E-005 bad=0 tapChange=0.0028 floor=0.0021 fading=True/True preMse=0.088 energy=0.043/0.034 fresh=False phase=0.115 anchor=0.891@0.089 phi=-0.105
frame@102672: gain=0.519 ref=0.361 mse=0.055 tau=-0.076 omega=-3.29E-005 bad=0 tapChange=0.0040 floor=0.0023 fading=True/True preMse=0.101 energy=0.048/0.034 fresh=False phase=0.082 anchor=0.918@0.068 phi=-0.081
frame@102768: gain=0.496 ref=0.369 mse=0.035 tau=-0.075 omega=-1.50E-005 bad=0 tapChange=0.0024 floor=0.0024 fading=True/True preMse=0.065 energy=0.053/0.035 fresh=False phase=0.033 anchor=0.906@0.029 phi=-0.034
frame@102864: gain=0.535 ref=0.376 mse=0.050 tau=-0.074 omega=4.86E-005 bad=0 tapChange=0.0044 floor=0.0026 fading=True/True preMse=0.092 energy=0.055/0.036 fresh=False phase=0.126 anchor=0.959@0.100 phi=-0.122
frame@102960: gain=0.504 ref=0.384 mse=0.022 tau=-0.072 omega=1.95E-005 bad=0 tapChange=0.0018 floor=0.0018 fading=True/True preMse=0.041 energy=0.054/0.037 fresh=False phase=-0.057 anchor=0.910@-0.045 phi=0.056
frame@103056: gain=0.450 ref=0.390 mse=0.041 tau=-0.068 omega=2.50E-005 bad=0 tapChange=0.0025 floor=0.0020 fading=True/True preMse=0.076 energy=0.050/0.038 fresh=False phase=0.007 anchor=0.836@0.008 phi=-0.011
frame@103152: gain=0.417 ref=0.393 mse=0.043 tau=-0.066 omega=-1.76E-005 bad=0 tapChange=0.0015 floor=0.0015 fading=True/True preMse=0.080 energy=0.043/0.038 fresh=False phase=-0.091 anchor=0.781@-0.069 phi=0.082
frame@103248: gain=0.371 ref=0.394 mse=0.063 tau=-0.061 omega=-2.21E-005 bad=0 tapChange=0.0018 floor=0.0017 fading=False/True preMse=0.116 energy=0.035/0.039 fresh=False phase=-0.011 anchor=0.710@-0.008 phi=0.009
frame@103344: gain=0.313 ref=0.393 mse=0.114 tau=-0.056 omega=-9.35E-005 bad=0 tapChange=0.0027 floor=0.0018 fading=False/True preMse=0.211 energy=0.027/0.038 fresh=False phase=-0.152 anchor=0.606@-0.120 phi=0.137
frame@103440: gain=0.259 ref=0.389 mse=0.170 tau=-0.062 omega=-1.69E-004 bad=0 tapChange=0.0038 floor=0.0020 fading=False/True preMse=0.313 energy=0.021/0.038 fresh=False phase=-0.165 anchor=0.507@-0.130 phi=0.145
frame@103536: gain=0.229 ref=0.382 mse=0.216 tau=-0.071 omega=-3.05E-004 bad=0 tapChange=0.0043 floor=0.0022 fading=False/True preMse=0.398 energy=0.017/0.037 fresh=False phase=-0.292 anchor=0.449@-0.237 phi=0.261
frame@103632: gain=0.224 ref=0.374 mse=0.223 tau=-0.079 omega=-4.37E-004 bad=0 tapChange=0.0047 floor=0.0024 fading=False/True preMse=0.411 energy=0.017/0.036 fresh=False phase=-0.267 anchor=0.446@-0.231 phi=0.253
frame@103728: gain=0.224 ref=0.367 mse=0.232 tau=-0.086 omega=-5.78E-004 bad=0 tapChange=0.0050 floor=0.0027 fading=False/True preMse=0.428 energy=0.019/0.035 fresh=False phase=-0.293 anchor=0.442@-0.248 phi=0.271
frame@103824: gain=0.207 ref=0.360 mse=0.298 tau=-0.088 omega=-7.35E-004 bad=0 tapChange=0.0089 floor=0.0029 fading=False/True preMse=0.549 energy=0.021/0.034 fresh=False phase=-0.352 anchor=0.401@-0.277 phi=0.301
frame@103920: gain=0.247 ref=0.352 mse=0.208 tau=-0.091 omega=-7.18E-004 bad=0 tapChange=0.0064 floor=0.0032 fading=False/True preMse=0.383 energy=0.024/0.034 fresh=False phase=0.067 anchor=0.499@0.028 phi=-0.032
frame@104016: gain=0.251 ref=0.347 mse=0.220 tau=-0.092 omega=-7.17E-004 bad=0 tapChange=0.0081 floor=0.0034 fading=False/True preMse=0.407 energy=0.026/0.033 fresh=False phase=0.005 anchor=0.496@0.003 phi=-0.003
frame@104112: gain=0.257 ref=0.342 mse=0.178 tau=-0.093 omega=-7.33E-004 bad=0 tapChange=0.0049 floor=0.0037 fading=False/True preMse=0.328 energy=0.027/0.033 fresh=False phase=-0.053 anchor=0.504@-0.028 phi=0.031
frame@104208: gain=0.255 ref=0.338 mse=0.191 tau=-0.095 omega=-7.43E-004 bad=0 tapChange=0.0065 floor=0.0040 fading=False/True preMse=0.353 energy=0.029/0.032 fresh=False phase=-0.023 anchor=0.514@-0.017 phi=0.019
frame@104304: gain=0.258 ref=0.334 mse=0.202 tau=-0.095 omega=-7.89E-004 bad=0 tapChange=0.0075 floor=0.0043 fading=False/True preMse=0.373 energy=0.031/0.032 fresh=False phase=-0.092 anchor=0.522@-0.079 phi=0.087
frame@104400: gain=0.262 ref=0.330 mse=0.229 tau=-0.096 omega=-7.53E-004 bad=0 tapChange=0.0105 floor=0.0046 fading=False/True preMse=0.423 energy=0.034/0.032 fresh=False phase=0.106 anchor=0.541@0.062 phi=-0.069
frame@104496: gain=0.243 ref=0.327 mse=0.216 tau=-0.096 omega=-7.84E-004 bad=0 tapChange=0.0096 floor=0.0049 fading=False/True preMse=0.398 energy=0.038/0.032 fresh=False phase=-0.082 anchor=0.514@-0.054 phi=0.060
frame@104592: gain=0.312 ref=0.322 mse=0.178 tau=-0.096 omega=-8.13E-004 bad=0 tapChange=0.0084 floor=0.0052 fading=False/True preMse=0.328 energy=0.042/0.033 fresh=False phase=-0.075 anchor=0.609@-0.049 phi=0.055
frame@104688: gain=0.324 ref=0.322 mse=0.143 tau=-0.096 omega=-8.37E-004 bad=0 tapChange=0.0068 floor=0.0056 fading=False/True preMse=0.264 energy=0.047/0.033 fresh=False phase=-0.061 anchor=0.641@-0.042 phi=0.046
frame@104784: gain=0.347 ref=0.322 mse=0.141 tau=-0.095 omega=-7.78E-004 bad=0 tapChange=0.0070 floor=0.0060 fading=False/True preMse=0.261 energy=0.050/0.034 fresh=False phase=0.136 anchor=0.683@0.099 phi=-0.112
frame@104880: gain=0.392 ref=0.323 mse=0.086 tau=-0.095 omega=-7.59E-004 bad=0 tapChange=0.0045 floor=0.0045 fading=False/True preMse=0.159 energy=0.053/0.034 fresh=False phase=0.036 anchor=0.749@0.032 phi=-0.036
frame@104976: gain=0.396 ref=0.327 mse=0.101 tau=-0.094 omega=-7.62E-004 bad=0 tapChange=0.0055 floor=0.0049 fading=False/True preMse=0.186 energy=0.055/0.035 fresh=False phase=-0.004 anchor=0.748@-0.004 phi=0.005
frame@105072: gain=0.434 ref=0.330 mse=0.084 tau=-0.093 omega=-7.61E-004 bad=0 tapChange=0.0049 floor=0.0049 fading=False/True preMse=0.155 energy=0.056/0.036 fresh=False phase=0.012 anchor=0.802@0.002 phi=-0.003
frame@105168: gain=0.450 ref=0.335 mse=0.055 tau=-0.092 omega=-7.37E-004 bad=0 tapChange=0.0032 floor=0.0032 fading=False/True preMse=0.101 energy=0.057/0.037 fresh=False phase=0.063 anchor=0.837@0.040 phi=-0.046
frame@105264: gain=0.481 ref=0.341 mse=0.046 tau=-0.092 omega=-7.19E-004 bad=0 tapChange=0.0030 floor=0.0030 fading=False/True preMse=0.084 energy=0.059/0.038 fresh=False phase=0.052 anchor=0.879@0.029 phi=-0.034
frame@105360: gain=0.517 ref=0.348 mse=0.045 tau=-0.092 omega=-7.10E-004 bad=0 tapChange=0.0036 floor=0.0033 fading=False/True preMse=0.082 energy=0.062/0.039 fresh=False phase=0.033 anchor=0.929@0.014 phi=-0.017
frame@105456: gain=0.547 ref=0.357 mse=0.063 tau=-0.094 omega=-6.55E-004 bad=0 tapChange=0.0052 floor=0.0036 fading=False/True preMse=0.116 energy=0.065/0.041 fresh=False phase=0.128 anchor=0.973@0.087 phi=-0.106
frame@105552: gain=0.530 ref=0.366 mse=0.030 tau=-0.095 omega=-6.74E-004 bad=0 tapChange=0.0031 floor=0.0031 fading=False/True preMse=0.056 energy=0.071/0.042 fresh=False phase=-0.032 anchor=0.950@-0.028 phi=0.035
frame@105648: gain=0.543 ref=0.374 mse=0.032 tau=-0.095 omega=-6.67E-004 bad=0 tapChange=0.0032 floor=0.0032 fading=False/True preMse=0.060 energy=0.076/0.043 fresh=False phase=0.028 anchor=0.979@0.010 phi=-0.013
frame@105744: gain=0.537 ref=0.383 mse=0.025 tau=-0.096 omega=-6.60E-004 bad=0 tapChange=0.0027 floor=0.0027 fading=False/True preMse=0.047 energy=0.082/0.045 fresh=False phase=0.018 anchor=0.966@0.011 phi=-0.014
frame@105840: gain=0.554 ref=0.390 mse=0.029 tau=-0.099 omega=-6.25E-004 bad=0 tapChange=0.0035 floor=0.0029 fading=False/True preMse=0.054 energy=0.086/0.047 fresh=False phase=0.084 anchor=0.987@0.052 phi=-0.066
frame@105936: gain=0.542 ref=0.399 mse=0.023 tau=-0.099 omega=-6.42E-004 bad=0 tapChange=0.0029 floor=0.0029 fading=False/True preMse=0.042 energy=0.088/0.049 fresh=False phase=-0.028 anchor=0.968@-0.025 phi=0.032
frame@106032: gain=0.509 ref=0.406 mse=0.014 tau=-0.100 omega=-6.29E-004 bad=0 tapChange=0.0014 floor=0.0014 fading=False/True preMse=0.025 energy=0.089/0.051 fresh=False phase=0.030 anchor=0.926@0.019 phi=-0.024
frame@106128: gain=0.516 ref=0.411 mse=0.020 tau=-0.101 omega=-5.95E-004 bad=0 tapChange=0.0020 floor=0.0016 fading=False/True preMse=0.037 energy=0.087/0.053 fresh=False phase=0.082 anchor=0.938@0.050 phi=-0.066
frame@106224: gain=0.475 ref=0.416 mse=0.028 tau=-0.102 omega=-6.01E-004 bad=0 tapChange=0.0023 floor=0.0018 fading=False/True preMse=0.052 energy=0.084/0.054 fresh=False phase=-0.007 anchor=0.887@-0.007 phi=0.010
frame@106320: gain=0.468 ref=0.419 mse=0.021 tau=-0.103 omega=-5.96E-004 bad=0 tapChange=0.0014 floor=0.0014 fading=False/True preMse=0.038 energy=0.081/0.056 fresh=False phase=0.018 anchor=0.869@0.007 phi=-0.009
frame@106416: gain=0.431 ref=0.422 mse=0.036 tau=-0.105 omega=-6.19E-004 bad=0 tapChange=0.0021 floor=0.0015 fading=False/True preMse=0.066 energy=0.078/0.057 fresh=False phase=-0.037 anchor=0.821@-0.036 phi=0.045
frame@106512: gain=0.412 ref=0.422 mse=0.045 tau=-0.106 omega=-6.38E-004 bad=0 tapChange=0.0028 floor=0.0017 fading=False/True preMse=0.084 energy=0.077/0.058 fresh=False phase=-0.035 anchor=0.787@-0.029 phi=0.036
frame@106608: gain=0.418 ref=0.421 mse=0.045 tau=-0.107 omega=-6.38E-004 bad=0 tapChange=0.0030 floor=0.0019 fading=False/True preMse=0.083 energy=0.077/0.059 fresh=False phase=0.009 anchor=0.798@-0.001 phi=-0.000
frame@106704: gain=0.393 ref=0.421 mse=0.065 tau=-0.109 omega=-6.48E-004 bad=0 tapChange=0.0043 floor=0.0021 fading=False/True preMse=0.120 energy=0.077/0.060 fresh=False phase=0.001 anchor=0.768@-0.014 phi=0.018
frame@106800: gain=0.401 ref=0.420 mse=0.065 tau=-0.112 omega=-6.52E-004 bad=0 tapChange=0.0046 floor=0.0023 fading=False/True preMse=0.120 energy=0.078/0.061 fresh=False phase=0.005 anchor=0.779@-0.006 phi=0.008
frame@106896: gain=0.402 ref=0.419 mse=0.072 tau=-0.111 omega=-6.56E-004 bad=0 tapChange=0.0051 floor=0.0025 fading=False/True preMse=0.132 energy=0.078/0.062 fresh=False phase=0.014 anchor=0.775@-0.007 phi=0.009
frame@106992: gain=0.405 ref=0.418 mse=0.067 tau=-0.111 omega=-6.41E-004 bad=0 tapChange=0.0046 floor=0.0027 fading=False/True preMse=0.123 energy=0.075/0.062 fresh=False phase=0.050 anchor=0.780@0.024 phi=-0.029
frame@107088: gain=0.387 ref=0.417 mse=0.096 tau=-0.111 omega=-6.24E-004 bad=0 tapChange=0.0070 floor=0.0030 fading=False/True preMse=0.176 energy=0.070/0.063 fresh=False phase=0.036 anchor=0.753@0.028 phi=-0.033
frame@107184: gain=0.368 ref=0.416 mse=0.087 tau=-0.112 omega=-6.29E-004 bad=0 tapChange=0.0054 floor=0.0032 fading=False/True preMse=0.160 energy=0.063/0.063 fresh=False phase=-0.002 anchor=0.721@-0.007 phi=0.010
frame@107280: gain=0.354 ref=0.413 mse=0.097 tau=-0.112 omega=-6.19E-004 bad=0 tapChange=0.0058 floor=0.0035 fading=False/True preMse=0.179 energy=0.054/0.063 fresh=False phase=0.017 anchor=0.699@0.016 phi=-0.018
frame@107376: gain=0.315 ref=0.411 mse=0.127 tau=-0.113 omega=-6.53E-004 bad=0 tapChange=0.0065 floor=0.0037 fading=False/True preMse=0.234 energy=0.045/0.063 fresh=False phase=-0.074 anchor=0.628@-0.057 phi=0.066
frame@107472: gain=0.305 ref=0.406 mse=0.139 tau=-0.112 omega=-7.05E-004 bad=0 tapChange=0.0058 floor=0.0040 fading=False/True preMse=0.257 energy=0.037/0.062 fresh=False phase=-0.100 anchor=0.597@-0.086 phi=0.099
frame@107568: gain=0.283 ref=0.401 mse=0.169 tau=-0.110 omega=-7.71E-004 bad=0 tapChange=0.0074 floor=0.0043 fading=False/True preMse=0.313 energy=0.032/0.061 fresh=False phase=-0.129 anchor=0.562@-0.113 phi=0.127
frame@107664: gain=0.317 ref=0.395 mse=0.135 tau=-0.109 omega=-8.41E-004 bad=0 tapChange=0.0047 floor=0.0046 fading=False/True preMse=0.249 energy=0.029/0.059 fresh=False phase=-0.132 anchor=0.607@-0.118 phi=0.135
frame@107760: gain=0.329 ref=0.391 mse=0.124 tau=-0.107 omega=-9.01E-004 bad=0 tapChange=0.0045 floor=0.0045 fading=False/True preMse=0.229 energy=0.030/0.058 fresh=False phase=-0.115 anchor=0.628@-0.101 phi=0.115
frame@107856: gain=0.381 ref=0.388 mse=0.083 tau=-0.106 omega=-9.24E-004 bad=0 tapChange=0.0033 floor=0.0033 fading=False/True preMse=0.152 energy=0.033/0.056 fresh=False phase=-0.029 anchor=0.717@-0.037 phi=0.043
frame@107952: gain=0.424 ref=0.387 mse=0.058 tau=-0.107 omega=-9.14E-004 bad=0 tapChange=0.0028 floor=0.0028 fading=False/True preMse=0.108 energy=0.038/0.055 fresh=False phase=0.034 anchor=0.787@0.016 phi=-0.019
frame@108048: gain=0.450 ref=0.389 mse=0.039 tau=-0.107 omega=-8.81E-004 bad=0 tapChange=0.0018 floor=0.0018 fading=False/True preMse=0.072 energy=0.042/0.054 fresh=False phase=0.067 anchor=0.829@0.053 phi=-0.062
frame@108144: gain=0.458 ref=0.392 mse=0.032 tau=-0.107 omega=-8.49E-004 bad=0 tapChange=0.0015 floor=0.0015 fading=False/True preMse=0.058 energy=0.045/0.054 fresh=False phase=0.069 anchor=0.844@0.053 phi=-0.063
frame@108240: gain=0.480 ref=0.396 mse=0.036 tau=-0.108 omega=-7.93E-004 bad=0 tapChange=0.0021 floor=0.0017 fading=False/True preMse=0.067 energy=0.046/0.053 fresh=False phase=0.121 anchor=0.881@0.091 phi=-0.108
frame@108336: gain=0.456 ref=0.400 mse=0.033 tau=-0.109 omega=-7.54E-004 bad=0 tapChange=0.0014 floor=0.0014 fading=False/True preMse=0.061 energy=0.044/0.053 fresh=False phase=0.069 anchor=0.840@0.062 phi=-0.074
frame@108432: gain=0.435 ref=0.403 mse=0.036 tau=-0.108 omega=-7.18E-004 bad=0 tapChange=0.0012 floor=0.0012 fading=False/True preMse=0.067 energy=0.041/0.053 fresh=False phase=0.075 anchor=0.809@0.059 phi=-0.070
frame@108528: gain=0.431 ref=0.404 mse=0.040 tau=-0.110 omega=-6.78E-004 bad=0 tapChange=0.0014 floor=0.0014 fading=False/True preMse=0.074 energy=0.037/0.052 fresh=False phase=0.079 anchor=0.802@0.064 phi=-0.076
frame@108624: gain=0.402 ref=0.406 mse=0.058 tau=-0.109 omega=-6.47E-004 bad=0 tapChange=0.0019 floor=0.0015 fading=False/True preMse=0.107 energy=0.033/0.051 fresh=False phase=0.054 anchor=0.752@0.051 phi=-0.060
frame@108720: gain=0.383 ref=0.405 mse=0.071 tau=-0.109 omega=-6.16E-004 bad=0 tapChange=0.0022 floor=0.0017 fading=False/True preMse=0.132 energy=0.031/0.050 fresh=False phase=0.054 anchor=0.718@0.051 phi=-0.059
frame@108816: gain=0.357 ref=0.404 mse=0.088 tau=-0.107 omega=-5.93E-004 bad=0 tapChange=0.0026 floor=0.0019 fading=False/True preMse=0.162 energy=0.030/0.049 fresh=False phase=0.046 anchor=0.672@0.039 phi=-0.045
frame@108912: gain=0.356 ref=0.402 mse=0.091 tau=-0.105 omega=-5.62E-004 bad=0 tapChange=0.0028 floor=0.0021 fading=False/True preMse=0.167 energy=0.031/0.048 fresh=False phase=0.059 anchor=0.671@0.052 phi=-0.060
frame@109008: gain=0.330 ref=0.400 mse=0.117 tau=-0.100 omega=-5.44E-004 bad=0 tapChange=0.0042 floor=0.0023 fading=False/True preMse=0.217 energy=0.033/0.048 fresh=False phase=0.035 anchor=0.630@0.031 phi=-0.034
frame@109104: gain=0.338 ref=0.396 mse=0.116 tau=-0.096 omega=-5.04E-004 bad=0 tapChange=0.0044 floor=0.0025 fading=False/True preMse=0.214 energy=0.035/0.047 fresh=False phase=0.085 anchor=0.645@0.067 phi=-0.077
frame@109200: gain=0.336 ref=0.393 mse=0.115 tau=-0.093 omega=-4.60E-004 bad=0 tapChange=0.0045 floor=0.0028 fading=False/True preMse=0.212 energy=0.038/0.046 fresh=False phase=0.105 anchor=0.647@0.074 phi=-0.084
frame@109296: gain=0.351 ref=0.390 mse=0.107 tau=-0.089 omega=-4.15E-004 bad=0 tapChange=0.0042 floor=0.0030 fading=False/True preMse=0.198 energy=0.040/0.046 fresh=False phase=0.105 anchor=0.670@0.078 phi=-0.088
frame@109392: gain=0.351 ref=0.388 mse=0.106 tau=-0.087 omega=-3.49E-004 bad=0 tapChange=0.0039 floor=0.0032 fading=False/True preMse=0.195 energy=0.040/0.045 fresh=False phase=0.152 anchor=0.670@0.110 phi=-0.125
frame@109488: gain=0.343 ref=0.387 mse=0.111 tau=-0.081 omega=-3.12E-004 bad=0 tapChange=0.0043 floor=0.0035 fading=False/True preMse=0.205 energy=0.039/0.045 fresh=False phase=0.094 anchor=0.660@0.065 phi=-0.072
frame@109584: gain=0.339 ref=0.384 mse=0.113 tau=-0.079 omega=-2.57E-004 bad=0 tapChange=0.0042 floor=0.0038 fading=False/True preMse=0.209 energy=0.037/0.045 fresh=False phase=0.134 anchor=0.655@0.093 phi=-0.105
frame@109680: gain=0.297 ref=0.382 mse=0.146 tau=-0.088 omega=-2.23E-004 bad=0 tapChange=0.0051 floor=0.0041 fading=False/True preMse=0.270 energy=0.032/0.044 fresh=False phase=0.080 anchor=0.594@0.060 phi=-0.066
frame@109776: gain=0.289 ref=0.378 mse=0.145 tau=-0.086 omega=-1.69E-004 bad=0 tapChange=0.0044 floor=0.0044 fading=False/True preMse=0.269 energy=0.030/0.044 fresh=False phase=0.132 anchor=0.575@0.092 phi=-0.102
frame@109872: gain=0.261 ref=0.373 mse=0.166 tau=-0.083 omega=-1.39E-004 bad=0 tapChange=0.0045 floor=0.0045 fading=False/True preMse=0.307 energy=0.025/0.043 fresh=False phase=0.078 anchor=0.522@0.053 phi=-0.058
frame@109968: gain=0.219 ref=0.368 mse=0.207 tau=-0.081 omega=-1.35E-004 bad=0 tapChange=0.0045 floor=0.0045 fading=False/True preMse=0.383 energy=0.021/0.042 fresh=False phase=0.012 anchor=0.444@0.008 phi=-0.008
frame@110064: gain=0.179 ref=0.360 mse=0.254 tau=-0.085 omega=-1.42E-004 bad=0 tapChange=0.0045 floor=0.0045 fading=False/True preMse=0.470 energy=0.017/0.041 fresh=False phase=-0.013 anchor=0.368@-0.013 phi=0.014
frame@110160: gain=0.141 ref=0.351 mse=0.308 tau=-0.096 omega=-1.72E-004 bad=0 tapChange=0.0049 floor=0.0049 fading=False/True preMse=0.568 energy=0.013/0.040 fresh=False phase=-0.062 anchor=0.298@-0.054 phi=0.056
frame@110256: gain=0.114 ref=0.351 mse=0.365 tau=-0.102 omega=-1.72E-004 bad=1 tapChange=0.0000 floor=0.0049 fading=False/True preMse=0.675 energy=0.010/0.040 fresh=True phase=-0.360 anchor=0.054@0.000 phi=0.000
frame@110352: gain=0.028 ref=0.351 mse=0.493 tau=-0.110 omega=-2.13E-004 bad=2 tapChange=0.7502 floor=0.0052 fading=False/True preMse=0.911 energy=0.009/0.040 fresh=False phase=-0.124 anchor=0.089@-0.064 phi=0.080
frame@110448: gain=0.043 ref=0.351 mse=0.471 tau=-0.114 omega=-3.42E-004 bad=3 tapChange=0.1732 floor=0.0056 fading=True/True preMse=0.869 energy=0.009/0.040 fresh=False phase=-0.234 anchor=0.108@-0.155 phi=0.247
frame@110544: gain=0.063 ref=0.351 mse=0.434 tau=-0.115 omega=-4.30E-004 bad=4 tapChange=0.1120 floor=0.0059 fading=True/True preMse=0.800 energy=0.012/0.040 fresh=False phase=-0.149 anchor=0.153@-0.114 phi=0.168
frame@110640: gain=0.094 ref=0.351 mse=0.380 tau=-0.116 omega=-4.50E-004 bad=5 tapChange=0.0787 floor=0.0063 fading=True/True preMse=0.702 energy=0.017/0.040 fresh=False phase=-0.030 anchor=0.220@-0.027 phi=0.039
frame@110736: gain=0.147 ref=0.351 mse=0.299 tau=-0.118 omega=-4.43E-004 bad=6 tapChange=0.0583 floor=0.0067 fading=True/True preMse=0.552 energy=0.026/0.040 fresh=False phase=0.025 anchor=0.335@0.010 phi=-0.013
frame@110832: gain=0.210 ref=0.351 mse=0.218 tau=-0.119 omega=-3.92E-004 bad=7 tapChange=0.0349 floor=0.0072 fading=True/True preMse=0.402 energy=0.037/0.040 fresh=False phase=0.117 anchor=0.463@0.070 phi=-0.097
frame@110928: gain=0.277 ref=0.344 mse=0.151 tau=-0.119 omega=-3.69E-004 bad=0 tapChange=0.0188 floor=0.0076 fading=True/True preMse=0.278 energy=0.049/0.040 fresh=False phase=0.054 anchor=0.569@0.032 phi=-0.045
frame@111024: gain=0.354 ref=0.341 mse=0.090 tau=-0.120 omega=-3.14E-004 bad=0 tapChange=0.0095 floor=0.0081 fading=True/True preMse=0.167 energy=0.063/0.040 fresh=False phase=0.119 anchor=0.703@0.078 phi=-0.106
frame@111120: gain=0.395 ref=0.341 mse=0.071 tau=-0.119 omega=-3.02E-004 bad=0 tapChange=0.0070 floor=0.0070 fading=True/True preMse=0.132 energy=0.076/0.041 fresh=False phase=0.016 anchor=0.753@0.017 phi=-0.022
frame@111216: gain=0.434 ref=0.344 mse=0.061 tau=-0.120 omega=-2.41E-004 bad=0 tapChange=0.0065 floor=0.0065 fading=True/True preMse=0.112 energy=0.087/0.043 fresh=False phase=0.127 anchor=0.817@0.087 phi=-0.116
frame@111312: gain=0.482 ref=0.349 mse=0.044 tau=-0.119 omega=-1.91E-004 bad=0 tapChange=0.0050 floor=0.0050 fading=True/True preMse=0.082 energy=0.095/0.045 fresh=False phase=0.121 anchor=0.899@0.072 phi=-0.096
frame@111408: gain=0.481 ref=0.355 mse=0.018 tau=-0.117 omega=-1.85E-004 bad=0 tapChange=0.0016 floor=0.0016 fading=True/True preMse=0.034 energy=0.100/0.048 fresh=False phase=0.019 anchor=0.894@0.010 phi=-0.013
frame@111504: gain=0.470 ref=0.362 mse=0.051 tau=-0.115 omega=-1.97E-004 bad=0 tapChange=0.0063 floor=0.0017 fading=True/True preMse=0.094 energy=0.101/0.050 fresh=False phase=-0.035 anchor=0.868@-0.017 phi=0.024
frame@111600: gain=0.465 ref=0.367 mse=0.021 tau=-0.114 omega=-1.64E-004 bad=0 tapChange=0.0013 floor=0.0013 fading=True/True preMse=0.039 energy=0.098/0.053 fresh=False phase=0.068 anchor=0.869@0.046 phi=-0.065
frame@111696: gain=0.464 ref=0.372 mse=0.021 tau=-0.114 omega=-1.53E-004 bad=0 tapChange=0.0018 floor=0.0015 fading=True/True preMse=0.038 energy=0.092/0.055 fresh=False phase=0.028 anchor=0.874@0.017 phi=-0.021
frame@111792: gain=0.412 ref=0.377 mse=0.052 tau=-0.111 omega=-1.59E-004 bad=0 tapChange=0.0049 floor=0.0017 fading=True/True preMse=0.096 energy=0.083/0.057 fresh=False phase=-0.014 anchor=0.798@-0.010 phi=0.013
frame@111888: gain=0.401 ref=0.378 mse=0.048 tau=-0.105 omega=-1.76E-004 bad=0 tapChange=0.0036 floor=0.0019 fading=True/True preMse=0.088 energy=0.074/0.058 fresh=False phase=-0.033 anchor=0.775@-0.025 phi=0.032
frame@111984: gain=0.380 ref=0.379 mse=0.053 tau=-0.099 omega=-1.60E-004 bad=0 tapChange=0.0031 floor=0.0020 fading=True/True preMse=0.097 energy=0.063/0.059 fresh=False phase=0.034 anchor=0.743@0.024 phi=-0.030
frame@112080: gain=0.353 ref=0.379 mse=0.076 tau=-0.091 omega=-1.62E-004 bad=0 tapChange=0.0045 floor=0.0022 fading=True/True preMse=0.141 energy=0.052/0.059 fresh=False phase=-0.010 anchor=0.699@-0.003 phi=0.004
frame@112176: gain=0.325 ref=0.378 mse=0.095 tau=-0.076 omega=-1.36E-004 bad=0 tapChange=0.0039 floor=0.0025 fading=True/True preMse=0.175 energy=0.042/0.059 fresh=False phase=0.049 anchor=0.641@0.042 phi=-0.051
frame@112272: gain=0.295 ref=0.375 mse=0.120 tau=-0.065 omega=-1.06E-004 bad=0 tapChange=0.0037 floor=0.0027 fading=True/True preMse=0.221 energy=0.032/0.058 fresh=False phase=0.065 anchor=0.580@0.049 phi=-0.058
frame@112368: gain=0.266 ref=0.371 mse=0.157 tau=-0.054 omega=-5.78E-005 bad=0 tapChange=0.0044 floor=0.0029 fading=True/True preMse=0.290 energy=0.023/0.057 fresh=False phase=0.089 anchor=0.527@0.079 phi=-0.092
frame@112464: gain=0.224 ref=0.366 mse=0.207 tau=-0.048 omega=1.82E-005 bad=0 tapChange=0.0039 floor=0.0032 fading=True/True preMse=0.383 energy=0.016/0.055 fresh=False phase=0.151 anchor=0.438@0.131 phi=-0.146
frame@112560: gain=0.195 ref=0.359 mse=0.247 tau=-0.049 omega=1.53E-004 bad=0 tapChange=0.0028 floor=0.0028 fading=True/True preMse=0.455 energy=0.012/0.053 fresh=False phase=0.271 anchor=0.379@0.236 phi=-0.260
frame@112656: gain=0.201 ref=0.351 mse=0.262 tau=-0.048 omega=3.36E-004 bad=0 tapChange=0.0032 floor=0.0030 fading=True/True preMse=0.483 energy=0.010/0.051 fresh=False phase=0.368 anchor=0.381@0.319 phi=-0.350
frame@112752: gain=0.203 ref=0.343 mse=0.256 tau=-0.051 omega=5.14E-004 bad=0 tapChange=0.0032 floor=0.0032 fading=True/True preMse=0.473 energy=0.011/0.049 fresh=False phase=0.348 anchor=0.395@0.312 phi=-0.341
frame@112848: gain=0.249 ref=0.336 mse=0.182 tau=-0.053 omega=5.77E-004 bad=0 tapChange=0.0025 floor=0.0025 fading=True/True preMse=0.336 energy=0.016/0.047 fresh=False phase=0.120 anchor=0.474@0.110 phi=-0.122
frame@112944: gain=0.305 ref=0.332 mse=0.131 tau=-0.057 omega=6.19E-004 bad=0 tapChange=0.0021 floor=0.0021 fading=True/True preMse=0.241 energy=0.023/0.046 fresh=False phase=0.079 anchor=0.575@0.071 phi=-0.080
frame@113040: gain=0.416 ref=0.331 mse=0.078 tau=-0.063 omega=6.84E-004 bad=0 tapChange=0.0030 floor=0.0023 fading=True/True preMse=0.144 energy=0.031/0.044 fresh=False phase=0.135 anchor=0.768@0.108 phi=-0.126
frame@113136: gain=0.456 ref=0.335 mse=0.044 tau=-0.066 omega=6.42E-004 bad=0 tapChange=0.0017 floor=0.0017 fading=True/True preMse=0.081 energy=0.041/0.044 fresh=False phase=-0.084 anchor=0.829@-0.068 phi=0.082
frame@113232: gain=0.547 ref=0.341 mse=0.030 tau=-0.071 omega=6.57E-004 bad=0 tapChange=0.0029 floor=0.0019 fading=True/True preMse=0.055 energy=0.052/0.044 fresh=False phase=0.024 anchor=0.966@0.023 phi=-0.028
frame@113328: gain=0.539 ref=0.351 mse=0.034 tau=-0.074 omega=6.25E-004 bad=0 tapChange=0.0033 floor=0.0020 fading=True/True preMse=0.062 energy=0.062/0.044 fresh=False phase=-0.056 anchor=0.966@-0.048 phi=0.061
frame@113424: gain=0.579 ref=0.361 mse=0.058 tau=-0.078 omega=6.08E-004 bad=0 tapChange=0.0062 floor=0.0022 fading=True/True preMse=0.107 energy=0.072/0.045 fresh=False phase=-0.043 anchor=1.006@-0.026 phi=0.032
frame@113520: gain=0.561 ref=0.372 mse=0.068 tau=-0.080 omega=5.60E-004 bad=0 tapChange=0.0066 floor=0.0025 fading=True/True preMse=0.125 energy=0.081/0.046 fresh=False phase=-0.091 anchor=0.996@-0.072 phi=0.093
frame@113616: gain=0.537 ref=0.381 mse=0.063 tau=-0.081 omega=5.45E-004 bad=0 tapChange=0.0070 floor=0.0027 fading=True/True preMse=0.117 energy=0.089/0.048 fresh=False phase=-0.030 anchor=0.955@-0.023 phi=0.028
frame@113712: gain=0.546 ref=0.389 mse=0.057 tau=-0.083 omega=5.31E-004 bad=0 tapChange=0.0069 floor=0.0029 fading=True/True preMse=0.104 energy=0.097/0.050 fresh=False phase=-0.046 anchor=0.960@-0.022 phi=0.029
frame@113808: gain=0.552 ref=0.397 mse=0.116 tau=-0.086 omega=5.21E-004 bad=0 tapChange=0.0156 floor=0.0032 fading=True/True preMse=0.215 energy=0.104/0.052 fresh=False phase=-0.019 anchor=0.979@-0.014 phi=0.018
frame@113904: gain=0.461 ref=0.404 mse=0.118 tau=-0.087 omega=4.82E-004 bad=0 tapChange=0.0137 floor=0.0034 fading=True/True preMse=0.218 energy=0.108/0.055 fresh=False phase=-0.093 anchor=0.868@-0.058 phi=0.076
frame@114000: gain=0.463 ref=0.407 mse=0.065 tau=-0.089 omega=4.84E-004 bad=0 tapChange=0.0072 floor=0.0037 fading=True/True preMse=0.121 energy=0.109/0.058 fresh=False phase=-0.005 anchor=0.872@0.002 phi=-0.005
frame@114096: gain=0.442 ref=0.410 mse=0.089 tau=-0.091 omega=4.45E-004 bad=0 tapChange=0.0098 floor=0.0040 fading=True/True preMse=0.165 energy=0.106/0.060 fresh=False phase=-0.111 anchor=0.843@-0.056 phi=0.074
frame@114192: gain=0.478 ref=0.412 mse=0.105 tau=-0.094 omega=5.05E-004 bad=0 tapChange=0.0139 floor=0.0043 fading=True/True preMse=0.193 energy=0.098/0.062 fresh=False phase=0.128 anchor=0.884@0.086 phi=-0.115
frame@114288: gain=0.408 ref=0.415 mse=0.071 tau=-0.096 omega=4.64E-004 bad=0 tapChange=0.0071 floor=0.0046 fading=True/True preMse=0.131 energy=0.087/0.064 fresh=False phase=-0.101 anchor=0.790@-0.061 phi=0.080
frame@114384: gain=0.371 ref=0.415 mse=0.117 tau=-0.097 omega=4.21E-004 bad=0 tapChange=0.0129 floor=0.0049 fading=True/True preMse=0.217 energy=0.072/0.065 fresh=False phase=-0.096 anchor=0.743@-0.066 phi=0.083
frame@114480: gain=0.327 ref=0.412 mse=0.121 tau=-0.098 omega=3.68E-004 bad=0 tapChange=0.0105 floor=0.0053 fading=True/True preMse=0.223 energy=0.057/0.066 fresh=False phase=-0.113 anchor=0.663@-0.081 phi=0.100
frame@114576: gain=0.283 ref=0.408 mse=0.167 tau=-0.101 omega=4.14E-004 bad=0 tapChange=0.0121 floor=0.0056 fading=True/True preMse=0.309 energy=0.041/0.065 fresh=False phase=0.094 anchor=0.594@0.072 phi=-0.088
frame@114672: gain=0.228 ref=0.402 mse=0.207 tau=-0.102 omega=3.72E-004 bad=0 tapChange=0.0087 floor=0.0060 fading=True/True preMse=0.381 energy=0.027/0.064 fresh=False phase=-0.093 anchor=0.461@-0.070 phi=0.080
frame@114768: gain=0.142 ref=0.393 mse=0.320 tau=-0.103 omega=3.52E-004 bad=0 tapChange=0.0113 floor=0.0064 fading=True/True preMse=0.591 energy=0.017/0.062 fresh=False phase=-0.052 anchor=0.313@-0.036 phi=0.039
frame@114864: gain=0.055 ref=0.393 mse=0.463 tau=-0.105 omega=3.71E-004 bad=1 tapChange=0.0144 floor=0.0068 fading=True/True preMse=0.855 energy=0.012/0.062 fresh=False phase=0.034 anchor=0.151@0.033 phi=-0.035
frame@114960: gain=0.021 ref=0.393 mse=0.604 tau=-0.111 omega=3.72E-004 bad=2 tapChange=0.0197 floor=0.0073 fading=True/True preMse=1.115 energy=0.012/0.062 fresh=False phase=2.902 anchor=0.022@0.454 phi=-0.003
frame@115056: gain=0.085 ref=0.393 mse=0.740 tau=-0.130 omega=3.79E-004 bad=3 tapChange=0.0359 floor=0.0077 fading=True/True preMse=1.366 energy=0.018/0.062 fresh=False phase=2.917 anchor=0.069@2.660 phi=-0.012
frame@115152: gain=0.115 ref=0.393 mse=0.803 tau=-0.131 omega=3.79E-004 bad=4 tapChange=0.0000 floor=0.0077 fading=True/True preMse=1.483 energy=0.028/0.062 fresh=True phase=2.837 anchor=0.113@-0.000 phi=0.000
frame@115248: gain=0.072 ref=0.393 mse=0.415 tau=-0.127 omega=3.55E-004 bad=5 tapChange=0.9095 floor=0.0082 fading=True/True preMse=0.766 energy=0.041/0.062 fresh=False phase=-0.042 anchor=0.248@-0.019 phi=0.046
frame@115344: gain=0.160 ref=0.393 mse=0.281 tau=-0.126 omega=3.52E-004 bad=6 tapChange=0.1906 floor=0.0087 fading=True/True preMse=0.518 energy=0.057/0.062 fresh=False phase=0.001 anchor=0.414@-0.003 phi=0.005
frame@115440: gain=0.238 ref=0.393 mse=0.202 tau=-0.123 omega=3.46E-004 bad=7 tapChange=0.0699 floor=0.0093 fading=True/True preMse=0.373 energy=0.072/0.062 fresh=False phase=-0.012 anchor=0.532@-0.007 phi=0.011
frame@115536: gain=0.315 ref=0.385 mse=0.117 tau=-0.122 omega=3.58E-004 bad=0 tapChange=0.0264 floor=0.0098 fading=True/True preMse=0.216 energy=0.086/0.063 fresh=False phase=0.029 anchor=0.661@0.013 phi=-0.024
frame@115632: gain=0.364 ref=0.382 mse=0.117 tau=-0.120 omega=2.84E-004 bad=0 tapChange=0.0206 floor=0.0104 fading=True/True preMse=0.215 energy=0.097/0.064 fresh=False phase=-0.166 anchor=0.717@-0.094 phi=0.142
frame@115728: gain=0.410 ref=0.381 mse=0.062 tau=-0.119 omega=3.32E-004 bad=0 tapChange=0.0089 floor=0.0089 fading=True/True preMse=0.114 energy=0.103/0.065 fresh=False phase=0.097 anchor=0.798@0.063 phi=-0.093
frame@115824: gain=0.444 ref=0.383 mse=0.060 tau=-0.117 omega=3.05E-004 bad=0 tapChange=0.0100 floor=0.0095 fading=True/True preMse=0.111 energy=0.106/0.067 fresh=False phase=-0.052 anchor=0.846@-0.035 phi=0.052
frame@115920: gain=0.424 ref=0.386 mse=0.077 tau=-0.116 omega=2.89E-004 bad=0 tapChange=0.0108 floor=0.0101 fading=True/True preMse=0.142 energy=0.105/0.069 fresh=False phase=-0.037 anchor=0.832@-0.023 phi=0.031
frame@116016: gain=0.412 ref=0.388 mse=0.103 tau=-0.114 omega=3.03E-004 bad=0 tapChange=0.0175 floor=0.0107 fading=True/True preMse=0.191 energy=0.102/0.071 fresh=False phase=0.028 anchor=0.803@0.020 phi=-0.027
frame@116112: gain=0.403 ref=0.389 mse=0.070 tau=-0.112 omega=3.06E-004 bad=0 tapChange=0.0096 floor=0.0096 fading=True/True preMse=0.129 energy=0.097/0.073 fresh=False phase=0.000 anchor=0.797@0.004 phi=-0.006
frame@116208: gain=0.412 ref=0.389 mse=0.064 tau=-0.111 omega=2.98E-004 bad=0 tapChange=0.0078 floor=0.0078 fading=True/True preMse=0.118 energy=0.092/0.074 fresh=False phase=-0.028 anchor=0.794@-0.011 phi=0.016
frame@116304: gain=0.408 ref=0.391 mse=0.056 tau=-0.109 omega=3.02E-004 bad=0 tapChange=0.0067 floor=0.0067 fading=True/True preMse=0.103 energy=0.085/0.075 fresh=False phase=0.013 anchor=0.797@0.006 phi=-0.008
frame@116400: gain=0.399 ref=0.391 mse=0.077 tau=-0.108 omega=3.43E-004 bad=0 tapChange=0.0088 floor=0.0071 fading=True/True preMse=0.143 energy=0.078/0.075 fresh=False phase=0.084 anchor=0.776@0.059 phi=-0.078
frame@116496: gain=0.374 ref=0.392 mse=0.068 tau=-0.106 omega=3.10E-004 bad=0 tapChange=0.0062 floor=0.0062 fading=True/True preMse=0.125 energy=0.071/0.075 fresh=False phase=-0.077 anchor=0.742@-0.049 phi=0.064
frame@116592: gain=0.389 ref=0.391 mse=0.068 tau=-0.105 omega=3.50E-004 bad=0 tapChange=0.0053 floor=0.0053 fading=True/True preMse=0.125 energy=0.062/0.075 fresh=False phase=0.090 anchor=0.764@0.060 phi=-0.078
frame@116688: gain=0.385 ref=0.391 mse=0.060 tau=-0.105 omega=3.52E-004 bad=0 tapChange=0.0044 floor=0.0044 fading=True/True preMse=0.111 energy=0.053/0.075 fresh=False phase=0.005 anchor=0.747@0.005 phi=-0.004
frame@116784: gain=0.388 ref=0.391 mse=0.053 tau=-0.104 omega=3.33E-004 bad=0 tapChange=0.0024 floor=0.0024 fading=True/True preMse=0.097 energy=0.043/0.073 fresh=False phase=-0.032 anchor=0.743@-0.028 phi=0.036
frame@116880: gain=0.335 ref=0.390 mse=0.102 tau=-0.102 omega=2.62E-004 bad=0 tapChange=0.0036 floor=0.0026 fading=True/True preMse=0.188 energy=0.034/0.072 fresh=False phase=-0.143 anchor=0.642@-0.113 phi=0.136
frame@116976: gain=0.325 ref=0.388 mse=0.105 tau=-0.101 omega=2.34E-004 bad=0 tapChange=0.0029 floor=0.0028 fading=True/True preMse=0.194 energy=0.027/0.070 fresh=False phase=-0.058 anchor=0.617@-0.047 phi=0.055
frame@117072: gain=0.307 ref=0.384 mse=0.129 tau=-0.100 omega=1.86E-004 bad=0 tapChange=0.0035 floor=0.0031 fading=True/True preMse=0.238 energy=0.023/0.068 fresh=False phase=-0.101 anchor=0.581@-0.080 phi=0.092
frame@117168: gain=0.278 ref=0.381 mse=0.160 tau=-0.098 omega=1.10E-004 bad=0 tapChange=0.0047 floor=0.0033 fading=True/True preMse=0.296 energy=0.023/0.066 fresh=False phase=-0.151 anchor=0.535@-0.126 phi=0.145
frame@117264: gain=0.266 ref=0.375 mse=0.168 tau=-0.096 omega=5.03E-005 bad=0 tapChange=0.0057 floor=0.0036 fading=True/True preMse=0.310 energy=0.025/0.064 fresh=False phase=-0.120 anchor=0.524@-0.102 phi=0.115
frame@117360: gain=0.245 ref=0.370 mse=0.191 tau=-0.092 omega=-2.58E-005 bad=0 tapChange=0.0068 floor=0.0039 fading=True/True preMse=0.353 energy=0.029/0.062 fresh=False phase=-0.166 anchor=0.492@-0.131 phi=0.146
frame@117456: gain=0.232 ref=0.364 mse=0.195 tau=-0.102 omega=-6.68E-005 bad=0 tapChange=0.0077 floor=0.0042 fading=True/True preMse=0.361 energy=0.033/0.060 fresh=False phase=-0.091 anchor=0.483@-0.070 phi=0.079
frame@117552: gain=0.227 ref=0.357 mse=0.192 tau=-0.132 omega=-7.38E-005 bad=0 tapChange=0.0080 floor=0.0045 fading=True/True preMse=0.355 energy=0.037/0.059 fresh=False phase=-0.011 anchor=0.486@-0.012 phi=0.014
frame@117648: gain=0.215 ref=0.351 mse=0.206 tau=-0.136 omega=-6.83E-005 bad=0 tapChange=0.0086 floor=0.0048 fading=True/True preMse=0.380 energy=0.038/0.058 fresh=False phase=0.017 anchor=0.470@0.009 phi=-0.011
frame@117744: gain=0.184 ref=0.344 mse=0.255 tau=-0.136 omega=-4.37E-007 bad=0 tapChange=0.0107 floor=0.0051 fading=True/True preMse=0.471 energy=0.037/0.057 fresh=False phase=0.176 anchor=0.422@0.119 phi=-0.130
frame@117840: gain=0.139 ref=0.336 mse=0.328 tau=-0.135 omega=5.45E-005 bad=0 tapChange=0.0127 floor=0.0055 fading=True/True preMse=0.606 energy=0.035/0.056 fresh=False phase=0.161 anchor=0.338@0.099 phi=-0.106
frame@117936: gain=0.136 ref=0.336 mse=0.402 tau=-0.131 omega=5.45E-005 bad=1 tapChange=0.0000 floor=0.0055 fading=True/True preMse=0.742 energy=0.035/0.056 fresh=True phase=0.705 anchor=0.137@0.000 phi=0.000
frame@118032: gain=0.072 ref=0.336 mse=0.415 tau=-0.126 omega=9.70E-005 bad=2 tapChange=0.7011 floor=0.0059 fading=True/True preMse=0.767 energy=0.037/0.056 fresh=False phase=0.082 anchor=0.238@0.036 phi=-0.082
frame@118128: gain=0.142 ref=0.336 mse=0.307 tau=-0.122 omega=1.41E-004 bad=3 tapChange=0.1814 floor=0.0063 fading=True/True preMse=0.567 energy=0.043/0.056 fresh=False phase=0.094 anchor=0.370@0.048 phi=-0.085
frame@118224: gain=0.217 ref=0.336 mse=0.216 tau=-0.118 omega=1.80E-004 bad=4 tapChange=0.0656 floor=0.0067 fading=True/True preMse=0.398 energy=0.055/0.056 fresh=False phase=0.078 anchor=0.497@0.046 phi=-0.074
frame@118320: gain=0.264 ref=0.330 mse=0.179 tau=-0.114 omega=2.61E-004 bad=0 tapChange=0.0388 floor=0.0071 fading=True/True preMse=0.331 energy=0.070/0.056 fresh=False phase=0.184 anchor=0.573@0.106 phi=-0.156
frame@118416: gain=0.319 ref=0.327 mse=0.119 tau=-0.110 omega=2.73E-004 bad=0 tapChange=0.0225 floor=0.0076 fading=True/True preMse=0.220 energy=0.087/0.056 fresh=False phase=0.043 anchor=0.665@0.017 phi=-0.023
frame@118512: gain=0.385 ref=0.326 mse=0.085 tau=-0.107 omega=2.31E-004 bad=0 tapChange=0.0128 floor=0.0080 fading=True/True preMse=0.158 energy=0.104/0.058 fresh=False phase=-0.094 anchor=0.753@-0.055 phi=0.081
frame@118608: gain=0.411 ref=0.329 mse=0.075 tau=-0.106 omega=2.87E-004 bad=0 tapChange=0.0106 floor=0.0085 fading=True/True preMse=0.138 energy=0.118/0.060 fresh=False phase=0.120 anchor=0.800@0.077 phi=-0.107
frame@118704: gain=0.431 ref=0.333 mse=0.046 tau=-0.105 omega=2.76E-004 bad=0 tapChange=0.0062 floor=0.0062 fading=True/True preMse=0.084 energy=0.126/0.063 fresh=False phase=-0.017 anchor=0.829@-0.014 phi=0.021
frame@118800: gain=0.410 ref=0.338 mse=0.096 tau=-0.104 omega=2.38E-004 bad=0 tapChange=0.0116 floor=0.0066 fading=True/True preMse=0.177 energy=0.127/0.066 fresh=False phase=-0.087 anchor=0.799@-0.053 phi=0.072
frame@118896: gain=0.417 ref=0.342 mse=0.067 tau=-0.105 omega=2.69E-004 bad=0 tapChange=0.0089 floor=0.0070 fading=True/True preMse=0.124 energy=0.121/0.069 fresh=False phase=0.087 anchor=0.811@0.044 phi=-0.059
frame@118992: gain=0.388 ref=0.346 mse=0.056 tau=-0.105 omega=2.54E-004 bad=0 tapChange=0.0062 floor=0.0062 fading=True/True preMse=0.103 energy=0.109/0.072 fresh=False phase=-0.032 anchor=0.773@-0.021 phi=0.028
frame@119088: gain=0.358 ref=0.348 mse=0.084 tau=-0.106 omega=2.65E-004 bad=0 tapChange=0.0084 floor=0.0066 fading=True/True preMse=0.156 energy=0.093/0.074 fresh=False phase=0.036 anchor=0.735@0.016 phi=-0.021
frame@119184: gain=0.301 ref=0.348 mse=0.152 tau=-0.110 omega=2.46E-004 bad=0 tapChange=0.0140 floor=0.0070 fading=True/True preMse=0.280 energy=0.077/0.075 fresh=False phase=-0.049 anchor=0.631@-0.029 phi=0.038
frame@119280: gain=0.278 ref=0.346 mse=0.153 tau=-0.114 omega=2.79E-004 bad=0 tapChange=0.0116 floor=0.0075 fading=True/True preMse=0.282 energy=0.061/0.075 fresh=False phase=0.089 anchor=0.590@0.053 phi=-0.063
frame@119376: gain=0.222 ref=0.342 mse=0.225 tau=-0.120 omega=3.08E-004 bad=0 tapChange=0.0163 floor=0.0079 fading=True/True preMse=0.415 energy=0.049/0.074 fresh=False phase=0.059 anchor=0.480@0.049 phi=-0.056
frame@119472: gain=0.185 ref=0.336 mse=0.259 tau=-0.122 omega=3.55E-004 bad=0 tapChange=0.0150 floor=0.0084 fading=True/True preMse=0.478 energy=0.039/0.073 fresh=False phase=0.117 anchor=0.416@0.079 phi=-0.090
frame@119568: gain=0.164 ref=0.329 mse=0.302 tau=-0.128 omega=4.91E-004 bad=0 tapChange=0.0158 floor=0.0089 fading=True/True preMse=0.557 energy=0.033/0.071 fresh=False phase=0.329 anchor=0.374@0.234 phi=-0.261
frame@119664: gain=0.165 ref=0.321 mse=0.291 tau=-0.132 omega=5.69E-004 bad=0 tapChange=0.0143 floor=0.0095 fading=True/True preMse=0.538 energy=0.030/0.069 fresh=False phase=0.197 anchor=0.374@0.137 phi=-0.151
frame@119760: gain=0.200 ref=0.313 mse=0.277 tau=-0.134 omega=6.95E-004 bad=0 tapChange=0.0126 floor=0.0101 fading=True/True preMse=0.511 energy=0.029/0.067 fresh=False phase=0.294 anchor=0.416@0.216 phi=-0.242
frame@119856: gain=0.240 ref=0.307 mse=0.213 tau=-0.129 omega=7.94E-004 bad=0 tapChange=0.0096 floor=0.0096 fading=True/True preMse=0.394 energy=0.030/0.065 fresh=False phase=0.227 anchor=0.498@0.167 phi=-0.189
frame@119952: gain=0.271 ref=0.304 mse=0.184 tau=-0.125 omega=7.81E-004 bad=0 tapChange=0.0087 floor=0.0087 fading=True/True preMse=0.339 energy=0.033/0.064 fresh=False phase=-0.034 anchor=0.541@-0.020 phi=0.024
frame@120048: gain=0.262 ref=0.302 mse=0.249 tau=-0.119 omega=7.38E-004 bad=0 tapChange=0.0132 floor=0.0092 fading=True/True preMse=0.460 energy=0.038/0.062 fresh=False phase=-0.139 anchor=0.522@-0.074 phi=0.084
frame@120144: gain=0.289 ref=0.300 mse=0.198 tau=-0.117 omega=6.90E-004 bad=0 tapChange=0.0102 floor=0.0098 fading=True/True preMse=0.365 energy=0.045/0.061 fresh=False phase=-0.135 anchor=0.575@-0.078 phi=0.091
frame@120240: gain=0.349 ref=0.300 mse=0.206 tau=-0.114 omega=6.81E-004 bad=0 tapChange=0.0141 floor=0.0104 fading=True/True preMse=0.381 energy=0.054/0.060 fresh=False phase=0.001 anchor=0.675@-0.016 phi=0.018
frame@120336: gain=0.384 ref=0.302 mse=0.201 tau=-0.111 omega=5.33E-004 bad=0 tapChange=0.0120 floor=0.0110 fading=True/True preMse=0.371 energy=0.064/0.060 fresh=False phase=-0.378 anchor=0.722@-0.243 phi=0.285
frame@120432: gain=0.374 ref=0.306 mse=0.152 tau=-0.109 omega=4.96E-004 bad=0 tapChange=0.0110 floor=0.0110 fading=True/True preMse=0.280 energy=0.073/0.060 fresh=False phase=-0.113 anchor=0.732@-0.061 phi=0.071
frame@120528: gain=0.401 ref=0.310 mse=0.130 tau=-0.109 omega=4.81E-004 bad=0 tapChange=0.0100 floor=0.0100 fading=True/True preMse=0.239 energy=0.082/0.061 fresh=False phase=-0.057 anchor=0.775@-0.026 phi=0.029
frame@120624: gain=0.485 ref=0.314 mse=0.131 tau=-0.108 omega=3.62E-004 bad=0 tapChange=0.0103 floor=0.0103 fading=True/True preMse=0.242 energy=0.087/0.062 fresh=False phase=-0.238 anchor=0.886@-0.186 phi=0.229
frame@120720: gain=0.477 ref=0.323 mse=0.120 tau=-0.108 omega=2.68E-004 bad=0 tapChange=0.0099 floor=0.0099 fading=True/True preMse=0.222 energy=0.089/0.063 fresh=False phase=-0.241 anchor=0.876@-0.146 phi=0.180
frame@120816: gain=0.484 ref=0.330 mse=0.127 tau=-0.106 omega=2.45E-004 bad=0 tapChange=0.0118 floor=0.0105 fading=True/True preMse=0.234 energy=0.087/0.064 fresh=False phase=-0.073 anchor=0.887@-0.035 phi=0.044
frame@120912: gain=0.476 ref=0.338 mse=0.088 tau=-0.104 omega=1.62E-004 bad=0 tapChange=0.0077 floor=0.0077 fading=True/True preMse=0.163 energy=0.083/0.065 fresh=False phase=-0.185 anchor=0.875@-0.128 phi=0.159
frame@121008: gain=0.502 ref=0.345 mse=0.057 tau=-0.102 omega=9.79E-005 bad=0 tapChange=0.0049 floor=0.0049 fading=True/True preMse=0.106 energy=0.076/0.066 fresh=False phase=-0.133 anchor=0.908@-0.096 phi=0.123
frame@121104: gain=0.441 ref=0.353 mse=0.104 tau=-0.100 omega=5.77E-005 bad=0 tapChange=0.0098 floor=0.0053 fading=True/True preMse=0.191 energy=0.069/0.067 fresh=False phase=-0.096 anchor=0.831@-0.062 phi=0.077
frame@121200: gain=0.445 ref=0.357 mse=0.040 tau=-0.098 omega=2.16E-005 bad=0 tapChange=0.0026 floor=0.0026 fading=True/True preMse=0.074 energy=0.063/0.067 fresh=False phase=-0.062 anchor=0.831@-0.055 phi=0.069
frame@121296: gain=0.439 ref=0.362 mse=0.082 tau=-0.097 omega=1.61E-005 bad=0 tapChange=0.0077 floor=0.0028 fading=True/True preMse=0.151 energy=0.057/0.067 fresh=False phase=-0.009 anchor=0.821@-0.009 phi=0.010
frame@121392: gain=0.419 ref=0.366 mse=0.073 tau=-0.095 omega=-4.04E-005 bad=0 tapChange=0.0042 floor=0.0031 fading=True/True preMse=0.134 energy=0.052/0.066 fresh=False phase=-0.134 anchor=0.785@-0.087 phi=0.108
frame@121488: gain=0.401 ref=0.368 mse=0.063 tau=-0.094 omega=-8.50E-006 bad=0 tapChange=0.0031 floor=0.0031 fading=False/True preMse=0.116 energy=0.047/0.065 fresh=False phase=0.075 anchor=0.757@0.049 phi=-0.061
frame@121584: gain=0.380 ref=0.370 mse=0.068 tau=-0.094 omega=-3.77E-005 bad=0 tapChange=0.0031 floor=0.0031 fading=False/True preMse=0.125 energy=0.043/0.065 fresh=False phase=-0.061 anchor=0.732@-0.045 phi=0.056
frame@121680: gain=0.387 ref=0.370 mse=0.085 tau=-0.093 omega=-9.70E-005 bad=0 tapChange=0.0039 floor=0.0034 fading=False/True preMse=0.156 energy=0.039/0.063 fresh=False phase=-0.125 anchor=0.730@-0.093 phi=0.114
frame@121776: gain=0.350 ref=0.371 mse=0.101 tau=-0.093 omega=-3.63E-005 bad=0 tapChange=0.0039 floor=0.0037 fading=False/True preMse=0.187 energy=0.035/0.062 fresh=False phase=0.122 anchor=0.671@0.098 phi=-0.117
frame@121872: gain=0.341 ref=0.370 mse=0.122 tau=-0.095 omega=5.89E-005 bad=0 tapChange=0.0051 floor=0.0039 fading=False/True preMse=0.225 energy=0.033/0.061 fresh=False phase=0.190 anchor=0.657@0.156 phi=-0.183
frame@121968: gain=0.327 ref=0.369 mse=0.122 tau=-0.096 omega=7.63E-005 bad=0 tapChange=0.0055 floor=0.0042 fading=False/True preMse=0.225 energy=0.032/0.059 fresh=False phase=0.040 anchor=0.631@0.029 phi=-0.034
frame@122064: gain=0.340 ref=0.367 mse=0.093 tau=-0.097 omega=1.19E-004 bad=0 tapChange=0.0032 floor=0.0032 fading=False/True preMse=0.172 energy=0.033/0.058 fresh=False phase=0.091 anchor=0.659@0.070 phi=-0.082
frame@122160: gain=0.362 ref=0.365 mse=0.103 tau=-0.099 omega=1.91E-004 bad=0 tapChange=0.0039 floor=0.0034 fading=False/True preMse=0.190 energy=0.036/0.057 fresh=False phase=0.135 anchor=0.689@0.118 phi=-0.137
frame@122256: gain=0.371 ref=0.365 mse=0.095 tau=-0.101 omega=2.75E-004 bad=0 tapChange=0.0040 floor=0.0037 fading=False/True preMse=0.176 energy=0.040/0.056 fresh=False phase=0.170 anchor=0.708@0.139 phi=-0.162
frame@122352: gain=0.393 ref=0.365 mse=0.054 tau=-0.103 omega=3.08E-004 bad=0 tapChange=0.0018 floor=0.0018 fading=False/True preMse=0.100 energy=0.042/0.055 fresh=False phase=0.077 anchor=0.740@0.055 phi=-0.063
frame@122448: gain=0.396 ref=0.367 mse=0.050 tau=-0.104 omega=3.10E-004 bad=0 tapChange=0.0020 floor=0.0020 fading=False/True preMse=0.093 energy=0.043/0.054 fresh=False phase=0.004 anchor=0.755@0.003 phi=-0.003
frame@122544: gain=0.394 ref=0.368 mse=0.057 tau=-0.106 omega=3.52E-004 bad=0 tapChange=0.0024 floor=0.0022 fading=False/True preMse=0.105 energy=0.040/0.054 fresh=False phase=0.095 anchor=0.752@0.070 phi=-0.081
frame@122640: gain=0.377 ref=0.370 mse=0.074 tau=-0.108 omega=3.01E-004 bad=0 tapChange=0.0022 floor=0.0022 fading=False/True preMse=0.136 energy=0.035/0.053 fresh=False phase=-0.107 anchor=0.706@-0.083 phi=0.098
frame@122736: gain=0.340 ref=0.370 mse=0.085 tau=-0.110 omega=3.32E-004 bad=0 tapChange=0.0020 floor=0.0020 fading=False/True preMse=0.156 energy=0.027/0.052 fresh=False phase=0.063 anchor=0.653@0.052 phi=-0.060
frame@122832: gain=0.288 ref=0.368 mse=0.126 tau=-0.110 omega=3.15E-004 bad=0 tapChange=0.0022 floor=0.0022 fading=False/True preMse=0.233 energy=0.019/0.051 fresh=False phase=-0.030 anchor=0.556@-0.030 phi=0.034
frame@122928: gain=0.224 ref=0.364 mse=0.198 tau=-0.111 omega=2.63E-004 bad=0 tapChange=0.0015 floor=0.0015 fading=False/True preMse=0.365 energy=0.012/0.049 fresh=False phase=-0.112 anchor=0.426@-0.090 phi=0.098
frame@123024: gain=0.162 ref=0.357 mse=0.274 tau=-0.112 omega=2.86E-004 bad=0 tapChange=0.0015 floor=0.0015 fading=False/True preMse=0.505 energy=0.007/0.048 fresh=False phase=0.057 anchor=0.310@0.042 phi=-0.044
frame@123120: gain=0.093 ref=0.348 mse=0.379 tau=-0.115 omega=2.85E-004 bad=0 tapChange=0.0019 floor=0.0016 fading=False/True preMse=0.700 energy=0.004/0.045 fresh=False phase=-0.006 anchor=0.182@-0.002 phi=0.002
frame@123216: gain=0.034 ref=0.348 mse=0.484 tau=-0.121 omega=2.84E-004 bad=1 tapChange=0.0029 floor=0.0018 fading=False/True preMse=0.894 energy=0.003/0.045 fresh=False phase=-0.135 anchor=0.074@-0.104 phi=0.002
frame@123312: gain=0.011 ref=0.348 mse=0.564 tau=-0.130 omega=2.82E-004 bad=2 tapChange=0.0051 floor=0.0020 fading=False/True preMse=1.041 energy=0.003/0.045 fresh=False phase=-2.074 anchor=0.019@-1.283 phi=0.005
frame@123408: gain=0.030 ref=0.348 mse=0.608 tau=-0.128 omega=2.79E-004 bad=3 tapChange=0.0077 floor=0.0022 fading=False/True preMse=1.122 energy=0.004/0.045 fresh=False phase=-2.702 anchor=0.035@-2.442 phi=0.006
frame@123504: gain=0.040 ref=0.348 mse=0.608 tau=-0.129 omega=2.70E-004 bad=4 tapChange=0.0090 floor=0.0024 fading=False/True preMse=1.122 energy=0.005/0.045 fresh=False phase=-2.239 anchor=0.058@-1.954 phi=0.016
frame@123600: gain=0.041 ref=0.348 mse=0.575 tau=-0.128 omega=2.59E-004 bad=5 tapChange=0.0100 floor=0.0026 fading=True/True preMse=1.061 energy=0.006/0.045 fresh=False phase=-1.793 anchor=0.069@-1.419 phi=0.023
frame@123696: gain=0.071 ref=0.348 mse=0.513 tau=-0.130 omega=-2.83E-004 bad=6 tapChange=0.0087 floor=0.0029 fading=True/True preMse=0.948 energy=0.007/0.045 fresh=False phase=-1.194 anchor=0.136@-0.999 phi=1.041
frame@123792: gain=0.117 ref=0.348 mse=0.348 tau=-0.133 omega=-2.58E-004 bad=7 tapChange=0.0066 floor=0.0031 fading=True/True preMse=0.642 energy=0.009/0.045 fresh=False phase=0.114 anchor=0.242@0.045 phi=-0.050
frame@123888: gain=0.175 ref=0.348 mse=0.261 tau=-0.133 omega=-2.25E-004 bad=8 tapChange=0.0044 floor=0.0034 fading=True/True preMse=0.483 energy=0.011/0.045 fresh=False phase=0.079 anchor=0.343@0.057 phi=-0.063
frame@123984: gain=0.232 ref=0.339 mse=0.199 tau=-0.133 omega=-1.58E-004 bad=0 tapChange=0.0036 floor=0.0036 fading=True/True preMse=0.367 energy=0.015/0.044 fresh=False phase=0.118 anchor=0.444@0.113 phi=-0.128
frame@124080: gain=0.288 ref=0.334 mse=0.131 tau=-0.133 omega=-1.05E-004 bad=0 tapChange=0.0025 floor=0.0025 fading=True/True preMse=0.243 energy=0.022/0.042 fresh=False phase=0.106 anchor=0.554@0.087 phi=-0.101
frame@124176: gain=0.328 ref=0.331 mse=0.127 tau=-0.131 omega=-1.06E-004 bad=0 tapChange=0.0055 floor=0.0028 fading=True/True preMse=0.235 energy=0.030/0.041 fresh=False phase=-0.020 anchor=0.625@-0.001 phi=0.002
frame@124272: gain=0.401 ref=0.331 mse=0.058 tau=-0.130 omega=-9.67E-005 bad=0 tapChange=0.0023 floor=0.0023 fading=True/True preMse=0.106 energy=0.039/0.041 fresh=False phase=0.019 anchor=0.750@0.015 phi=-0.018
frame@124368: gain=0.448 ref=0.335 mse=0.044 tau=-0.129 omega=-6.06E-005 bad=0 tapChange=0.0026 floor=0.0025 fading=True/True preMse=0.081 energy=0.049/0.041 fresh=False phase=0.066 anchor=0.834@0.057 phi=-0.069
frame@124464: gain=0.488 ref=0.340 mse=0.021 tau=-0.128 omega=-4.83E-005 bad=0 tapChange=0.0016 floor=0.0016 fading=True/True preMse=0.039 energy=0.057/0.041 fresh=False phase=0.021 anchor=0.893@0.019 phi=-0.024
frame@124560: gain=0.491 ref=0.348 mse=0.017 tau=-0.127 omega=-5.15E-005 bad=0 tapChange=0.0014 floor=0.0014 fading=True/True preMse=0.032 energy=0.062/0.042 fresh=False phase=-0.002 anchor=0.901@-0.005 phi=0.006
frame@124656: gain=0.459 ref=0.355 mse=0.035 tau=-0.124 omega=-8.49E-005 bad=0 tapChange=0.0023 floor=0.0016 fading=True/True preMse=0.064 energy=0.065/0.043 fresh=False phase=-0.080 anchor=0.849@-0.054 phi=0.064
frame@124752: gain=0.425 ref=0.360 mse=0.045 tau=-0.123 omega=-9.60E-005 bad=0 tapChange=0.0030 floor=0.0018 fading=True/True preMse=0.083 energy=0.064/0.044 fresh=False phase=-0.018 anchor=0.811@-0.017 phi=0.021
frame@124848: gain=0.423 ref=0.363 mse=0.037 tau=-0.121 omega=-1.10E-004 bad=0 tapChange=0.0020 floor=0.0019 fading=True/True preMse=0.068 energy=0.060/0.045 fresh=False phase=-0.028 anchor=0.799@-0.023 phi=0.026
frame@124944: gain=0.387 ref=0.366 mse=0.068 tau=-0.117 omega=-1.50E-004 bad=0 tapChange=0.0036 floor=0.0021 fading=True/True preMse=0.125 energy=0.053/0.046 fresh=False phase=-0.095 anchor=0.740@-0.065 phi=0.078
frame@125040: gain=0.342 ref=0.367 mse=0.084 tau=-0.112 omega=-1.71E-004 bad=0 tapChange=0.0039 floor=0.0024 fading=True/True preMse=0.155 energy=0.046/0.046 fresh=False phase=-0.047 anchor=0.674@-0.033 phi=0.039
frame@125136: gain=0.330 ref=0.366 mse=0.087 tau=-0.109 omega=-1.81E-004 bad=0 tapChange=0.0027 floor=0.0026 fading=True/True preMse=0.161 energy=0.038/0.046 fresh=False phase=-0.013 anchor=0.646@-0.016 phi=0.019
frame@125232: gain=0.299 ref=0.364 mse=0.114 tau=-0.105 omega=-2.11E-004 bad=0 tapChange=0.0031 floor=0.0028 fading=True/True preMse=0.211 energy=0.030/0.046 fresh=False phase=-0.058 anchor=0.589@-0.052 phi=0.058
frame@125328: gain=0.268 ref=0.361 mse=0.143 tau=-0.101 omega=-2.12E-004 bad=0 tapChange=0.0029 floor=0.0029 fading=True/True preMse=0.265 energy=0.022/0.045 fresh=False phase=0.005 anchor=0.527@-0.002 phi=0.002
frame@125424: gain=0.233 ref=0.356 mse=0.184 tau=-0.096 omega=-1.90E-004 bad=0 tapChange=0.0027 floor=0.0027 fading=True/True preMse=0.339 energy=0.016/0.044 fresh=False phase=0.052 anchor=0.455@0.038 phi=-0.042
frame@125520: gain=0.191 ref=0.350 mse=0.241 tau=-0.093 omega=-1.22E-004 bad=0 tapChange=0.0023 floor=0.0023 fading=True/True preMse=0.444 energy=0.010/0.042 fresh=False phase=0.140 anchor=0.370@0.121 phi=-0.131
frame@125616: gain=0.143 ref=0.342 mse=0.307 tau=-0.095 omega=-3.66E-005 bad=0 tapChange=0.0019 floor=0.0019 fading=True/True preMse=0.566 energy=0.006/0.041 fresh=False phase=0.174 anchor=0.277@0.155 phi=-0.164
frame@125712: gain=0.101 ref=0.342 mse=0.384 tau=-0.091 omega=1.61E-004 bad=1 tapChange=0.0018 floor=0.0018 fading=True/True preMse=0.708 energy=0.003/0.041 fresh=False phase=0.404 anchor=0.195@0.364 phi=-0.380
frame@125808: gain=0.096 ref=0.342 mse=0.429 tau=-0.090 omega=5.35E-004 bad=2 tapChange=0.0018 floor=0.0018 fading=True/True preMse=0.791 energy=0.003/0.041 fresh=False phase=0.742 anchor=0.184@0.691 phi=-0.718
frame@125904: gain=0.150 ref=0.342 mse=0.328 tau=-0.090 omega=7.66E-004 bad=3 tapChange=0.0014 floor=0.0014 fading=True/True preMse=0.605 energy=0.004/0.041 fresh=False phase=0.438 anchor=0.282@0.418 phi=-0.445
frame@126000: gain=0.219 ref=0.342 mse=0.205 tau=-0.089 omega=7.94E-004 bad=4 tapChange=0.0013 floor=0.0013 fading=True/True preMse=0.379 energy=0.009/0.041 fresh=False phase=0.047 anchor=0.414@0.049 phi=-0.053
frame@126096: gain=0.308 ref=0.336 mse=0.125 tau=-0.089 omega=8.07E-004 bad=0 tapChange=0.0014 floor=0.0014 fading=True/True preMse=0.231 energy=0.016/0.039 fresh=False phase=0.026 anchor=0.569@0.023 phi=-0.026
frame@126192: gain=0.376 ref=0.335 mse=0.076 tau=-0.087 omega=7.38E-004 bad=0 tapChange=0.0013 floor=0.0013 fading=True/True preMse=0.141 energy=0.026/0.038 fresh=False phase=-0.133 anchor=0.696@-0.116 phi=0.133
frame@126288: gain=0.472 ref=0.337 mse=0.040 tau=-0.086 omega=7.02E-004 bad=0 tapChange=0.0019 floor=0.0015 fading=True/True preMse=0.074 energy=0.037/0.037 fresh=False phase=-0.064 anchor=0.850@-0.059 phi=0.070
frame@126384: gain=0.527 ref=0.343 mse=0.033 tau=-0.086 omega=6.59E-004 bad=0 tapChange=0.0024 floor=0.0016 fading=True/True preMse=0.060 energy=0.049/0.037 fresh=False phase=-0.081 anchor=0.936@-0.068 phi=0.082
frame@126480: gain=0.574 ref=0.353 mse=0.046 tau=-0.085 omega=6.22E-004 bad=0 tapChange=0.0047 floor=0.0018 fading=True/True preMse=0.085 energy=0.061/0.038 fresh=False phase=-0.076 anchor=1.013@-0.057 phi=0.070
frame@126576: gain=0.595 ref=0.364 mse=0.029 tau=-0.085 omega=5.87E-004 bad=0 tapChange=0.0038 floor=0.0020 fading=True/True preMse=0.053 energy=0.072/0.039 fresh=False phase=-0.067 anchor=1.037@-0.054 phi=0.067
frame@126672: gain=0.603 ref=0.375 mse=0.057 tau=-0.084 omega=5.29E-004 bad=0 tapChange=0.0063 floor=0.0022 fading=True/True preMse=0.105 energy=0.083/0.041 fresh=False phase=-0.126 anchor=1.049@-0.088 phi=0.113
frame@126768: gain=0.590 ref=0.387 mse=0.024 tau=-0.083 omega=5.02E-004 bad=0 tapChange=0.0039 floor=0.0024 fading=False/True preMse=0.043 energy=0.091/0.043 fresh=False phase=-0.056 anchor=1.034@-0.040 phi=0.051
frame@126864: gain=0.572 ref=0.397 mse=0.066 tau=-0.081 omega=4.30E-004 bad=0 tapChange=0.0070 floor=0.0026 fading=False/True preMse=0.122 energy=0.098/0.045 fresh=False phase=-0.167 anchor=0.993@-0.107 phi=0.138
frame@126960: gain=0.540 ref=0.406 mse=0.025 tau=-0.080 omega=4.33E-004 bad=0 tapChange=0.0035 floor=0.0029 fading=False/True preMse=0.045 energy=0.104/0.048 fresh=False phase=-0.006 anchor=0.971@0.002 phi=-0.005
frame@127056: gain=0.513 ref=0.412 mse=0.026 tau=-0.078 omega=4.03E-004 bad=0 tapChange=0.0028 floor=0.0028 fading=False/True preMse=0.048 energy=0.107/0.051 fresh=False phase=-0.077 anchor=0.928@-0.044 phi=0.057
frame@127152: gain=0.488 ref=0.417 mse=0.027 tau=-0.075 omega=3.74E-004 bad=0 tapChange=0.0027 floor=0.0027 fading=False/True preMse=0.049 energy=0.108/0.053 fresh=False phase=-0.070 anchor=0.900@-0.044 phi=0.057
frame@127248: gain=0.462 ref=0.421 mse=0.051 tau=-0.070 omega=3.16E-004 bad=0 tapChange=0.0051 floor=0.0030 fading=False/True preMse=0.094 energy=0.108/0.056 fresh=False phase=-0.152 anchor=0.868@-0.086 phi=0.111
frame@127344: gain=0.438 ref=0.423 mse=0.040 tau=-0.067 omega=3.01E-004 bad=0 tapChange=0.0035 floor=0.0032 fading=False/True preMse=0.073 energy=0.107/0.059 fresh=False phase=-0.048 anchor=0.841@-0.022 phi=0.028
frame@127440: gain=0.417 ref=0.424 mse=0.049 tau=-0.064 omega=2.88E-004 bad=0 tapChange=0.0045 floor=0.0035 fading=False/True preMse=0.091 energy=0.104/0.061 fresh=False phase=-0.041 anchor=0.808@-0.021 phi=0.026
frame@127536: gain=0.398 ref=0.423 mse=0.065 tau=-0.058 omega=2.41E-004 bad=0 tapChange=0.0055 floor=0.0038 fading=False/True preMse=0.120 energy=0.101/0.063 fresh=False phase=-0.129 anchor=0.785@-0.072 phi=0.089
frame@127632: gain=0.386 ref=0.422 mse=0.064 tau=-0.050 omega=2.20E-004 bad=0 tapChange=0.0053 floor=0.0040 fading=False/True preMse=0.119 energy=0.099/0.065 fresh=False phase=-0.065 anchor=0.770@-0.035 phi=0.041
frame@127728: gain=0.376 ref=0.420 mse=0.065 tau=-0.042 omega=1.91E-004 bad=0 tapChange=0.0055 floor=0.0043 fading=False/True preMse=0.120 energy=0.097/0.067 fresh=False phase=-0.072 anchor=0.757@-0.046 phi=0.055
frame@127824: gain=0.384 ref=0.418 mse=0.057 tau=-0.027 omega=1.56E-004 bad=0 tapChange=0.0045 floor=0.0045 fading=False/True preMse=0.105 energy=0.095/0.068 fresh=False phase=-0.091 anchor=0.770@-0.055 phi=0.067
frame@127920: gain=0.382 ref=0.416 mse=0.059 tau=-0.005 omega=1.29E-004 bad=0 tapChange=0.0043 floor=0.0043 fading=False/True preMse=0.110 energy=0.092/0.070 fresh=False phase=-0.072 anchor=0.763@-0.043 phi=0.052
frame@128016: gain=0.403 ref=0.415 mse=0.044 tau=-0.002 omega=9.27E-005 bad=0 tapChange=0.0030 floor=0.0030 fading=False/True preMse=0.082 energy=0.089/0.071 fresh=False phase=-0.082 anchor=0.792@-0.058 phi=0.069
frame@128112: gain=0.420 ref=0.414 mse=0.033 tau=0.021 omega=7.62E-005 bad=0 tapChange=0.0019 floor=0.0019 fading=False/True preMse=0.061 energy=0.085/0.072 fresh=False phase=-0.042 anchor=0.813@-0.026 phi=0.032
frame@128208: gain=0.442 ref=0.414 mse=0.023 tau=0.024 omega=5.65E-005 bad=0 tapChange=0.0012 floor=0.0012 fading=False/True preMse=0.042 energy=0.080/0.072 fresh=False phase=-0.044 anchor=0.842@-0.031 phi=0.038
frame@128304: gain=0.444 ref=0.416 mse=0.028 tau=0.023 omega=6.30E-005 bad=0 tapChange=0.0015 floor=0.0013 fading=False/True preMse=0.052 energy=0.075/0.073 fresh=False phase=0.017 anchor=0.840@0.010 phi=-0.012
frame@128400: gain=0.467 ref=0.417 mse=0.020 tau=0.017 omega=4.98E-005 bad=0 tapChange=0.0009 floor=0.0009 fading=False/True preMse=0.037 energy=0.071/0.073 fresh=False phase=-0.033 anchor=0.870@-0.020 phi=0.025
frame@128496: gain=0.476 ref=0.420 mse=0.025 tau=0.013 omega=3.65E-005 bad=0 tapChange=0.0015 floor=0.0011 fading=False/True preMse=0.046 energy=0.066/0.073 fresh=False phase=-0.026 anchor=0.880@-0.021 phi=0.026
frame@128592: gain=0.470 ref=0.423 mse=0.028 tau=0.009 omega=7.77E-005 bad=0 tapChange=0.0013 floor=0.0012 fading=False/True preMse=0.052 energy=0.063/0.073 fresh=False phase=0.083 anchor=0.870@0.064 phi=-0.079
frame@128688: gain=0.498 ref=0.425 mse=0.029 tau=0.003 omega=8.80E-005 bad=0 tapChange=0.0026 floor=0.0014 fading=False/True preMse=0.053 energy=0.062/0.072 fresh=False phase=0.031 anchor=0.907@0.016 phi=-0.020
frame@128784: gain=0.488 ref=0.429 mse=0.043 tau=-0.001 omega=1.08E-004 bad=0 tapChange=0.0035 floor=0.0016 fading=False/True preMse=0.079 energy=0.062/0.072 fresh=False phase=0.039 anchor=0.887@0.032 phi=-0.039
frame@128880: gain=0.493 ref=0.432 mse=0.036 tau=-0.009 omega=1.37E-004 bad=0 tapChange=0.0023 floor=0.0017 fading=False/True preMse=0.067 energy=0.065/0.071 fresh=False phase=0.045 anchor=0.893@0.043 phi=-0.054
frame@128976: gain=0.487 ref=0.435 mse=0.044 tau=-0.014 omega=1.98E-004 bad=0 tapChange=0.0028 floor=0.0019 fading=False/True preMse=0.082 energy=0.069/0.071 fresh=False phase=0.117 anchor=0.888@0.093 phi=-0.118
frame@129072: gain=0.515 ref=0.437 mse=0.027 tau=-0.019 omega=2.27E-004 bad=0 tapChange=0.0023 floor=0.0021 fading=False/True preMse=0.050 energy=0.077/0.071 fresh=False phase=0.070 anchor=0.926@0.043 phi=-0.055
frame@129168: gain=0.554 ref=0.441 mse=0.032 tau=-0.024 omega=2.28E-004 bad=0 tapChange=0.0044 floor=0.0023 fading=False/True preMse=0.059 energy=0.087/0.071 fresh=False phase=0.012 anchor=0.981@0.002 phi=-0.003
frame@129264: gain=0.543 ref=0.447 mse=0.082 tau=-0.029 omega=2.27E-004 bad=0 tapChange=0.0113 floor=0.0026 fading=False/True preMse=0.152 energy=0.099/0.072 fresh=False phase=-0.001 anchor=0.971@-0.000 phi=0.002
frame@129360: gain=0.591 ref=0.452 mse=0.044 tau=-0.033 omega=2.19E-004 bad=0 tapChange=0.0072 floor=0.0028 fading=False/True preMse=0.082 energy=0.114/0.073 fresh=False phase=-0.005 anchor=1.022@-0.013 phi=0.016
frame@129456: gain=0.584 ref=0.459 mse=0.032 tau=-0.036 omega=2.27E-004 bad=0 tapChange=0.0059 floor=0.0030 fading=False/True preMse=0.060 energy=0.130/0.075 fresh=False phase=0.016 anchor=1.018@0.011 phi=-0.015
frame@129552: gain=0.565 ref=0.465 mse=0.029 tau=-0.040 omega=2.61E-004 bad=0 tapChange=0.0050 floor=0.0033 fading=False/True preMse=0.054 energy=0.146/0.078 fresh=False phase=0.079 anchor=1.002@0.046 phi=-0.065
frame@129648: gain=0.578 ref=0.470 mse=0.036 tau=-0.043 omega=2.02E-004 bad=0 tapChange=0.0055 floor=0.0035 fading=False/True preMse=0.067 energy=0.160/0.081 fresh=False phase=-0.130 anchor=1.004@-0.080 phi=0.114
frame@129744: gain=0.531 ref=0.475 mse=0.041 tau=-0.047 omega=2.02E-004 bad=0 tapChange=0.0071 floor=0.0038 fading=False/True preMse=0.075 energy=0.172/0.085 fresh=False phase=-0.009 anchor=0.961@-0.000 phi=-0.001
frame@129840: gain=0.556 ref=0.478 mse=0.049 tau=-0.049 omega=1.50E-004 bad=0 tapChange=0.0082 floor=0.0041 fading=False/True preMse=0.091 energy=0.180/0.090 fresh=False phase=-0.103 anchor=0.976@-0.069 phi=0.100
frame@129936: gain=0.502 ref=0.482 mse=0.022 tau=-0.051 omega=1.37E-004 bad=0 tapChange=0.0036 floor=0.0036 fading=False/True preMse=0.040 energy=0.183/0.094 fresh=False phase=-0.032 anchor=0.934@-0.018 phi=0.026
frame@130032: gain=0.515 ref=0.483 mse=0.042 tau=-0.054 omega=9.11E-005 bad=0 tapChange=0.0077 floor=0.0039 fading=False/True preMse=0.077 energy=0.183/0.099 fresh=False phase=-0.089 anchor=0.943@-0.059 phi=0.088
frame@130128: gain=0.508 ref=0.485 mse=0.036 tau=-0.055 omega=4.64E-005 bad=0 tapChange=0.0063 floor=0.0042 fading=False/True preMse=0.066 energy=0.179/0.103 fresh=False phase=-0.095 anchor=0.934@-0.058 phi=0.086
frame@130224: gain=0.493 ref=0.486 mse=0.030 tau=-0.056 omega=-1.05E-005 bad=0 tapChange=0.0033 floor=0.0033 fading=False/True preMse=0.055 energy=0.175/0.107 fresh=False phase=-0.126 anchor=0.921@-0.074 phi=0.109
frame@130320: gain=0.491 ref=0.486 mse=0.044 tau=-0.058 omega=-8.96E-005 bad=0 tapChange=0.0050 floor=0.0036 fading=False/True preMse=0.082 energy=0.172/0.110 fresh=False phase=-0.169 anchor=0.908@-0.104 phi=0.152
frame@130416: gain=0.483 ref=0.486 mse=0.035 tau=-0.059 omega=-1.06E-004 bad=0 tapChange=0.0060 floor=0.0039 fading=False/True preMse=0.065 energy=0.171/0.113 fresh=False phase=-0.030 anchor=0.917@-0.022 phi=0.031
frame@130512: gain=0.497 ref=0.486 mse=0.047 tau=-0.062 omega=-1.51E-004 bad=0 tapChange=0.0084 floor=0.0042 fading=False/True preMse=0.087 energy=0.172/0.116 fresh=False phase=-0.088 anchor=0.916@-0.059 phi=0.088
frame@130608: gain=0.510 ref=0.487 mse=0.029 tau=-0.062 omega=-2.02E-004 bad=0 tapChange=0.0049 floor=0.0045 fading=False/True preMse=0.053 energy=0.176/0.119 fresh=False phase=-0.102 anchor=0.940@-0.063 phi=0.098
frame@130704: gain=0.533 ref=0.488 mse=0.035 tau=-0.063 omega=-1.90E-004 bad=0 tapChange=0.0079 floor=0.0048 fading=False/True preMse=0.064 energy=0.182/0.122 fresh=False phase=0.024 anchor=0.969@0.014 phi=-0.024
frame@130800: gain=0.542 ref=0.490 mse=0.045 tau=-0.062 omega=-2.55E-004 bad=0 tapChange=0.0078 floor=0.0051 fading=False/True preMse=0.083 energy=0.188/0.125 fresh=False phase=-0.150 anchor=0.972@-0.080 phi=0.125
frame@130896: gain=0.536 ref=0.493 mse=0.015 tau=-0.062 omega=-2.24E-004 bad=0 tapChange=0.0034 floor=0.0034 fading=False/True preMse=0.028 energy=0.193/0.128 fresh=False phase=0.064 anchor=0.970@0.036 phi=-0.060
frame@130992: gain=0.504 ref=0.495 mse=0.038 tau=-0.064 omega=-1.78E-004 bad=0 tapChange=0.0079 floor=0.0036 fading=False/True preMse=0.070 energy=0.198/0.131 fresh=False phase=0.075 anchor=0.939@0.057 phi=-0.089
frame@131088: gain=0.519 ref=0.495 mse=0.017 tau=-0.064 omega=-1.94E-004 bad=0 tapChange=0.0038 floor=0.0038 fading=False/True preMse=0.031 energy=0.200/0.134 fresh=False phase=-0.035 anchor=0.950@-0.020 phi=0.031
frame@131184: gain=0.483 ref=0.496 mse=0.030 tau=-0.063 omega=-1.40E-004 bad=0 tapChange=0.0047 floor=0.0041 fading=False/True preMse=0.056 energy=0.202/0.138 fresh=False phase=0.097 anchor=0.901@0.068 phi=-0.103
frame@131280: gain=0.475 ref=0.496 mse=0.025 tau=-0.062 omega=-1.35E-004 bad=0 tapChange=0.0043 floor=0.0043 fading=False/True preMse=0.047 energy=0.201/0.141 fresh=False phase=-0.005 anchor=0.896@0.008 phi=-0.010
frame@131376: gain=0.477 ref=0.495 mse=0.027 tau=-0.061 omega=-1.42E-004 bad=0 tapChange=0.0045 floor=0.0045 fading=False/True preMse=0.051 energy=0.198/0.144 fresh=False phase=-0.032 anchor=0.901@-0.008 phi=0.015
frame@131472: gain=0.442 ref=0.494 mse=0.036 tau=-0.061 omega=-8.98E-005 bad=0 tapChange=0.0044 floor=0.0044 fading=False/True preMse=0.066 energy=0.194/0.147 fresh=False phase=0.098 anchor=0.852@0.069 phi=-0.101
frame@131568: gain=0.438 ref=0.491 mse=0.030 tau=-0.062 omega=-9.33E-005 bad=0 tapChange=0.0053 floor=0.0047 fading=False/True preMse=0.056 energy=0.186/0.149 fresh=False phase=-0.007 anchor=0.859@-0.002 phi=0.007
frame@131664: gain=0.420 ref=0.489 mse=0.038 tau=-0.062 omega=-7.99E-005 bad=0 tapChange=0.0052 floor=0.0050 fading=False/True preMse=0.071 energy=0.176/0.151 fresh=False phase=0.018 anchor=0.831@0.020 phi=-0.026
frame@131760: gain=0.418 ref=0.485 mse=0.039 tau=-0.060 omega=-7.49E-005 bad=0 tapChange=0.0047 floor=0.0047 fading=False/True preMse=0.073 energy=0.163/0.152 fresh=False phase=0.006 anchor=0.830@0.008 phi=-0.009
frame@131856: gain=0.390 ref=0.482 mse=0.049 tau=-0.064 omega=-6.55E-005 bad=0 tapChange=0.0064 floor=0.0050 fading=False/True preMse=0.090 energy=0.149/0.153 fresh=False phase=0.030 anchor=0.797@0.013 phi=-0.018
frame@131952: gain=0.383 ref=0.477 mse=0.056 tau=-0.067 omega=-7.37E-005 bad=0 tapChange=0.0070 floor=0.0054 fading=False/True preMse=0.104 energy=0.135/0.152 fresh=False phase=-0.025 anchor=0.784@-0.013 phi=0.016
frame@132048: gain=0.369 ref=0.473 mse=0.059 tau=-0.070 omega=-7.35E-005 bad=0 tapChange=0.0067 floor=0.0057 fading=False/True preMse=0.108 energy=0.121/0.152 fresh=False phase=-0.002 anchor=0.764@0.000 phi=-0.000
frame@132144: gain=0.357 ref=0.467 mse=0.075 tau=-0.076 omega=-6.96E-005 bad=0 tapChange=0.0080 floor=0.0061 fading=False/True preMse=0.139 energy=0.109/0.150 fresh=False phase=0.006 anchor=0.737@0.006 phi=-0.007
frame@132240: gain=0.338 ref=0.462 mse=0.082 tau=-0.085 omega=-8.34E-005 bad=0 tapChange=0.0081 floor=0.0065 fading=False/True preMse=0.151 energy=0.098/0.148 fresh=False phase=-0.033 anchor=0.710@-0.022 phi=0.026
frame@132336: gain=0.344 ref=0.456 mse=0.083 tau=-0.104 omega=-1.12E-004 bad=0 tapChange=0.0077 floor=0.0070 fading=False/True preMse=0.153 energy=0.089/0.145 fresh=False phase=-0.071 anchor=0.712@-0.044 phi=0.055
frame@132432: gain=0.354 ref=0.450 mse=0.077 tau=-0.122 omega=-1.47E-004 bad=0 tapChange=0.0066 floor=0.0066 fading=False/True preMse=0.142 energy=0.083/0.143 fresh=False phase=-0.078 anchor=0.722@-0.055 phi=0.067
frame@132528: gain=0.347 ref=0.445 mse=0.080 tau=-0.137 omega=-1.70E-004 bad=0 tapChange=0.0059 floor=0.0059 fading=False/True preMse=0.149 energy=0.078/0.140 fresh=False phase=-0.055 anchor=0.705@-0.035 phi=0.043
frame@132624: gain=0.360 ref=0.440 mse=0.072 tau=-0.149 omega=-1.93E-004 bad=0 tapChange=0.0044 floor=0.0044 fading=False/True preMse=0.132 energy=0.074/0.137 fresh=False phase=-0.044 anchor=0.717@-0.037 phi=0.044
frame@132720: gain=0.391 ref=0.436 mse=0.050 tau=-0.156 omega=-2.12E-004 bad=0 tapChange=0.0028 floor=0.0028 fading=False/True preMse=0.092 energy=0.071/0.133 fresh=False phase=-0.039 anchor=0.764@-0.031 phi=0.037
frame@132816: gain=0.403 ref=0.434 mse=0.042 tau=-0.152 omega=-2.30E-004 bad=0 tapChange=0.0021 floor=0.0021 fading=False/True preMse=0.077 energy=0.067/0.130 fresh=False phase=-0.041 anchor=0.775@-0.028 phi=0.034
frame@132912: gain=0.421 ref=0.433 mse=0.033 tau=-0.158 omega=-2.32E-004 bad=0 tapChange=0.0015 floor=0.0015 fading=False/True preMse=0.061 energy=0.064/0.127 fresh=False phase=-0.001 anchor=0.801@-0.004 phi=0.004
frame@133008: gain=0.427 ref=0.432 mse=0.032 tau=-0.150 omega=-2.18E-004 bad=0 tapChange=0.0014 floor=0.0014 fading=False/True preMse=0.058 energy=0.060/0.124 fresh=False phase=0.033 anchor=0.808@0.022 phi=-0.027
frame@133104: gain=0.436 ref=0.432 mse=0.030 tau=-0.140 omega=-2.06E-004 bad=0 tapChange=0.0013 floor=0.0013 fading=False/True preMse=0.055 energy=0.056/0.121 fresh=False phase=0.027 anchor=0.816@0.020 phi=-0.023
frame@133200: gain=0.438 ref=0.432 mse=0.033 tau=-0.131 omega=-1.68E-004 bad=0 tapChange=0.0012 floor=0.0012 fading=False/True preMse=0.060 energy=0.053/0.118 fresh=False phase=0.078 anchor=0.817@0.060 phi=-0.073
frame@133296: gain=0.460 ref=0.432 mse=0.031 tau=-0.115 omega=-1.52E-004 bad=0 tapChange=0.0017 floor=0.0014 fading=False/True preMse=0.058 energy=0.050/0.114 fresh=False phase=0.041 anchor=0.845@0.025 phi=-0.030
frame@133392: gain=0.458 ref=0.434 mse=0.032 tau=-0.105 omega=-9.94E-005 bad=0 tapChange=0.0013 floor=0.0013 fading=False/True preMse=0.060 energy=0.049/0.111 fresh=False phase=0.109 anchor=0.844@0.083 phi=-0.101
frame@133488: gain=0.478 ref=0.435 mse=0.031 tau=-0.098 omega=-6.63E-005 bad=0 tapChange=0.0014 floor=0.0014 fading=False/True preMse=0.056 energy=0.050/0.108 fresh=False phase=0.063 anchor=0.875@0.052 phi=-0.064
frame@133584: gain=0.485 ref=0.437 mse=0.039 tau=-0.091 omega=-9.17E-006 bad=0 tapChange=0.0026 floor=0.0016 fading=False/True preMse=0.073 energy=0.054/0.105 fresh=False phase=0.130 anchor=0.884@0.089 phi=-0.110
frame@133680: gain=0.509 ref=0.439 mse=0.021 tau=-0.089 omega=3.24E-005 bad=0 tapChange=0.0017 floor=0.0017 fading=False/True preMse=0.039 energy=0.061/0.103 fresh=False phase=0.091 anchor=0.921@0.064 phi=-0.080
frame@133776: gain=0.499 ref=0.443 mse=0.050 tau=-0.083 omega=1.04E-004 bad=0 tapChange=0.0039 floor=0.0019 fading=False/True preMse=0.092 energy=0.071/0.101 fresh=False phase=0.145 anchor=0.905@0.110 phi=-0.137
frame@133872: gain=0.557 ref=0.446 mse=0.079 tau=-0.078 omega=1.20E-004 bad=0 tapChange=0.0094 floor=0.0021 fading=False/True preMse=0.146 energy=0.084/0.099 fresh=False phase=0.035 anchor=0.979@0.025 phi=-0.032
frame@133968: gain=0.569 ref=0.451 mse=0.057 tau=-0.078 omega=1.38E-004 bad=0 tapChange=0.0065 floor=0.0023 fading=False/True preMse=0.106 energy=0.100/0.098 fresh=False phase=0.023 anchor=0.993@0.026 phi=-0.035
frame@134064: gain=0.571 ref=0.457 mse=0.090 tau=-0.079 omega=1.38E-004 bad=0 tapChange=0.0123 floor=0.0026 fading=True/True preMse=0.166 energy=0.117/0.098 fresh=False phase=0.013 anchor=0.997@-0.001 phi=0.001
frame@134160: gain=0.606 ref=0.463 mse=0.053 tau=-0.078 omega=1.27E-004 bad=0 tapChange=0.0084 floor=0.0028 fading=True/True preMse=0.098 energy=0.134/0.099 fresh=False phase=-0.015 anchor=1.033@-0.014 phi=0.021
frame@134256: gain=0.562 ref=0.470 mse=0.188 tau=-0.080 omega=1.04E-004 bad=0 tapChange=0.0288 floor=0.0030 fading=True/True preMse=0.346 energy=0.150/0.101 fresh=False phase=-0.032 anchor=0.987@-0.030 phi=0.044
frame@134352: gain=0.492 ref=0.475 mse=0.113 tau=-0.078 omega=1.48E-004 bad=0 tapChange=0.0175 floor=0.0033 fading=True/True preMse=0.209 energy=0.158/0.103 fresh=False phase=0.079 anchor=0.902@0.058 phi=-0.084
frame@134448: gain=0.517 ref=0.475 mse=0.090 tau=-0.077 omega=1.38E-004 bad=0 tapChange=0.0165 floor=0.0035 fading=True/True preMse=0.167 energy=0.163/0.106 fresh=False phase=-0.010 anchor=0.938@-0.011 phi=0.018
frame@134544: gain=0.498 ref=0.478 mse=0.077 tau=-0.077 omega=1.46E-004 bad=0 tapChange=0.0116 floor=0.0038 fading=True/True preMse=0.142 energy=0.162/0.109 fresh=False phase=-0.000 anchor=0.910@0.009 phi=-0.014
frame@134640: gain=0.531 ref=0.479 mse=0.066 tau=-0.076 omega=1.30E-004 bad=0 tapChange=0.0125 floor=0.0041 fading=True/True preMse=0.123 energy=0.156/0.112 fresh=False phase=-0.010 anchor=0.961@-0.020 phi=0.031
frame@134736: gain=0.421 ref=0.481 mse=0.070 tau=-0.077 omega=1.46E-004 bad=0 tapChange=0.0129 floor=0.0044 fading=True/True preMse=0.130 energy=0.147/0.114 fresh=False phase=0.041 anchor=0.831@0.021 phi=-0.031
frame@134832: gain=0.449 ref=0.478 mse=0.060 tau=-0.078 omega=1.33E-004 bad=0 tapChange=0.0088 floor=0.0047 fading=True/True preMse=0.111 energy=0.135/0.116 fresh=False phase=-0.041 anchor=0.860@-0.015 phi=0.024
frame@134928: gain=0.448 ref=0.477 mse=0.064 tau=-0.078 omega=1.43E-004 bad=0 tapChange=0.0088 floor=0.0051 fading=True/True preMse=0.117 energy=0.122/0.116 fresh=False phase=0.013 anchor=0.857@0.014 phi=-0.019
frame@135024: gain=0.380 ref=0.475 mse=0.093 tau=-0.079 omega=1.55E-004 bad=0 tapChange=0.0143 floor=0.0054 fading=True/True preMse=0.172 energy=0.109/0.117 fresh=False phase=0.050 anchor=0.771@0.015 phi=-0.023
frame@135120: gain=0.402 ref=0.471 mse=0.053 tau=-0.080 omega=1.54E-004 bad=0 tapChange=0.0064 floor=0.0058 fading=True/True preMse=0.098 energy=0.098/0.116 fresh=False phase=0.010 anchor=0.795@-0.002 phi=0.003
frame@135216: gain=0.372 ref=0.467 mse=0.073 tau=-0.082 omega=1.59E-004 bad=0 tapChange=0.0088 floor=0.0062 fading=True/True preMse=0.135 energy=0.090/0.115 fresh=False phase=0.017 anchor=0.750@0.007 phi=-0.010
frame@135312: gain=0.383 ref=0.462 mse=0.093 tau=-0.083 omega=1.49E-004 bad=0 tapChange=0.0116 floor=0.0066 fading=True/True preMse=0.173 energy=0.084/0.114 fresh=False phase=-0.033 anchor=0.761@-0.015 phi=0.019
frame@135408: gain=0.403 ref=0.458 mse=0.072 tau=-0.083 omega=1.11E-004 bad=0 tapChange=0.0075 floor=0.0070 fading=True/True preMse=0.133 energy=0.080/0.113 fresh=False phase=-0.061 anchor=0.781@-0.056 phi=0.072
frame@135504: gain=0.388 ref=0.456 mse=0.055 tau=-0.084 omega=1.17E-004 bad=0 tapChange=0.0048 floor=0.0048 fading=True/True preMse=0.101 energy=0.078/0.111 fresh=False phase=0.016 anchor=0.764@0.008 phi=-0.010
frame@135600: gain=0.379 ref=0.452 mse=0.091 tau=-0.086 omega=8.69E-005 bad=0 tapChange=0.0093 floor=0.0052 fading=True/True preMse=0.168 energy=0.076/0.109 fresh=False phase=-0.066 anchor=0.748@-0.045 phi=0.058
frame@135696: gain=0.402 ref=0.449 mse=0.048 tau=-0.087 omega=4.53E-005 bad=0 tapChange=0.0033 floor=0.0033 fading=True/True preMse=0.089 energy=0.074/0.108 fresh=False phase=-0.085 anchor=0.778@-0.062 phi=0.080
frame@135792: gain=0.417 ref=0.446 mse=0.045 tau=-0.089 omega=1.10E-005 bad=0 tapChange=0.0030 floor=0.0030 fading=True/True preMse=0.083 energy=0.071/0.106 fresh=False phase=-0.074 anchor=0.798@-0.053 phi=0.066
frame@135888: gain=0.404 ref=0.445 mse=0.047 tau=-0.091 omega=-3.27E-006 bad=0 tapChange=0.0034 floor=0.0032 fading=True/True preMse=0.087 energy=0.067/0.104 fresh=False phase=-0.020 anchor=0.785@-0.023 phi=0.027
frame@135984: gain=0.419 ref=0.443 mse=0.045 tau=-0.092 omega=-5.90E-005 bad=0 tapChange=0.0023 floor=0.0023 fading=True/True preMse=0.084 energy=0.061/0.102 fresh=False phase=-0.119 anchor=0.793@-0.085 phi=0.107
frame@136080: gain=0.406 ref=0.442 mse=0.049 tau=-0.092 omega=-1.01E-004 bad=0 tapChange=0.0025 floor=0.0025 fading=True/True preMse=0.090 energy=0.055/0.100 fresh=False phase=-0.088 anchor=0.773@-0.066 phi=0.081
frame@136176: gain=0.381 ref=0.440 mse=0.069 tau=-0.094 omega=-1.28E-004 bad=0 tapChange=0.0037 floor=0.0027 fading=True/True preMse=0.127 energy=0.048/0.098 fresh=False phase=-0.056 anchor=0.731@-0.044 phi=0.052
frame@136272: gain=0.352 ref=0.437 mse=0.086 tau=-0.095 omega=-1.54E-004 bad=0 tapChange=0.0041 floor=0.0029 fading=True/True preMse=0.158 energy=0.042/0.096 fresh=False phase=-0.056 anchor=0.682@-0.041 phi=0.049
frame@136368: gain=0.331 ref=0.433 mse=0.100 tau=-0.096 omega=-1.83E-004 bad=0 tapChange=0.0041 floor=0.0032 fading=True/True preMse=0.185 energy=0.037/0.093 fresh=False phase=-0.067 anchor=0.646@-0.048 phi=0.057
frame@136464: gain=0.297 ref=0.428 mse=0.132 tau=-0.099 omega=-2.11E-004 bad=0 tapChange=0.0051 floor=0.0034 fading=True/True preMse=0.244 energy=0.034/0.090 fresh=False phase=-0.066 anchor=0.586@-0.047 phi=0.054
frame@136560: gain=0.264 ref=0.421 mse=0.161 tau=-0.099 omega=-2.41E-004 bad=0 tapChange=0.0066 floor=0.0037 fading=True/True preMse=0.297 energy=0.034/0.087 fresh=False phase=-0.068 anchor=0.538@-0.049 phi=0.056
frame@136656: gain=0.238 ref=0.413 mse=0.187 tau=-0.095 omega=-2.54E-004 bad=0 tapChange=0.0081 floor=0.0040 fading=True/True preMse=0.345 energy=0.035/0.085 fresh=False phase=-0.033 anchor=0.499@-0.023 phi=0.025
frame@136752: gain=0.226 ref=0.404 mse=0.200 tau=-0.077 omega=-2.72E-004 bad=0 tapChange=0.0087 floor=0.0043 fading=True/True preMse=0.370 energy=0.038/0.082 fresh=False phase=-0.051 anchor=0.483@-0.031 phi=0.035
frame@136848: gain=0.230 ref=0.396 mse=0.197 tau=-0.072 omega=-2.73E-004 bad=0 tapChange=0.0093 floor=0.0046 fading=True/True preMse=0.364 energy=0.042/0.080 fresh=False phase=-0.007 anchor=0.498@-0.001 phi=0.001
frame@136944: gain=0.250 ref=0.387 mse=0.176 tau=-0.072 omega=-2.63E-004 bad=0 tapChange=0.0088 floor=0.0049 fading=True/True preMse=0.324 energy=0.047/0.078 fresh=False phase=0.016 anchor=0.539@0.016 phi=-0.018
frame@137040: gain=0.277 ref=0.380 mse=0.154 tau=-0.071 omega=-2.55E-004 bad=0 tapChange=0.0077 floor=0.0053 fading=True/True preMse=0.285 energy=0.054/0.077 fresh=False phase=0.019 anchor=0.579@0.015 phi=-0.017
frame@137136: gain=0.324 ref=0.375 mse=0.115 tau=-0.069 omega=-2.48E-004 bad=0 tapChange=0.0058 floor=0.0056 fading=True/True preMse=0.213 energy=0.061/0.075 fresh=False phase=0.024 anchor=0.654@0.011 phi=-0.012
frame@137232: gain=0.386 ref=0.373 mse=0.086 tau=-0.070 omega=-2.24E-004 bad=0 tapChange=0.0049 floor=0.0049 fading=True/True preMse=0.158 energy=0.070/0.075 fresh=False phase=0.060 anchor=0.744@0.041 phi=-0.047
frame@137328: gain=0.432 ref=0.373 mse=0.071 tau=-0.072 omega=-1.97E-004 bad=0 tapChange=0.0046 floor=0.0046 fading=True/True preMse=0.132 energy=0.081/0.074 fresh=False phase=0.071 anchor=0.813@0.044 phi=-0.052
frame@137424: gain=0.468 ref=0.376 mse=0.077 tau=-0.074 omega=-2.06E-004 bad=0 tapChange=0.0056 floor=0.0049 fading=True/True preMse=0.143 energy=0.096/0.075 fresh=False phase=-0.011 anchor=0.859@-0.015 phi=0.018
frame@137520: gain=0.499 ref=0.381 mse=0.083 tau=-0.077 omega=-1.93E-004 bad=0 tapChange=0.0052 floor=0.0052 fading=True/True preMse=0.153 energy=0.116/0.076 fresh=False phase=0.034 anchor=0.910@0.021 phi=-0.025
frame@137616: gain=0.550 ref=0.387 mse=0.087 tau=-0.079 omega=-1.58E-004 bad=0 tapChange=0.0067 floor=0.0056 fading=False/True preMse=0.161 energy=0.139/0.078 fresh=False phase=0.109 anchor=0.971@0.057 phi=-0.068
frame@137712: gain=0.563 ref=0.395 mse=0.112 tau=-0.082 omega=-1.41E-004 bad=0 tapChange=0.0097 floor=0.0060 fading=False/True preMse=0.207 energy=0.164/0.081 fresh=False phase=0.065 anchor=0.976@0.026 phi=-0.032
frame@137808: gain=0.548 ref=0.403 mse=0.077 tau=-0.084 omega=-1.52E-004 bad=0 tapChange=0.0067 floor=0.0064 fading=False/True preMse=0.142 energy=0.191/0.085 fresh=False phase=-0.008 anchor=0.963@-0.017 phi=0.020
frame@137904: gain=0.564 ref=0.411 mse=0.087 tau=-0.086 omega=-1.50E-004 bad=0 tapChange=0.0085 floor=0.0068 fading=False/True preMse=0.160 energy=0.215/0.090 fresh=False phase=0.028 anchor=0.992@0.003 phi=-0.004
frame@138000: gain=0.516 ref=0.418 mse=0.078 tau=-0.090 omega=-1.27E-004 bad=0 tapChange=0.0074 floor=0.0072 fading=False/True preMse=0.145 energy=0.236/0.097 fresh=False phase=0.094 anchor=0.961@0.035 phi=-0.044
frame@138096: gain=0.519 ref=0.423 mse=0.202 tau=-0.090 omega=-2.28E-004 bad=0 tapChange=0.0158 floor=0.0077 fading=False/True preMse=0.373 energy=0.250/0.104 fresh=False phase=-0.270 anchor=0.927@-0.156 phi=0.195
frame@138192: gain=0.478 ref=0.428 mse=0.079 tau=-0.091 omega=-2.29E-004 bad=0 tapChange=0.0077 floor=0.0077 fading=False/True preMse=0.145 energy=0.258/0.111 fresh=False phase=0.029 anchor=0.905@-0.001 phi=0.001
frame@138288: gain=0.463 ref=0.430 mse=0.124 tau=-0.093 omega=-2.30E-004 bad=0 tapChange=0.0125 floor=0.0082 fading=False/True preMse=0.229 energy=0.262/0.118 fresh=False phase=0.032 anchor=0.884@-0.003 phi=0.003
frame@138384: gain=0.471 ref=0.432 mse=0.104 tau=-0.095 omega=-2.34E-004 bad=0 tapChange=0.0113 floor=0.0087 fading=False/True preMse=0.191 energy=0.259/0.125 fresh=False phase=0.031 anchor=0.911@-0.005 phi=0.007
frame@138480: gain=0.470 ref=0.434 mse=0.064 tau=-0.097 omega=-2.28E-004 bad=0 tapChange=0.0068 floor=0.0068 fading=False/True preMse=0.118 energy=0.252/0.132 fresh=False phase=0.066 anchor=0.900@0.009 phi=-0.013
frame@138576: gain=0.481 ref=0.436 mse=0.146 tau=-0.096 omega=-3.35E-004 bad=0 tapChange=0.0156 floor=0.0073 fading=False/True preMse=0.270 energy=0.242/0.138 fresh=False phase=-0.306 anchor=0.891@-0.160 phi=0.206
frame@138672: gain=0.449 ref=0.438 mse=0.102 tau=-0.097 omega=-3.42E-004 bad=0 tapChange=0.0103 floor=0.0077 fading=False/True preMse=0.188 energy=0.229/0.143 fresh=False phase=0.013 anchor=0.889@-0.009 phi=0.013
frame@138768: gain=0.446 ref=0.439 mse=0.074 tau=-0.097 omega=-3.38E-004 bad=0 tapChange=0.0082 floor=0.0082 fading=False/True preMse=0.136 energy=0.216/0.148 fresh=False phase=0.039 anchor=0.871@0.006 phi=-0.006
frame@138864: gain=0.458 ref=0.439 mse=0.092 tau=-0.098 omega=-3.58E-004 bad=0 tapChange=0.0116 floor=0.0087 fading=False/True preMse=0.170 energy=0.199/0.151 fresh=False phase=-0.020 anchor=0.890@-0.028 phi=0.037
frame@138960: gain=0.429 ref=0.440 mse=0.091 tau=-0.100 omega=-3.31E-004 bad=0 tapChange=0.0118 floor=0.0092 fading=False/True preMse=0.167 energy=0.181/0.153 fresh=False phase=0.117 anchor=0.858@0.040 phi=-0.052
frame@139056: gain=0.451 ref=0.439 mse=0.052 tau=-0.101 omega=-3.43E-004 bad=0 tapChange=0.0064 floor=0.0064 fading=False/True preMse=0.096 energy=0.160/0.155 fresh=False phase=-0.006 anchor=0.867@-0.018 phi=0.024
frame@139152: gain=0.426 ref=0.440 mse=0.036 tau=-0.101 omega=-3.19E-004 bad=0 tapChange=0.0041 floor=0.0041 fading=False/True preMse=0.066 energy=0.139/0.155 fresh=False phase=0.068 anchor=0.843@0.034 phi=-0.046
frame@139248: gain=0.414 ref=0.439 mse=0.053 tau=-0.102 omega=-3.01E-004 bad=0 tapChange=0.0059 floor=0.0044 fading=False/True preMse=0.098 energy=0.118/0.154 fresh=False phase=0.049 anchor=0.818@0.028 phi=-0.035
frame@139344: gain=0.388 ref=0.438 mse=0.078 tau=-0.104 omega=-2.30E-004 bad=0 tapChange=0.0080 floor=0.0047 fading=False/True preMse=0.144 energy=0.099/0.152 fresh=False phase=0.171 anchor=0.778@0.106 phi=-0.136
frame@139440: gain=0.381 ref=0.436 mse=0.078 tau=-0.104 omega=-1.95E-004 bad=0 tapChange=0.0069 floor=0.0050 fading=False/True preMse=0.144 energy=0.082/0.150 fresh=False phase=0.084 anchor=0.751@0.054 phi=-0.067
frame@139536: gain=0.375 ref=0.433 mse=0.074 tau=-0.105 omega=-1.19E-004 bad=0 tapChange=0.0047 floor=0.0047 fading=False/True preMse=0.136 energy=0.068/0.146 fresh=False phase=0.175 anchor=0.738@0.118 phi=-0.147
frame@139632: gain=0.366 ref=0.430 mse=0.089 tau=-0.107 omega=-3.04E-005 bad=0 tapChange=0.0055 floor=0.0050 fading=False/True preMse=0.164 energy=0.059/0.142 fresh=False phase=0.185 anchor=0.721@0.138 phi=-0.170
frame@139728: gain=0.386 ref=0.427 mse=0.068 tau=-0.109 omega=5.17E-005 bad=0 tapChange=0.0031 floor=0.0031 fading=False/True preMse=0.126 energy=0.053/0.138 fresh=False phase=0.175 anchor=0.743@0.129 phi=-0.157
frame@139824: gain=0.412 ref=0.425 mse=0.046 tau=-0.110 omega=1.12E-004 bad=0 tapChange=0.0014 floor=0.0014 fading=False/True preMse=0.084 energy=0.051/0.134 fresh=False phase=0.124 anchor=0.774@0.095 phi=-0.116
frame@139920: gain=0.414 ref=0.424 mse=0.054 tau=-0.110 omega=1.52E-004 bad=0 tapChange=0.0028 floor=0.0016 fading=False/True preMse=0.099 energy=0.052/0.130 fresh=False phase=0.076 anchor=0.776@0.063 phi=-0.077
frame@140016: gain=0.444 ref=0.424 mse=0.032 tau=-0.109 omega=1.74E-004 bad=0 tapChange=0.0016 floor=0.0016 fading=False/True preMse=0.059 energy=0.054/0.126 fresh=False phase=0.041 anchor=0.832@0.034 phi=-0.041
frame@140112: gain=0.454 ref=0.425 mse=0.030 tau=-0.107 omega=1.66E-004 bad=0 tapChange=0.0016 floor=0.0016 fading=False/True preMse=0.055 energy=0.057/0.122 fresh=False phase=-0.025 anchor=0.843@-0.011 phi=0.014
frame@140208: gain=0.493 ref=0.426 mse=0.033 tau=-0.107 omega=1.88E-004 bad=0 tapChange=0.0030 floor=0.0018 fading=False/True preMse=0.061 energy=0.062/0.119 fresh=False phase=0.037 anchor=0.897@0.032 phi=-0.042
frame@140304: gain=0.474 ref=0.429 mse=0.038 tau=-0.106 omega=1.45E-004 bad=0 tapChange=0.0028 floor=0.0019 fading=False/True preMse=0.069 energy=0.066/0.116 fresh=False phase=-0.107 anchor=0.880@-0.067 phi=0.083
frame@140400: gain=0.497 ref=0.432 mse=0.044 tau=-0.107 omega=1.94E-004 bad=0 tapChange=0.0040 floor=0.0021 fading=False/True preMse=0.081 energy=0.070/0.114 fresh=False phase=0.095 anchor=0.907@0.074 phi=-0.095
frame@140496: gain=0.497 ref=0.435 mse=0.025 tau=-0.108 omega=1.62E-004 bad=0 tapChange=0.0023 floor=0.0023 fading=False/True preMse=0.047 energy=0.076/0.112 fresh=False phase=-0.072 anchor=0.910@-0.048 phi=0.061
frame@140592: gain=0.472 ref=0.438 mse=0.051 tau=-0.106 omega=9.63E-005 bad=0 tapChange=0.0044 floor=0.0025 fading=False/True preMse=0.093 energy=0.083/0.110 fresh=False phase=-0.157 anchor=0.882@-0.100 phi=0.127
frame@140688: gain=0.491 ref=0.440 mse=0.037 tau=-0.105 omega=6.64E-005 bad=0 tapChange=0.0040 floor=0.0027 fading=False/True preMse=0.069 energy=0.092/0.108 fresh=False phase=-0.074 anchor=0.910@-0.045 phi=0.057
frame@140784: gain=0.504 ref=0.442 mse=0.024 tau=-0.104 omega=4.83E-005 bad=0 tapChange=0.0027 floor=0.0027 fading=False/True preMse=0.044 energy=0.103/0.108 fresh=False phase=-0.044 anchor=0.927@-0.028 phi=0.035
frame@140880: gain=0.518 ref=0.445 mse=0.017 tau=-0.103 omega=3.92E-005 bad=0 tapChange=0.0023 floor=0.0023 fading=False/True preMse=0.031 energy=0.116/0.107 fresh=False phase=-0.029 anchor=0.946@-0.014 phi=0.017
frame@140976: gain=0.525 ref=0.449 mse=0.018 tau=-0.102 omega=9.55E-006 bad=0 tapChange=0.0023 floor=0.0023 fading=False/True preMse=0.033 energy=0.131/0.108 fresh=False phase=-0.079 anchor=0.952@-0.045 phi=0.057
frame@141072: gain=0.543 ref=0.453 mse=0.006 tau=-0.101 omega=-4.77E-006 bad=0 tapChange=0.0013 floor=0.0013 fading=False/True preMse=0.011 energy=0.146/0.109 fresh=False phase=-0.038 anchor=0.978@-0.022 phi=0.028
frame@141168: gain=0.565 ref=0.457 mse=0.008 tau=-0.101 omega=-7.19E-007 bad=0 tapChange=0.0019 floor=0.0014 fading=False/True preMse=0.015 energy=0.160/0.111 fresh=False phase=0.010 anchor=1.004@0.005 phi=-0.008
frame@141264: gain=0.560 ref=0.463 mse=0.012 tau=-0.102 omega=-7.16E-006 bad=0 tapChange=0.0024 floor=0.0016 fading=False/True preMse=0.022 energy=0.169/0.113 fresh=False phase=-0.033 anchor=1.003@-0.009 phi=0.012
frame@141360: gain=0.565 ref=0.468 mse=0.006 tau=-0.102 omega=-5.48E-006 bad=0 tapChange=0.0017 floor=0.0017 fading=False/True preMse=0.012 energy=0.173/0.116 fresh=False phase=0.008 anchor=1.009@0.002 phi=-0.003
frame@141456: gain=0.562 ref=0.472 mse=0.005 tau=-0.102 omega=-7.39E-006 bad=0 tapChange=0.0016 floor=0.0016 fading=False/True preMse=0.009 energy=0.172/0.119 fresh=False phase=-0.001 anchor=1.005@-0.002 phi=0.004
frame@141552: gain=0.550 ref=0.477 mse=0.010 tau=-0.101 omega=-2.01E-005 bad=0 tapChange=0.0023 floor=0.0018 fading=False/True preMse=0.019 energy=0.166/0.122 fresh=False phase=-0.021 anchor=0.992@-0.017 phi=0.024
frame@141648: gain=0.529 ref=0.481 mse=0.014 tau=-0.102 omega=-1.00E-005 bad=0 tapChange=0.0027 floor=0.0020 fading=False/True preMse=0.026 energy=0.154/0.124 fresh=False phase=0.017 anchor=0.968@0.013 phi=-0.019
frame@141744: gain=0.507 ref=0.483 mse=0.013 tau=-0.103 omega=-1.77E-005 bad=0 tapChange=0.0019 floor=0.0019 fading=False/True preMse=0.024 energy=0.140/0.125 fresh=False phase=-0.013 anchor=0.936@-0.010 phi=0.015
frame@141840: gain=0.487 ref=0.484 mse=0.019 tau=-0.103 omega=-8.20E-006 bad=0 tapChange=0.0024 floor=0.0021 fading=False/True preMse=0.035 energy=0.123/0.126 fresh=False phase=0.027 anchor=0.909@0.013 phi=-0.018
frame@141936: gain=0.458 ref=0.484 mse=0.025 tau=-0.103 omega=-2.31E-005 bad=0 tapChange=0.0029 floor=0.0023 fading=False/True preMse=0.047 energy=0.106/0.126 fresh=False phase=-0.023 anchor=0.873@-0.020 phi=0.029
frame@142032: gain=0.433 ref=0.483 mse=0.036 tau=-0.104 omega=-3.79E-005 bad=0 tapChange=0.0037 floor=0.0025 fading=False/True preMse=0.066 energy=0.090/0.125 fresh=False phase=-0.023 anchor=0.828@-0.021 phi=0.028
frame@142128: gain=0.403 ref=0.481 mse=0.055 tau=-0.106 omega=-3.75E-005 bad=0 tapChange=0.0058 floor=0.0028 fading=False/True preMse=0.101 energy=0.076/0.123 fresh=False phase=0.003 anchor=0.786@0.000 phi=-0.001
frame@142224: gain=0.380 ref=0.477 mse=0.067 tau=-0.109 omega=-5.74E-005 bad=0 tapChange=0.0058 floor=0.0030 fading=False/True preMse=0.123 energy=0.066/0.121 fresh=False phase=-0.030 anchor=0.743@-0.029 phi=0.038
frame@142320: gain=0.354 ref=0.472 mse=0.086 tau=-0.111 omega=-8.78E-005 bad=0 tapChange=0.0067 floor=0.0032 fading=False/True preMse=0.159 energy=0.061/0.118 fresh=False phase=-0.057 anchor=0.698@-0.046 phi=0.058
frame@142416: gain=0.338 ref=0.466 mse=0.100 tau=-0.114 omega=-1.17E-004 bad=0 tapChange=0.0076 floor=0.0035 fading=False/True preMse=0.185 energy=0.060/0.115 fresh=False phase=-0.055 anchor=0.672@-0.046 phi=0.056
frame@142512: gain=0.339 ref=0.460 mse=0.101 tau=-0.118 omega=-1.49E-004 bad=0 tapChange=0.0081 floor=0.0038 fading=False/True preMse=0.187 energy=0.063/0.112 fresh=False phase=-0.062 anchor=0.682@-0.050 phi=0.062
frame@142608: gain=0.339 ref=0.453 mse=0.100 tau=-0.121 omega=-1.78E-004 bad=0 tapChange=0.0075 floor=0.0041 fading=False/True preMse=0.184 energy=0.069/0.110 fresh=False phase=-0.061 anchor=0.681@-0.045 phi=0.055
frame@142704: gain=0.361 ref=0.448 mse=0.078 tau=-0.121 omega=-2.09E-004 bad=0 tapChange=0.0056 floor=0.0044 fading=False/True preMse=0.144 energy=0.075/0.108 fresh=False phase=-0.062 anchor=0.717@-0.049 phi=0.059
frame@142800: gain=0.396 ref=0.443 mse=0.054 tau=-0.124 omega=-2.30E-004 bad=0 tapChange=0.0040 floor=0.0040 fading=False/True preMse=0.101 energy=0.081/0.106 fresh=False phase=-0.047 anchor=0.775@-0.035 phi=0.042
frame@142896: gain=0.430 ref=0.441 mse=0.034 tau=-0.127 omega=-2.50E-004 bad=0 tapChange=0.0023 floor=0.0023 fading=False/True preMse=0.063 energy=0.085/0.105 fresh=False phase=-0.033 anchor=0.823@-0.032 phi=0.038
frame@142992: gain=0.435 ref=0.441 mse=0.041 tau=-0.128 omega=-2.49E-004 bad=0 tapChange=0.0027 floor=0.0025 fading=False/True preMse=0.076 energy=0.088/0.104 fresh=False phase=0.010 anchor=0.825@0.002 phi=-0.002
frame@143088: gain=0.444 ref=0.440 mse=0.034 tau=-0.127 omega=-2.62E-004 bad=0 tapChange=0.0021 floor=0.0021 fading=False/True preMse=0.064 energy=0.089/0.103 fresh=False phase=-0.015 anchor=0.836@-0.020 phi=0.025
frame@143184: gain=0.451 ref=0.440 mse=0.028 tau=-0.125 omega=-2.64E-004 bad=0 tapChange=0.0018 floor=0.0018 fading=False/True preMse=0.053 energy=0.090/0.103 fresh=False phase=0.002 anchor=0.852@-0.002 phi=0.003
frame@143280: gain=0.482 ref=0.441 mse=0.034 tau=-0.124 omega=-2.62E-004 bad=0 tapChange=0.0030 floor=0.0020 fading=False/True preMse=0.063 energy=0.090/0.102 fresh=False phase=0.011 anchor=0.894@0.004 phi=-0.004
frame@143376: gain=0.497 ref=0.443 mse=0.024 tau=-0.122 omega=-2.52E-004 bad=0 tapChange=0.0018 floor=0.0018 fading=False/True preMse=0.043 energy=0.090/0.101 fresh=False phase=0.036 anchor=0.909@0.016 phi=-0.019
frame@143472: gain=0.476 ref=0.446 mse=0.031 tau=-0.120 omega=-2.42E-004 bad=0 tapChange=0.0027 floor=0.0020 fading=False/True preMse=0.057 energy=0.091/0.101 fresh=False phase=0.031 anchor=0.883@0.015 phi=-0.019
frame@143568: gain=0.499 ref=0.447 mse=0.022 tau=-0.118 omega=-2.21E-004 bad=0 tapChange=0.0019 floor=0.0019 fading=False/True preMse=0.041 energy=0.093/0.100 fresh=False phase=0.060 anchor=0.912@0.033 phi=-0.040
frame@143664: gain=0.478 ref=0.450 mse=0.021 tau=-0.116 omega=-1.99E-004 bad=0 tapChange=0.0018 floor=0.0018 fading=False/True preMse=0.038 energy=0.094/0.100 fresh=False phase=0.054 anchor=0.894@0.034 phi=-0.042
frame@143760: gain=0.484 ref=0.451 mse=0.021 tau=-0.113 omega=-1.94E-004 bad=0 tapChange=0.0018 floor=0.0018 fading=False/True preMse=0.038 energy=0.096/0.100 fresh=False phase=0.018 anchor=0.897@0.010 phi=-0.011
frame@143856: gain=0.498 ref=0.453 mse=0.017 tau=-0.112 omega=-1.77E-004 bad=0 tapChange=0.0013 floor=0.0013 fading=False/True preMse=0.031 energy=0.097/0.099 fresh=False phase=0.047 anchor=0.909@0.026 phi=-0.032
frame@143952: gain=0.483 ref=0.455 mse=0.020 tau=-0.110 omega=-1.64E-004 bad=0 tapChange=0.0017 floor=0.0015 fading=False/True preMse=0.036 energy=0.097/0.099 fresh=False phase=0.038 anchor=0.896@0.020 phi=-0.024
frame@144048: gain=0.487 ref=0.457 mse=0.012 tau=-0.108 omega=-1.59E-004 bad=0 tapChange=0.0008 floor=0.0008 fading=False/True preMse=0.021 energy=0.096/0.099 fresh=False phase=0.015 anchor=0.901@0.008 phi=-0.009
frame@144144: gain=0.471 ref=0.458 mse=0.022 tau=-0.106 omega=-1.45E-004 bad=0 tapChange=0.0018 floor=0.0009 fading=False/True preMse=0.040 energy=0.093/0.099 fresh=False phase=0.038 anchor=0.881@0.022 phi=-0.027
frame@144240: gain=0.480 ref=0.459 mse=0.016 tau=-0.103 omega=-1.48E-004 bad=0 tapChange=0.0013 floor=0.0011 fading=False/True preMse=0.029 energy=0.090/0.099 fresh=False phase=0.001 anchor=0.895@-0.004 phi=0.005
frame@144336: gain=0.480 ref=0.460 mse=0.020 tau=-0.101 omega=-1.58E-004 bad=0 tapChange=0.0015 floor=0.0012 fading=False/True preMse=0.037 energy=0.087/0.098 fresh=False phase=-0.010 anchor=0.890@-0.015 phi=0.020
frame@144432: gain=0.488 ref=0.461 mse=0.022 tau=-0.100 omega=-1.70E-004 bad=0 tapChange=0.0018 floor=0.0014 fading=False/True preMse=0.041 energy=0.084/0.098 fresh=False phase=-0.013 anchor=0.899@-0.017 phi=0.022
frame@144528: gain=0.484 ref=0.462 mse=0.023 tau=-0.099 omega=-1.66E-004 bad=0 tapChange=0.0021 floor=0.0016 fading=False/True preMse=0.042 energy=0.082/0.097 fresh=False phase=0.017 anchor=0.898@0.005 phi=-0.006
frame@144624: gain=0.492 ref=0.463 mse=0.025 tau=-0.097 omega=-1.91E-004 bad=0 tapChange=0.0022 floor=0.0017 fading=False/True preMse=0.046 energy=0.082/0.096 fresh=False phase=-0.040 anchor=0.904@-0.037 phi=0.048
frame@144720: gain=0.484 ref=0.465 mse=0.030 tau=-0.095 omega=-2.06E-004 bad=0 tapChange=0.0029 floor=0.0019 fading=False/True preMse=0.055 energy=0.083/0.095 fresh=False phase=-0.017 anchor=0.894@-0.021 phi=0.028
frame@144816: gain=0.480 ref=0.466 mse=0.023 tau=-0.095 omega=-2.22E-004 bad=0 tapChange=0.0021 floor=0.0021 fading=False/True preMse=0.042 energy=0.086/0.095 fresh=False phase=-0.023 anchor=0.896@-0.023 phi=0.030
frame@144912: gain=0.491 ref=0.466 mse=0.024 tau=-0.093 omega=-2.35E-004 bad=0 tapChange=0.0024 floor=0.0023 fading=False/True preMse=0.043 energy=0.088/0.094 fresh=False phase=-0.021 anchor=0.905@-0.019 phi=0.026
frame@145008: gain=0.498 ref=0.468 mse=0.015 tau=-0.093 omega=-2.55E-004 bad=0 tapChange=0.0014 floor=0.0014 fading=False/True preMse=0.028 energy=0.089/0.094 fresh=False phase=-0.034 anchor=0.917@-0.029 phi=0.038
frame@145104: gain=0.500 ref=0.469 mse=0.012 tau=-0.093 omega=-2.71E-004 bad=0 tapChange=0.0013 floor=0.0013 fading=False/True preMse=0.022 energy=0.089/0.094 fresh=False phase=-0.027 anchor=0.923@-0.024 phi=0.031
frame@145200: gain=0.498 ref=0.471 mse=0.010 tau=-0.093 omega=-2.87E-004 bad=0 tapChange=0.0009 floor=0.0009 fading=False/True preMse=0.018 energy=0.088/0.094 fresh=False phase=-0.030 anchor=0.921@-0.024 phi=0.031
frame@145296: gain=0.494 ref=0.472 mse=0.013 tau=-0.093 omega=-3.04E-004 bad=0 tapChange=0.0013 floor=0.0011 fading=False/True preMse=0.025 energy=0.086/0.093 fresh=False phase=-0.032 anchor=0.914@-0.025 phi=0.032
frame@145392: gain=0.504 ref=0.473 mse=0.015 tau=-0.094 omega=-3.16E-004 bad=0 tapChange=0.0016 floor=0.0013 fading=False/True preMse=0.028 energy=0.085/0.093 fresh=False phase=-0.026 anchor=0.924@-0.018 phi=0.024
frame@145488: gain=0.505 ref=0.475 mse=0.013 tau=-0.095 omega=-3.38E-004 bad=0 tapChange=0.0013 floor=0.0013 fading=False/True preMse=0.024 energy=0.086/0.093 fresh=False phase=-0.042 anchor=0.927@-0.030 phi=0.041
frame@145584: gain=0.511 ref=0.476 mse=0.015 tau=-0.097 omega=-3.50E-004 bad=0 tapChange=0.0016 floor=0.0015 fading=False/True preMse=0.027 energy=0.089/0.092 fresh=False phase=-0.027 anchor=0.933@-0.019 phi=0.024
frame@145680: gain=0.513 ref=0.478 mse=0.012 tau=-0.097 omega=-3.68E-004 bad=0 tapChange=0.0014 floor=0.0014 fading=False/True preMse=0.021 energy=0.095/0.092 fresh=False phase=-0.034 anchor=0.938@-0.025 phi=0.033
frame@145776: gain=0.525 ref=0.480 mse=0.009 tau=-0.098 omega=-3.76E-004 bad=0 tapChange=0.0013 floor=0.0013 fading=False/True preMse=0.017 energy=0.104/0.092 fresh=False phase=-0.017 anchor=0.952@-0.013 phi=0.017
frame@145872: gain=0.531 ref=0.482 mse=0.006 tau=-0.099 omega=-3.84E-004 bad=0 tapChange=0.0011 floor=0.0011 fading=False/True preMse=0.012 energy=0.114/0.093 fresh=False phase=-0.015 anchor=0.963@-0.011 phi=0.014
frame@145968: gain=0.541 ref=0.484 mse=0.003 tau=-0.099 omega=-3.86E-004 bad=0 tapChange=0.0009 floor=0.0009 fading=False/True preMse=0.006 energy=0.125/0.094 fresh=False phase=-0.003 anchor=0.977@-0.003 phi=0.005
frame@146064: gain=0.550 ref=0.487 mse=0.002 tau=-0.099 omega=-3.84E-004 bad=0 tapChange=0.0009 floor=0.0009 fading=False/True preMse=0.004 energy=0.135/0.095 fresh=False phase=0.007 anchor=0.987@0.003 phi=-0.004
frame@146160: gain=0.550 ref=0.490 mse=0.001 tau=-0.100 omega=-3.79E-004 bad=0 tapChange=0.0007 floor=0.0007 fading=False/True preMse=0.002 energy=0.142/0.097 fresh=False phase=0.009 anchor=0.990@0.006 phi=-0.009
frame@146256: gain=0.547 ref=0.493 mse=0.001 tau=-0.101 omega=-3.70E-004 bad=0 tapChange=0.0006 floor=0.0006 fading=False/True preMse=0.001 energy=0.147/0.100 fresh=False phase=0.018 anchor=0.986@0.012 phi=-0.017
frame@146352: gain=0.544 ref=0.496 mse=0.001 tau=-0.102 omega=-3.63E-004 bad=0 tapChange=0.0006 floor=0.0006 fading=False/True preMse=0.003 energy=0.149/0.102 fresh=False phase=0.014 anchor=0.982@0.010 phi=-0.014
frame@146448: gain=0.533 ref=0.498 mse=0.002 tau=-0.103 omega=-3.55E-004 bad=0 tapChange=0.0005 floor=0.0005 fading=False/True preMse=0.003 energy=0.147/0.104 fresh=False phase=0.016 anchor=0.970@0.011 phi=-0.015
frame@146544: gain=0.514 ref=0.500 mse=0.004 tau=-0.104 omega=-3.48E-004 bad=0 tapChange=0.0005 floor=0.0005 fading=False/True preMse=0.007 energy=0.142/0.106 fresh=False phase=0.014 anchor=0.947@0.010 phi=-0.014
frame@146640: gain=0.499 ref=0.501 mse=0.005 tau=-0.107 omega=-3.42E-004 bad=0 tapChange=0.0004 floor=0.0004 fading=False/True preMse=0.010 energy=0.135/0.108 fresh=False phase=0.011 anchor=0.928@0.008 phi=-0.012
frame@146736: gain=0.488 ref=0.501 mse=0.008 tau=-0.109 omega=-3.42E-004 bad=0 tapChange=0.0006 floor=0.0006 fading=False/True preMse=0.014 energy=0.127/0.110 fresh=False phase=-0.002 anchor=0.915@-0.001 phi=0.001
frame@146832: gain=0.477 ref=0.500 mse=0.012 tau=-0.109 omega=-3.42E-004 bad=0 tapChange=0.0009 floor=0.0007 fading=False/True preMse=0.021 energy=0.119/0.110 fresh=False phase=-0.001 anchor=0.894@0.001 phi=-0.001
frame@146928: gain=0.464 ref=0.499 mse=0.014 tau=-0.110 omega=-3.44E-004 bad=0 tapChange=0.0011 floor=0.0008 fading=False/True preMse=0.026 energy=0.111/0.111 fresh=False phase=-0.008 anchor=0.878@-0.003 phi=0.005
frame@147024: gain=0.453 ref=0.497 mse=0.018 tau=-0.112 omega=-3.53E-004 bad=0 tapChange=0.0014 floor=0.0010 fading=False/True preMse=0.033 energy=0.105/0.111 fresh=False phase=-0.019 anchor=0.861@-0.012 phi=0.017
frame@147120: gain=0.456 ref=0.495 mse=0.018 tau=-0.113 omega=-3.62E-004 bad=0 tapChange=0.0014 floor=0.0011 fading=False/True preMse=0.033 energy=0.100/0.111 fresh=False phase=-0.021 anchor=0.865@-0.013 phi=0.019
frame@147216: gain=0.447 ref=0.493 mse=0.020 tau=-0.115 omega=-3.67E-004 bad=0 tapChange=0.0015 floor=0.0013 fading=False/True preMse=0.037 energy=0.097/0.110 fresh=False phase=-0.011 anchor=0.851@-0.007 phi=0.008
frame@147312: gain=0.445 ref=0.491 mse=0.022 tau=-0.116 omega=-3.71E-004 bad=0 tapChange=0.0014 floor=0.0014 fading=False/True preMse=0.041 energy=0.095/0.109 fresh=False phase=-0.008 anchor=0.840@-0.007 phi=0.008
frame@147408: gain=0.446 ref=0.488 mse=0.021 tau=-0.119 omega=-3.75E-004 bad=0 tapChange=0.0013 floor=0.0013 fading=False/True preMse=0.038 energy=0.094/0.109 fresh=False phase=-0.010 anchor=0.846@-0.007 phi=0.009
frame@147504: gain=0.438 ref=0.486 mse=0.023 tau=-0.121 omega=-3.77E-004 bad=0 tapChange=0.0015 floor=0.0015 fading=False/True preMse=0.042 energy=0.094/0.108 fresh=False phase=-0.005 anchor=0.836@-0.001 phi=0.002
frame@147600: gain=0.438 ref=0.484 mse=0.026 tau=-0.123 omega=-3.65E-004 bad=0 tapChange=0.0017 floor=0.0016 fading=False/True preMse=0.049 energy=0.094/0.107 fresh=False phase=0.027 anchor=0.833@0.018 phi=-0.022
frame@147696: gain=0.433 ref=0.482 mse=0.027 tau=-0.126 omega=-3.73E-004 bad=0 tapChange=0.0019 floor=0.0018 fading=False/True preMse=0.051 energy=0.094/0.107 fresh=False phase=-0.018 anchor=0.830@-0.011 phi=0.015
frame@147792: gain=0.424 ref=0.479 mse=0.033 tau=-0.128 omega=-3.65E-004 bad=0 tapChange=0.0022 floor=0.0020 fading=False/True preMse=0.060 energy=0.095/0.106 fresh=False phase=0.022 anchor=0.814@0.011 phi=-0.015
frame@147888: gain=0.416 ref=0.476 mse=0.039 tau=-0.134 omega=-3.71E-004 bad=0 tapChange=0.0032 floor=0.0022 fading=False/True preMse=0.072 energy=0.096/0.105 fresh=False phase=-0.017 anchor=0.809@-0.009 phi=0.012
frame@147984: gain=0.410 ref=0.473 mse=0.038 tau=-0.135 omega=-3.73E-004 bad=0 tapChange=0.0030 floor=0.0024 fading=False/True preMse=0.071 energy=0.098/0.105 fresh=False phase=-0.000 anchor=0.802@-0.002 phi=0.002
frame@148080: gain=0.393 ref=0.470 mse=0.050 tau=-0.138 omega=-3.72E-004 bad=0 tapChange=0.0037 floor=0.0026 fading=False/True preMse=0.092 energy=0.099/0.105 fresh=False phase=0.003 anchor=0.774@0.001 phi=-0.002
frame@148176: gain=0.398 ref=0.466 mse=0.050 tau=-0.140 omega=-3.71E-004 bad=0 tapChange=0.0037 floor=0.0029 fading=False/True preMse=0.092 energy=0.100/0.104 fresh=False phase=0.005 anchor=0.783@0.001 phi=-0.001
frame@148272: gain=0.399 ref=0.463 mse=0.049 tau=-0.147 omega=-3.90E-004 bad=0 tapChange=0.0036 floor=0.0031 fading=False/True preMse=0.090 energy=0.100/0.104 fresh=False phase=-0.045 anchor=0.790@-0.030 phi=0.036
frame@148368: gain=0.395 ref=0.460 mse=0.055 tau=-0.146 omega=-4.27E-004 bad=0 tapChange=0.0040 floor=0.0034 fading=False/True preMse=0.101 energy=0.097/0.104 fresh=False phase=-0.083 anchor=0.781@-0.058 phi=0.070
frame@148464: gain=0.383 ref=0.457 mse=0.062 tau=-0.143 omega=-4.51E-004 bad=0 tapChange=0.0041 floor=0.0036 fading=False/True preMse=0.115 energy=0.092/0.104 fresh=False phase=-0.052 anchor=0.758@-0.038 phi=0.046
frame@148560: gain=0.360 ref=0.453 mse=0.084 tau=-0.136 omega=-4.56E-004 bad=0 tapChange=0.0056 floor=0.0039 fading=False/True preMse=0.155 energy=0.085/0.103 fresh=False phase=-0.002 anchor=0.724@-0.008 phi=0.009
frame@148656: gain=0.362 ref=0.448 mse=0.112 tau=-0.132 omega=-5.11E-004 bad=0 tapChange=0.0063 floor=0.0042 fading=False/True preMse=0.207 energy=0.075/0.102 fresh=False phase=-0.110 anchor=0.700@-0.091 phi=0.107
frame@148752: gain=0.341 ref=0.444 mse=0.129 tau=-0.126 omega=-5.48E-004 bad=0 tapChange=0.0085 floor=0.0045 fading=False/True preMse=0.239 energy=0.066/0.101 fresh=False phase=-0.061 anchor=0.688@-0.060 phi=0.071
frame@148848: gain=0.333 ref=0.439 mse=0.132 tau=-0.122 omega=-5.91E-004 bad=0 tapChange=0.0084 floor=0.0049 fading=False/True preMse=0.243 energy=0.057/0.099 fresh=False phase=-0.071 anchor=0.668@-0.069 phi=0.081
frame@148944: gain=0.305 ref=0.433 mse=0.178 tau=-0.119 omega=-6.88E-004 bad=0 tapChange=0.0105 floor=0.0052 fading=False/True preMse=0.328 energy=0.051/0.097 fresh=False phase=-0.199 anchor=0.616@-0.161 phi=0.187
frame@149040: gain=0.331 ref=0.427 mse=0.157 tau=-0.117 omega=-7.53E-004 bad=0 tapChange=0.0093 floor=0.0056 fading=False/True preMse=0.290 energy=0.048/0.095 fresh=False phase=-0.126 anchor=0.648@-0.108 phi=0.126
frame@149136: gain=0.334 ref=0.422 mse=0.169 tau=-0.116 omega=-7.58E-004 bad=0 tapChange=0.0111 floor=0.0059 fading=False/True preMse=0.312 energy=0.049/0.092 fresh=False phase=0.008 anchor=0.660@-0.009 phi=0.010
frame@149232: gain=0.365 ref=0.418 mse=0.120 tau=-0.116 omega=-7.81E-004 bad=0 tapChange=0.0075 floor=0.0063 fading=False/True preMse=0.222 energy=0.051/0.090 fresh=False phase=-0.035 anchor=0.709@-0.037 phi=0.043
frame@149328: gain=0.375 ref=0.415 mse=0.103 tau=-0.118 omega=-8.23E-004 bad=0 tapChange=0.0065 floor=0.0065 fading=False/True preMse=0.191 energy=0.055/0.088 fresh=False phase=-0.085 anchor=0.737@-0.071 phi=0.082
frame@149424: gain=0.382 ref=0.413 mse=0.114 tau=-0.118 omega=-8.08E-004 bad=0 tapChange=0.0071 floor=0.0070 fading=False/True preMse=0.210 energy=0.058/0.086 fresh=False phase=0.040 anchor=0.728@0.025 phi=-0.030
frame@149520: gain=0.396 ref=0.412 mse=0.067 tau=-0.121 omega=-8.05E-004 bad=0 tapChange=0.0038 floor=0.0038 fading=False/True preMse=0.124 energy=0.059/0.085 fresh=False phase=0.007 anchor=0.764@0.004 phi=-0.005
frame@149616: gain=0.406 ref=0.411 mse=0.070 tau=-0.123 omega=-7.97E-004 bad=0 tapChange=0.0040 floor=0.0040 fading=False/True preMse=0.130 energy=0.058/0.084 fresh=False phase=0.024 anchor=0.769@0.014 phi=-0.016
frame@149712: gain=0.408 ref=0.411 mse=0.052 tau=-0.124 omega=-7.75E-004 bad=0 tapChange=0.0025 floor=0.0025 fading=False/True preMse=0.096 energy=0.056/0.082 fresh=False phase=0.044 anchor=0.779@0.036 phi=-0.043
frame@149808: gain=0.410 ref=0.411 mse=0.049 tau=-0.129 omega=-7.45E-004 bad=0 tapChange=0.0021 floor=0.0021 fading=False/True preMse=0.091 energy=0.052/0.081 fresh=False phase=0.063 anchor=0.779@0.048 phi=-0.057
frame@149904: gain=0.409 ref=0.410 mse=0.044 tau=-0.133 omega=-7.24E-004 bad=0 tapChange=0.0015 floor=0.0015 fading=False/True preMse=0.081 energy=0.046/0.080 fresh=False phase=0.046 anchor=0.775@0.036 phi=-0.042
frame@150000: gain=0.400 ref=0.410 mse=0.060 tau=-0.134 omega=-6.68E-004 bad=0 tapChange=0.0020 floor=0.0017 fading=False/True preMse=0.110 energy=0.041/0.078 fresh=False phase=0.105 anchor=0.753@0.090 phi=-0.106
frame@150096: gain=0.389 ref=0.410 mse=0.064 tau=-0.135 omega=-6.13E-004 bad=0 tapChange=0.0018 floor=0.0018 fading=False/True preMse=0.118 energy=0.035/0.076 fresh=False phase=0.102 anchor=0.731@0.090 phi=-0.105
frame@150192: gain=0.378 ref=0.409 mse=0.072 tau=-0.135 omega=-5.48E-004 bad=0 tapChange=0.0016 floor=0.0016 fading=False/True preMse=0.132 energy=0.031/0.074 fresh=False phase=0.124 anchor=0.709@0.108 phi=-0.125
frame@150288: gain=0.367 ref=0.407 mse=0.085 tau=-0.137 omega=-4.74E-004 bad=0 tapChange=0.0020 floor=0.0018 fading=False/True preMse=0.157 energy=0.027/0.072 fresh=False phase=0.141 anchor=0.689@0.123 phi=-0.142
frame@150384: gain=0.356 ref=0.405 mse=0.092 tau=-0.137 omega=-4.06E-004 bad=0 tapChange=0.0017 floor=0.0017 fading=False/True preMse=0.170 energy=0.024/0.070 fresh=False phase=0.137 anchor=0.662@0.114 phi=-0.131
frame@150480: gain=0.358 ref=0.403 mse=0.091 tau=-0.138 omega=-3.30E-004 bad=0 tapChange=0.0019 floor=0.0019 fading=False/True preMse=0.169 energy=0.022/0.067 fresh=False phase=0.136 anchor=0.674@0.128 phi=-0.147
frame@150576: gain=0.350 ref=0.401 mse=0.097 tau=-0.138 omega=-2.53E-004 bad=0 tapChange=0.0015 floor=0.0015 fading=False/True preMse=0.179 energy=0.022/0.065 fresh=False phase=0.153 anchor=0.648@0.130 phi=-0.147
frame@150672: gain=0.354 ref=0.398 mse=0.080 tau=-0.138 omega=-2.01E-004 bad=0 tapChange=0.0011 floor=0.0011 fading=False/True preMse=0.147 energy=0.021/0.063 fresh=False phase=0.098 anchor=0.663@0.088 phi=-0.100
frame@150768: gain=0.346 ref=0.396 mse=0.094 tau=-0.137 omega=-1.44E-004 bad=0 tapChange=0.0016 floor=0.0012 fading=False/True preMse=0.174 energy=0.022/0.061 fresh=False phase=0.111 anchor=0.648@0.096 phi=-0.109
frame@150864: gain=0.348 ref=0.393 mse=0.079 tau=-0.137 omega=-1.17E-004 bad=0 tapChange=0.0009 floor=0.0009 fading=False/True preMse=0.146 energy=0.022/0.059 fresh=False phase=0.049 anchor=0.654@0.046 phi=-0.052
frame@150960: gain=0.331 ref=0.391 mse=0.101 tau=-0.137 omega=-8.23E-005 bad=0 tapChange=0.0017 floor=0.0011 fading=False/True preMse=0.187 energy=0.022/0.057 fresh=False phase=0.067 anchor=0.623@0.060 phi=-0.067
frame@151056: gain=0.309 ref=0.388 mse=0.109 tau=-0.138 omega=-6.50E-005 bad=0 tapChange=0.0014 floor=0.0012 fading=False/True preMse=0.201 energy=0.021/0.055 fresh=False phase=0.034 anchor=0.588@0.030 phi=-0.033
frame@151152: gain=0.276 ref=0.384 mse=0.134 tau=-0.139 omega=-5.97E-005 bad=0 tapChange=0.0018 floor=0.0014 fading=False/True preMse=0.248 energy=0.020/0.054 fresh=False phase=0.004 anchor=0.536@0.009 phi=-0.010
frame@151248: gain=0.244 ref=0.379 mse=0.173 tau=-0.139 omega=-3.90E-005 bad=0 tapChange=0.0028 floor=0.0016 fading=False/True preMse=0.319 energy=0.018/0.052 fresh=False phase=0.038 anchor=0.477@0.037 phi=-0.040
frame@151344: gain=0.193 ref=0.372 mse=0.236 tau=-0.131 omega=2.60E-006 bad=0 tapChange=0.0037 floor=0.0017 fading=False/True preMse=0.436 energy=0.016/0.050 fresh=False phase=0.089 anchor=0.386@0.074 phi=-0.080
frame@151440: gain=0.133 ref=0.363 mse=0.324 tau=-0.101 omega=4.95E-005 bad=0 tapChange=0.0052 floor=0.0019 fading=False/True preMse=0.599 energy=0.014/0.048 fresh=False phase=0.089 anchor=0.279@0.085 phi=-0.090
frame@151536: gain=0.080 ref=0.363 mse=0.438 tau=-0.098 omega=4.95E-005 bad=1 tapChange=0.0000 floor=0.0019 fading=False/True preMse=0.808 energy=0.013/0.048 fresh=True phase=0.517 anchor=0.069@-0.000 phi=0.000
frame@151632: gain=0.038 ref=0.363 mse=0.475 tau=-0.099 omega=1.06E-004 bad=2 tapChange=0.8756 floor=0.0021 fading=False/True preMse=0.877 energy=0.015/0.048 fresh=False phase=0.098 anchor=0.128@0.047 phi=-0.109
frame@151728: gain=0.071 ref=0.363 mse=0.419 tau=-0.101 omega=1.42E-004 bad=3 tapChange=0.2345 floor=0.0023 fading=True/True preMse=0.773 energy=0.019/0.048 fresh=False phase=0.069 anchor=0.190@0.041 phi=-0.070
frame@151824: gain=0.108 ref=0.363 mse=0.365 tau=-0.104 omega=2.43E-004 bad=4 tapChange=0.1176 floor=0.0025 fading=True/True preMse=0.674 energy=0.026/0.048 fresh=False phase=0.201 anchor=0.268@0.126 phi=-0.193
frame@151920: gain=0.162 ref=0.363 mse=0.284 tau=-0.109 omega=2.55E-004 bad=5 tapChange=0.0658 floor=0.0028 fading=True/True preMse=0.525 energy=0.035/0.048 fresh=False phase=0.009 anchor=0.370@0.016 phi=-0.022
frame@152016: gain=0.225 ref=0.363 mse=0.203 tau=-0.112 omega=2.49E-004 bad=6 tapChange=0.0371 floor=0.0030 fading=True/True preMse=0.374 energy=0.045/0.048 fresh=False phase=-0.007 anchor=0.488@-0.006 phi=0.010
frame@152112: gain=0.282 ref=0.356 mse=0.154 tau=-0.115 omega=3.10E-004 bad=0 tapChange=0.0229 floor=0.0033 fading=True/True preMse=0.284 energy=0.055/0.048 fresh=False phase=0.143 anchor=0.597@0.086 phi=-0.117
frame@152208: gain=0.295 ref=0.352 mse=0.154 tau=-0.116 omega=2.46E-004 bad=0 tapChange=0.0176 floor=0.0035 fading=True/True preMse=0.284 energy=0.062/0.049 fresh=False phase=-0.143 anchor=0.598@-0.094 phi=0.124
frame@152304: gain=0.339 ref=0.350 mse=0.097 tau=-0.120 omega=2.74E-004 bad=0 tapChange=0.0090 floor=0.0038 fading=True/True preMse=0.180 energy=0.066/0.049 fresh=False phase=0.078 anchor=0.680@0.041 phi=-0.055
frame@152400: gain=0.413 ref=0.349 mse=0.066 tau=-0.123 omega=2.58E-004 bad=0 tapChange=0.0075 floor=0.0041 fading=True/True preMse=0.122 energy=0.066/0.050 fresh=False phase=-0.037 anchor=0.791@-0.023 phi=0.032
frame@152496: gain=0.398 ref=0.352 mse=0.055 tau=-0.123 omega=2.42E-004 bad=0 tapChange=0.0044 floor=0.0044 fading=True/True preMse=0.101 energy=0.065/0.051 fresh=False phase=-0.030 anchor=0.764@-0.023 phi=0.030
frame@152592: gain=0.380 ref=0.354 mse=0.084 tau=-0.126 omega=2.44E-004 bad=0 tapChange=0.0067 floor=0.0047 fading=True/True preMse=0.154 energy=0.061/0.052 fresh=False phase=0.026 anchor=0.737@0.001 phi=-0.003
frame@152688: gain=0.377 ref=0.356 mse=0.076 tau=-0.128 omega=2.46E-004 bad=0 tapChange=0.0057 floor=0.0050 fading=True/True preMse=0.141 energy=0.058/0.052 fresh=False phase=-0.011 anchor=0.731@0.004 phi=-0.004
frame@152784: gain=0.355 ref=0.357 mse=0.093 tau=-0.132 omega=2.38E-004 bad=0 tapChange=0.0064 floor=0.0054 fading=True/True preMse=0.172 energy=0.055/0.052 fresh=False phase=-0.012 anchor=0.694@-0.011 phi=0.014
frame@152880: gain=0.378 ref=0.357 mse=0.078 tau=-0.133 omega=2.25E-004 bad=0 tapChange=0.0044 floor=0.0044 fading=True/True preMse=0.144 energy=0.052/0.053 fresh=False phase=-0.006 anchor=0.724@-0.022 phi=0.026
frame@152976: gain=0.368 ref=0.358 mse=0.074 tau=-0.133 omega=2.30E-004 bad=0 tapChange=0.0038 floor=0.0038 fading=True/True preMse=0.137 energy=0.052/0.053 fresh=False phase=0.011 anchor=0.710@0.006 phi=-0.009
frame@153072: gain=0.399 ref=0.358 mse=0.054 tau=-0.138 omega=1.91E-004 bad=0 tapChange=0.0025 floor=0.0025 fading=True/True preMse=0.100 energy=0.053/0.052 fresh=False phase=-0.085 anchor=0.761@-0.061 phi=0.075
frame@153168: gain=0.414 ref=0.360 mse=0.064 tau=-0.140 omega=2.07E-004 bad=0 tapChange=0.0042 floor=0.0027 fading=True/True preMse=0.118 energy=0.055/0.052 fresh=False phase=0.042 anchor=0.781@0.025 phi=-0.031
frame@153264: gain=0.437 ref=0.363 mse=0.044 tau=-0.144 omega=1.74E-004 bad=0 tapChange=0.0025 floor=0.0025 fading=True/True preMse=0.082 energy=0.058/0.053 fresh=False phase=-0.061 anchor=0.817@-0.052 phi=0.064
frame@153360: gain=0.415 ref=0.367 mse=0.055 tau=-0.147 omega=1.90E-004 bad=0 tapChange=0.0030 floor=0.0027 fading=True/True preMse=0.102 energy=0.062/0.053 fresh=False phase=0.034 anchor=0.782@0.026 phi=-0.031
frame@153456: gain=0.437 ref=0.369 mse=0.033 tau=-0.151 omega=1.67E-004 bad=0 tapChange=0.0017 floor=0.0017 fading=True/True preMse=0.062 energy=0.065/0.053 fresh=False phase=-0.054 anchor=0.824@-0.036 phi=0.043
frame@153552: gain=0.487 ref=0.373 mse=0.028 tau=-0.157 omega=1.48E-004 bad=0 tapChange=0.0024 floor=0.0019 fading=True/True preMse=0.053 energy=0.067/0.054 fresh=False phase=-0.035 anchor=0.892@-0.029 phi=0.036
frame@153648: gain=0.457 ref=0.378 mse=0.029 tau=-0.159 omega=1.28E-004 bad=0 tapChange=0.0021 floor=0.0021 fading=True/True preMse=0.054 energy=0.068/0.055 fresh=False phase=-0.046 anchor=0.853@-0.033 phi=0.040
frame@153744: gain=0.452 ref=0.382 mse=0.029 tau=-0.162 omega=1.28E-004 bad=0 tapChange=0.0017 floor=0.0017 fading=True/True preMse=0.054 energy=0.066/0.055 fresh=False phase=0.009 anchor=0.843@-0.000 phi=-0.000
frame@153840: gain=0.414 ref=0.386 mse=0.038 tau=-0.166 omega=1.26E-004 bad=0 tapChange=0.0017 floor=0.0017 fading=True/True preMse=0.071 energy=0.062/0.056 fresh=False phase=-0.002 anchor=0.789@-0.003 phi=0.004
frame@153936: gain=0.386 ref=0.387 mse=0.056 tau=-0.170 omega=1.14E-004 bad=0 tapChange=0.0030 floor=0.0019 fading=True/True preMse=0.103 energy=0.057/0.056 fresh=False phase=-0.030 anchor=0.751@-0.020 phi=0.023
frame@154032: gain=0.338 ref=0.387 mse=0.088 tau=-0.183 omega=1.03E-004 bad=0 tapChange=0.0042 floor=0.0021 fading=True/True preMse=0.163 energy=0.051/0.056 fresh=False phase=-0.020 anchor=0.669@-0.019 phi=0.021
frame@154128: gain=0.299 ref=0.385 mse=0.126 tau=-0.167 omega=8.01E-005 bad=0 tapChange=0.0060 floor=0.0023 fading=True/True preMse=0.232 energy=0.045/0.056 fresh=False phase=-0.046 anchor=0.604@-0.038 phi=0.044
frame@154224: gain=0.236 ref=0.380 mse=0.198 tau=-0.160 omega=5.36E-005 bad=0 tapChange=0.0088 floor=0.0025 fading=True/True preMse=0.365 energy=0.040/0.055 fresh=False phase=-0.054 anchor=0.497@-0.045 phi=0.051
frame@154320: gain=0.213 ref=0.373 mse=0.250 tau=-0.148 omega=-4.05E-005 bad=0 tapChange=0.0104 floor=0.0027 fading=True/True preMse=0.461 energy=0.037/0.055 fresh=False phase=-0.242 anchor=0.451@-0.162 phi=0.181
frame@154416: gain=0.151 ref=0.365 mse=0.366 tau=-0.143 omega=-1.39E-004 bad=0 tapChange=0.0168 floor=0.0029 fading=True/True preMse=0.675 energy=0.036/0.054 fresh=False phase=-0.249 anchor=0.345@-0.175 phi=0.189
frame@154512: gain=0.176 ref=0.365 mse=0.324 tau=-0.138 omega=-2.83E-004 bad=1 tapChange=0.0142 floor=0.0032 fading=True/True preMse=0.598 energy=0.036/0.054 fresh=False phase=-0.343 anchor=0.390@-0.251 phi=0.276
frame@154608: gain=0.154 ref=0.356 mse=0.345 tau=-0.133 omega=-4.09E-004 bad=0 tapChange=0.0157 floor=0.0034 fading=True/True preMse=0.636 energy=0.036/0.053 fresh=False phase=-0.319 anchor=0.362@-0.223 phi=0.243
frame@154704: gain=0.225 ref=0.356 mse=0.338 tau=-0.130 omega=-4.07E-004 bad=1 tapChange=0.0188 floor=0.0037 fading=True/True preMse=0.624 energy=0.036/0.053 fresh=False phase=0.035 anchor=0.473@0.004 phi=-0.005
frame@154800: gain=0.246 ref=0.349 mse=0.237 tau=-0.128 omega=-5.17E-004 bad=0 tapChange=0.0119 floor=0.0040 fading=True/True preMse=0.438 energy=0.035/0.052 fresh=False phase=-0.245 anchor=0.514@-0.187 phi=0.211
frame@154896: gain=0.248 ref=0.344 mse=0.247 tau=-0.126 omega=-5.01E-004 bad=0 tapChange=0.0130 floor=0.0043 fading=True/True preMse=0.455 energy=0.034/0.051 fresh=False phase=0.042 anchor=0.512@0.027 phi=-0.031
frame@154992: gain=0.261 ref=0.339 mse=0.296 tau=-0.123 omega=-3.85E-004 bad=0 tapChange=0.0165 floor=0.0046 fading=True/True preMse=0.546 energy=0.033/0.050 fresh=False phase=0.264 anchor=0.520@0.196 phi=-0.221
frame@155088: gain=0.239 ref=0.335 mse=0.221 tau=-0.122 omega=-3.98E-004 bad=0 tapChange=0.0108 floor=0.0049 fading=True/True preMse=0.408 energy=0.033/0.049 fresh=False phase=-0.046 anchor=0.506@-0.022 phi=0.025
frame@155184: gain=0.243 ref=0.330 mse=0.242 tau=-0.120 omega=-2.49E-004 bad=0 tapChange=0.0106 floor=0.0053 fading=True/True preMse=0.446 energy=0.033/0.049 fresh=False phase=0.330 anchor=0.497@0.256 phi=-0.286
frame@155280: gain=0.257 ref=0.326 mse=0.188 tau=-0.117 omega=-2.29E-004 bad=0 tapChange=0.0083 floor=0.0057 fading=True/True preMse=0.348 energy=0.033/0.048 fresh=False phase=0.032 anchor=0.525@0.034 phi=-0.039
frame@155376: gain=0.252 ref=0.323 mse=0.195 tau=-0.115 omega=-1.29E-004 bad=0 tapChange=0.0074 floor=0.0060 fading=True/True preMse=0.361 energy=0.034/0.047 fresh=False phase=0.219 anchor=0.511@0.172 phi=-0.192
frame@155472: gain=0.262 ref=0.319 mse=0.182 tau=-0.111 omega=-6.90E-005 bad=0 tapChange=0.0074 floor=0.0064 fading=True/True preMse=0.336 energy=0.036/0.046 fresh=False phase=0.126 anchor=0.535@0.104 phi=-0.116
frame@155568: gain=0.302 ref=0.316 mse=0.134 tau=-0.110 omega=-4.18E-005 bad=0 tapChange=0.0055 floor=0.0055 fading=True/True preMse=0.247 energy=0.037/0.046 fresh=False phase=0.056 anchor=0.603@0.046 phi=-0.052
frame@155664: gain=0.300 ref=0.315 mse=0.129 tau=-0.107 omega=9.85E-007 bad=0 tapChange=0.0047 floor=0.0047 fading=True/True preMse=0.238 energy=0.039/0.046 fresh=False phase=0.086 anchor=0.595@0.073 phi=-0.082
frame@155760: gain=0.300 ref=0.315 mse=0.163 tau=-0.102 omega=6.20E-005 bad=0 tapChange=0.0074 floor=0.0050 fading=True/True preMse=0.301 energy=0.041/0.045 fresh=False phase=0.142 anchor=0.595@0.104 phi=-0.117
frame@155856: gain=0.316 ref=0.314 mse=0.113 tau=-0.099 omega=5.20E-005 bad=0 tapChange=0.0043 floor=0.0043 fading=True/True preMse=0.209 energy=0.043/0.045 fresh=False phase=-0.026 anchor=0.628@-0.017 phi=0.019
frame@155952: gain=0.327 ref=0.314 mse=0.116 tau=-0.096 omega=4.56E-005 bad=0 tapChange=0.0050 floor=0.0046 fading=True/True preMse=0.214 energy=0.044/0.045 fresh=False phase=-0.012 anchor=0.644@-0.011 phi=0.012
frame@156048: gain=0.325 ref=0.315 mse=0.100 tau=-0.091 omega=4.75E-005 bad=0 tapChange=0.0036 floor=0.0036 fading=True/True preMse=0.185 energy=0.043/0.045 fresh=False phase=0.003 anchor=0.642@0.003 phi=-0.004
frame@156144: gain=0.322 ref=0.315 mse=0.094 tau=-0.087 omega=4.99E-005 bad=0 tapChange=0.0033 floor=0.0033 fading=True/True preMse=0.174 energy=0.041/0.045 fresh=False phase=0.000 anchor=0.645@0.004 phi=-0.005
frame@156240: gain=0.335 ref=0.316 mse=0.089 tau=-0.085 omega=5.22E-005 bad=0 tapChange=0.0028 floor=0.0028 fading=True/True preMse=0.164 energy=0.038/0.045 fresh=False phase=0.002 anchor=0.658@0.004 phi=-0.004
frame@156336: gain=0.343 ref=0.317 mse=0.087 tau=-0.084 omega=7.23E-005 bad=0 tapChange=0.0020 floor=0.0020 fading=True/True preMse=0.160 energy=0.034/0.044 fresh=False phase=0.038 anchor=0.656@0.035 phi=-0.039
frame@156432: gain=0.333 ref=0.318 mse=0.091 tau=-0.082 omega=8.37E-005 bad=0 tapChange=0.0017 floor=0.0017 fading=True/True preMse=0.167 energy=0.029/0.044 fresh=False phase=0.020 anchor=0.639@0.020 phi=-0.022
frame@156528: gain=0.328 ref=0.319 mse=0.108 tau=-0.083 omega=9.46E-005 bad=0 tapChange=0.0024 floor=0.0019 fading=True/True preMse=0.200 energy=0.025/0.043 fresh=False phase=0.012 anchor=0.625@0.019 phi=-0.021
frame@156624: gain=0.309 ref=0.319 mse=0.128 tau=-0.085 omega=1.11E-004 bad=0 tapChange=0.0029 floor=0.0021 fading=True/True preMse=0.236 energy=0.022/0.042 fresh=False phase=0.035 anchor=0.593@0.028 phi=-0.032
frame@156720: gain=0.307 ref=0.319 mse=0.134 tau=-0.087 omega=9.60E-005 bad=0 tapChange=0.0032 floor=0.0023 fading=True/True preMse=0.247 energy=0.022/0.041 fresh=False phase=-0.039 anchor=0.589@-0.027 phi=0.029
frame@156816: gain=0.286 ref=0.318 mse=0.155 tau=-0.093 omega=7.44E-005 bad=0 tapChange=0.0040 floor=0.0025 fading=True/True preMse=0.286 energy=0.024/0.040 fresh=False phase=-0.046 anchor=0.559@-0.038 phi=0.041
frame@156912: gain=0.288 ref=0.316 mse=0.156 tau=-0.098 omega=1.82E-005 bad=0 tapChange=0.0048 floor=0.0028 fading=True/True preMse=0.288 energy=0.028/0.039 fresh=False phase=-0.125 anchor=0.571@-0.098 phi=0.108
frame@157008: gain=0.288 ref=0.315 mse=0.155 tau=-0.107 omega=-3.01E-005 bad=0 tapChange=0.0051 floor=0.0030 fading=True/True preMse=0.285 energy=0.033/0.039 fresh=False phase=-0.106 anchor=0.575@-0.084 phi=0.093
frame@157104: gain=0.303 ref=0.314 mse=0.134 tau=-0.126 omega=-1.01E-004 bad=0 tapChange=0.0047 floor=0.0033 fading=True/True preMse=0.247 energy=0.040/0.038 fresh=False phase=-0.164 anchor=0.611@-0.123 phi=0.136
frame@157200: gain=0.326 ref=0.313 mse=0.107 tau=-0.136 omega=-1.62E-004 bad=0 tapChange=0.0037 floor=0.0035 fading=True/True preMse=0.197 energy=0.046/0.039 fresh=False phase=-0.137 anchor=0.650@-0.105 phi=0.117
frame@157296: gain=0.359 ref=0.314 mse=0.080 tau=-0.106 omega=-2.22E-004 bad=0 tapChange=0.0029 floor=0.0029 fading=True/True preMse=0.148 energy=0.051/0.039 fresh=False phase=-0.139 anchor=0.702@-0.103 phi=0.115
frame@157392: gain=0.375 ref=0.316 mse=0.064 tau=-0.076 omega=-2.70E-004 bad=0 tapChange=0.0022 floor=0.0022 fading=True/True preMse=0.118 energy=0.053/0.039 fresh=False phase=-0.102 anchor=0.728@-0.084 phi=0.093
frame@157488: gain=0.403 ref=0.319 mse=0.047 tau=-0.061 omega=-3.19E-004 bad=0 tapChange=0.0015 floor=0.0015 fading=True/True preMse=0.087 energy=0.054/0.040 fresh=False phase=-0.107 anchor=0.768@-0.083 phi=0.093
frame@157584: gain=0.422 ref=0.323 mse=0.043 tau=-0.061 omega=-3.55E-004 bad=0 tapChange=0.0014 floor=0.0014 fading=True/True preMse=0.079 energy=0.053/0.041 fresh=False phase=-0.079 anchor=0.793@-0.060 phi=0.069
frame@157680: gain=0.422 ref=0.328 mse=0.043 tau=-0.051 omega=-3.98E-004 bad=0 tapChange=0.0012 floor=0.0012 fading=True/True preMse=0.080 energy=0.052/0.041 fresh=False phase=-0.088 anchor=0.789@-0.073 phi=0.083
frame@157776: gain=0.444 ref=0.333 mse=0.037 tau=-0.052 omega=-4.34E-004 bad=0 tapChange=0.0012 floor=0.0012 fading=True/True preMse=0.068 energy=0.049/0.042 fresh=False phase=-0.072 anchor=0.821@-0.061 phi=0.070
frame@157872: gain=0.448 ref=0.338 mse=0.039 tau=-0.053 omega=-4.40E-004 bad=0 tapChange=0.0017 floor=0.0014 fading=True/True preMse=0.072 energy=0.046/0.042 fresh=False phase=-0.002 anchor=0.831@-0.009 phi=0.011
frame@157968: gain=0.447 ref=0.344 mse=0.031 tau=-0.055 omega=-4.64E-004 bad=0 tapChange=0.0008 floor=0.0008 fading=True/True preMse=0.057 energy=0.044/0.043 fresh=False phase=-0.047 anchor=0.821@-0.041 phi=0.048
frame@158064: gain=0.451 ref=0.349 mse=0.031 tau=-0.059 omega=-4.56E-004 bad=0 tapChange=0.0012 floor=0.0009 fading=True/True preMse=0.058 energy=0.042/0.043 fresh=False phase=0.026 anchor=0.836@0.013 phi=-0.015
frame@158160: gain=0.500 ref=0.354 mse=0.042 tau=-0.061 omega=-4.50E-004 bad=0 tapChange=0.0024 floor=0.0011 fading=False/True preMse=0.077 energy=0.042/0.043 fresh=False phase=0.008 anchor=0.897@0.012 phi=-0.013
frame@158256: gain=0.469 ref=0.361 mse=0.032 tau=-0.065 omega=-4.19E-004 bad=0 tapChange=0.0017 floor=0.0013 fading=False/True preMse=0.058 energy=0.043/0.043 fresh=False phase=0.064 anchor=0.864@0.051 phi=-0.059
frame@158352: gain=0.477 ref=0.367 mse=0.023 tau=-0.070 omega=-4.25E-004 bad=0 tapChange=0.0011 floor=0.0011 fading=False/True preMse=0.042 energy=0.045/0.043 fresh=False phase=-0.013 anchor=0.868@-0.010 phi=0.012
frame@158448: gain=0.476 ref=0.372 mse=0.023 tau=-0.076 omega=-3.93E-004 bad=0 tapChange=0.0010 floor=0.0010 fading=False/True preMse=0.042 energy=0.048/0.043 fresh=False phase=0.065 anchor=0.869@0.053 phi=-0.062
frame@158544: gain=0.472 ref=0.377 mse=0.041 tau=-0.082 omega=-3.55E-004 bad=0 tapChange=0.0026 floor=0.0011 fading=False/True preMse=0.076 energy=0.051/0.043 fresh=False phase=0.073 anchor=0.870@0.061 phi=-0.073
frame@158640: gain=0.469 ref=0.382 mse=0.023 tau=-0.088 omega=-3.39E-004 bad=0 tapChange=0.0012 floor=0.0012 fading=False/True preMse=0.043 energy=0.054/0.043 fresh=False phase=0.032 anchor=0.864@0.026 phi=-0.031
frame@158736: gain=0.463 ref=0.387 mse=0.036 tau=-0.096 omega=-3.08E-004 bad=0 tapChange=0.0018 floor=0.0014 fading=False/True preMse=0.067 energy=0.057/0.044 fresh=False phase=0.062 anchor=0.850@0.050 phi=-0.059
frame@158832: gain=0.448 ref=0.390 mse=0.052 tau=-0.093 omega=-2.84E-004 bad=0 tapChange=0.0030 floor=0.0016 fading=False/True preMse=0.096 energy=0.060/0.045 fresh=False phase=0.037 anchor=0.835@0.038 phi=-0.045
frame@158928: gain=0.420 ref=0.393 mse=0.060 tau=-0.098 omega=-2.81E-004 bad=0 tapChange=0.0030 floor=0.0017 fading=False/True preMse=0.111 energy=0.057/0.045 fresh=False phase=0.008 anchor=0.785@0.005 phi=-0.006
frame@159024: gain=0.401 ref=0.395 mse=0.055 tau=-0.105 omega=-2.72E-004 bad=0 tapChange=0.0023 floor=0.0019 fading=False/True preMse=0.102 energy=0.055/0.046 fresh=False phase=0.023 anchor=0.762@0.016 phi=-0.018
frame@159120: gain=0.386 ref=0.395 mse=0.061 tau=-0.110 omega=-2.75E-004 bad=0 tapChange=0.0028 floor=0.0021 fading=False/True preMse=0.113 energy=0.052/0.046 fresh=False phase=-0.020 anchor=0.745@-0.006 phi=0.006
frame@159216: gain=0.373 ref=0.394 mse=0.062 tau=-0.115 omega=-2.51E-004 bad=0 tapChange=0.0022 floor=0.0022 fading=False/True preMse=0.114 energy=0.047/0.047 fresh=False phase=0.047 anchor=0.718@0.040 phi=-0.045
frame@159312: gain=0.355 ref=0.393 mse=0.080 tau=-0.121 omega=-2.55E-004 bad=0 tapChange=0.0024 floor=0.0024 fading=False/True preMse=0.147 energy=0.041/0.047 fresh=False phase=0.004 anchor=0.681@-0.006 phi=0.007
frame@159408: gain=0.330 ref=0.391 mse=0.090 tau=-0.129 omega=-2.51E-004 bad=0 tapChange=0.0022 floor=0.0022 fading=False/True preMse=0.166 energy=0.034/0.046 fresh=False phase=0.002 anchor=0.638@0.007 phi=-0.008
frame@159504: gain=0.318 ref=0.388 mse=0.104 tau=-0.130 omega=-2.61E-004 bad=0 tapChange=0.0022 floor=0.0022 fading=False/True preMse=0.192 energy=0.028/0.046 fresh=False phase=-0.016 anchor=0.610@-0.017 phi=0.020
frame@159600: gain=0.300 ref=0.385 mse=0.116 tau=-0.151 omega=-2.64E-004 bad=0 tapChange=0.0018 floor=0.0018 fading=False/True preMse=0.213 energy=0.021/0.045 fresh=False phase=-0.004 anchor=0.573@-0.005 phi=0.007
frame@159696: gain=0.277 ref=0.381 mse=0.138 tau=-0.156 omega=-2.75E-004 bad=0 tapChange=0.0013 floor=0.0013 fading=False/True preMse=0.254 energy=0.015/0.044 fresh=False phase=-0.020 anchor=0.525@-0.018 phi=0.020
frame@159792: gain=0.252 ref=0.375 mse=0.165 tau=-0.159 omega=-2.90E-004 bad=0 tapChange=0.0009 floor=0.0009 fading=False/True preMse=0.305 energy=0.011/0.042 fresh=False phase=-0.030 anchor=0.473@-0.027 phi=0.030
frame@159888: gain=0.222 ref=0.369 mse=0.203 tau=-0.156 omega=-2.58E-004 bad=0 tapChange=0.0011 floor=0.0010 fading=False/True preMse=0.375 energy=0.008/0.041 fresh=False phase=0.066 anchor=0.418@0.058 phi=-0.063
frame@159984: gain=0.211 ref=0.362 mse=0.226 tau=-0.153 omega=-2.52E-004 bad=0 tapChange=0.0012 floor=0.0012 fading=False/True preMse=0.417 energy=0.008/0.039 fresh=False phase=0.009 anchor=0.388@0.010 phi=-0.011
frame@160080: gain=0.201 ref=0.354 mse=0.247 tau=-0.151 omega=-2.87E-004 bad=0 tapChange=0.0025 floor=0.0014 fading=False/True preMse=0.455 energy=0.009/0.038 fresh=False phase=-0.065 anchor=0.379@-0.063 phi=0.068
frame@160176: gain=0.184 ref=0.347 mse=0.253 tau=-0.150 omega=-2.61E-004 bad=0 tapChange=0.0033 floor=0.0015 fading=False/True preMse=0.467 energy=0.011/0.036 fresh=False phase=0.050 anchor=0.368@0.047 phi=-0.050
frame@160272: gain=0.208 ref=0.339 mse=0.255 tau=-0.148 omega=-1.27E-004 bad=0 tapChange=0.0048 floor=0.0017 fading=False/True preMse=0.471 energy=0.014/0.035 fresh=False phase=0.280 anchor=0.410@0.239 phi=-0.258
frame@160368: gain=0.225 ref=0.332 mse=0.229 tau=-0.145 omega=-7.22E-005 bad=0 tapChange=0.0051 floor=0.0019 fading=False/True preMse=0.423 energy=0.017/0.034 fresh=False phase=0.103 anchor=0.440@0.097 phi=-0.104
frame@160464: gain=0.243 ref=0.327 mse=0.197 tau=-0.144 omega=-6.85E-005 bad=0 tapChange=0.0041 floor=0.0021 fading=False/True preMse=0.363 energy=0.018/0.033 fresh=False phase=0.004 anchor=0.472@0.006 phi=-0.007
frame@160560: gain=0.287 ref=0.323 mse=0.184 tau=-0.141 omega=4.06E-005 bad=0 tapChange=0.0040 floor=0.0023 fading=False/True preMse=0.339 energy=0.017/0.032 fresh=False phase=0.215 anchor=0.540@0.190 phi=-0.209
frame@160656: gain=0.283 ref=0.321 mse=0.139 tau=-0.139 omega=4.63E-005 bad=0 tapChange=0.0020 floor=0.0020 fading=False/True preMse=0.256 energy=0.016/0.031 fresh=False phase=0.006 anchor=0.542@0.010 phi=-0.011
frame@160752: gain=0.310 ref=0.319 mse=0.136 tau=-0.137 omega=1.38E-004 bad=0 tapChange=0.0019 floor=0.0019 fading=False/True preMse=0.251 energy=0.014/0.031 fresh=False phase=0.171 anchor=0.577@0.159 phi=-0.176
frame@160848: gain=0.318 ref=0.318 mse=0.122 tau=-0.136 omega=1.36E-004 bad=0 tapChange=0.0017 floor=0.0017 fading=False/True preMse=0.225 energy=0.014/0.030 fresh=False phase=-0.005 anchor=0.586@-0.003 phi=0.004
frame@160944: gain=0.309 ref=0.318 mse=0.122 tau=-0.141 omega=1.63E-004 bad=0 tapChange=0.0020 floor=0.0018 fading=False/True preMse=0.226 energy=0.017/0.029 fresh=False phase=0.047 anchor=0.589@0.048 phi=-0.053
frame@161040: gain=0.309 ref=0.318 mse=0.123 tau=-0.171 omega=1.68E-004 bad=0 tapChange=0.0026 floor=0.0020 fading=False/True preMse=0.227 energy=0.022/0.028 fresh=False phase=0.008 anchor=0.589@0.007 phi=-0.008
frame@161136: gain=0.310 ref=0.318 mse=0.122 tau=-0.175 omega=1.54E-004 bad=0 tapChange=0.0034 floor=0.0022 fading=False/True preMse=0.225 energy=0.031/0.028 fresh=False phase=-0.027 anchor=0.606@-0.024 phi=0.027
frame@161232: gain=0.308 ref=0.317 mse=0.130 tau=-0.170 omega=1.44E-004 bad=0 tapChange=0.0047 floor=0.0025 fading=False/True preMse=0.240 energy=0.041/0.028 fresh=False phase=-0.022 anchor=0.616@-0.017 phi=0.019
frame@161328: gain=0.333 ref=0.317 mse=0.112 tau=-0.163 omega=1.04E-004 bad=0 tapChange=0.0045 floor=0.0027 fading=False/True preMse=0.207 energy=0.051/0.029 fresh=False phase=-0.087 anchor=0.659@-0.068 phi=0.075
frame@161424: gain=0.349 ref=0.318 mse=0.114 tau=-0.153 omega=8.32E-005 bad=0 tapChange=0.0051 floor=0.0029 fading=False/True preMse=0.211 energy=0.060/0.030 fresh=False phase=-0.037 anchor=0.689@-0.037 phi=0.041
frame@161520: gain=0.361 ref=0.319 mse=0.103 tau=-0.144 omega=4.11E-005 bad=0 tapChange=0.0047 floor=0.0032 fading=False/True preMse=0.189 energy=0.065/0.032 fresh=False phase=-0.102 anchor=0.710@-0.072 phi=0.081
frame@161616: gain=0.354 ref=0.321 mse=0.091 tau=-0.137 omega=2.57E-005 bad=0 tapChange=0.0038 floor=0.0034 fading=False/True preMse=0.168 energy=0.066/0.033 fresh=False phase=-0.031 anchor=0.708@-0.027 phi=0.030
frame@161712: gain=0.359 ref=0.323 mse=0.094 tau=-0.131 omega=1.24E-005 bad=0 tapChange=0.0042 floor=0.0037 fading=False/True preMse=0.174 energy=0.063/0.035 fresh=False phase=-0.033 anchor=0.713@-0.023 phi=0.026
frame@161808: gain=0.365 ref=0.325 mse=0.081 tau=-0.123 omega=-4.23E-005 bad=0 tapChange=0.0027 floor=0.0027 fading=False/True preMse=0.150 energy=0.056/0.036 fresh=False phase=-0.119 anchor=0.707@-0.092 phi=0.105
frame@161904: gain=0.365 ref=0.327 mse=0.108 tau=-0.116 omega=-9.18E-005 bad=0 tapChange=0.0042 floor=0.0030 fading=False/True preMse=0.199 energy=0.047/0.037 fresh=False phase=-0.095 anchor=0.692@-0.084 phi=0.095
frame@162000: gain=0.371 ref=0.329 mse=0.093 tau=-0.112 omega=-1.55E-004 bad=0 tapChange=0.0032 floor=0.0032 fading=False/True preMse=0.171 energy=0.037/0.038 fresh=False phase=-0.128 anchor=0.705@-0.107 phi=0.121
frame@162096: gain=0.351 ref=0.331 mse=0.085 tau=-0.102 omega=-1.58E-004 bad=0 tapChange=0.0020 floor=0.0020 fading=False/True preMse=0.157 energy=0.028/0.038 fresh=False phase=-0.005 anchor=0.668@-0.006 phi=0.007
frame@162192: gain=0.337 ref=0.332 mse=0.092 tau=-0.090 omega=-1.84E-004 bad=0 tapChange=0.0015 floor=0.0015 fading=False/True preMse=0.169 energy=0.021/0.037 fresh=False phase=-0.048 anchor=0.637@-0.044 phi=0.049
frame@162288: gain=0.333 ref=0.332 mse=0.106 tau=-0.086 omega=-2.25E-004 bad=0 tapChange=0.0017 floor=0.0017 fading=False/True preMse=0.196 energy=0.017/0.036 fresh=False phase=-0.083 anchor=0.621@-0.072 phi=0.080
frame@162384: gain=0.336 ref=0.332 mse=0.107 tau=-0.095 omega=-2.45E-004 bad=0 tapChange=0.0015 floor=0.0015 fading=False/True preMse=0.197 energy=0.015/0.035 fresh=False phase=-0.041 anchor=0.622@-0.035 phi=0.039
frame@162480: gain=0.329 ref=0.332 mse=0.107 tau=-0.099 omega=-2.30E-004 bad=0 tapChange=0.0018 floor=0.0017 fading=False/True preMse=0.197 energy=0.017/0.034 fresh=False phase=0.029 anchor=0.621@0.026 phi=-0.029
frame@162576: gain=0.348 ref=0.332 mse=0.104 tau=-0.103 omega=-2.19E-004 bad=0 tapChange=0.0022 floor=0.0019 fading=False/True preMse=0.192 energy=0.020/0.033 fresh=False phase=0.020 anchor=0.647@0.020 phi=-0.022
frame@162672: gain=0.355 ref=0.333 mse=0.099 tau=-0.104 omega=-1.73E-004 bad=0 tapChange=0.0021 floor=0.0021 fading=False/True preMse=0.183 energy=0.024/0.033 fresh=False phase=0.089 anchor=0.662@0.079 phi=-0.088
frame@162768: gain=0.391 ref=0.334 mse=0.103 tau=-0.107 omega=-1.80E-004 bad=0 tapChange=0.0028 floor=0.0023 fading=False/True preMse=0.190 energy=0.028/0.032 fresh=False phase=-0.013 anchor=0.712@-0.012 phi=0.014
frame@162864: gain=0.409 ref=0.337 mse=0.080 tau=-0.111 omega=-1.55E-004 bad=0 tapChange=0.0017 floor=0.0017 fading=False/True preMse=0.147 energy=0.033/0.032 fresh=False phase=0.055 anchor=0.750@0.042 phi=-0.049
frame@162960: gain=0.409 ref=0.341 mse=0.134 tau=-0.115 omega=-1.34E-004 bad=0 tapChange=0.0069 floor=0.0019 fading=False/True preMse=0.247 energy=0.037/0.032 fresh=False phase=0.046 anchor=0.756@0.036 phi=-0.041
frame@163056: gain=0.416 ref=0.344 mse=0.156 tau=-0.119 omega=-1.69E-004 bad=0 tapChange=0.0089 floor=0.0021 fading=True/True preMse=0.287 energy=0.039/0.032 fresh=False phase=-0.074 anchor=0.771@-0.058 phi=0.067
frame@163152: gain=0.380 ref=0.348 mse=0.142 tau=-0.119 omega=-5.07E-005 bad=0 tapChange=0.0063 floor=0.0023 fading=True/True preMse=0.262 energy=0.041/0.033 fresh=False phase=0.230 anchor=0.727@0.198 phi=-0.226
frame@163248: gain=0.419 ref=0.349 mse=0.106 tau=-0.121 omega=-1.19E-004 bad=0 tapChange=0.0059 floor=0.0025 fading=True/True preMse=0.195 energy=0.042/0.033 fresh=False phase=-0.148 anchor=0.784@-0.112 phi=0.131
frame@163344: gain=0.374 ref=0.353 mse=0.101 tau=-0.121 omega=-4.76E-005 bad=0 tapChange=0.0043 floor=0.0027 fading=True/True preMse=0.186 energy=0.043/0.034 fresh=False phase=0.142 anchor=0.710@0.119 phi=-0.137
frame@163440: gain=0.412 ref=0.354 mse=0.119 tau=-0.123 omega=-7.41E-005 bad=0 tapChange=0.0062 floor=0.0029 fading=True/True preMse=0.219 energy=0.044/0.034 fresh=False phase=-0.036 anchor=0.761@-0.044 phi=0.051
frame@163536: gain=0.335 ref=0.357 mse=0.190 tau=-0.123 omega=-8.33E-006 bad=0 tapChange=0.0094 floor=0.0032 fading=True/True preMse=0.351 energy=0.046/0.035 fresh=False phase=0.150 anchor=0.646@0.111 phi=-0.126
frame@163632: gain=0.323 ref=0.356 mse=0.212 tau=-0.123 omega=-7.94E-005 bad=0 tapChange=0.0129 floor=0.0035 fading=True/True preMse=0.391 energy=0.049/0.035 fresh=False phase=-0.195 anchor=0.650@-0.121 phi=0.136
frame@163728: gain=0.311 ref=0.354 mse=0.149 tau=-0.122 omega=-1.09E-005 bad=0 tapChange=0.0076 floor=0.0037 fading=True/True preMse=0.275 energy=0.053/0.036 fresh=False phase=0.145 anchor=0.629@0.117 phi=-0.132
frame@163824: gain=0.290 ref=0.352 mse=0.193 tau=-0.121 omega=-2.55E-005 bad=0 tapChange=0.0115 floor=0.0040 fading=True/True preMse=0.357 energy=0.058/0.037 fresh=False phase=-0.041 anchor=0.601@-0.024 phi=0.028
frame@163920: gain=0.325 ref=0.349 mse=0.179 tau=-0.119 omega=4.73E-005 bad=0 tapChange=0.0097 floor=0.0043 fading=True/True preMse=0.330 energy=0.061/0.038 fresh=False phase=0.184 anchor=0.647@0.123 phi=-0.140
frame@164016: gain=0.335 ref=0.348 mse=0.215 tau=-0.117 omega=1.83E-005 bad=0 tapChange=0.0139 floor=0.0046 fading=True/True preMse=0.398 energy=0.062/0.039 fresh=False phase=-0.078 anchor=0.670@-0.048 phi=0.056
frame@164112: gain=0.280 ref=0.347 mse=0.188 tau=-0.115 omega=6.01E-005 bad=0 tapChange=0.0106 floor=0.0050 fading=True/True preMse=0.347 energy=0.060/0.040 fresh=False phase=0.068 anchor=0.600@0.071 phi=-0.080
frame@164208: gain=0.343 ref=0.344 mse=0.116 tau=-0.114 omega=4.86E-005 bad=0 tapChange=0.0060 floor=0.0053 fading=True/True preMse=0.215 energy=0.055/0.041 fresh=False phase=-0.043 anchor=0.681@-0.020 phi=0.022
frame@164304: gain=0.317 ref=0.344 mse=0.118 tau=-0.111 omega=4.16E-005 bad=0 tapChange=0.0049 floor=0.0049 fading=True/True preMse=0.218 energy=0.048/0.042 fresh=False phase=0.006 anchor=0.632@-0.012 phi=0.013
frame@164400: gain=0.284 ref=0.342 mse=0.160 tau=-0.110 omega=-2.56E-006 bad=0 tapChange=0.0065 floor=0.0053 fading=True/True preMse=0.295 energy=0.040/0.042 fresh=False phase=-0.114 anchor=0.575@-0.076 phi=0.085
frame@164496: gain=0.296 ref=0.339 mse=0.129 tau=-0.108 omega=-4.26E-005 bad=0 tapChange=0.0036 floor=0.0036 fading=True/True preMse=0.237 energy=0.033/0.042 fresh=False phase=-0.081 anchor=0.586@-0.069 phi=0.077
frame@164592: gain=0.273 ref=0.337 mse=0.164 tau=-0.107 omega=-1.23E-004 bad=0 tapChange=0.0046 floor=0.0039 fading=True/True preMse=0.302 energy=0.027/0.042 fresh=False phase=-0.161 anchor=0.542@-0.139 phi=0.154
frame@164688: gain=0.248 ref=0.334 mse=0.180 tau=-0.107 omega=-1.99E-004 bad=0 tapChange=0.0045 floor=0.0042 fading=True/True preMse=0.333 energy=0.024/0.041 fresh=False phase=-0.152 anchor=0.500@-0.132 phi=0.146
frame@164784: gain=0.233 ref=0.330 mse=0.195 tau=-0.107 omega=-2.70E-004 bad=0 tapChange=0.0051 floor=0.0045 fading=True/True preMse=0.361 energy=0.025/0.040 fresh=False phase=-0.149 anchor=0.477@-0.125 phi=0.137
frame@164880: gain=0.227 ref=0.325 mse=0.198 tau=-0.077 omega=-3.11E-004 bad=0 tapChange=0.0057 floor=0.0049 fading=True/True preMse=0.366 energy=0.028/0.039 fresh=False phase=-0.086 anchor=0.473@-0.072 phi=0.078
frame@164976: gain=0.230 ref=0.320 mse=0.195 tau=-0.081 omega=-3.40E-004 bad=0 tapChange=0.0060 floor=0.0052 fading=True/True preMse=0.360 energy=0.032/0.039 fresh=False phase=-0.071 anchor=0.483@-0.053 phi=0.057
frame@165072: gain=0.230 ref=0.315 mse=0.195 tau=-0.079 omega=-3.56E-004 bad=0 tapChange=0.0070 floor=0.0056 fading=True/True preMse=0.360 energy=0.036/0.038 fresh=False phase=-0.030 anchor=0.496@-0.027 phi=0.029
frame@165168: gain=0.225 ref=0.311 mse=0.218 tau=-0.079 omega=-3.93E-004 bad=0 tapChange=0.0078 floor=0.0059 fading=True/True preMse=0.402 energy=0.039/0.038 fresh=False phase=-0.098 anchor=0.480@-0.066 phi=0.072
frame@165264: gain=0.201 ref=0.307 mse=0.260 tau=-0.078 omega=-3.81E-004 bad=0 tapChange=0.0097 floor=0.0063 fading=True/True preMse=0.480 energy=0.040/0.038 fresh=False phase=0.026 anchor=0.444@0.021 phi=-0.023
frame@165360: gain=0.190 ref=0.302 mse=0.293 tau=-0.079 omega=-4.57E-004 bad=0 tapChange=0.0101 floor=0.0067 fading=True/True preMse=0.541 energy=0.039/0.038 fresh=False phase=-0.193 anchor=0.423@-0.134 phi=0.145
frame@165456: gain=0.100 ref=0.296 mse=0.501 tau=-0.080 omega=-7.19E-004 bad=0 tapChange=0.0196 floor=0.0072 fading=True/True preMse=0.926 energy=0.039/0.038 fresh=False phase=-0.787 anchor=0.271@-0.479 phi=0.503
frame@165552: gain=0.129 ref=0.296 mse=0.393 tau=-0.082 omega=-7.19E-004 bad=1 tapChange=0.0000 floor=0.0072 fading=True/True preMse=0.726 energy=0.040/0.038 fresh=True phase=-0.327 anchor=0.149@0.000 phi=0.000
frame@165648: gain=0.080 ref=0.296 mse=0.399 tau=-0.085 omega=-6.97E-004 bad=2 tapChange=0.7660 floor=0.0076 fading=True/True preMse=0.737 energy=0.042/0.038 fresh=False phase=0.035 anchor=0.279@0.018 phi=-0.042
frame@165744: gain=0.154 ref=0.296 mse=0.287 tau=-0.088 omega=-6.88E-004 bad=3 tapChange=0.1585 floor=0.0081 fading=True/True preMse=0.530 energy=0.047/0.038 fresh=False phase=0.013 anchor=0.395@0.009 phi=-0.017
frame@165840: gain=0.209 ref=0.289 mse=0.212 tau=-0.092 omega=-6.58E-004 bad=0 tapChange=0.0617 floor=0.0086 fading=True/True preMse=0.392 energy=0.054/0.039 fresh=False phase=0.064 anchor=0.487@0.038 phi=-0.058
frame@165936: gain=0.261 ref=0.285 mse=0.165 tau=-0.096 omega=-6.19E-004 bad=0 tapChange=0.0345 floor=0.0092 fading=True/True preMse=0.305 energy=0.061/0.040 fresh=False phase=0.074 anchor=0.573@0.052 phi=-0.075
frame@166032: gain=0.309 ref=0.284 mse=0.114 tau=-0.099 omega=-6.02E-004 bad=0 tapChange=0.0156 floor=0.0097 fading=True/True preMse=0.211 energy=0.067/0.041 fresh=False phase=0.032 anchor=0.638@0.024 phi=-0.033
frame@166128: gain=0.321 ref=0.285 mse=0.102 tau=-0.102 omega=-5.67E-004 bad=0 tapChange=0.0110 floor=0.0103 fading=True/True preMse=0.188 energy=0.069/0.042 fresh=False phase=0.067 anchor=0.654@0.053 phi=-0.067
frame@166224: gain=0.343 ref=0.287 mse=0.085 tau=-0.108 omega=-5.32E-004 bad=0 tapChange=0.0071 floor=0.0071 fading=True/True preMse=0.158 energy=0.067/0.043 fresh=False phase=0.074 anchor=0.686@0.053 phi=-0.068
frame@166320: gain=0.338 ref=0.290 mse=0.081 tau=-0.112 omega=-5.30E-004 bad=0 tapChange=0.0064 floor=0.0064 fading=True/True preMse=0.149 energy=0.061/0.045 fresh=False phase=0.002 anchor=0.683@0.003 phi=-0.004
frame@166416: gain=0.339 ref=0.292 mse=0.081 tau=-0.115 omega=-5.13E-004 bad=0 tapChange=0.0045 floor=0.0045 fading=True/True preMse=0.150 energy=0.051/0.045 fresh=False phase=0.037 anchor=0.671@0.027 phi=-0.033
frame@166512: gain=0.315 ref=0.294 mse=0.104 tau=-0.121 omega=-5.11E-004 bad=0 tapChange=0.0050 floor=0.0049 fading=True/True preMse=0.192 energy=0.040/0.046 fresh=False phase=0.004 anchor=0.623@0.002 phi=-0.003
frame@166608: gain=0.277 ref=0.295 mse=0.139 tau=-0.121 omega=-5.42E-004 bad=0 tapChange=0.0042 floor=0.0042 fading=True/True preMse=0.256 energy=0.029/0.045 fresh=False phase=-0.070 anchor=0.545@-0.051 phi=0.059
frame@166704: gain=0.256 ref=0.294 mse=0.172 tau=-0.122 omega=-6.04E-004 bad=0 tapChange=0.0040 floor=0.0040 fading=True/True preMse=0.318 energy=0.020/0.045 fresh=False phase=-0.120 anchor=0.495@-0.103 phi=0.120
frame@166800: gain=0.245 ref=0.293 mse=0.194 tau=-0.126 omega=-7.04E-004 bad=0 tapChange=0.0041 floor=0.0041 fading=True/True preMse=0.357 energy=0.016/0.043 fresh=False phase=-0.196 anchor=0.472@-0.169 phi=0.191
frame@166896: gain=0.244 ref=0.290 mse=0.190 tau=-0.127 omega=-8.15E-004 bad=0 tapChange=0.0032 floor=0.0032 fading=True/True preMse=0.351 energy=0.017/0.042 fresh=False phase=-0.216 anchor=0.470@-0.190 phi=0.213
frame@166992: gain=0.291 ref=0.288 mse=0.146 tau=-0.127 omega=-9.05E-004 bad=0 tapChange=0.0040 floor=0.0034 fading=True/True preMse=0.270 energy=0.023/0.041 fresh=False phase=-0.171 anchor=0.563@-0.152 phi=0.173
frame@167088: gain=0.341 ref=0.288 mse=0.097 tau=-0.132 omega=-9.29E-004 bad=0 tapChange=0.0034 floor=0.0034 fading=True/True preMse=0.179 energy=0.033/0.040 fresh=False phase=-0.041 anchor=0.652@-0.039 phi=0.045
frame@167184: gain=0.399 ref=0.291 mse=0.065 tau=-0.139 omega=-9.03E-004 bad=0 tapChange=0.0033 floor=0.0033 fading=True/True preMse=0.120 energy=0.046/0.040 fresh=False phase=0.063 anchor=0.759@0.041 phi=-0.049
frame@167280: gain=0.437 ref=0.296 mse=0.050 tau=-0.137 omega=-8.62E-004 bad=0 tapChange=0.0029 floor=0.0029 fading=True/True preMse=0.093 energy=0.060/0.040 fresh=False phase=0.088 anchor=0.818@0.067 phi=-0.080
frame@167376: gain=0.472 ref=0.303 mse=0.048 tau=-0.147 omega=-8.13E-004 bad=0 tapChange=0.0035 floor=0.0032 fading=True/True preMse=0.088 energy=0.075/0.041 fresh=False phase=0.116 anchor=0.881@0.079 phi=-0.094
frame@167472: gain=0.482 ref=0.311 mse=0.043 tau=-0.151 omega=-7.56E-004 bad=0 tapChange=0.0031 floor=0.0031 fading=True/True preMse=0.079 energy=0.089/0.043 fresh=False phase=0.137 anchor=0.896@0.091 phi=-0.110
frame@167568: gain=0.484 ref=0.320 mse=0.045 tau=-0.153 omega=-6.97E-004 bad=0 tapChange=0.0036 floor=0.0034 fading=True/True preMse=0.084 energy=0.102/0.045 fresh=False phase=0.137 anchor=0.905@0.095 phi=-0.114
frame@167664: gain=0.472 ref=0.328 mse=0.053 tau=-0.172 omega=-6.30E-004 bad=0 tapChange=0.0041 floor=0.0036 fading=True/True preMse=0.098 energy=0.114/0.048 fresh=False phase=0.159 anchor=0.893@0.106 phi=-0.128
frame@167760: gain=0.461 ref=0.335 mse=0.051 tau=-0.157 omega=-5.75E-004 bad=0 tapChange=0.0039 floor=0.0039 fading=True/True preMse=0.093 energy=0.125/0.051 fresh=False phase=0.130 anchor=0.880@0.088 phi=-0.105
frame@167856: gain=0.460 ref=0.342 mse=0.051 tau=-0.151 omega=-5.11E-004 bad=0 tapChange=0.0038 floor=0.0038 fading=True/True preMse=0.095 energy=0.131/0.055 fresh=False phase=0.156 anchor=0.877@0.103 phi=-0.124
frame@167952: gain=0.451 ref=0.348 mse=0.062 tau=-0.138 omega=-4.34E-004 bad=0 tapChange=0.0046 floor=0.0041 fading=True/True preMse=0.114 energy=0.133/0.059 fresh=False phase=0.187 anchor=0.864@0.124 phi=-0.147
frame@168048: gain=0.426 ref=0.353 mse=0.078 tau=-0.131 omega=-3.65E-004 bad=0 tapChange=0.0055 floor=0.0044 fading=True/True preMse=0.143 energy=0.130/0.062 fresh=False phase=0.151 anchor=0.838@0.113 phi=-0.134
frame@168144: gain=0.437 ref=0.356 mse=0.064 tau=-0.123 omega=-2.97E-004 bad=0 tapChange=0.0047 floor=0.0047 fading=True/True preMse=0.119 energy=0.121/0.066 fresh=False phase=0.159 anchor=0.835@0.109 phi=-0.130
frame@168240: gain=0.418 ref=0.360 mse=0.058 tau=-0.118 omega=-2.27E-004 bad=0 tapChange=0.0037 floor=0.0037 fading=True/True preMse=0.107 energy=0.108/0.069 fresh=False phase=0.154 anchor=0.821@0.111 phi=-0.133
frame@168336: gain=0.445 ref=0.363 mse=0.058 tau=-0.119 omega=-1.35E-004 bad=0 tapChange=0.0039 floor=0.0039 fading=True/True preMse=0.108 energy=0.091/0.070 fresh=False phase=0.202 anchor=0.845@0.145 phi=-0.176
frame@168432: gain=0.410 ref=0.367 mse=0.053 tau=-0.118 omega=-9.51E-005 bad=0 tapChange=0.0032 floor=0.0032 fading=True/True preMse=0.099 energy=0.073/0.072 fresh=False phase=0.072 anchor=0.790@0.065 phi=-0.077
frame@168528: gain=0.395 ref=0.370 mse=0.062 tau=-0.120 omega=-4.29E-005 bad=0 tapChange=0.0031 floor=0.0031 fading=True/True preMse=0.114 energy=0.057/0.072 fresh=False phase=0.101 anchor=0.762@0.084 phi=-0.100
frame@168624: gain=0.373 ref=0.371 mse=0.073 tau=-0.126 omega=8.63E-006 bad=0 tapChange=0.0029 floor=0.0029 fading=True/True preMse=0.134 energy=0.043/0.071 fresh=False phase=0.100 anchor=0.716@0.083 phi=-0.099
frame@168720: gain=0.356 ref=0.371 mse=0.081 tau=-0.156 omega=5.53E-005 bad=0 tapChange=0.0025 floor=0.0025 fading=True/True preMse=0.150 energy=0.033/0.069 fresh=False phase=0.094 anchor=0.680@0.076 phi=-0.090
frame@168816: gain=0.337 ref=0.370 mse=0.101 tau=-0.150 omega=7.83E-005 bad=0 tapChange=0.0027 floor=0.0027 fading=True/True preMse=0.187 energy=0.027/0.068 fresh=False phase=0.041 anchor=0.639@0.038 phi=-0.044
frame@168912: gain=0.311 ref=0.369 mse=0.126 tau=-0.141 omega=9.94E-005 bad=0 tapChange=0.0031 floor=0.0029 fading=True/True preMse=0.232 energy=0.025/0.066 fresh=False phase=0.040 anchor=0.596@0.035 phi=-0.041
frame@169008: gain=0.278 ref=0.366 mse=0.174 tau=-0.133 omega=1.18E-004 bad=0 tapChange=0.0052 floor=0.0032 fading=True/True preMse=0.321 energy=0.025/0.064 fresh=False phase=0.041 anchor=0.538@0.032 phi=-0.036
frame@169104: gain=0.248 ref=0.361 mse=0.212 tau=-0.129 omega=8.00E-005 bad=0 tapChange=0.0067 floor=0.0034 fading=False/True preMse=0.392 energy=0.028/0.062 fresh=False phase=-0.080 anchor=0.490@-0.065 phi=0.074
frame@169200: gain=0.240 ref=0.356 mse=0.233 tau=-0.124 omega=2.90E-005 bad=0 tapChange=0.0097 floor=0.0037 fading=False/True preMse=0.430 energy=0.032/0.060 fresh=False phase=-0.100 anchor=0.493@-0.088 phi=0.098
frame@169296: gain=0.261 ref=0.350 mse=0.241 tau=-0.122 omega=-2.80E-006 bad=0 tapChange=0.0103 floor=0.0040 fading=False/True preMse=0.444 energy=0.037/0.059 fresh=False phase=-0.063 anchor=0.523@-0.055 phi=0.061
frame@169392: gain=0.265 ref=0.345 mse=0.279 tau=-0.121 omega=-1.02E-004 bad=0 tapChange=0.0157 floor=0.0043 fading=False/True preMse=0.515 energy=0.042/0.057 fresh=False phase=-0.198 anchor=0.557@-0.168 phi=0.191
frame@169488: gain=0.298 ref=0.341 mse=0.193 tau=-0.120 omega=-1.60E-004 bad=0 tapChange=0.0098 floor=0.0046 fading=False/True preMse=0.356 energy=0.046/0.057 fresh=False phase=-0.132 anchor=0.591@-0.099 phi=0.112
frame@169584: gain=0.346 ref=0.339 mse=0.116 tau=-0.120 omega=-1.51E-004 bad=0 tapChange=0.0061 floor=0.0049 fading=False/True preMse=0.214 energy=0.049/0.056 fresh=False phase=0.037 anchor=0.692@0.016 phi=-0.018
frame@169680: gain=0.384 ref=0.340 mse=0.178 tau=-0.119 omega=-1.23E-004 bad=0 tapChange=0.0113 floor=0.0053 fading=False/True preMse=0.328 energy=0.051/0.056 fresh=False phase=0.054 anchor=0.725@0.046 phi=-0.054
frame@169776: gain=0.388 ref=0.342 mse=0.096 tau=-0.119 omega=-1.33E-004 bad=0 tapChange=0.0049 floor=0.0049 fading=False/True preMse=0.177 energy=0.051/0.056 fresh=False phase=-0.022 anchor=0.740@-0.018 phi=0.020
frame@169872: gain=0.393 ref=0.344 mse=0.124 tau=-0.119 omega=-7.95E-005 bad=0 tapChange=0.0063 floor=0.0053 fading=False/True preMse=0.229 energy=0.051/0.055 fresh=False phase=0.116 anchor=0.742@0.087 phi=-0.103
frame@169968: gain=0.352 ref=0.347 mse=0.119 tau=-0.120 omega=-7.40E-005 bad=0 tapChange=0.0071 floor=0.0056 fading=False/True preMse=0.219 energy=0.051/0.055 fresh=False phase=0.016 anchor=0.704@0.009 phi=-0.011
frame@170064: gain=0.354 ref=0.347 mse=0.108 tau=-0.120 omega=-7.55E-006 bad=0 tapChange=0.0056 floor=0.0056 fading=False/True preMse=0.199 energy=0.051/0.055 fresh=False phase=0.143 anchor=0.695@0.110 phi=-0.128
frame@170160: gain=0.370 ref=0.347 mse=0.145 tau=-0.119 omega=5.68E-005 bad=0 tapChange=0.0080 floor=0.0060 fading=False/True preMse=0.268 energy=0.054/0.055 fresh=False phase=0.133 anchor=0.704@0.107 phi=-0.123
frame@170256: gain=0.383 ref=0.348 mse=0.165 tau=-0.118 omega=8.95E-005 bad=0 tapChange=0.0118 floor=0.0064 fading=False/True preMse=0.305 energy=0.057/0.055 fresh=False phase=0.071 anchor=0.742@0.053 phi=-0.063
frame@170352: gain=0.371 ref=0.350 mse=0.089 tau=-0.116 omega=1.27E-004 bad=0 tapChange=0.0051 floor=0.0051 fading=False/True preMse=0.165 energy=0.062/0.055 fresh=False phase=0.079 anchor=0.729@0.062 phi=-0.072
frame@170448: gain=0.367 ref=0.351 mse=0.133 tau=-0.115 omega=1.88E-004 bad=0 tapChange=0.0092 floor=0.0055 fading=False/True preMse=0.245 energy=0.068/0.055 fresh=False phase=0.134 anchor=0.739@0.099 phi=-0.116
frame@170544: gain=0.413 ref=0.352 mse=0.078 tau=-0.113 omega=2.39E-004 bad=0 tapChange=0.0054 floor=0.0054 fading=False/True preMse=0.144 energy=0.073/0.056 fresh=False phase=0.109 anchor=0.797@0.083 phi=-0.098
frame@170640: gain=0.445 ref=0.355 mse=0.105 tau=-0.111 omega=2.72E-004 bad=0 tapChange=0.0077 floor=0.0058 fading=False/True preMse=0.193 energy=0.077/0.057 fresh=False phase=0.072 anchor=0.830@0.053 phi=-0.063
frame@170736: gain=0.456 ref=0.360 mse=0.034 tau=-0.109 omega=2.80E-004 bad=0 tapChange=0.0023 floor=0.0023 fading=False/True preMse=0.064 energy=0.078/0.058 fresh=False phase=0.016 anchor=0.855@0.013 phi=-0.016
frame@170832: gain=0.470 ref=0.364 mse=0.042 tau=-0.106 omega=2.95E-004 bad=0 tapChange=0.0033 floor=0.0025 fading=False/True preMse=0.078 energy=0.077/0.059 fresh=False phase=0.035 anchor=0.877@0.024 phi=-0.029
frame@170928: gain=0.475 ref=0.370 mse=0.027 tau=-0.104 omega=2.75E-004 bad=0 tapChange=0.0020 floor=0.0020 fading=False/True preMse=0.051 energy=0.073/0.060 fresh=False phase=-0.039 anchor=0.884@-0.033 phi=0.039
frame@171024: gain=0.456 ref=0.375 mse=0.026 tau=-0.102 omega=2.69E-004 bad=0 tapChange=0.0017 floor=0.0017 fading=False/True preMse=0.047 energy=0.068/0.060 fresh=False phase=-0.018 anchor=0.862@-0.009 phi=0.012
frame@171120: gain=0.472 ref=0.379 mse=0.028 tau=-0.101 omega=2.46E-004 bad=0 tapChange=0.0019 floor=0.0019 fading=False/True preMse=0.052 energy=0.062/0.061 fresh=False phase=-0.042 anchor=0.871@-0.035 phi=0.043
frame@171216: gain=0.462 ref=0.384 mse=0.024 tau=-0.100 omega=2.19E-004 bad=0 tapChange=0.0013 floor=0.0013 fading=False/True preMse=0.044 energy=0.056/0.061 fresh=False phase=-0.051 anchor=0.859@-0.042 phi=0.052
frame@171312: gain=0.434 ref=0.388 mse=0.037 tau=-0.100 omega=2.10E-004 bad=0 tapChange=0.0018 floor=0.0014 fading=False/True preMse=0.068 energy=0.049/0.061 fresh=False phase=-0.019 anchor=0.813@-0.016 phi=0.019
frame@171408: gain=0.419 ref=0.390 mse=0.040 tau=-0.098 omega=2.06E-004 bad=0 tapChange=0.0014 floor=0.0014 fading=False/True preMse=0.073 energy=0.043/0.060 fresh=False phase=-0.003 anchor=0.787@-0.006 phi=0.007
frame@171504: gain=0.382 ref=0.391 mse=0.061 tau=-0.098 omega=2.07E-004 bad=0 tapChange=0.0020 floor=0.0016 fading=False/True preMse=0.113 energy=0.036/0.059 fresh=False phase=0.004 anchor=0.726@0.003 phi=-0.002
frame@171600: gain=0.368 ref=0.391 mse=0.065 tau=-0.098 omega=2.10E-004 bad=0 tapChange=0.0012 floor=0.0012 fading=False/True preMse=0.119 energy=0.030/0.058 fresh=False phase=0.010 anchor=0.693@0.005 phi=-0.007
frame@171696: gain=0.328 ref=0.390 mse=0.094 tau=-0.098 omega=2.30E-004 bad=0 tapChange=0.0018 floor=0.0014 fading=False/True preMse=0.173 energy=0.025/0.057 fresh=False phase=0.042 anchor=0.628@0.033 phi=-0.038
frame@171792: gain=0.294 ref=0.387 mse=0.127 tau=-0.099 omega=2.76E-004 bad=0 tapChange=0.0018 floor=0.0015 fading=False/True preMse=0.234 energy=0.021/0.055 fresh=False phase=0.091 anchor=0.559@0.078 phi=-0.089
frame@171888: gain=0.262 ref=0.382 mse=0.161 tau=-0.101 omega=3.30E-004 bad=0 tapChange=0.0032 floor=0.0017 fading=False/True preMse=0.298 energy=0.019/0.053 fresh=False phase=0.119 anchor=0.510@0.092 phi=-0.102
frame@171984: gain=0.235 ref=0.376 mse=0.198 tau=-0.104 omega=4.14E-004 bad=0 tapChange=0.0046 floor=0.0019 fading=False/True preMse=0.365 energy=0.020/0.051 fresh=False phase=0.186 anchor=0.465@0.146 phi=-0.161
frame@172080: gain=0.219 ref=0.369 mse=0.220 tau=-0.108 omega=5.06E-004 bad=0 tapChange=0.0057 floor=0.0021 fading=False/True preMse=0.406 energy=0.024/0.050 fresh=False phase=0.199 anchor=0.440@0.161 phi=-0.176
frame@172176: gain=0.222 ref=0.361 mse=0.218 tau=-0.111 omega=5.87E-004 bad=0 tapChange=0.0073 floor=0.0023 fading=False/True preMse=0.403 energy=0.031/0.049 fresh=False phase=0.193 anchor=0.461@0.143 phi=-0.157
frame@172272: gain=0.253 ref=0.354 mse=0.189 tau=-0.110 omega=6.42E-004 bad=0 tapChange=0.0079 floor=0.0025 fading=False/True preMse=0.350 energy=0.040/0.048 fresh=False phase=0.124 anchor=0.521@0.095 phi=-0.105
frame@172368: gain=0.302 ref=0.349 mse=0.143 tau=-0.109 omega=6.80E-004 bad=0 tapChange=0.0067 floor=0.0027 fading=False/True preMse=0.265 energy=0.052/0.047 fresh=False phase=0.083 anchor=0.610@0.065 phi=-0.074
frame@172464: gain=0.329 ref=0.347 mse=0.135 tau=-0.107 omega=6.64E-004 bad=0 tapChange=0.0072 floor=0.0030 fading=False/True preMse=0.249 energy=0.064/0.048 fresh=False phase=-0.060 anchor=0.658@-0.027 phi=0.030
frame@172560: gain=0.358 ref=0.346 mse=0.116 tau=-0.104 omega=6.63E-004 bad=0 tapChange=0.0065 floor=0.0032 fading=False/True preMse=0.215 energy=0.076/0.048 fresh=False phase=-0.034 anchor=0.708@-0.002 phi=0.003
frame@172656: gain=0.396 ref=0.347 mse=0.091 tau=-0.101 omega=6.45E-004 bad=0 tapChange=0.0054 floor=0.0035 fading=False/True preMse=0.169 energy=0.088/0.050 fresh=False phase=-0.070 anchor=0.768@-0.030 phi=0.034
frame@172752: gain=0.407 ref=0.349 mse=0.098 tau=-0.099 omega=5.97E-004 bad=0 tapChange=0.0061 floor=0.0038 fading=False/True preMse=0.181 energy=0.099/0.052 fresh=False phase=-0.154 anchor=0.785@-0.081 phi=0.093
frame@172848: gain=0.411 ref=0.352 mse=0.086 tau=-0.096 omega=5.59E-004 bad=0 tapChange=0.0053 floor=0.0040 fading=False/True preMse=0.159 energy=0.109/0.054 fresh=False phase=-0.116 anchor=0.797@-0.063 phi=0.072
frame@172944: gain=0.426 ref=0.355 mse=0.079 tau=-0.089 omega=5.18E-004 bad=0 tapChange=0.0051 floor=0.0044 fading=False/True preMse=0.147 energy=0.117/0.057 fresh=False phase=-0.125 anchor=0.816@-0.069 phi=0.079
frame@173040: gain=0.421 ref=0.359 mse=0.084 tau=-0.082 omega=4.60E-004 bad=0 tapChange=0.0051 floor=0.0047 fading=False/True preMse=0.154 energy=0.122/0.060 fresh=False phase=-0.177 anchor=0.813@-0.100 phi=0.113
frame@173136: gain=0.419 ref=0.362 mse=0.076 tau=-0.075 omega=4.16E-004 bad=0 tapChange=0.0048 floor=0.0048 fading=False/True preMse=0.141 energy=0.125/0.063 fresh=False phase=-0.142 anchor=0.819@-0.072 phi=0.083
frame@173232: gain=0.402 ref=0.365 mse=0.069 tau=-0.070 omega=3.94E-004 bad=0 tapChange=0.0045 floor=0.0045 fading=False/True preMse=0.128 energy=0.123/0.066 fresh=False phase=-0.076 anchor=0.804@-0.037 phi=0.042
frame@173328: gain=0.388 ref=0.366 mse=0.081 tau=-0.066 omega=3.34E-004 bad=0 tapChange=0.0049 floor=0.0048 fading=False/True preMse=0.149 energy=0.115/0.069 fresh=False phase=-0.179 anchor=0.779@-0.101 phi=0.116
frame@173424: gain=0.363 ref=0.367 mse=0.089 tau=-0.067 omega=2.81E-004 bad=0 tapChange=0.0052 floor=0.0051 fading=False/True preMse=0.164 energy=0.103/0.071 fresh=False phase=-0.161 anchor=0.743@-0.091 phi=0.103
frame@173520: gain=0.330 ref=0.367 mse=0.110 tau=-0.045 omega=2.27E-004 bad=0 tapChange=0.0064 floor=0.0055 fading=False/True preMse=0.204 energy=0.086/0.073 fresh=False phase=-0.149 anchor=0.695@-0.091 phi=0.103
frame@173616: gain=0.288 ref=0.365 mse=0.157 tau=-0.048 omega=1.56E-004 bad=0 tapChange=0.0081 floor=0.0059 fading=False/True preMse=0.290 energy=0.065/0.073 fresh=False phase=-0.193 anchor=0.616@-0.123 phi=0.137
frame@173712: gain=0.232 ref=0.362 mse=0.230 tau=-0.078 omega=6.28E-005 bad=0 tapChange=0.0104 floor=0.0062 fading=False/True preMse=0.425 energy=0.045/0.073 fresh=False phase=-0.245 anchor=0.509@-0.162 phi=0.178
frame@173808: gain=0.190 ref=0.355 mse=0.312 tau=-0.094 omega=-1.28E-004 bad=0 tapChange=0.0111 floor=0.0067 fading=False/True preMse=0.575 energy=0.029/0.072 fresh=False phase=-0.466 anchor=0.413@-0.339 phi=0.366
frame@173904: gain=0.186 ref=0.347 mse=0.377 tau=-0.099 omega=-4.39E-004 bad=0 tapChange=0.0103 floor=0.0071 fading=False/True preMse=0.696 energy=0.018/0.069 fresh=False phase=-0.708 anchor=0.373@-0.556 phi=0.597
frame@174000: gain=0.238 ref=0.339 mse=0.356 tau=-0.099 omega=-7.79E-004 bad=0 tapChange=0.0083 floor=0.0075 fading=False/True preMse=0.658 energy=0.015/0.067 fresh=False phase=-0.697 anchor=0.447@-0.600 phi=0.654
frame@174096: gain=0.353 ref=0.334 mse=0.146 tau=-0.099 omega=-8.77E-004 bad=0 tapChange=0.0048 floor=0.0048 fading=False/True preMse=0.270 energy=0.021/0.064 fresh=False phase=-0.189 anchor=0.656@-0.164 phi=0.187
frame@174192: gain=0.449 ref=0.335 mse=0.102 tau=-0.098 omega=-8.49E-004 bad=0 tapChange=0.0062 floor=0.0051 fading=False/True preMse=0.187 energy=0.036/0.062 fresh=False phase=0.053 anchor=0.811@0.045 phi=-0.053
frame@174288: gain=0.556 ref=0.340 mse=0.084 tau=-0.096 omega=-8.40E-004 bad=0 tapChange=0.0069 floor=0.0055 fading=False/True preMse=0.154 energy=0.056/0.061 fresh=False phase=0.025 anchor=0.963@0.015 phi=-0.017
frame@174384: gain=0.611 ref=0.351 mse=0.065 tau=-0.095 omega=-7.85E-004 bad=0 tapChange=0.0063 floor=0.0058 fading=False/True preMse=0.119 energy=0.080/0.061 fresh=False phase=0.124 anchor=1.050@0.084 phi=-0.106
frame@174480: gain=0.633 ref=0.364 mse=0.093 tau=-0.090 omega=-7.19E-004 bad=0 tapChange=0.0095 floor=0.0062 fading=False/True preMse=0.172 energy=0.104/0.062 fresh=False phase=0.141 anchor=1.074@0.102 phi=-0.128
frame@174576: gain=0.613 ref=0.378 mse=0.079 tau=-0.083 omega=-6.34E-004 bad=0 tapChange=0.0085 floor=0.0066 fading=False/True preMse=0.146 energy=0.125/0.064 fresh=False phase=0.179 anchor=1.056@0.126 phi=-0.162
frame@174672: gain=0.598 ref=0.389 mse=0.053 tau=-0.074 omega=-6.02E-004 bad=0 tapChange=0.0068 floor=0.0068 fading=False/True preMse=0.098 energy=0.142/0.067 fresh=False phase=0.081 anchor=1.036@0.049 phi=-0.062
frame@174768: gain=0.560 ref=0.400 mse=0.060 tau=-0.067 omega=-5.39E-004 bad=0 tapChange=0.0069 floor=0.0069 fading=False/True preMse=0.111 energy=0.152/0.070 fresh=False phase=0.164 anchor=0.989@0.092 phi=-0.122
frame@174864: gain=0.528 ref=0.408 mse=0.048 tau=-0.063 omega=-4.76E-004 bad=0 tapChange=0.0052 floor=0.0052 fading=False/True preMse=0.088 energy=0.157/0.075 fresh=False phase=0.146 anchor=0.963@0.091 phi=-0.119
frame@174960: gain=0.508 ref=0.414 mse=0.053 tau=-0.054 omega=-4.14E-004 bad=0 tapChange=0.0060 floor=0.0056 fading=False/True preMse=0.097 energy=0.157/0.079 fresh=False phase=0.163 anchor=0.934@0.092 phi=-0.120
frame@175056: gain=0.472 ref=0.419 mse=0.048 tau=-0.047 omega=-3.39E-004 bad=0 tapChange=0.0049 floor=0.0049 fading=False/True preMse=0.089 energy=0.152/0.083 fresh=False phase=0.177 anchor=0.897@0.108 phi=-0.142
frame@175152: gain=0.449 ref=0.421 mse=0.060 tau=-0.046 omega=-2.55E-004 bad=0 tapChange=0.0053 floor=0.0052 fading=False/True preMse=0.111 energy=0.144/0.086 fresh=False phase=0.202 anchor=0.860@0.124 phi=-0.162
frame@175248: gain=0.464 ref=0.423 mse=0.046 tau=-0.037 omega=-2.11E-004 bad=0 tapChange=0.0046 floor=0.0046 fading=False/True preMse=0.084 energy=0.134/0.089 fresh=False phase=0.095 anchor=0.884@0.064 phi=-0.084
frame@175344: gain=0.432 ref=0.425 mse=0.068 tau=-0.032 omega=-1.51E-004 bad=0 tapChange=0.0070 floor=0.0050 fading=False/True preMse=0.126 energy=0.122/0.091 fresh=False phase=0.130 anchor=0.831@0.090 phi=-0.115
frame@175440: gain=0.423 ref=0.425 mse=0.057 tau=-0.033 omega=-7.87E-005 bad=0 tapChange=0.0048 floor=0.0048 fading=False/True preMse=0.105 energy=0.110/0.093 fresh=False phase=0.176 anchor=0.825@0.108 phi=-0.139
frame@175536: gain=0.438 ref=0.425 mse=0.050 tau=-0.029 omega=-2.15E-005 bad=0 tapChange=0.0047 floor=0.0047 fading=False/True preMse=0.093 energy=0.098/0.094 fresh=False phase=0.127 anchor=0.842@0.086 phi=-0.110
frame@175632: gain=0.404 ref=0.426 mse=0.064 tau=-0.029 omega=4.49E-005 bad=0 tapChange=0.0044 floor=0.0044 fading=False/True preMse=0.118 energy=0.084/0.094 fresh=False phase=0.132 anchor=0.783@0.100 phi=-0.127
frame@175728: gain=0.377 ref=0.424 mse=0.072 tau=-0.032 omega=9.88E-005 bad=0 tapChange=0.0054 floor=0.0047 fading=False/True preMse=0.134 energy=0.070/0.093 fresh=False phase=0.117 anchor=0.743@0.083 phi=-0.103
frame@175824: gain=0.360 ref=0.422 mse=0.082 tau=-0.034 omega=1.29E-004 bad=0 tapChange=0.0051 floor=0.0050 fading=False/True preMse=0.152 energy=0.056/0.092 fresh=False phase=0.058 anchor=0.706@0.047 phi=-0.057
frame@175920: gain=0.321 ref=0.419 mse=0.110 tau=-0.038 omega=1.96E-004 bad=0 tapChange=0.0051 floor=0.0051 fading=False/True preMse=0.203 energy=0.043/0.090 fresh=False phase=0.140 anchor=0.636@0.107 phi=-0.129
frame@176016: gain=0.277 ref=0.414 mse=0.161 tau=-0.042 omega=2.55E-004 bad=0 tapChange=0.0062 floor=0.0055 fading=False/True preMse=0.297 energy=0.031/0.088 fresh=False phase=0.115 anchor=0.546@0.098 phi=-0.114
frame@176112: gain=0.233 ref=0.407 mse=0.192 tau=-0.049 omega=3.21E-004 bad=0 tapChange=0.0042 floor=0.0042 fading=False/True preMse=0.354 energy=0.021/0.085 fresh=False phase=0.146 anchor=0.462@0.111 phi=-0.125
frame@176208: gain=0.203 ref=0.398 mse=0.233 tau=-0.053 omega=3.66E-004 bad=0 tapChange=0.0047 floor=0.0046 fading=False/True preMse=0.429 energy=0.014/0.082 fresh=False phase=0.084 anchor=0.400@0.079 phi=-0.088
frame@176304: gain=0.171 ref=0.389 mse=0.283 tau=-0.057 omega=4.84E-004 bad=0 tapChange=0.0039 floor=0.0039 fading=False/True preMse=0.522 energy=0.009/0.079 fresh=False phase=0.250 anchor=0.334@0.207 phi=-0.226
frame@176400: gain=0.148 ref=0.389 mse=0.311 tau=-0.059 omega=5.89E-004 bad=1 tapChange=0.0024 floor=0.0024 fading=False/True preMse=0.573 energy=0.006/0.079 fresh=False phase=0.184 anchor=0.285@0.186 phi=-0.200
frame@176496: gain=0.127 ref=0.389 mse=0.337 tau=-0.060 omega=7.18E-004 bad=2 tapChange=0.0016 floor=0.0016 fading=False/True preMse=0.622 energy=0.005/0.079 fresh=False phase=0.255 anchor=0.242@0.234 phi=-0.249
frame@176592: gain=0.128 ref=0.389 mse=0.334 tau=-0.063 omega=8.46E-004 bad=3 tapChange=0.0017 floor=0.0017 fading=False/True preMse=0.616 energy=0.004/0.079 fresh=False phase=0.246 anchor=0.245@0.230 phi=-0.245
frame@176688: gain=0.132 ref=0.389 mse=0.334 tau=-0.065 omega=7.88E-004 bad=4 tapChange=0.0021 floor=0.0019 fading=False/True preMse=0.617 energy=0.004/0.079 fresh=False phase=-0.127 anchor=0.245@-0.104 phi=0.111
frame@176784: gain=0.131 ref=0.389 mse=0.322 tau=-0.068 omega=7.88E-004 bad=5 tapChange=0.0018 floor=0.0018 fading=False/True preMse=0.595 energy=0.005/0.079 fresh=False phase=0.004 anchor=0.251@0.001 phi=-0.001
frame@176880: gain=0.128 ref=0.389 mse=0.345 tau=-0.072 omega=6.52E-004 bad=6 tapChange=0.0022 floor=0.0020 fading=False/True preMse=0.637 energy=0.005/0.079 fresh=False phase=-0.279 anchor=0.239@-0.246 phi=0.261
frame@176976: gain=0.137 ref=0.389 mse=0.328 tau=-0.076 omega=5.34E-004 bad=7 tapChange=0.0033 floor=0.0022 fading=False/True preMse=0.605 energy=0.006/0.079 fresh=False phase=-0.233 anchor=0.269@-0.212 phi=0.226
frame@177072: gain=0.143 ref=0.389 mse=0.341 tau=-0.080 omega=3.40E-004 bad=8 tapChange=0.0038 floor=0.0024 fading=False/True preMse=0.629 energy=0.008/0.079 fresh=False phase=-0.392 anchor=0.277@-0.349 phi=0.373
frame@177168: gain=0.173 ref=0.389 mse=0.275 tau=-0.083 omega=3.10E-004 bad=9 tapChange=0.0039 floor=0.0026 fading=False/True preMse=0.507 energy=0.010/0.079 fresh=False phase=-0.043 anchor=0.337@-0.052 phi=0.056
frame@177264: gain=0.225 ref=0.389 mse=0.220 tau=-0.086 omega=2.25E-004 bad=10 tapChange=0.0037 floor=0.0029 fading=False/True preMse=0.407 energy=0.013/0.079 fresh=False phase=-0.163 anchor=0.432@-0.150 phi=0.165
frame@177360: gain=0.244 ref=0.381 mse=0.210 tau=-0.087 omega=1.54E-004 bad=0 tapChange=0.0045 floor=0.0031 fading=False/True preMse=0.387 energy=0.016/0.075 fresh=False phase=-0.142 anchor=0.464@-0.123 phi=0.136
frame@177456: gain=0.295 ref=0.374 mse=0.133 tau=-0.090 omega=1.59E-004 bad=0 tapChange=0.0023 floor=0.0023 fading=False/True preMse=0.246 energy=0.020/0.072 fresh=False phase=0.013 anchor=0.561@0.009 phi=-0.010
frame@177552: gain=0.358 ref=0.370 mse=0.089 tau=-0.092 omega=1.68E-004 bad=0 tapChange=0.0022 floor=0.0022 fading=False/True preMse=0.165 energy=0.025/0.070 fresh=False phase=0.022 anchor=0.674@0.015 phi=-0.018
frame@177648: gain=0.390 ref=0.369 mse=0.092 tau=-0.093 omega=8.66E-005 bad=0 tapChange=0.0030 floor=0.0025 fading=False/True preMse=0.170 energy=0.029/0.067 fresh=False phase=-0.160 anchor=0.720@-0.135 phi=0.157
frame@177744: gain=0.408 ref=0.370 mse=0.084 tau=-0.094 omega=1.12E-004 bad=0 tapChange=0.0036 floor=0.0027 fading=False/True preMse=0.156 energy=0.033/0.066 fresh=False phase=0.048 anchor=0.743@0.041 phi=-0.049
frame@177840: gain=0.423 ref=0.372 mse=0.097 tau=-0.095 omega=3.67E-005 bad=0 tapChange=0.0039 floor=0.0029 fading=False/True preMse=0.180 energy=0.036/0.064 fresh=False phase=-0.162 anchor=0.781@-0.122 phi=0.144
frame@177936: gain=0.449 ref=0.375 mse=0.070 tau=-0.096 omega=8.82E-005 bad=0 tapChange=0.0040 floor=0.0032 fading=False/True preMse=0.130 energy=0.038/0.063 fresh=False phase=0.112 anchor=0.817@0.083 phi=-0.099
frame@178032: gain=0.435 ref=0.378 mse=0.065 tau=-0.096 omega=1.02E-005 bad=0 tapChange=0.0026 floor=0.0026 fading=False/True preMse=0.120 energy=0.038/0.061 fresh=False phase=-0.164 anchor=0.796@-0.126 phi=0.150
frame@178128: gain=0.415 ref=0.381 mse=0.067 tau=-0.097 omega=3.28E-005 bad=0 tapChange=0.0031 floor=0.0029 fading=False/True preMse=0.123 energy=0.036/0.060 fresh=False phase=0.041 anchor=0.779@0.037 phi=-0.043
frame@178224: gain=0.399 ref=0.383 mse=0.076 tau=-0.096 omega=-4.91E-005 bad=0 tapChange=0.0020 floor=0.0020 fading=False/True preMse=0.140 energy=0.033/0.059 fresh=False phase=-0.170 anchor=0.742@-0.135 phi=0.157
frame@178320: gain=0.384 ref=0.384 mse=0.087 tau=-0.098 omega=-1.76E-005 bad=0 tapChange=0.0036 floor=0.0022 fading=False/True preMse=0.161 energy=0.029/0.058 fresh=False phase=0.063 anchor=0.723@0.051 phi=-0.060
frame@178416: gain=0.343 ref=0.384 mse=0.122 tau=-0.097 omega=-1.42E-004 bad=0 tapChange=0.0021 floor=0.0021 fading=False/True preMse=0.225 energy=0.024/0.056 fresh=False phase=-0.252 anchor=0.639@-0.209 phi=0.240
frame@178512: gain=0.319 ref=0.382 mse=0.114 tau=-0.095 omega=-2.01E-004 bad=0 tapChange=0.0015 floor=0.0015 fading=False/True preMse=0.211 energy=0.020/0.055 fresh=False phase=-0.119 anchor=0.599@-0.099 phi=0.112
frame@178608: gain=0.290 ref=0.379 mse=0.143 tau=-0.093 omega=-2.97E-004 bad=0 tapChange=0.0012 floor=0.0012 fading=False/True preMse=0.263 energy=0.017/0.053 fresh=False phase=-0.199 anchor=0.548@-0.165 phi=0.184
frame@178704: gain=0.277 ref=0.374 mse=0.172 tau=-0.086 omega=-4.25E-004 bad=0 tapChange=0.0026 floor=0.0014 fading=False/True preMse=0.317 energy=0.016/0.051 fresh=False phase=-0.252 anchor=0.526@-0.223 phi=0.247
frame@178800: gain=0.286 ref=0.369 mse=0.140 tau=-0.075 omega=-4.83E-004 bad=0 tapChange=0.0019 floor=0.0016 fading=False/True preMse=0.258 energy=0.017/0.049 fresh=False phase=-0.110 anchor=0.543@-0.099 phi=0.111
frame@178896: gain=0.306 ref=0.365 mse=0.122 tau=-0.059 omega=-5.59E-004 bad=0 tapChange=0.0016 floor=0.0016 fading=False/True preMse=0.225 energy=0.019/0.048 fresh=False phase=-0.151 anchor=0.578@-0.131 phi=0.147
frame@178992: gain=0.338 ref=0.362 mse=0.091 tau=-0.036 omega=-5.97E-004 bad=0 tapChange=0.0015 floor=0.0015 fading=False/True preMse=0.168 energy=0.023/0.046 fresh=False phase=-0.071 anchor=0.636@-0.064 phi=0.071
frame@179088: gain=0.355 ref=0.361 mse=0.074 tau=-0.042 omega=-6.17E-004 bad=0 tapChange=0.0015 floor=0.0015 fading=False/True preMse=0.137 energy=0.027/0.045 fresh=False phase=-0.039 anchor=0.671@-0.035 phi=0.039
frame@179184: gain=0.382 ref=0.361 mse=0.058 tau=-0.072 omega=-6.05E-004 bad=0 tapChange=0.0013 floor=0.0013 fading=False/True preMse=0.107 energy=0.031/0.044 fresh=False phase=0.025 anchor=0.716@0.021 phi=-0.024
frame@179280: gain=0.377 ref=0.362 mse=0.063 tau=-0.086 omega=-5.99E-004 bad=0 tapChange=0.0016 floor=0.0015 fading=False/True preMse=0.115 energy=0.035/0.043 fresh=False phase=0.015 anchor=0.714@0.011 phi=-0.012
frame@179376: gain=0.361 ref=0.363 mse=0.080 tau=-0.103 omega=-5.69E-004 bad=0 tapChange=0.0023 floor=0.0017 fading=False/True preMse=0.148 energy=0.039/0.043 fresh=False phase=0.059 anchor=0.687@0.050 phi=-0.057
frame@179472: gain=0.355 ref=0.363 mse=0.092 tau=-0.114 omega=-5.65E-004 bad=0 tapChange=0.0030 floor=0.0019 fading=False/True preMse=0.169 energy=0.042/0.043 fresh=False phase=0.012 anchor=0.684@0.006 phi=-0.006
frame@179568: gain=0.325 ref=0.362 mse=0.120 tau=-0.115 omega=-5.31E-004 bad=0 tapChange=0.0041 floor=0.0021 fading=False/True preMse=0.221 energy=0.046/0.043 fresh=False phase=0.079 anchor=0.636@0.060 phi=-0.066
frame@179664: gain=0.341 ref=0.360 mse=0.147 tau=-0.122 omega=-5.90E-004 bad=0 tapChange=0.0064 floor=0.0023 fading=False/True preMse=0.271 energy=0.051/0.043 fresh=False phase=-0.149 anchor=0.663@-0.100 phi=0.113
frame@179760: gain=0.307 ref=0.359 mse=0.203 tau=-0.124 omega=-5.68E-004 bad=0 tapChange=0.0108 floor=0.0025 fading=False/True preMse=0.376 energy=0.057/0.043 fresh=False phase=0.044 anchor=0.618@0.038 phi=-0.043
frame@179856: gain=0.282 ref=0.357 mse=0.251 tau=-0.124 omega=-6.16E-004 bad=0 tapChange=0.0141 floor=0.0027 fading=True/True preMse=0.463 energy=0.066/0.044 fresh=False phase=-0.107 anchor=0.588@-0.085 phi=0.094
frame@179952: gain=0.270 ref=0.353 mse=0.239 tau=-0.124 omega=-6.74E-004 bad=0 tapChange=0.0135 floor=0.0029 fading=True/True preMse=0.442 energy=0.077/0.045 fresh=False phase=-0.141 anchor=0.577@-0.099 phi=0.110
frame@180048: gain=0.411 ref=0.349 mse=0.193 tau=-0.123 omega=-6.66E-004 bad=0 tapChange=0.0129 floor=0.0032 fading=True/True preMse=0.356 energy=0.090/0.047 fresh=False phase=0.028 anchor=0.788@0.013 phi=-0.014
frame@180144: gain=0.406 ref=0.352 mse=0.143 tau=-0.122 omega=-6.92E-004 bad=0 tapChange=0.0099 floor=0.0034 fading=True/True preMse=0.264 energy=0.103/0.049 fresh=False phase=-0.048 anchor=0.788@-0.043 phi=0.050
frame@180240: gain=0.522 ref=0.355 mse=0.142 tau=-0.121 omega=-6.95E-004 bad=0 tapChange=0.0106 floor=0.0037 fading=True/True preMse=0.263 energy=0.117/0.052 fresh=False phase=0.022 anchor=0.940@-0.004 phi=0.005
frame@180336: gain=0.509 ref=0.363 mse=0.387 tau=-0.120 omega=-6.66E-004 bad=0 tapChange=0.0279 floor=0.0040 fading=True/True preMse=0.714 energy=0.128/0.055 fresh=False phase=0.122 anchor=0.946@0.046 phi=-0.055
frame@180432: gain=0.536 ref=0.370 mse=0.314 tau=-0.118 omega=-5.76E-004 bad=0 tapChange=0.0272 floor=0.0043 fading=True/True preMse=0.579 energy=0.136/0.059 fresh=False phase=0.235 anchor=0.969@0.141 phi=-0.174
frame@180528: gain=0.505 ref=0.379 mse=0.109 tau=-0.118 omega=-5.68E-004 bad=0 tapChange=0.0109 floor=0.0046 fading=True/True preMse=0.201 energy=0.139/0.062 fresh=False phase=0.019 anchor=0.942@0.013 phi=-0.015
frame@180624: gain=0.551 ref=0.385 mse=0.118 tau=-0.117 omega=-5.06E-004 bad=0 tapChange=0.0104 floor=0.0049 fading=True/True preMse=0.218 energy=0.137/0.066 fresh=False phase=0.140 anchor=0.969@0.095 phi=-0.120
frame@180720: gain=0.485 ref=0.393 mse=0.071 tau=-0.116 omega=-4.82E-004 bad=0 tapChange=0.0071 floor=0.0053 fading=True/True preMse=0.131 energy=0.130/0.070 fresh=False phase=0.058 anchor=0.907@0.036 phi=-0.046
frame@180816: gain=0.484 ref=0.398 mse=0.078 tau=-0.115 omega=-3.99E-004 bad=0 tapChange=0.0071 floor=0.0056 fading=True/True preMse=0.144 energy=0.120/0.073 fresh=False phase=0.197 anchor=0.900@0.124 phi=-0.158
frame@180912: gain=0.402 ref=0.402 mse=0.273 tau=-0.114 omega=-4.01E-004 bad=0 tapChange=0.0292 floor=0.0060 fading=True/True preMse=0.504 energy=0.107/0.075 fresh=False phase=0.025 anchor=0.812@-0.001 phi=0.002
frame@181008: gain=0.460 ref=0.402 mse=0.119 tau=-0.113 omega=-2.88E-004 bad=0 tapChange=0.0115 floor=0.0064 fading=True/True preMse=0.220 energy=0.094/0.077 fresh=False phase=0.249 anchor=0.853@0.168 phi=-0.217
frame@181104: gain=0.380 ref=0.405 mse=0.111 tau=-0.112 omega=-2.48E-004 bad=0 tapChange=0.0111 floor=0.0068 fading=True/True preMse=0.204 energy=0.082/0.078 fresh=False phase=0.109 anchor=0.771@0.061 phi=-0.076
frame@181200: gain=0.404 ref=0.404 mse=0.089 tau=-0.112 omega=-1.66E-004 bad=0 tapChange=0.0077 floor=0.0073 fading=True/True preMse=0.164 energy=0.072/0.078 fresh=False phase=0.185 anchor=0.787@0.124 phi=-0.156
frame@181296: gain=0.405 ref=0.404 mse=0.082 tau=-0.113 omega=-1.00E-004 bad=0 tapChange=0.0065 floor=0.0065 fading=True/True preMse=0.152 energy=0.064/0.077 fresh=False phase=0.133 anchor=0.773@0.102 phi=-0.127
frame@181392: gain=0.348 ref=0.404 mse=0.112 tau=-0.113 omega=-8.59E-005 bad=0 tapChange=0.0085 floor=0.0070 fading=True/True preMse=0.207 energy=0.059/0.077 fresh=False phase=0.047 anchor=0.700@0.023 phi=-0.028
frame@181488: gain=0.402 ref=0.401 mse=0.077 tau=-0.114 omega=-1.71E-005 bad=0 tapChange=0.0053 floor=0.0053 fading=True/True preMse=0.143 energy=0.059/0.076 fresh=False phase=0.140 anchor=0.761@0.107 phi=-0.132
frame@181584: gain=0.394 ref=0.401 mse=0.079 tau=-0.117 omega=1.50E-006 bad=0 tapChange=0.0060 floor=0.0057 fading=True/True preMse=0.146 energy=0.062/0.075 fresh=False phase=0.054 anchor=0.763@0.030 phi=-0.036
frame@181680: gain=0.396 ref=0.401 mse=0.060 tau=-0.118 omega=4.89E-007 bad=0 tapChange=0.0042 floor=0.0042 fading=True/True preMse=0.112 energy=0.068/0.074 fresh=False phase=-0.005 anchor=0.763@-0.000 phi=0.002
frame@181776: gain=0.436 ref=0.400 mse=0.050 tau=-0.122 omega=8.05E-006 bad=0 tapChange=0.0038 floor=0.0038 fading=True/True preMse=0.092 energy=0.079/0.074 fresh=False phase=0.031 anchor=0.827@0.013 phi=-0.015
frame@181872: gain=0.385 ref=0.402 mse=0.084 tau=-0.122 omega=-4.00E-006 bad=0 tapChange=0.0065 floor=0.0041 fading=True/True preMse=0.154 energy=0.091/0.074 fresh=False phase=-0.016 anchor=0.754@-0.018 phi=0.023
frame@181968: gain=0.479 ref=0.401 mse=0.043 tau=-0.124 omega=-1.86E-005 bad=0 tapChange=0.0040 floor=0.0040 fading=True/True preMse=0.079 energy=0.104/0.075 fresh=False phase=-0.033 anchor=0.888@-0.023 phi=0.028
frame@182064: gain=0.476 ref=0.405 mse=0.044 tau=-0.127 omega=-3.66E-005 bad=0 tapChange=0.0042 floor=0.0042 fading=True/True preMse=0.082 energy=0.117/0.077 fresh=False phase=-0.034 anchor=0.885@-0.028 phi=0.034
frame@182160: gain=0.474 ref=0.409 mse=0.039 tau=-0.130 omega=-2.04E-005 bad=0 tapChange=0.0039 floor=0.0039 fading=True/True preMse=0.073 energy=0.127/0.079 fresh=False phase=0.046 anchor=0.888@0.024 phi=-0.031
frame@182256: gain=0.494 ref=0.412 mse=0.013 tau=-0.131 omega=-2.18E-005 bad=0 tapChange=0.0012 floor=0.0012 fading=True/True preMse=0.023 energy=0.135/0.081 fresh=False phase=0.000 anchor=0.914@-0.002 phi=0.003
frame@182352: gain=0.504 ref=0.416 mse=0.032 tau=-0.131 omega=-1.94E-005 bad=0 tapChange=0.0033 floor=0.0013 fading=True/True preMse=0.058 energy=0.139/0.084 fresh=False phase=0.030 anchor=0.924@0.003 phi=-0.005
frame@182448: gain=0.520 ref=0.420 mse=0.015 tau=-0.129 omega=-3.11E-005 bad=0 tapChange=0.0017 floor=0.0015 fading=True/True preMse=0.028 energy=0.140/0.086 fresh=False phase=-0.020 anchor=0.950@-0.019 phi=0.022
frame@182544: gain=0.544 ref=0.425 mse=0.040 tau=-0.131 omega=-1.42E-005 bad=0 tapChange=0.0049 floor=0.0017 fading=True/True preMse=0.075 energy=0.140/0.089 fresh=False phase=0.056 anchor=0.985@0.025 phi=-0.032
frame@182640: gain=0.509 ref=0.431 mse=0.019 tau=-0.131 omega=-7.11E-006 bad=0 tapChange=0.0022 floor=0.0019 fading=True/True preMse=0.035 energy=0.138/0.092 fresh=False phase=0.025 anchor=0.935@0.012 phi=-0.014
frame@182736: gain=0.502 ref=0.435 mse=0.028 tau=-0.132 omega=2.84E-005 bad=0 tapChange=0.0032 floor=0.0021 fading=True/True preMse=0.053 energy=0.134/0.094 fresh=False phase=0.100 anchor=0.932@0.052 phi=-0.068
frame@182832: gain=0.478 ref=0.439 mse=0.048 tau=-0.132 omega=3.64E-005 bad=0 tapChange=0.0052 floor=0.0023 fading=True/True preMse=0.088 energy=0.130/0.096 fresh=False phase=0.024 anchor=0.893@0.013 phi=-0.015
frame@182928: gain=0.488 ref=0.441 mse=0.033 tau=-0.133 omega=4.19E-005 bad=0 tapChange=0.0037 floor=0.0025 fading=True/True preMse=0.061 energy=0.125/0.098 fresh=False phase=0.035 anchor=0.906@0.008 phi=-0.011
frame@183024: gain=0.446 ref=0.443 mse=0.042 tau=-0.132 omega=6.08E-005 bad=0 tapChange=0.0043 floor=0.0027 fading=True/True preMse=0.077 energy=0.118/0.099 fresh=False phase=0.043 anchor=0.852@0.029 phi=-0.036
frame@183120: gain=0.482 ref=0.443 mse=0.025 tau=-0.134 omega=6.36E-005 bad=0 tapChange=0.0028 floor=0.0028 fading=True/True preMse=0.046 energy=0.108/0.100 fresh=False phase=0.016 anchor=0.901@0.004 phi=-0.005
frame@183216: gain=0.423 ref=0.445 mse=0.039 tau=-0.136 omega=7.61E-005 bad=0 tapChange=0.0032 floor=0.0030 fading=True/True preMse=0.072 energy=0.097/0.100 fresh=False phase=0.034 anchor=0.814@0.018 phi=-0.024
frame@183312: gain=0.409 ref=0.444 mse=0.035 tau=-0.139 omega=8.67E-005 bad=0 tapChange=0.0023 floor=0.0023 fading=True/True preMse=0.065 energy=0.082/0.100 fresh=False phase=0.026 anchor=0.794@0.016 phi=-0.020
frame@183408: gain=0.375 ref=0.442 mse=0.072 tau=-0.135 omega=1.00E-004 bad=0 tapChange=0.0049 floor=0.0025 fading=True/True preMse=0.133 energy=0.071/0.099 fresh=False phase=0.032 anchor=0.734@0.021 phi=-0.026
frame@183504: gain=0.325 ref=0.439 mse=0.094 tau=-0.137 omega=1.09E-004 bad=0 tapChange=0.0043 floor=0.0027 fading=True/True preMse=0.174 energy=0.050/0.098 fresh=False phase=0.021 anchor=0.642@0.015 phi=-0.018
frame@183600: gain=0.290 ref=0.433 mse=0.127 tau=-0.137 omega=1.17E-004 bad=0 tapChange=0.0041 floor=0.0029 fading=True/True preMse=0.235 energy=0.035/0.096 fresh=False phase=0.025 anchor=0.571@0.012 phi=-0.015
frame@183696: gain=0.242 ref=0.426 mse=0.181 tau=-0.138 omega=1.24E-004 bad=0 tapChange=0.0049 floor=0.0032 fading=True/True preMse=0.333 energy=0.022/0.093 fresh=False phase=0.009 anchor=0.480@0.011 phi=-0.012
frame@183792: gain=0.185 ref=0.417 mse=0.251 tau=-0.142 omega=1.32E-004 bad=0 tapChange=0.0042 floor=0.0034 fading=True/True preMse=0.464 energy=0.011/0.089 fresh=False phase=0.016 anchor=0.363@0.015 phi=-0.016
frame@183888: gain=0.116 ref=0.417 mse=0.355 tau=-0.150 omega=1.59E-004 bad=1 tapChange=0.0032 floor=0.0032 fading=True/True preMse=0.655 energy=0.005/0.089 fresh=False phase=0.051 anchor=0.223@0.049 phi=-0.052
frame@183984: gain=0.049 ref=0.417 mse=0.477 tau=-0.143 omega=1.63E-004 bad=2 tapChange=0.0036 floor=0.0035 fading=True/True preMse=0.881 energy=0.002/0.089 fresh=False phase=0.324 anchor=0.095@0.303 phi=-0.008
frame@184080: gain=0.031 ref=0.417 mse=0.601 tau=-0.136 omega=1.71E-004 bad=3 tapChange=0.0077 floor=0.0038 fading=False/True preMse=1.109 energy=0.003/0.089 fresh=False phase=2.124 anchor=0.049@1.880 phi=-0.014
frame@184176: gain=0.066 ref=0.417 mse=0.683 tau=-0.131 omega=1.84E-004 bad=4 tapChange=0.0175 floor=0.0040 fading=False/True preMse=1.260 energy=0.007/0.089 fresh=False phase=2.429 anchor=0.092@2.224 phi=-0.026
frame@184272: gain=0.102 ref=0.417 mse=0.710 tau=-0.127 omega=1.23E-003 bad=5 tapChange=0.0268 floor=0.0043 fading=True/True preMse=1.311 energy=0.013/0.089 fresh=False phase=2.258 anchor=0.145@1.947 phi=-2.002
frame@184368: gain=0.109 ref=0.417 mse=0.380 tau=-0.123 omega=1.19E-003 bad=6 tapChange=0.0234 floor=0.0047 fading=True/True preMse=0.701 energy=0.021/0.089 fresh=False phase=-0.168 anchor=0.278@-0.063 phi=0.072
frame@184464: gain=0.141 ref=0.417 mse=0.342 tau=-0.119 omega=1.08E-003 bad=7 tapChange=0.0245 floor=0.0050 fading=True/True preMse=0.631 energy=0.030/0.089 fresh=False phase=-0.289 anchor=0.339@-0.185 phi=0.211
frame@184560: gain=0.209 ref=0.417 mse=0.246 tau=-0.114 omega=9.46E-004 bad=8 tapChange=0.0170 floor=0.0053 fading=True/True preMse=0.454 energy=0.041/0.089 fresh=False phase=-0.333 anchor=0.462@-0.221 phi=0.257
frame@184656: gain=0.269 ref=0.406 mse=0.169 tau=-0.110 omega=8.39E-004 bad=0 tapChange=0.0111 floor=0.0057 fading=True/True preMse=0.312 energy=0.051/0.087 fresh=False phase=-0.238 anchor=0.565@-0.174 phi=0.205
frame@184752: gain=0.363 ref=0.400 mse=0.104 tau=-0.108 omega=7.18E-004 bad=0 tapChange=0.0058 floor=0.0058 fading=True/True preMse=0.191 energy=0.061/0.085 fresh=False phase=-0.246 anchor=0.706@-0.193 phi=0.232
frame@184848: gain=0.373 ref=0.398 mse=0.088 tau=-0.104 omega=6.43E-004 bad=0 tapChange=0.0059 floor=0.0059 fading=True/True preMse=0.163 energy=0.070/0.084 fresh=False phase=-0.156 anchor=0.736@-0.119 phi=0.143
frame@184944: gain=0.421 ref=0.396 mse=0.068 tau=-0.102 omega=5.51E-004 bad=0 tapChange=0.0043 floor=0.0043 fading=True/True preMse=0.126 energy=0.077/0.083 fresh=False phase=-0.204 anchor=0.807@-0.144 phi=0.176
frame@185040: gain=0.454 ref=0.398 mse=0.041 tau=-0.100 omega=4.68E-004 bad=0 tapChange=0.0018 floor=0.0018 fading=True/True preMse=0.076 energy=0.080/0.083 fresh=False phase=-0.166 anchor=0.845@-0.130 phi=0.161
frame@185136: gain=0.445 ref=0.401 mse=0.049 tau=-0.097 omega=3.84E-004 bad=0 tapChange=0.0028 floor=0.0020 fading=True/True preMse=0.090 energy=0.081/0.082 fresh=False phase=-0.167 anchor=0.840@-0.130 phi=0.160
frame@185232: gain=0.436 ref=0.403 mse=0.049 tau=-0.095 omega=3.07E-004 bad=0 tapChange=0.0031 floor=0.0022 fading=True/True preMse=0.090 energy=0.078/0.082 fresh=False phase=-0.160 anchor=0.836@-0.120 phi=0.147
frame@185328: gain=0.436 ref=0.404 mse=0.040 tau=-0.092 omega=2.43E-004 bad=0 tapChange=0.0022 floor=0.0022 fading=True/True preMse=0.073 energy=0.073/0.082 fresh=False phase=-0.133 anchor=0.827@-0.101 phi=0.124
frame@185424: gain=0.422 ref=0.406 mse=0.048 tau=-0.091 omega=1.66E-004 bad=0 tapChange=0.0023 floor=0.0023 fading=True/True preMse=0.089 energy=0.065/0.082 fresh=False phase=-0.153 anchor=0.803@-0.122 phi=0.149
frame@185520: gain=0.404 ref=0.407 mse=0.053 tau=-0.089 omega=9.46E-005 bad=0 tapChange=0.0020 floor=0.0020 fading=True/True preMse=0.097 energy=0.056/0.081 fresh=False phase=-0.138 anchor=0.767@-0.113 phi=0.136
frame@185616: gain=0.382 ref=0.407 mse=0.063 tau=-0.088 omega=2.43E-005 bad=0 tapChange=0.0020 floor=0.0020 fading=True/True preMse=0.117 energy=0.047/0.080 fresh=False phase=-0.137 anchor=0.730@-0.114 phi=0.135
frame@185712: gain=0.353 ref=0.405 mse=0.079 tau=-0.088 omega=-4.66E-005 bad=0 tapChange=0.0021 floor=0.0021 fading=True/True preMse=0.146 energy=0.039/0.078 fresh=False phase=-0.137 anchor=0.680@-0.115 phi=0.136
frame@185808: gain=0.316 ref=0.403 mse=0.109 tau=-0.089 omega=-1.11E-004 bad=0 tapChange=0.0033 floor=0.0023 fading=True/True preMse=0.201 energy=0.031/0.076 fresh=False phase=-0.122 anchor=0.618@-0.108 phi=0.124
frame@185904: gain=0.297 ref=0.398 mse=0.125 tau=-0.091 omega=-1.83E-004 bad=0 tapChange=0.0036 floor=0.0025 fading=True/True preMse=0.230 energy=0.025/0.074 fresh=False phase=-0.139 anchor=0.586@-0.120 phi=0.137
frame@186000: gain=0.284 ref=0.393 mse=0.140 tau=-0.093 omega=-2.74E-004 bad=0 tapChange=0.0022 floor=0.0022 fading=True/True preMse=0.259 energy=0.021/0.071 fresh=False phase=-0.176 anchor=0.547@-0.155 phi=0.176
frame@186096: gain=0.275 ref=0.388 mse=0.145 tau=-0.097 omega=-3.29E-004 bad=0 tapChange=0.0024 floor=0.0024 fading=True/True preMse=0.267 energy=0.019/0.069 fresh=False phase=-0.107 anchor=0.531@-0.094 phi=0.106
frame@186192: gain=0.279 ref=0.382 mse=0.138 tau=-0.100 omega=-3.73E-004 bad=0 tapChange=0.0022 floor=0.0022 fading=True/True preMse=0.255 energy=0.017/0.066 fresh=False phase=-0.082 anchor=0.538@-0.075 phi=0.083
frame@186288: gain=0.287 ref=0.377 mse=0.129 tau=-0.104 omega=-3.98E-004 bad=0 tapChange=0.0015 floor=0.0015 fading=True/True preMse=0.238 energy=0.017/0.064 fresh=False phase=-0.048 anchor=0.547@-0.044 phi=0.049
frame@186384: gain=0.288 ref=0.373 mse=0.130 tau=-0.105 omega=-3.99E-004 bad=0 tapChange=0.0016 floor=0.0016 fading=True/True preMse=0.239 energy=0.018/0.062 fresh=False phase=-0.005 anchor=0.546@-0.000 phi=0.001
frame@186480: gain=0.308 ref=0.368 mse=0.115 tau=-0.107 omega=-3.40E-004 bad=0 tapChange=0.0014 floor=0.0014 fading=True/True preMse=0.213 energy=0.018/0.059 fresh=False phase=0.110 anchor=0.583@0.100 phi=-0.113
frame@186576: gain=0.318 ref=0.365 mse=0.106 tau=-0.108 omega=-2.89E-004 bad=0 tapChange=0.0011 floor=0.0011 fading=True/True preMse=0.197 energy=0.019/0.057 fresh=False phase=0.098 anchor=0.596@0.087 phi=-0.098
frame@186672: gain=0.349 ref=0.363 mse=0.093 tau=-0.109 omega=-2.09E-004 bad=0 tapChange=0.0014 floor=0.0013 fading=True/True preMse=0.172 energy=0.021/0.055 fresh=False phase=0.150 anchor=0.654@0.138 phi=-0.155
frame@186768: gain=0.370 ref=0.362 mse=0.082 tau=-0.110 omega=-1.29E-004 bad=0 tapChange=0.0013 floor=0.0013 fading=True/True preMse=0.151 energy=0.024/0.054 fresh=False phase=0.155 anchor=0.686@0.136 phi=-0.153
frame@186864: gain=0.399 ref=0.363 mse=0.068 tau=-0.111 omega=-5.84E-005 bad=0 tapChange=0.0017 floor=0.0015 fading=True/True preMse=0.125 energy=0.028/0.052 fresh=False phase=0.129 anchor=0.741@0.119 phi=-0.135
frame@186960: gain=0.417 ref=0.364 mse=0.058 tau=-0.110 omega=3.25E-006 bad=0 tapChange=0.0018 floor=0.0017 fading=True/True preMse=0.106 energy=0.034/0.051 fresh=False phase=0.121 anchor=0.770@0.103 phi=-0.118
frame@187056: gain=0.464 ref=0.367 mse=0.042 tau=-0.109 omega=6.19E-005 bad=0 tapChange=0.0017 floor=0.0017 fading=True/True preMse=0.077 energy=0.041/0.050 fresh=False phase=0.112 anchor=0.844@0.097 phi=-0.113
frame@187152: gain=0.484 ref=0.372 mse=0.025 tau=-0.108 omega=9.78E-005 bad=0 tapChange=0.0013 floor=0.0013 fading=True/True preMse=0.046 energy=0.049/0.050 fresh=False phase=0.071 anchor=0.881@0.059 phi=-0.069
frame@187248: gain=0.496 ref=0.378 mse=0.019 tau=-0.106 omega=1.34E-004 bad=0 tapChange=0.0012 floor=0.0012 fading=True/True preMse=0.034 energy=0.055/0.050 fresh=False phase=0.074 anchor=0.899@0.058 phi=-0.069
frame@187344: gain=0.521 ref=0.383 mse=0.010 tau=-0.106 omega=1.58E-004 bad=0 tapChange=0.0010 floor=0.0010 fading=True/True preMse=0.018 energy=0.060/0.050 fresh=False phase=0.049 anchor=0.940@0.041 phi=-0.048
frame@187440: gain=0.512 ref=0.390 mse=0.008 tau=-0.104 omega=1.74E-004 bad=0 tapChange=0.0008 floor=0.0008 fading=True/True preMse=0.015 energy=0.062/0.050 fresh=False phase=0.035 anchor=0.928@0.025 phi=-0.030
frame@187536: gain=0.526 ref=0.396 mse=0.007 tau=-0.103 omega=1.82E-004 bad=0 tapChange=0.0009 floor=0.0009 fading=True/True preMse=0.014 energy=0.062/0.051 fresh=False phase=0.018 anchor=0.946@0.013 phi=-0.016
frame@187632: gain=0.516 ref=0.403 mse=0.010 tau=-0.101 omega=1.78E-004 bad=0 tapChange=0.0011 floor=0.0011 fading=False/True preMse=0.019 energy=0.061/0.052 fresh=False phase=-0.008 anchor=0.938@-0.007 phi=0.009
frame@187728: gain=0.521 ref=0.409 mse=0.016 tau=-0.101 omega=1.70E-004 bad=0 tapChange=0.0016 floor=0.0012 fading=False/True preMse=0.029 energy=0.059/0.052 fresh=False phase=-0.007 anchor=0.942@-0.012 phi=0.014
frame@187824: gain=0.506 ref=0.414 mse=0.021 tau=-0.100 omega=1.56E-004 bad=0 tapChange=0.0018 floor=0.0014 fading=False/True preMse=0.039 energy=0.058/0.052 fresh=False phase=-0.026 anchor=0.919@-0.022 phi=0.028
frame@187920: gain=0.494 ref=0.419 mse=0.027 tau=-0.098 omega=1.37E-004 bad=0 tapChange=0.0022 floor=0.0015 fading=False/True preMse=0.051 energy=0.058/0.053 fresh=False phase=-0.029 anchor=0.901@-0.029 phi=0.036
frame@188016: gain=0.483 ref=0.423 mse=0.028 tau=-0.097 omega=1.22E-004 bad=0 tapChange=0.0021 floor=0.0017 fading=False/True preMse=0.051 energy=0.059/0.053 fresh=False phase=-0.024 anchor=0.885@-0.024 phi=0.030
frame@188112: gain=0.466 ref=0.426 mse=0.033 tau=-0.096 omega=1.04E-004 bad=0 tapChange=0.0023 floor=0.0019 fading=False/True preMse=0.061 energy=0.061/0.053 fresh=False phase=-0.033 anchor=0.858@-0.028 phi=0.035
frame@188208: gain=0.450 ref=0.428 mse=0.035 tau=-0.095 omega=8.91E-005 bad=0 tapChange=0.0022 floor=0.0021 fading=False/True preMse=0.064 energy=0.063/0.054 fresh=False phase=-0.025 anchor=0.837@-0.023 phi=0.028
frame@188304: gain=0.434 ref=0.429 mse=0.037 tau=-0.095 omega=9.06E-005 bad=0 tapChange=0.0023 floor=0.0023 fading=False/True preMse=0.069 energy=0.065/0.054 fresh=False phase=0.007 anchor=0.816@0.003 phi=-0.003
frame@188400: gain=0.408 ref=0.429 mse=0.048 tau=-0.093 omega=8.86E-005 bad=0 tapChange=0.0027 floor=0.0025 fading=False/True preMse=0.088 energy=0.065/0.055 fresh=False phase=-0.004 anchor=0.779@-0.003 phi=0.004
frame@188496: gain=0.387 ref=0.428 mse=0.057 tau=-0.093 omega=1.02E-004 bad=0 tapChange=0.0030 floor=0.0027 fading=False/True preMse=0.105 energy=0.065/0.055 fresh=False phase=0.025 anchor=0.746@0.021 phi=-0.025
frame@188592: gain=0.361 ref=0.426 mse=0.073 tau=-0.090 omega=1.24E-004 bad=0 tapChange=0.0038 floor=0.0030 fading=False/True preMse=0.135 energy=0.064/0.056 fresh=False phase=0.048 anchor=0.707@0.037 phi=-0.043
frame@188688: gain=0.343 ref=0.423 mse=0.086 tau=-0.085 omega=1.54E-004 bad=0 tapChange=0.0044 floor=0.0032 fading=False/True preMse=0.158 energy=0.063/0.056 fresh=False phase=0.061 anchor=0.683@0.049 phi=-0.057
frame@188784: gain=0.349 ref=0.419 mse=0.088 tau=-0.082 omega=2.16E-004 bad=0 tapChange=0.0048 floor=0.0035 fading=False/True preMse=0.163 energy=0.063/0.056 fresh=False phase=0.141 anchor=0.696@0.103 phi=-0.121
frame@188880: gain=0.348 ref=0.415 mse=0.086 tau=-0.074 omega=2.75E-004 bad=0 tapChange=0.0046 floor=0.0037 fading=False/True preMse=0.160 energy=0.065/0.057 fresh=False phase=0.129 anchor=0.696@0.096 phi=-0.112
frame@188976: gain=0.373 ref=0.412 mse=0.077 tau=-0.071 omega=3.52E-004 bad=0 tapChange=0.0034 floor=0.0034 fading=False/True preMse=0.143 energy=0.070/0.057 fresh=False phase=0.159 anchor=0.729@0.128 phi=-0.148
frame@189072: gain=0.417 ref=0.410 mse=0.049 tau=-0.071 omega=3.94E-004 bad=0 tapChange=0.0025 floor=0.0025 fading=False/True preMse=0.090 energy=0.078/0.058 fresh=False phase=0.092 anchor=0.794@0.070 phi=-0.082
frame@189168: gain=0.461 ref=0.410 mse=0.035 tau=-0.072 omega=4.31E-004 bad=0 tapChange=0.0019 floor=0.0019 fading=False/True preMse=0.065 energy=0.088/0.059 fresh=False phase=0.062 anchor=0.858@0.059 phi=-0.070
frame@189264: gain=0.511 ref=0.413 mse=0.032 tau=-0.068 omega=3.98E-004 bad=0 tapChange=0.0027 floor=0.0021 fading=False/True preMse=0.059 energy=0.101/0.060 fresh=False phase=-0.095 anchor=0.932@-0.053 phi=0.064
frame@189360: gain=0.563 ref=0.418 mse=0.030 tau=-0.069 omega=4.02E-004 bad=0 tapChange=0.0030 floor=0.0023 fading=False/True preMse=0.056 energy=0.115/0.062 fresh=False phase=-0.014 anchor=0.998@0.007 phi=-0.008
frame@189456: gain=0.582 ref=0.425 mse=0.029 tau=-0.068 omega=4.11E-004 bad=0 tapChange=0.0036 floor=0.0025 fading=False/True preMse=0.053 energy=0.129/0.065 fresh=False phase=0.007 anchor=1.020@0.013 phi=-0.017
frame@189552: gain=0.602 ref=0.433 mse=0.055 tau=-0.069 omega=3.58E-004 bad=0 tapChange=0.0061 floor=0.0028 fading=False/True preMse=0.102 energy=0.144/0.068 fresh=False phase=-0.137 anchor=1.041@-0.080 phi=0.102
frame@189648: gain=0.607 ref=0.441 mse=0.046 tau=-0.071 omega=3.57E-004 bad=0 tapChange=0.0062 floor=0.0030 fading=False/True preMse=0.086 energy=0.158/0.072 fresh=False phase=-0.039 anchor=1.055@-0.001 phi=0.002
frame@189744: gain=0.602 ref=0.450 mse=0.041 tau=-0.072 omega=2.99E-004 bad=0 tapChange=0.0054 floor=0.0032 fading=False/True preMse=0.077 energy=0.169/0.076 fresh=False phase=-0.153 anchor=1.047@-0.084 phi=0.110
frame@189840: gain=0.597 ref=0.457 mse=0.020 tau=-0.072 omega=2.97E-004 bad=0 tapChange=0.0037 floor=0.0035 fading=False/True preMse=0.037 energy=0.179/0.081 fresh=False phase=-0.018 anchor=1.043@-0.004 phi=0.004
frame@189936: gain=0.568 ref=0.464 mse=0.021 tau=-0.072 omega=2.59E-004 bad=0 tapChange=0.0033 floor=0.0033 fading=False/True preMse=0.039 energy=0.184/0.086 fresh=False phase=-0.105 anchor=1.013@-0.055 phi=0.073
frame@190032: gain=0.560 ref=0.469 mse=0.010 tau=-0.073 omega=2.44E-004 bad=0 tapChange=0.0020 floor=0.0020 fading=False/True preMse=0.018 energy=0.185/0.091 fresh=False phase=-0.038 anchor=1.002@-0.022 phi=0.029
frame@190128: gain=0.544 ref=0.474 mse=0.009 tau=-0.074 omega=2.13E-004 bad=0 tapChange=0.0018 floor=0.0018 fading=False/True preMse=0.017 energy=0.182/0.095 fresh=False phase=-0.076 anchor=0.986@-0.044 phi=0.061
frame@190224: gain=0.522 ref=0.477 mse=0.010 tau=-0.075 omega=1.97E-004 bad=0 tapChange=0.0018 floor=0.0018 fading=False/True preMse=0.019 energy=0.174/0.100 fresh=False phase=-0.046 anchor=0.959@-0.023 phi=0.031
frame@190320: gain=0.511 ref=0.480 mse=0.006 tau=-0.074 omega=1.93E-004 bad=0 tapChange=0.0010 floor=0.0010 fading=False/True preMse=0.012 energy=0.162/0.103 fresh=False phase=-0.015 anchor=0.948@-0.006 phi=0.008
frame@190416: gain=0.499 ref=0.481 mse=0.010 tau=-0.075 omega=2.03E-004 bad=0 tapChange=0.0012 floor=0.0012 fading=False/True preMse=0.018 energy=0.148/0.106 fresh=False phase=0.016 anchor=0.931@0.014 phi=-0.021
frame@190512: gain=0.481 ref=0.482 mse=0.012 tau=-0.075 omega=2.09E-004 bad=0 tapChange=0.0010 floor=0.0010 fading=False/True preMse=0.022 energy=0.133/0.108 fresh=False phase=0.006 anchor=0.908@0.009 phi=-0.011
frame@190608: gain=0.464 ref=0.482 mse=0.019 tau=-0.077 omega=2.01E-004 bad=0 tapChange=0.0021 floor=0.0012 fading=False/True preMse=0.036 energy=0.117/0.110 fresh=False phase=-0.020 anchor=0.883@-0.011 phi=0.016
frame@190704: gain=0.457 ref=0.481 mse=0.022 tau=-0.077 omega=2.26E-004 bad=0 tapChange=0.0018 floor=0.0013 fading=False/True preMse=0.041 energy=0.102/0.110 fresh=False phase=0.059 anchor=0.866@0.037 phi=-0.048
frame@190800: gain=0.440 ref=0.480 mse=0.026 tau=-0.077 omega=2.30E-004 bad=0 tapChange=0.0019 floor=0.0015 fading=False/True preMse=0.048 energy=0.089/0.110 fresh=False phase=0.005 anchor=0.841@0.005 phi=-0.007
frame@190896: gain=0.425 ref=0.478 mse=0.037 tau=-0.079 omega=2.72E-004 bad=0 tapChange=0.0025 floor=0.0017 fading=False/True preMse=0.069 energy=0.078/0.109 fresh=False phase=0.091 anchor=0.812@0.060 phi=-0.080
frame@190992: gain=0.413 ref=0.475 mse=0.041 tau=-0.082 omega=2.82E-004 bad=0 tapChange=0.0026 floor=0.0019 fading=False/True preMse=0.077 energy=0.069/0.107 fresh=False phase=0.023 anchor=0.791@0.016 phi=-0.021
frame@191088: gain=0.402 ref=0.472 mse=0.046 tau=-0.084 omega=3.11E-004 bad=0 tapChange=0.0025 floor=0.0021 fading=False/True preMse=0.084 energy=0.061/0.105 fresh=False phase=0.061 anchor=0.772@0.044 phi=-0.055
frame@191184: gain=0.392 ref=0.469 mse=0.051 tau=-0.086 omega=3.08E-004 bad=0 tapChange=0.0025 floor=0.0023 fading=False/True preMse=0.095 energy=0.055/0.103 fresh=False phase=-0.002 anchor=0.749@-0.004 phi=0.006
frame@191280: gain=0.376 ref=0.465 mse=0.062 tau=-0.088 omega=3.40E-004 bad=0 tapChange=0.0030 floor=0.0025 fading=False/True preMse=0.115 energy=0.050/0.101 fresh=False phase=0.072 anchor=0.725@0.050 phi=-0.062
frame@191376: gain=0.369 ref=0.460 mse=0.064 tau=-0.091 omega=3.69E-004 bad=0 tapChange=0.0031 floor=0.0027 fading=False/True preMse=0.119 energy=0.047/0.098 fresh=False phase=0.068 anchor=0.715@0.047 phi=-0.056
frame@191472: gain=0.359 ref=0.456 mse=0.075 tau=-0.090 omega=3.53E-004 bad=0 tapChange=0.0032 floor=0.0029 fading=False/True preMse=0.138 energy=0.046/0.096 fresh=False phase=-0.032 anchor=0.691@-0.024 phi=0.031
frame@191568: gain=0.359 ref=0.451 mse=0.077 tau=-0.091 omega=3.84E-004 bad=0 tapChange=0.0033 floor=0.0032 fading=False/True preMse=0.142 energy=0.047/0.093 fresh=False phase=0.073 anchor=0.689@0.051 phi=-0.060
frame@191664: gain=0.367 ref=0.446 mse=0.069 tau=-0.092 omega=4.00E-004 bad=0 tapChange=0.0034 floor=0.0034 fading=False/True preMse=0.128 energy=0.051/0.091 fresh=False phase=0.032 anchor=0.712@0.024 phi=-0.029
frame@191760: gain=0.383 ref=0.442 mse=0.062 tau=-0.091 omega=3.93E-004 bad=0 tapChange=0.0032 floor=0.0032 fading=False/True preMse=0.114 energy=0.056/0.089 fresh=False phase=-0.014 anchor=0.735@-0.011 phi=0.014
frame@191856: gain=0.392 ref=0.439 mse=0.051 tau=-0.090 omega=3.89E-004 bad=0 tapChange=0.0026 floor=0.0026 fading=False/True preMse=0.093 energy=0.062/0.087 fresh=False phase=-0.011 anchor=0.757@-0.005 phi=0.006
frame@191952: gain=0.410 ref=0.437 mse=0.041 tau=-0.090 omega=3.87E-004 bad=0 tapChange=0.0021 floor=0.0021 fading=False/True preMse=0.076 energy=0.068/0.086 fresh=False phase=-0.009 anchor=0.786@-0.003 phi=0.004
frame@192048: gain=0.413 ref=0.436 mse=0.040 tau=-0.091 omega=3.60E-004 bad=0 tapChange=0.0020 floor=0.0020 fading=False/True preMse=0.074 energy=0.072/0.085 fresh=False phase=-0.066 anchor=0.795@-0.043 phi=0.051
frame@192144: gain=0.422 ref=0.435 mse=0.040 tau=-0.089 omega=3.44E-004 bad=0 tapChange=0.0022 floor=0.0022 fading=False/True preMse=0.074 energy=0.075/0.084 fresh=False phase=-0.039 anchor=0.802@-0.026 phi=0.031
frame@192240: gain=0.423 ref=0.434 mse=0.033 tau=-0.087 omega=3.40E-004 bad=0 tapChange=0.0018 floor=0.0018 fading=False/True preMse=0.060 energy=0.074/0.084 fresh=False phase=-0.010 anchor=0.816@-0.007 phi=0.007
frame@192336: gain=0.413 ref=0.434 mse=0.045 tau=-0.087 omega=2.94E-004 bad=0 tapChange=0.0022 floor=0.0020 fading=False/True preMse=0.084 energy=0.070/0.083 fresh=False phase=-0.110 anchor=0.789@-0.074 phi=0.089
frame@192432: gain=0.402 ref=0.432 mse=0.042 tau=-0.086 omega=2.91E-004 bad=0 tapChange=0.0018 floor=0.0018 fading=False/True preMse=0.078 energy=0.063/0.083 fresh=False phase=-0.008 anchor=0.774@-0.006 phi=0.007
frame@192528: gain=0.380 ref=0.431 mse=0.055 tau=-0.084 omega=2.68E-004 bad=0 tapChange=0.0021 floor=0.0020 fading=False/True preMse=0.102 energy=0.054/0.082 fresh=False phase=-0.051 anchor=0.736@-0.037 phi=0.044
frame@192624: gain=0.350 ref=0.428 mse=0.073 tau=-0.084 omega=2.62E-004 bad=0 tapChange=0.0023 floor=0.0022 fading=False/True preMse=0.135 energy=0.043/0.080 fresh=False phase=-0.011 anchor=0.684@-0.011 phi=0.012
frame@192720: gain=0.320 ref=0.424 mse=0.103 tau=-0.085 omega=2.97E-004 bad=0 tapChange=0.0029 floor=0.0024 fading=False/True preMse=0.190 energy=0.033/0.078 fresh=False phase=0.071 anchor=0.630@0.058 phi=-0.067
frame@192816: gain=0.295 ref=0.419 mse=0.132 tau=-0.086 omega=3.64E-004 bad=0 tapChange=0.0030 floor=0.0026 fading=False/True preMse=0.244 energy=0.024/0.076 fresh=False phase=0.148 anchor=0.574@0.115 phi=-0.129
frame@192912: gain=0.265 ref=0.413 mse=0.163 tau=-0.079 omega=4.57E-004 bad=0 tapChange=0.0027 floor=0.0027 fading=False/True preMse=0.301 energy=0.018/0.074 fresh=False phase=0.193 anchor=0.516@0.160 phi=-0.178
frame@193008: gain=0.261 ref=0.406 mse=0.179 tau=-0.073 omega=5.91E-004 bad=0 tapChange=0.0025 floor=0.0025 fading=False/True preMse=0.331 energy=0.015/0.071 fresh=False phase=0.276 anchor=0.501@0.232 phi=-0.257
frame@193104: gain=0.287 ref=0.398 mse=0.149 tau=-0.068 omega=6.90E-004 bad=0 tapChange=0.0024 floor=0.0024 fading=False/True preMse=0.276 energy=0.018/0.068 fresh=False phase=0.202 anchor=0.543@0.172 phi=-0.191
frame@193200: gain=0.356 ref=0.393 mse=0.099 tau=-0.065 omega=7.97E-004 bad=0 tapChange=0.0020 floor=0.0020 fading=False/True preMse=0.183 energy=0.025/0.065 fresh=False phase=0.221 anchor=0.666@0.182 phi=-0.206
frame@193296: gain=0.430 ref=0.391 mse=0.042 tau=-0.060 omega=8.18E-004 bad=0 tapChange=0.0016 floor=0.0016 fading=False/True preMse=0.077 energy=0.038/0.063 fresh=False phase=0.039 anchor=0.795@0.034 phi=-0.040
frame@193392: gain=0.520 ref=0.393 mse=0.022 tau=-0.057 omega=8.20E-004 bad=0 tapChange=0.0019 floor=0.0018 fading=False/True preMse=0.040 energy=0.055/0.062 fresh=False phase=0.004 anchor=0.932@0.003 phi=-0.004
frame@193488: gain=0.587 ref=0.399 mse=0.023 tau=-0.053 omega=8.00E-004 bad=0 tapChange=0.0030 floor=0.0019 fading=False/True preMse=0.043 energy=0.076/0.062 fresh=False phase=-0.039 anchor=1.034@-0.031 phi=0.038
frame@193584: gain=0.631 ref=0.409 mse=0.037 tau=-0.053 omega=7.73E-004 bad=0 tapChange=0.0045 floor=0.0021 fading=False/True preMse=0.069 energy=0.100/0.063 fresh=False phase=-0.063 anchor=1.086@-0.043 phi=0.053
frame@193680: gain=0.658 ref=0.420 mse=0.047 tau=-0.054 omega=7.42E-004 bad=0 tapChange=0.0059 floor=0.0023 fading=False/True preMse=0.087 energy=0.124/0.064 fresh=False phase=-0.068 anchor=1.111@-0.047 phi=0.058
frame@193776: gain=0.645 ref=0.432 mse=0.031 tau=-0.055 omega=7.19E-004 bad=0 tapChange=0.0048 floor=0.0026 fading=False/True preMse=0.058 energy=0.147/0.067 fresh=False phase=-0.051 anchor=1.096@-0.035 phi=0.044
frame@193872: gain=0.621 ref=0.442 mse=0.023 tau=-0.056 omega=6.96E-004 bad=0 tapChange=0.0039 floor=0.0028 fading=False/True preMse=0.042 energy=0.167/0.071 fresh=False phase=-0.052 anchor=1.070@-0.035 phi=0.045
frame@193968: gain=0.597 ref=0.451 mse=0.015 tau=-0.041 omega=6.70E-004 bad=0 tapChange=0.0027 floor=0.0027 fading=False/True preMse=0.028 energy=0.181/0.076 fresh=False phase=-0.063 anchor=1.041@-0.038 phi=0.049
frame@194064: gain=0.572 ref=0.459 mse=0.010 tau=-0.049 omega=6.43E-004 bad=0 tapChange=0.0019 floor=0.0019 fading=False/True preMse=0.019 energy=0.188/0.081 fresh=False phase=-0.067 anchor=1.014@-0.041 phi=0.053
frame@194160: gain=0.552 ref=0.464 mse=0.005 tau=-0.024 omega=6.28E-004 bad=0 tapChange=0.0012 floor=0.0012 fading=False/True preMse=0.010 energy=0.190/0.087 fresh=False phase=-0.037 anchor=0.994@-0.022 phi=0.028
frame@194256: gain=0.532 ref=0.469 mse=0.008 tau=-0.011 omega=5.97E-004 bad=0 tapChange=0.0011 floor=0.0011 fading=False/True preMse=0.015 energy=0.184/0.092 fresh=False phase=-0.079 anchor=0.971@-0.045 phi=0.060
frame@194352: gain=0.520 ref=0.472 mse=0.006 tau=0.019 omega=5.81E-004 bad=0 tapChange=0.0007 floor=0.0007 fading=False/True preMse=0.010 energy=0.173/0.096 fresh=False phase=-0.037 anchor=0.958@-0.023 phi=0.030
frame@194448: gain=0.503 ref=0.474 mse=0.011 tau=0.034 omega=5.47E-004 bad=0 tapChange=0.0010 floor=0.0009 fading=False/True preMse=0.020 energy=0.159/0.100 fresh=False phase=-0.081 anchor=0.935@-0.050 phi=0.066
frame@194544: gain=0.488 ref=0.476 mse=0.014 tau=0.028 omega=5.16E-004 bad=0 tapChange=0.0011 floor=0.0010 fading=False/True preMse=0.025 energy=0.143/0.103 fresh=False phase=-0.070 anchor=0.918@-0.044 phi=0.059
frame@194640: gain=0.493 ref=0.476 mse=0.018 tau=0.017 omega=4.85E-004 bad=0 tapChange=0.0019 floor=0.0012 fading=False/True preMse=0.034 energy=0.129/0.105 fresh=False phase=-0.067 anchor=0.920@-0.045 phi=0.059
frame@194736: gain=0.471 ref=0.477 mse=0.027 tau=0.006 omega=4.40E-004 bad=0 tapChange=0.0022 floor=0.0013 fading=False/True preMse=0.050 energy=0.117/0.106 fresh=False phase=-0.102 anchor=0.885@-0.066 phi=0.088
frame@194832: gain=0.453 ref=0.477 mse=0.037 tau=-0.007 omega=3.99E-004 bad=0 tapChange=0.0036 floor=0.0015 fading=False/True preMse=0.069 energy=0.108/0.107 fresh=False phase=-0.084 anchor=0.856@-0.060 phi=0.078
frame@194928: gain=0.447 ref=0.476 mse=0.055 tau=-0.019 omega=3.66E-004 bad=0 tapChange=0.0053 floor=0.0017 fading=False/True preMse=0.101 energy=0.100/0.107 fresh=False phase=-0.061 anchor=0.854@-0.048 phi=0.064
frame@195024: gain=0.450 ref=0.474 mse=0.058 tau=-0.030 omega=3.46E-004 bad=0 tapChange=0.0060 floor=0.0019 fading=False/True preMse=0.107 energy=0.094/0.107 fresh=False phase=-0.022 anchor=0.850@-0.029 phi=0.039
frame@195120: gain=0.384 ref=0.473 mse=0.108 tau=-0.039 omega=2.59E-004 bad=0 tapChange=0.0094 floor=0.0021 fading=False/True preMse=0.200 energy=0.090/0.106 fresh=False phase=-0.186 anchor=0.746@-0.128 phi=0.167
frame@195216: gain=0.362 ref=0.469 mse=0.131 tau=-0.049 omega=2.02E-004 bad=0 tapChange=0.0124 floor=0.0023 fading=True/True preMse=0.241 energy=0.086/0.105 fresh=False phase=-0.107 anchor=0.716@-0.086 phi=0.109
frame@195312: gain=0.356 ref=0.463 mse=0.117 tau=-0.056 omega=1.66E-004 bad=0 tapChange=0.0122 floor=0.0025 fading=True/True preMse=0.216 energy=0.084/0.104 fresh=False phase=-0.083 anchor=0.708@-0.055 phi=0.069
frame@195408: gain=0.321 ref=0.458 mse=0.165 tau=-0.062 omega=1.11E-004 bad=0 tapChange=0.0162 floor=0.0027 fading=True/True preMse=0.305 energy=0.081/0.103 fresh=False phase=-0.106 anchor=0.671@-0.085 phi=0.106
frame@195504: gain=0.346 ref=0.451 mse=0.112 tau=-0.070 omega=9.49E-005 bad=0 tapChange=0.0111 floor=0.0029 fading=True/True preMse=0.206 energy=0.080/0.102 fresh=False phase=-0.038 anchor=0.705@-0.026 phi=0.031
frame@195600: gain=0.310 ref=0.446 mse=0.188 tau=-0.074 omega=2.20E-005 bad=0 tapChange=0.0187 floor=0.0032 fading=True/True preMse=0.347 energy=0.080/0.101 fresh=False phase=-0.167 anchor=0.646@-0.114 phi=0.140
frame@195696: gain=0.299 ref=0.439 mse=0.154 tau=-0.077 omega=-4.46E-005 bad=0 tapChange=0.0146 floor=0.0034 fading=True/True preMse=0.285 energy=0.082/0.100 fresh=False phase=-0.164 anchor=0.646@-0.106 phi=0.128
frame@195792: gain=0.327 ref=0.432 mse=0.135 tau=-0.081 omega=-3.46E-005 bad=0 tapChange=0.0126 floor=0.0037 fading=True/True preMse=0.249 energy=0.085/0.099 fresh=False phase=0.026 anchor=0.686@0.015 phi=-0.019
frame@195888: gain=0.346 ref=0.427 mse=0.110 tau=-0.084 omega=-5.84E-005 bad=0 tapChange=0.0094 floor=0.0040 fading=True/True preMse=0.203 energy=0.088/0.098 fresh=False phase=-0.041 anchor=0.720@-0.038 phi=0.046
frame@195984: gain=0.353 ref=0.423 mse=0.102 tau=-0.087 omega=-1.02E-004 bad=0 tapChange=0.0083 floor=0.0043 fading=True/True preMse=0.189 energy=0.092/0.098 fresh=False phase=-0.113 anchor=0.714@-0.070 phi=0.084
frame@196080: gain=0.366 ref=0.419 mse=0.086 tau=-0.088 omega=-1.29E-004 bad=0 tapChange=0.0070 floor=0.0046 fading=True/True preMse=0.159 energy=0.093/0.098 fresh=False phase=-0.054 anchor=0.747@-0.043 phi=0.051
frame@196176: gain=0.401 ref=0.417 mse=0.055 tau=-0.090 omega=-1.28E-004 bad=0 tapChange=0.0043 floor=0.0043 fading=True/True preMse=0.101 energy=0.092/0.097 fresh=False phase=-0.001 anchor=0.789@0.001 phi=-0.002
frame@196272: gain=0.416 ref=0.416 mse=0.045 tau=-0.090 omega=-1.48E-004 bad=0 tapChange=0.0029 floor=0.0029 fading=True/True preMse=0.083 energy=0.088/0.097 fresh=False phase=-0.047 anchor=0.796@-0.032 phi=0.038
frame@196368: gain=0.394 ref=0.416 mse=0.060 tau=-0.090 omega=-1.86E-004 bad=0 tapChange=0.0043 floor=0.0031 fading=True/True preMse=0.111 energy=0.081/0.097 fresh=False phase=-0.085 anchor=0.773@-0.063 phi=0.075
frame@196464: gain=0.417 ref=0.415 mse=0.041 tau=-0.090 omega=-1.67E-004 bad=0 tapChange=0.0023 floor=0.0023 fading=True/True preMse=0.076 energy=0.073/0.096 fresh=False phase=0.049 anchor=0.801@0.032 phi=-0.038
frame@196560: gain=0.413 ref=0.415 mse=0.049 tau=-0.089 omega=-1.79E-004 bad=0 tapChange=0.0026 floor=0.0025 fading=True/True preMse=0.091 energy=0.063/0.095 fresh=False phase=-0.026 anchor=0.786@-0.019 phi=0.023
frame@196656: gain=0.407 ref=0.415 mse=0.048 tau=-0.088 omega=-1.79E-004 bad=0 tapChange=0.0021 floor=0.0021 fading=True/True preMse=0.089 energy=0.053/0.093 fresh=False phase=0.012 anchor=0.772@-0.000 phi=0.000
frame@196752: gain=0.394 ref=0.414 mse=0.060 tau=-0.086 omega=-1.84E-004 bad=0 tapChange=0.0026 floor=0.0023 fading=True/True preMse=0.111 energy=0.044/0.091 fresh=False phase=0.001 anchor=0.748@-0.007 phi=0.009
frame@196848: gain=0.391 ref=0.413 mse=0.068 tau=-0.085 omega=-1.67E-004 bad=0 tapChange=0.0026 floor=0.0025 fading=True/True preMse=0.125 energy=0.037/0.089 fresh=False phase=0.037 anchor=0.733@0.027 phi=-0.032
frame@196944: gain=0.381 ref=0.412 mse=0.074 tau=-0.086 omega=-1.52E-004 bad=0 tapChange=0.0027 floor=0.0027 fading=True/True preMse=0.137 energy=0.033/0.086 fresh=False phase=0.044 anchor=0.716@0.024 phi=-0.029
frame@197040: gain=0.363 ref=0.411 mse=0.086 tau=-0.085 omega=-1.63E-004 bad=0 tapChange=0.0029 floor=0.0029 fading=True/True preMse=0.159 energy=0.031/0.084 fresh=False phase=-0.013 anchor=0.683@-0.018 phi=0.021
frame@197136: gain=0.355 ref=0.408 mse=0.091 tau=-0.085 omega=-1.54E-004 bad=0 tapChange=0.0033 floor=0.0032 fading=True/True preMse=0.168 energy=0.032/0.081 fresh=False phase=0.033 anchor=0.677@0.015 phi=-0.017
frame@197232: gain=0.360 ref=0.406 mse=0.091 tau=-0.085 omega=-1.47E-004 bad=0 tapChange=0.0040 floor=0.0034 fading=True/True preMse=0.169 energy=0.036/0.078 fresh=False phase=0.031 anchor=0.689@0.013 phi=-0.014
frame@197328: gain=0.367 ref=0.403 mse=0.084 tau=-0.086 omega=-1.60E-004 bad=0 tapChange=0.0039 floor=0.0037 fading=True/True preMse=0.154 energy=0.042/0.076 fresh=False phase=-0.018 anchor=0.704@-0.022 phi=0.025
frame@197424: gain=0.370 ref=0.402 mse=0.087 tau=-0.086 omega=-1.91E-004 bad=0 tapChange=0.0038 floor=0.0038 fading=True/True preMse=0.161 energy=0.050/0.075 fresh=False phase=-0.060 anchor=0.704@-0.051 phi=0.059
frame@197520: gain=0.377 ref=0.400 mse=0.077 tau=-0.088 omega=-2.02E-004 bad=0 tapChange=0.0039 floor=0.0039 fading=True/True preMse=0.143 energy=0.061/0.073 fresh=False phase=-0.014 anchor=0.727@-0.019 phi=0.022
frame@197616: gain=0.427 ref=0.399 mse=0.060 tau=-0.091 omega=-1.89E-004 bad=0 tapChange=0.0037 floor=0.0037 fading=True/True preMse=0.111 energy=0.072/0.073 fresh=False phase=0.048 anchor=0.812@0.021 phi=-0.025
frame@197712: gain=0.433 ref=0.400 mse=0.044 tau=-0.092 omega=-2.13E-004 bad=0 tapChange=0.0028 floor=0.0028 fading=True/True preMse=0.080 energy=0.085/0.073 fresh=False phase=-0.047 anchor=0.824@-0.040 phi=0.046
frame@197808: gain=0.461 ref=0.402 mse=0.039 tau=-0.094 omega=-2.16E-004 bad=0 tapChange=0.0026 floor=0.0026 fading=True/True preMse=0.072 energy=0.097/0.073 fresh=False phase=0.011 anchor=0.867@-0.005 phi=0.006
frame@197904: gain=0.475 ref=0.405 mse=0.033 tau=-0.098 omega=-2.15E-004 bad=0 tapChange=0.0023 floor=0.0023 fading=True/True preMse=0.061 energy=0.109/0.075 fresh=False phase=0.021 anchor=0.886@0.002 phi=-0.002
frame@198000: gain=0.484 ref=0.408 mse=0.026 tau=-0.103 omega=-2.19E-004 bad=0 tapChange=0.0017 floor=0.0017 fading=True/True preMse=0.048 energy=0.118/0.076 fresh=False phase=0.008 anchor=0.898@-0.005 phi=0.006
frame@198096: gain=0.496 ref=0.412 mse=0.032 tau=-0.104 omega=-2.08E-004 bad=0 tapChange=0.0026 floor=0.0019 fading=True/True preMse=0.059 energy=0.124/0.078 fresh=False phase=0.036 anchor=0.914@0.017 phi=-0.021
frame@198192: gain=0.531 ref=0.416 mse=0.033 tau=-0.107 omega=-1.81E-004 bad=0 tapChange=0.0030 floor=0.0021 fading=True/True preMse=0.062 energy=0.129/0.081 fresh=False phase=0.082 anchor=0.962@0.042 phi=-0.051
frame@198288: gain=0.509 ref=0.422 mse=0.037 tau=-0.110 omega=-1.54E-004 bad=0 tapChange=0.0032 floor=0.0023 fading=True/True preMse=0.068 energy=0.131/0.083 fresh=False phase=0.090 anchor=0.938@0.044 phi=-0.052
frame@198384: gain=0.484 ref=0.426 mse=0.041 tau=-0.111 omega=-1.50E-004 bad=0 tapChange=0.0033 floor=0.0025 fading=True/True preMse=0.076 energy=0.131/0.085 fresh=False phase=0.034 anchor=0.908@0.006 phi=-0.007
frame@198480: gain=0.511 ref=0.429 mse=0.037 tau=-0.116 omega=-1.11E-004 bad=0 tapChange=0.0033 floor=0.0027 fading=True/True preMse=0.068 energy=0.129/0.088 fresh=False phase=0.115 anchor=0.938@0.063 phi=-0.076
frame@198576: gain=0.498 ref=0.433 mse=0.028 tau=-0.118 omega=-9.18E-005 bad=0 tapChange=0.0025 floor=0.0025 fading=True/True preMse=0.051 energy=0.127/0.090 fresh=False phase=0.063 anchor=0.928@0.030 phi=-0.037
frame@198672: gain=0.523 ref=0.437 mse=0.033 tau=-0.121 omega=-6.23E-005 bad=0 tapChange=0.0032 floor=0.0028 fading=True/True preMse=0.061 energy=0.123/0.092 fresh=False phase=0.083 anchor=0.952@0.046 phi=-0.057
frame@198768: gain=0.482 ref=0.441 mse=0.037 tau=-0.123 omega=-4.83E-005 bad=0 tapChange=0.0033 floor=0.0030 fading=True/True preMse=0.068 energy=0.118/0.093 fresh=False phase=0.053 anchor=0.905@0.022 phi=-0.027
frame@198864: gain=0.459 ref=0.443 mse=0.048 tau=-0.122 omega=-2.24E-005 bad=0 tapChange=0.0045 floor=0.0033 fading=False/True preMse=0.089 energy=0.112/0.094 fresh=False phase=0.076 anchor=0.874@0.041 phi=-0.050
frame@198960: gain=0.491 ref=0.444 mse=0.027 tau=-0.124 omega=1.06E-005 bad=0 tapChange=0.0025 floor=0.0025 fading=False/True preMse=0.049 energy=0.105/0.095 fresh=False phase=0.087 anchor=0.916@0.050 phi=-0.063
frame@199056: gain=0.471 ref=0.446 mse=0.029 tau=-0.123 omega=1.20E-005 bad=0 tapChange=0.0024 floor=0.0024 fading=False/True preMse=0.054 energy=0.097/0.096 fresh=False phase=0.010 anchor=0.880@0.003 phi=-0.003
frame@199152: gain=0.455 ref=0.447 mse=0.033 tau=-0.124 omega=2.18E-005 bad=0 tapChange=0.0026 floor=0.0026 fading=False/True preMse=0.062 energy=0.089/0.096 fresh=False phase=0.027 anchor=0.856@0.015 phi=-0.019
frame@199248: gain=0.446 ref=0.448 mse=0.038 tau=-0.123 omega=4.24E-005 bad=0 tapChange=0.0029 floor=0.0028 fading=False/True preMse=0.071 energy=0.081/0.095 fresh=False phase=0.046 anchor=0.845@0.032 phi=-0.039
frame@199344: gain=0.466 ref=0.448 mse=0.027 tau=-0.123 omega=5.14E-005 bad=0 tapChange=0.0021 floor=0.0021 fading=False/True preMse=0.050 energy=0.073/0.095 fresh=False phase=0.025 anchor=0.870@0.013 phi=-0.017
frame@199440: gain=0.421 ref=0.449 mse=0.040 tau=-0.121 omega=4.17E-005 bad=0 tapChange=0.0022 floor=0.0022 fading=False/True preMse=0.074 energy=0.065/0.094 fresh=False phase=-0.016 anchor=0.799@-0.015 phi=0.019
frame@199536: gain=0.405 ref=0.447 mse=0.051 tau=-0.120 omega=4.78E-005 bad=0 tapChange=0.0029 floor=0.0024 fading=False/True preMse=0.094 energy=0.057/0.092 fresh=False phase=0.013 anchor=0.775@0.009 phi=-0.012
frame@199632: gain=0.380 ref=0.445 mse=0.063 tau=-0.120 omega=3.47E-005 bad=0 tapChange=0.0032 floor=0.0026 fading=False/True preMse=0.117 energy=0.049/0.090 fresh=False phase=-0.020 anchor=0.732@-0.021 phi=0.025
frame@199728: gain=0.363 ref=0.442 mse=0.069 tau=-0.119 omega=1.17E-005 bad=0 tapChange=0.0022 floor=0.0022 fading=False/True preMse=0.127 energy=0.041/0.088 fresh=False phase=-0.039 anchor=0.696@-0.037 phi=0.044
frame@199824: gain=0.333 ref=0.438 mse=0.090 tau=-0.118 omega=-1.43E-005 bad=0 tapChange=0.0026 floor=0.0024 fading=False/True preMse=0.166 energy=0.034/0.086 fresh=False phase=-0.058 anchor=0.643@-0.043 phi=0.050
frame@199920: gain=0.295 ref=0.433 mse=0.122 tau=-0.116 omega=-5.44E-005 bad=0 tapChange=0.0027 floor=0.0027 fading=False/True preMse=0.225 energy=0.027/0.083 fresh=False phase=-0.077 anchor=0.571@-0.067 phi=0.077
frame@200016: gain=0.274 ref=0.426 mse=0.139 tau=-0.114 omega=-1.07E-004 bad=0 tapChange=0.0020 floor=0.0020 fading=False/True preMse=0.256 energy=0.021/0.081 fresh=False phase=-0.105 anchor=0.529@-0.091 phi=0.102
frame@200112: gain=0.246 ref=0.418 mse=0.170 tau=-0.113 omega=-1.70E-004 bad=0 tapChange=0.0020 floor=0.0020 fading=False/True preMse=0.313 energy=0.017/0.078 fresh=False phase=-0.123 anchor=0.475@-0.107 phi=0.120
frame@200208: gain=0.213 ref=0.410 mse=0.210 tau=-0.110 omega=-2.38E-004 bad=0 tapChange=0.0031 floor=0.0022 fading=False/True preMse=0.387 energy=0.014/0.075 fresh=False phase=-0.136 anchor=0.418@-0.118 phi=0.130
frame@200304: gain=0.205 ref=0.400 mse=0.220 tau=-0.107 omega=-3.27E-004 bad=0 tapChange=0.0024 floor=0.0024 fading=False/True preMse=0.406 energy=0.013/0.071 fresh=False phase=-0.180 anchor=0.400@-0.159 phi=0.173
frame@200400: gain=0.205 ref=0.390 mse=0.224 tau=-0.104 omega=-4.00E-004 bad=0 tapChange=0.0026 floor=0.0026 fading=False/True preMse=0.414 energy=0.013/0.069 fresh=False phase=-0.144 anchor=0.396@-0.128 phi=0.139
frame@200496: gain=0.199 ref=0.381 mse=0.227 tau=-0.101 omega=-4.57E-004 bad=0 tapChange=0.0033 floor=0.0028 fading=False/True preMse=0.420 energy=0.014/0.066 fresh=False phase=-0.114 anchor=0.394@-0.100 phi=0.109
frame@200592: gain=0.201 ref=0.372 mse=0.231 tau=-0.099 omega=-4.76E-004 bad=0 tapChange=0.0040 floor=0.0031 fading=False/True preMse=0.426 energy=0.015/0.063 fresh=False phase=-0.036 anchor=0.397@-0.033 phi=0.036
frame@200688: gain=0.196 ref=0.363 mse=0.231 tau=-0.094 omega=-4.94E-004 bad=0 tapChange=0.0037 floor=0.0033 fading=False/True preMse=0.426 energy=0.017/0.061 fresh=False phase=-0.031 anchor=0.391@-0.031 phi=0.035
frame@200784: gain=0.207 ref=0.355 mse=0.225 tau=-0.090 omega=-4.96E-004 bad=0 tapChange=0.0042 floor=0.0036 fading=False/True preMse=0.416 energy=0.018/0.059 fresh=False phase=-0.009 anchor=0.408@-0.004 phi=0.005
frame@200880: gain=0.195 ref=0.347 mse=0.236 tau=-0.085 omega=-4.80E-004 bad=0 tapChange=0.0052 floor=0.0038 fading=False/True preMse=0.435 energy=0.019/0.057 fresh=False phase=0.046 anchor=0.398@0.029 phi=-0.031
frame@200976: gain=0.191 ref=0.340 mse=0.239 tau=-0.081 omega=-4.86E-004 bad=0 tapChange=0.0047 floor=0.0041 fading=False/True preMse=0.441 energy=0.018/0.055 fresh=False phase=-0.012 anchor=0.388@-0.009 phi=0.010
frame@201072: gain=0.175 ref=0.332 mse=0.258 tau=-0.076 omega=-4.88E-004 bad=0 tapChange=0.0047 floor=0.0044 fading=False/True preMse=0.476 energy=0.018/0.053 fresh=False phase=-0.000 anchor=0.359@-0.004 phi=0.004
frame@201168: gain=0.159 ref=0.325 mse=0.278 tau=-0.073 omega=-5.00E-004 bad=0 tapChange=0.0049 floor=0.0048 fading=False/True preMse=0.514 energy=0.016/0.051 fresh=False phase=-0.024 anchor=0.330@-0.021 phi=0.024
frame@201264: gain=0.142 ref=0.316 mse=0.303 tau=-0.071 omega=-5.05E-004 bad=0 tapChange=0.0056 floor=0.0051 fading=False/True preMse=0.560 energy=0.015/0.049 fresh=False phase=-0.013 anchor=0.303@-0.010 phi=0.011
frame@201360: gain=0.127 ref=0.316 mse=0.329 tau=-0.070 omega=-5.05E-004 bad=1 tapChange=0.0000 floor=0.0051 fading=False/True preMse=0.608 energy=0.014/0.049 fresh=True phase=-0.160 anchor=0.069@-0.000 phi=0.000
frame@201456: gain=0.036 ref=0.316 mse=0.478 tau=-0.071 omega=-5.13E-004 bad=2 tapChange=0.7421 floor=0.0055 fading=False/True preMse=0.883 energy=0.013/0.049 fresh=False phase=-0.020 anchor=0.115@-0.007 phi=0.015
frame@201552: gain=0.059 ref=0.316 mse=0.437 tau=-0.074 omega=-5.05E-004 bad=3 tapChange=0.1718 floor=0.0058 fading=True/True preMse=0.807 energy=0.012/0.049 fresh=False phase=0.013 anchor=0.149@0.010 phi=-0.016
frame@201648: gain=0.079 ref=0.316 mse=0.403 tau=-0.078 omega=-4.68E-004 bad=4 tapChange=0.0752 floor=0.0062 fading=True/True preMse=0.744 energy=0.012/0.049 fresh=False phase=0.068 anchor=0.183@0.050 phi=-0.071
frame@201744: gain=0.099 ref=0.316 mse=0.369 tau=-0.087 omega=-4.32E-004 bad=5 tapChange=0.0425 floor=0.0066 fading=True/True preMse=0.681 energy=0.011/0.049 fresh=False phase=0.078 anchor=0.220@0.051 phi=-0.068
frame@201840: gain=0.116 ref=0.316 mse=0.344 tau=-0.091 omega=-3.93E-004 bad=6 tapChange=0.0238 floor=0.0071 fading=True/True preMse=0.635 energy=0.011/0.049 fresh=False phase=0.065 anchor=0.244@0.060 phi=-0.077
frame@201936: gain=0.120 ref=0.316 mse=0.338 tau=-0.102 omega=-3.18E-004 bad=7 tapChange=0.0133 floor=0.0075 fading=True/True preMse=0.623 energy=0.010/0.049 fresh=False phase=0.144 anchor=0.247@0.120 phi=-0.144
frame@202032: gain=0.132 ref=0.316 mse=0.320 tau=-0.112 omega=-2.47E-004 bad=8 tapChange=0.0096 floor=0.0080 fading=True/True preMse=0.591 energy=0.010/0.049 fresh=False phase=0.132 anchor=0.265@0.115 phi=-0.136
frame@202128: gain=0.142 ref=0.316 mse=0.305 tau=-0.114 omega=-1.83E-004 bad=9 tapChange=0.0072 floor=0.0072 fading=True/True preMse=0.562 energy=0.010/0.049 fresh=False phase=0.118 anchor=0.283@0.104 phi=-0.121
frame@202224: gain=0.153 ref=0.316 mse=0.288 tau=-0.106 omega=-1.20E-004 bad=10 tapChange=0.0067 floor=0.0067 fading=True/True preMse=0.532 energy=0.011/0.049 fresh=False phase=0.123 anchor=0.306@0.105 phi=-0.122
frame@202320: gain=0.168 ref=0.308 mse=0.275 tau=-0.102 omega=-3.85E-005 bad=0 tapChange=0.0069 floor=0.0069 fading=True/True preMse=0.507 energy=0.012/0.047 fresh=False phase=0.158 anchor=0.334@0.135 phi=-0.156
frame@202416: gain=0.179 ref=0.301 mse=0.257 tau=-0.097 omega=-3.30E-006 bad=0 tapChange=0.0079 floor=0.0073 fading=True/True preMse=0.475 energy=0.015/0.046 fresh=False phase=0.071 anchor=0.362@0.059 phi=-0.068
frame@202512: gain=0.187 ref=0.295 mse=0.256 tau=-0.093 omega=-5.43E-006 bad=0 tapChange=0.0089 floor=0.0078 fading=True/True preMse=0.473 energy=0.019/0.044 fresh=False phase=-0.013 anchor=0.378@-0.004 phi=0.004
frame@202608: gain=0.226 ref=0.290 mse=0.221 tau=-0.090 omega=-1.20E-005 bad=0 tapChange=0.0101 floor=0.0083 fading=True/True preMse=0.408 energy=0.023/0.043 fresh=False phase=-0.013 anchor=0.458@-0.011 phi=0.013
frame@202704: gain=0.226 ref=0.286 mse=0.239 tau=-0.089 omega=7.21E-005 bad=0 tapChange=0.0105 floor=0.0088 fading=True/True preMse=0.441 energy=0.027/0.042 fresh=False phase=0.180 anchor=0.451@0.141 phi=-0.162
frame@202800: gain=0.261 ref=0.283 mse=0.188 tau=-0.089 omega=1.46E-006 bad=0 tapChange=0.0084 floor=0.0084 fading=True/True preMse=0.348 energy=0.030/0.041 fresh=False phase=-0.155 anchor=0.518@-0.118 phi=0.136
frame@202896: gain=0.290 ref=0.282 mse=0.143 tau=-0.089 omega=-3.03E-005 bad=0 tapChange=0.0059 floor=0.0059 fading=True/True preMse=0.264 energy=0.032/0.041 fresh=False phase=-0.059 anchor=0.571@-0.052 phi=0.061
frame@202992: gain=0.282 ref=0.283 mse=0.172 tau=-0.088 omega=-1.10E-005 bad=0 tapChange=0.0065 floor=0.0062 fading=True/True preMse=0.317 energy=0.031/0.040 fresh=False phase=0.008 anchor=0.562@0.032 phi=-0.037
frame@203088: gain=0.288 ref=0.283 mse=0.158 tau=-0.086 omega=2.43E-005 bad=0 tapChange=0.0055 floor=0.0055 fading=True/True preMse=0.292 energy=0.029/0.040 fresh=False phase=0.072 anchor=0.564@0.059 phi=-0.068
frame@203184: gain=0.290 ref=0.283 mse=0.149 tau=-0.087 omega=6.67E-006 bad=0 tapChange=0.0041 floor=0.0041 fading=True/True preMse=0.275 energy=0.025/0.039 fresh=False phase=-0.040 anchor=0.559@-0.030 phi=0.034
frame@203280: gain=0.282 ref=0.283 mse=0.180 tau=-0.086 omega=6.57E-005 bad=0 tapChange=0.0056 floor=0.0044 fading=True/True preMse=0.333 energy=0.019/0.038 fresh=False phase=0.138 anchor=0.533@0.099 phi=-0.113
frame@203376: gain=0.250 ref=0.283 mse=0.181 tau=-0.087 omega=1.52E-004 bad=0 tapChange=0.0023 floor=0.0023 fading=True/True preMse=0.334 energy=0.015/0.038 fresh=False phase=0.156 anchor=0.481@0.148 phi=-0.165
frame@203472: gain=0.246 ref=0.282 mse=0.182 tau=-0.084 omega=2.07E-004 bad=0 tapChange=0.0019 floor=0.0019 fading=True/True preMse=0.335 energy=0.011/0.036 fresh=False phase=0.111 anchor=0.466@0.095 phi=-0.105
frame@203568: gain=0.230 ref=0.280 mse=0.206 tau=-0.084 omega=2.46E-004 bad=0 tapChange=0.0022 floor=0.0021 fading=True/True preMse=0.380 energy=0.011/0.035 fresh=False phase=0.070 anchor=0.429@0.069 phi=-0.075
frame@203664: gain=0.223 ref=0.277 mse=0.224 tau=-0.090 omega=3.68E-004 bad=0 tapChange=0.0034 floor=0.0023 fading=True/True preMse=0.414 energy=0.013/0.034 fresh=False phase=0.249 anchor=0.430@0.215 phi=-0.235
frame@203760: gain=0.235 ref=0.275 mse=0.206 tau=-0.095 omega=3.99E-004 bad=0 tapChange=0.0048 floor=0.0025 fading=True/True preMse=0.380 energy=0.019/0.033 fresh=False phase=0.064 anchor=0.461@0.054 phi=-0.059
frame@203856: gain=0.225 ref=0.273 mse=0.229 tau=-0.102 omega=4.59E-004 bad=0 tapChange=0.0067 floor=0.0027 fading=True/True preMse=0.422 energy=0.027/0.032 fresh=False phase=0.125 anchor=0.453@0.106 phi=-0.116
frame@203952: gain=0.208 ref=0.270 mse=0.250 tau=-0.103 omega=4.94E-004 bad=0 tapChange=0.0096 floor=0.0029 fading=True/True preMse=0.462 energy=0.037/0.032 fresh=False phase=0.051 anchor=0.448@0.061 phi=-0.067
frame@204048: gain=0.288 ref=0.267 mse=0.228 tau=-0.106 omega=4.25E-004 bad=0 tapChange=0.0123 floor=0.0032 fading=True/True preMse=0.421 energy=0.048/0.032 fresh=False phase=-0.159 anchor=0.586@-0.119 phi=0.133
frame@204144: gain=0.272 ref=0.268 mse=0.249 tau=-0.107 omega=3.82E-004 bad=0 tapChange=0.0137 floor=0.0035 fading=True/True preMse=0.459 energy=0.060/0.033 fresh=False phase=-0.110 anchor=0.573@-0.073 phi=0.081
frame@204240: gain=0.258 ref=0.268 mse=0.354 tau=-0.108 omega=3.76E-004 bad=0 tapChange=0.0221 floor=0.0037 fading=True/True preMse=0.654 energy=0.073/0.034 fresh=False phase=0.026 anchor=0.557@-0.010 phi=0.012
frame@204336: gain=0.270 ref=0.268 mse=0.270 tau=-0.108 omega=2.96E-004 bad=0 tapChange=0.0173 floor=0.0040 fading=True/True preMse=0.498 energy=0.086/0.036 fresh=False phase=-0.280 anchor=0.608@-0.137 phi=0.154
frame@204432: gain=0.270 ref=0.268 mse=0.237 tau=-0.107 omega=3.22E-004 bad=0 tapChange=0.0159 floor=0.0043 fading=True/True preMse=0.438 energy=0.100/0.039 fresh=False phase=0.072 anchor=0.613@0.043 phi=-0.049
frame@204528: gain=0.349 ref=0.268 mse=0.378 tau=-0.108 omega=2.91E-004 bad=0 tapChange=0.0242 floor=0.0046 fading=True/True preMse=0.698 energy=0.115/0.042 fresh=False phase=-0.030 anchor=0.689@-0.051 phi=0.058
frame@204624: gain=0.432 ref=0.272 mse=0.357 tau=-0.108 omega=2.33E-004 bad=0 tapChange=0.0273 floor=0.0050 fading=True/True preMse=0.660 energy=0.129/0.045 fresh=False phase=-0.145 anchor=0.830@-0.095 phi=0.112
frame@204720: gain=0.433 ref=0.280 mse=0.169 tau=-0.109 omega=1.59E-004 bad=0 tapChange=0.0129 floor=0.0053 fading=True/True preMse=0.312 energy=0.142/0.050 fresh=False phase=-0.210 anchor=0.841@-0.120 phi=0.143
frame@204816: gain=0.428 ref=0.288 mse=0.406 tau=-0.108 omega=2.63E-004 bad=0 tapChange=0.0328 floor=0.0057 fading=True/True preMse=0.749 energy=0.153/0.054 fresh=False phase=0.313 anchor=0.810@0.169 phi=-0.201
frame@204912: gain=0.374 ref=0.295 mse=0.308 tau=-0.107 omega=1.92E-004 bad=0 tapChange=0.0274 floor=0.0061 fading=True/True preMse=0.569 energy=0.159/0.059 fresh=False phase=-0.236 anchor=0.785@-0.115 phi=0.137
frame@205008: gain=0.439 ref=0.299 mse=0.262 tau=-0.107 omega=2.32E-004 bad=0 tapChange=0.0256 floor=0.0065 fading=True/True preMse=0.485 energy=0.161/0.064 fresh=False phase=0.114 anchor=0.854@0.064 phi=-0.078
frame@205104: gain=0.472 ref=0.306 mse=0.082 tau=-0.107 omega=1.82E-004 bad=0 tapChange=0.0079 floor=0.0069 fading=True/True preMse=0.151 energy=0.158/0.069 fresh=False phase=-0.130 anchor=0.900@-0.077 phi=0.097
frame@205200: gain=0.439 ref=0.314 mse=0.167 tau=-0.107 omega=1.45E-004 bad=0 tapChange=0.0168 floor=0.0073 fading=True/True preMse=0.308 energy=0.151/0.073 fresh=False phase=-0.107 anchor=0.849@-0.057 phi=0.070
frame@205296: gain=0.482 ref=0.320 mse=0.169 tau=-0.108 omega=1.09E-004 bad=0 tapChange=0.0178 floor=0.0078 fading=True/True preMse=0.312 energy=0.140/0.077 fresh=False phase=-0.076 anchor=0.904@-0.057 phi=0.070
frame@205392: gain=0.421 ref=0.328 mse=0.125 tau=-0.106 omega=1.30E-004 bad=0 tapChange=0.0134 floor=0.0083 fading=True/True preMse=0.230 energy=0.129/0.080 fresh=False phase=0.051 anchor=0.821@0.033 phi=-0.041
frame@205488: gain=0.432 ref=0.333 mse=0.117 tau=-0.105 omega=1.74E-004 bad=0 tapChange=0.0126 floor=0.0088 fading=True/True preMse=0.216 energy=0.117/0.083 fresh=False phase=0.113 anchor=0.837@0.067 phi=-0.084
frame@205584: gain=0.417 ref=0.338 mse=0.205 tau=-0.104 omega=9.06E-005 bad=0 tapChange=0.0190 floor=0.0093 fading=True/True preMse=0.379 energy=0.106/0.085 fresh=False phase=-0.174 anchor=0.781@-0.129 phi=0.160
frame@205680: gain=0.412 ref=0.342 mse=0.132 tau=-0.105 omega=5.89E-005 bad=0 tapChange=0.0136 floor=0.0099 fading=True/True preMse=0.244 energy=0.098/0.086 fresh=False phase=-0.049 anchor=0.792@-0.048 phi=0.061
frame@205776: gain=0.363 ref=0.345 mse=0.113 tau=-0.105 omega=1.13E-006 bad=0 tapChange=0.0102 floor=0.0102 fading=True/True preMse=0.210 energy=0.092/0.086 fresh=False phase=-0.122 anchor=0.731@-0.089 phi=0.111
frame@205872: gain=0.360 ref=0.346 mse=0.133 tau=-0.104 omega=-3.11E-005 bad=0 tapChange=0.0128 floor=0.0108 fading=True/True preMse=0.245 energy=0.089/0.087 fresh=False phase=-0.067 anchor=0.733@-0.050 phi=0.062
frame@205968: gain=0.350 ref=0.347 mse=0.113 tau=-0.104 omega=-8.35E-006 bad=0 tapChange=0.0104 floor=0.0104 fading=True/True preMse=0.209 energy=0.089/0.087 fresh=False phase=0.074 anchor=0.726@0.036 phi=-0.044
frame@206064: gain=0.424 ref=0.347 mse=0.112 tau=-0.105 omega=-5.74E-005 bad=0 tapChange=0.0106 floor=0.0106 fading=True/True preMse=0.207 energy=0.091/0.087 fresh=False phase=-0.102 anchor=0.807@-0.075 phi=0.094
frame@206160: gain=0.432 ref=0.351 mse=0.090 tau=-0.105 omega=-2.89E-005 bad=0 tapChange=0.0082 floor=0.0082 fading=True/True preMse=0.166 energy=0.096/0.087 fresh=False phase=0.076 anchor=0.826@0.044 phi=-0.055
frame@206256: gain=0.402 ref=0.355 mse=0.078 tau=-0.104 omega=-1.68E-005 bad=0 tapChange=0.0075 floor=0.0075 fading=True/True preMse=0.143 energy=0.102/0.087 fresh=False phase=0.043 anchor=0.801@0.019 phi=-0.023
frame@206352: gain=0.464 ref=0.357 mse=0.049 tau=-0.105 omega=-1.65E-006 bad=0 tapChange=0.0051 floor=0.0051 fading=True/True preMse=0.090 energy=0.111/0.088 fresh=False phase=0.041 anchor=0.880@0.023 phi=-0.029
frame@206448: gain=0.486 ref=0.363 mse=0.053 tau=-0.104 omega=4.35E-005 bad=0 tapChange=0.0055 floor=0.0054 fading=True/True preMse=0.099 energy=0.121/0.089 fresh=False phase=0.118 anchor=0.906@0.070 phi=-0.087
frame@206544: gain=0.503 ref=0.369 mse=0.036 tau=-0.104 omega=4.58E-005 bad=0 tapChange=0.0046 floor=0.0046 fading=True/True preMse=0.067 energy=0.131/0.091 fresh=False phase=0.012 anchor=0.933@0.004 phi=-0.004
frame@206640: gain=0.521 ref=0.375 mse=0.077 tau=-0.103 omega=5.93E-005 bad=0 tapChange=0.0085 floor=0.0050 fading=True/True preMse=0.143 energy=0.140/0.093 fresh=False phase=0.039 anchor=0.943@0.019 phi=-0.026
frame@206736: gain=0.543 ref=0.383 mse=0.049 tau=-0.103 omega=7.77E-005 bad=0 tapChange=0.0063 floor=0.0053 fading=True/True preMse=0.091 energy=0.146/0.095 fresh=False phase=0.056 anchor=0.980@0.027 phi=-0.035
frame@206832: gain=0.500 ref=0.391 mse=0.023 tau=-0.103 omega=8.59E-005 bad=0 tapChange=0.0033 floor=0.0033 fading=True/True preMse=0.042 energy=0.149/0.098 fresh=False phase=0.024 anchor=0.938@0.013 phi=-0.016
frame@206928: gain=0.524 ref=0.396 mse=0.015 tau=-0.104 omega=9.59E-005 bad=0 tapChange=0.0020 floor=0.0020 fading=True/True preMse=0.027 energy=0.147/0.100 fresh=False phase=0.027 anchor=0.954@0.014 phi=-0.019
frame@207024: gain=0.498 ref=0.403 mse=0.042 tau=-0.103 omega=9.71E-005 bad=0 tapChange=0.0065 floor=0.0022 fading=True/True preMse=0.078 energy=0.141/0.103 fresh=False phase=0.009 anchor=0.934@0.002 phi=-0.002
frame@207120: gain=0.488 ref=0.407 mse=0.017 tau=-0.102 omega=1.19E-004 bad=0 tapChange=0.0025 floor=0.0024 fading=True/True preMse=0.032 energy=0.132/0.105 fresh=False phase=0.051 anchor=0.915@0.031 phi=-0.042
frame@207216: gain=0.478 ref=0.411 mse=0.030 tau=-0.102 omega=1.46E-004 bad=0 tapChange=0.0040 floor=0.0027 fading=True/True preMse=0.055 energy=0.120/0.106 fresh=False phase=0.057 anchor=0.897@0.039 phi=-0.052
frame@207312: gain=0.442 ref=0.415 mse=0.029 tau=-0.101 omega=1.65E-004 bad=0 tapChange=0.0033 floor=0.0029 fading=True/True preMse=0.053 energy=0.108/0.107 fresh=False phase=0.043 anchor=0.856@0.027 phi=-0.036
frame@207408: gain=0.445 ref=0.416 mse=0.023 tau=-0.100 omega=1.72E-004 bad=0 tapChange=0.0019 floor=0.0019 fading=True/True preMse=0.042 energy=0.095/0.107 fresh=False phase=0.017 anchor=0.847@0.010 phi=-0.013
frame@207504: gain=0.416 ref=0.418 mse=0.034 tau=-0.100 omega=1.83E-004 bad=0 tapChange=0.0026 floor=0.0021 fading=True/True preMse=0.063 energy=0.085/0.106 fresh=False phase=0.021 anchor=0.806@0.017 phi=-0.022
frame@207600: gain=0.411 ref=0.417 mse=0.039 tau=-0.098 omega=1.88E-004 bad=0 tapChange=0.0024 floor=0.0023 fading=True/True preMse=0.071 energy=0.076/0.105 fresh=False phase=0.005 anchor=0.790@0.007 phi=-0.010
frame@207696: gain=0.398 ref=0.417 mse=0.044 tau=-0.097 omega=1.74E-004 bad=0 tapChange=0.0029 floor=0.0025 fading=True/True preMse=0.081 energy=0.069/0.104 fresh=False phase=-0.028 anchor=0.773@-0.022 phi=0.028
frame@207792: gain=0.391 ref=0.416 mse=0.047 tau=-0.096 omega=1.56E-004 bad=0 tapChange=0.0026 floor=0.0026 fading=True/True preMse=0.087 energy=0.063/0.102 fresh=False phase=-0.041 anchor=0.759@-0.027 phi=0.033
frame@207888: gain=0.401 ref=0.415 mse=0.049 tau=-0.096 omega=1.13E-004 bad=0 tapChange=0.0024 floor=0.0024 fading=True/True preMse=0.090 energy=0.060/0.100 fresh=False phase=-0.098 anchor=0.768@-0.067 phi=0.084
frame@207984: gain=0.402 ref=0.414 mse=0.054 tau=-0.097 omega=5.47E-005 bad=0 tapChange=0.0027 floor=0.0026 fading=True/True preMse=0.100 energy=0.056/0.098 fresh=False phase=-0.122 anchor=0.769@-0.091 phi=0.111
frame@208080: gain=0.401 ref=0.414 mse=0.049 tau=-0.095 omega=1.31E-006 bad=0 tapChange=0.0018 floor=0.0018 fading=True/True preMse=0.090 energy=0.057/0.096 fresh=False phase=-0.112 anchor=0.766@-0.085 phi=0.103
