block,symbolInBlock,bitInSymbol
0,1,0
0,2,0
0,6,0
0,9,0
0,10,0
0,11,0
0,12,0
0,14,0
0,15,0
0,19,0
0,23,0
0,25,0
0,27,0
0,29,0
0,32,0
0,36,0
0,37,0
0,39,0
0,42,0
0,45,0
0,47,0
0,48,0
0,51,0
0,59,0
0,60,0
0,62,0
0,68,0
0,71,0
0,72,0
0,76,0
0,81,0
0,83,0
0,85,0
0,86,0
0,91,0
0,93,0
0,95,0
0,96,0
0,97,0
0,99,0
0,102,0
0,107,0
0,117,0
0,120,0
0,124,0
0,126,0
0,127,0
0,128,0
0,130,0
0,131,0
0,144,0
0,146,0
0,147,0
0,151,0
0,156,0
0,165,0
0,166,0
0,169,0
0,170,0
0,175,0
0,176,0
0,177,0
0,180,0
0,181,0
0,186,0
0,187,0
0,188,0
0,190,0
0,192,0
0,193,0
0,198,0
0,205,0
0,206,0
0,208,0
0,212,0
0,217,0
0,220,0
0,221,0
0,224,0
0,230,0
0,237,0
0,238,0
0,245,0
0,246,0
0,250,0
0,252,0
0,253,0
0,258,0
0,260,0
0,268,0
0,271,0
0,274,0
0,277,0
0,290,0
0,291,0
0,297,0
0,302,0
0,303,0
0,305,0
0,309,0
0,313,0
0,318,0
0,324,0
0,329,0
0,342,0
0,352,0
0,390,0
0,391,0
0,392,0
0,397,0
0,414,0
0,418,0
0,428,0
0,432,0
0,451,0
0,457,0
0,470,0
0,480,0
0,490,0
0,499,0
0,504,0
0,507,0
0,509,0
0,517,0
0,521,0
0,522,0
0,523,0
0,524,0
0,538,0
0,543,0
0,549,0
0,570,0
0,575,0
0,576,0
0,599,0
0,607,0
0,635,0
0,639,0
0,740,0
0,752,0
0,905,0
0,926,0
0,1014,0
0,1052,0
0,1059,0
0,1060,0
0,1064,0
0,1066,0
0,1069,0
0,1071,0
0,1114,0
0,1119,0
0,1124,0
0,1160,0
0,1195,0
0,1211,0
0,1229,0
0,1238,0
0,1261,0
0,1335,0
0,1346,0
0,1356,0
0,1362,0
0,1363,0
0,1367,0
0,1370,0
0,1383,0
0,1400,0
0,1405,0
0,1412,0
0,1417,0
0,1422,0
0,1433,0
0,1436,0
0,1485,0
0,1522,0
0,1524,0
0,1534,0
0,1537,0
0,1546,0
0,1580,0
0,1590,0
0,1593,0
0,1598,0
0,1603,0
0,1630,0
0,1636,0
0,1641,0
0,1646,0
0,1652,0
0,1677,0
0,1680,0
0,1689,0
0,1694,0
0,1698,0
0,1715,0
0,1720,0
0,1725,0
0,1730,0
0,1734,0
0,1735,0
0,1740,0
0,1750,0
0,1755,0
0,1777,0
0,1797,0
0,1802,0
0,1809,0
0,1821,0
0,1822,0
0,1828,0
0,1833,0
0,1837,0
0,1839,0
0,1850,0
0,1855,0
0,1859,0
0,1860,0
0,1864,0
0,1872,0
0,1876,0
0,1877,0
0,1879,0
0,1881,0
0,1883,0
0,1884,0
0,1889,0
0,1900,0
0,1905,0
0,1910,0
0,1916,0
0,1928,0
0,1933,0
0,1941,0
0,1945,0
0,1946,0
0,1947,0
0,1950,0
0,1956,0
0,1958,0
0,1966,0
0,1972,0
0,1978,0
0,1987,0
0,1988,0
0,1990,0
0,1991,0
0,2016,0
0,2020,0
0,2025,0
0,2027,0
0,2037,0
0,2039,0
0,2045,0
0,2053,0
0,2054,0
0,2059,0
0,2060,0
0,2070,0
0,2075,0
0,2076,0
0,2097,0
0,2100,0
0,2104,0
0,2105,0
0,2117,0
0,2122,0
0,2159,0
0,2181,0
0,2204,0
0,2215,0
0,2240,0
0,2266,0
0,2293,0
0,2301,0
0,2322,0
0,2327,0
0,2345,0
0,2349,0
0,2350,0
0,2351,0
0,2388,0
0,2392,0
0,2397,0
0,2407,0
0,2408,0
0,2413,0
0,2447,0
0,2455,0
0,2469,0
0,2495,0
0,2503,0
0,2511,0
0,2521,0
0,2526,0
0,2527,0
0,2529,0
0,2532,0
0,2536,0
0,2551,0
0,2574,0
0,2576,0
0,2589,0
0,2591,0
0,2597,0
0,2602,0
0,2608,0
0,2613,0
0,2639,0
0,2644,0
0,2648,0
0,2653,0
0,2679,0
0,2694,0
0,2783,0
0,2789,0
0,2790,0
0,2792,0
0,2797,0
0,2799,0
0,2802,0
0,2877,0
0,2885,0
0,2887,0
0,2890,0
0,2915,0
0,2925,0
0,2957,0
0,2970,0
0,2975,0
0,2990,0
0,2995,0
0,3021,0
0,3028,0
0,3030,0
0,3033,0
0,3046,0
0,3074,0
0,3076,0
0,3080,0
0,3081,0
0,3086,0
0,3102,0
0,3127,0
0,3136,0
0,3141,0
0,3172,0
0,3218,0
0,3228,0
0,3244,0
0,3288,0
0,3294,0
0,3304,0
0,3310,0
0,3317,0
0,3320,0
0,3323,0
0,3359,0
0,3374,0
0,3385,0
0,3399,0
0,3400,0
0,3403,0
0,3404,0
0,3411,0
0,3436,0
0,3441,0
0,3454,0
0,3461,0
0,3465,0
0,3467,0
0,3479,0
0,3482,0
0,3487,0
0,3490,0
0,3496,0
0,3499,0
0,3504,0
0,3508,0
0,3518,0
0,3533,0
0,3538,0
0,3539,0
0,3540,0
0,3544,0
0,3547,0
0,3583,0
0,3590,0
0,3591,0
0,3593,0
0,3595,0
0,3598,0
0,3607,0
0,3613,0
0,3628,0
0,3632,0
0,3634,0
0,3635,0
0,3636,0
0,3640,0
0,3641,0
0,3643,0
0,3661,0
0,3669,0
0,3674,0
0,3691,0
0,3698,0
0,3710,0
0,3722,0
0,3726,0
0,3731,0
0,3740,0
0,3741,0
0,3742,0
0,3750,0
0,3769,0
0,3778,0
0,3780,0
0,3785,0
0,3790,0
0,3792,0
0,3796,0
0,3797,0
0,3799,0
0,3801,0
0,3804,0
0,3840,0
0,3843,0
0,3845,0
0,3847,0
0,3848,0
0,3853,0
0,3873,0
0,3895,0
0,3923,0
0,3933,0
0,3999,0
0,4029,0
0,4088,0
0,4122,0
0,4130,0
0,4131,0
0,4137,0
0,4157,0
0,4162,0
0,4175,0
0,4179,0
0,4180,0
0,4185,0
0,4190,0
0,4195,0
0,4210,0
0,4213,0
0,4228,0
0,4232,0
0,4236,0
0,4250,0
0,4272,0
0,4285,0
0,4288,0
0,4309,0
0,4312,0
0,4318,0
0,4325,0
0,4362,0
0,4367,0
0,4370,0
0,4372,0
0,4376,0
0,4389,0
0,4397,0
0,4399,0
0,4402,0
0,4414,0
0,4418,0
0,4420,0
0,4424,0
0,4430,0
0,4437,0
0,4452,0
0,4454,0
0,4456,0
0,4457,0
0,4465,0
0,4470,0
0,4478,0
0,4481,0
0,4485,0
0,4490,0
0,4494,0
0,4495,0
0,4497,0
0,4500,0
0,4509,0
0,4525,0
0,4527,0
0,4543,0
0,4546,0
0,4556,0
0,4561,0
0,4572,0
0,4574,0
0,4577,0
0,4588,0
0,4591,0
0,4593,0
0,4597,0
0,4600,0
0,4601,0
0,4602,0
0,4605,0
0,4607,0
0,4615,0
0,4618,0
0,4620,0
0,4621,0
0,4624,0
0,4625,0
0,4626,0
0,4628,0
0,4634,0
0,4635,0
0,4638,0
0,4642,0
0,4644,0
0,4648,0
0,4649,0
0,4651,0
0,4654,0
0,4655,0
0,4656,0
0,4658,0
0,4665,0
0,4669,0
0,4673,0
0,4674,0
0,4678,0
0,4679,0
0,4680,0
0,4681,0
0,4687,0
0,4690,0
0,4692,0
0,4695,0
0,4697,0
0,4701,0
0,4702,0
0,4711,0
0,4715,0
0,4719,0
0,4723,0
0,4724,0
0,4726,0
0,4729,0
0,4735,0
0,4736,0
0,4737,0
0,4738,0
0,4739,0
0,4743,0
0,4746,0
0,4749,0
0,4755,0
0,4756,0
0,4763,0
0,4765,0
0,4769,0
0,4771,0
0,4772,0
0,4774,0
0,4782,0
0,4790,0
0,4800,0
0,4802,0
0,4803,0
0,4816,0
0,4820,0
0,4841,0
0,4843,0
0,4848,0
0,4854,0
0,4863,0
0,4867,0
0,4869,0
0,4870,0
0,4877,0
0,4878,0
0,4883,0
0,4884,0
0,4888,0
0,4893,0
0,4895,0
0,4901,0
0,4908,0
0,4910,0
0,4918,0
0,4920,0
0,4929,0
0,4930,0
0,4942,0
0,4944,0
0,4946,0
0,4949,0
0,4957,0
0,4969,0
0,4981,0
0,4982,0
0,4983,0
0,4986,0
0,4991,0
0,5004,0
0,5015,0
0,5028,0
0,5041,0
0,5049,0
0,5059,0
0,5064,0
0,5069,0
0,5072,0
0,5074,0
0,5081,0
0,5086,0
0,5097,0
0,5100,0
0,5104,0
0,5109,0
0,5111,0
0,5114,0
0,5120,0
0,5125,0
0,5128,0
0,5132,0
0,5133,0
0,5139,0
0,5140,0
0,5141,0
0,5143,0
0,5147,0
0,5149,0
0,5151,0
0,5158,0
0,5161,0
0,5173,0
0,5174,0
0,5177,0
0,5182,0
0,5184,0
0,5187,0
0,5188,0
0,5192,0
0,5194,0
0,5196,0
0,5200,0
0,5203,0
0,5209,0
0,5214,0
0,5220,0
0,5223,0
0,5228,0
0,5232,0
0,5238,0
0,5240,0
0,5242,0
0,5248,0
0,5250,0
0,5259,0
0,5264,0
0,5273,0
0,5277,0
0,5278,0
0,5282,0
0,5283,0
0,5289,0
0,5291,0
0,5293,0
0,5297,0
0,5299,0
0,5300,0
0,5304,0
0,5305,0
0,5308,0
0,5309,0
0,5316,0
0,5320,0
0,5323,0
0,5325,0
0,5327,0
0,5330,0
0,5331,0
0,5332,0
0,5338,0
0,5346,0
0,5347,0
0,5348,0
0,5351,0
0,5353,0
0,5354,0
0,5355,0
0,5357,0
0,5358,0
0,5361,0
0,5362,0
0,5363,0
0,5364,0
0,5365,0
0,5371,0
0,5372,0
0,5376,0
0,5379,0
0,5385,0
0,5388,0
0,5389,0
0,5392,0
0,5393,0
0,5395,0
0,5399,0
0,5400,0
0,5401,0
0,5402,0
0,5403,0
0,5410,0
0,5411,0
0,5414,0
0,5417,0
0,5419,0
0,5422,0
0,5423,0
0,5424,0
0,5425,0
0,5426,0
0,5429,0
0,5430,0
0,5432,0
0,5435,0
0,5436,0
0,5440,0
0,5442,0
0,5443,0
0,5445,0
0,5447,0
0,5449,0
0,5453,0
0,5454,0
0,5456,0
0,5459,0
0,5460,0
0,5462,0
0,5463,0
0,5464,0
0,5465,0
0,5468,0
0,5469,0
0,5470,0
0,5472,0
0,5476,0
0,5477,0
0,5483,0
0,5488,0
0,5490,0
0,5492,0
0,5495,0
0,5496,0
0,5497,0
0,5500,0
0,5503,0
0,5514,0
0,5515,0
0,5520,0
0,5523,0
0,5529,0
0,5540,0
0,5541,0
0,5542,0
0,5563,0
0,5573,0
0,5578,0
0,5582,0
0,5585,0
0,5587,0
0,5599,0
0,5620,0
0,5624,0
0,5626,0
0,5630,0
0,5632,0
0,5635,0
0,5637,0
0,5639,0
0,5653,0
0,5655,0
0,5659,0
0,5689,0
0,5695,0
0,5704,0
0,5718,0
0,5723,0
0,5727,0
0,5762,0
0,5765,0
0,5767,0
0,5790,0
0,5795,0
0,5798,0
0,5847,0
0,5872,0
0,5875,0
0,5879,0
0,5903,0
0,5906,0
0,5907,0
0,5910,0
0,5911,0
0,5915,0
0,5916,0
0,5926,0
0,5931,0
0,5934,0
0,5947,0
0,5954,0
0,5959,0
0,5964,0
0,5971,0
0,5976,0
0,5983,0
0,5985,0
0,5988,0
0,6001,0
0,6006,0
0,6011,0
0,6016,0
0,6036,0
0,6038,0
0,6040,0
0,6043,0
0,6045,0
0,6048,0
0,6051,0
0,6053,0
0,6056,0
0,6063,0
0,6066,0
0,6068,0
0,6069,0
0,6082,0
0,6084,0
0,6087,0
0,6089,0
0,6092,0
0,6094,0
0,6113,0
0,6114,0
0,6115,0
0,6120,0
0,6128,0
0,6137,0
0,6138,0
0,6142,0
0,6175,0
0,6177,0
0,6189,0
0,6194,0
0,6199,0
0,6204,0
0,6205,0
0,6214,0
0,6219,0
0,6220,0
0,6225,0
0,6226,0
0,6228,0
0,6231,0
0,6236,0
0,6248,0
0,6253,0
0,6258,0
0,6279,0
0,6284,0
0,6287,0
0,6322,0
0,6342,0
0,6406,0
0,6459,0
0,6572,0
0,6827,0
0,6855,0
0,6947,0
0,6952,0
0,6993,0
0,6998,0
0,7042,0
0,7094,0
0,7125,0
0,7130,0
0,7135,0
0,7165,0
0,7198,0
0,7306,0
0,7316,0
0,7321,0
0,7400,0
0,7408,0
0,7413,0
0,7418,0
0,7432,0
0,7460,0
0,7482,0
0,7504,0
0,7556,0
0,7561,0
0,7591,0
0,7603,0
0,7623,0
0,7647,0
0,7651,0
0,7665,0
0,7670,0
0,7675,0
0,7680,0
0,7688,0
0,7692,0
0,7697,0
0,7702,0
0,7705,0
0,7722,0
0,7739,0
0,7779,0
0,7782,0
0,7783,0
0,7787,0
0,7788,0
0,7789,0
0,7796,0
0,7805,0
0,7824,0
0,7829,0
0,7831,0
0,7840,0
0,7859,0
0,7862,0
0,7864,0
0,7865,0
0,7867,0
0,7868,0
0,7870,0
0,7871,0
0,7872,0
0,7874,0
0,7875,0
0,7878,0
0,7880,0
0,7882,0
0,7884,0
0,7885,0
0,7897,0
0,7899,0
0,7902,0
0,7905,0
0,7910,0
0,7913,0
0,7914,0
0,7917,0
0,7922,0
0,7924,0
0,7925,0
0,7929,0
0,7931,0
0,7934,0
0,7937,0
0,7940,0
0,7946,0
0,7947,0
0,7948,0
0,7949,0
0,7952,0
0,7955,0
0,7958,0
0,7960,0
0,7968,0
0,7973,0
0,7976,0
0,7982,0
0,7984,0
0,7988,0
0,7989,0
0,7991,0
0,7994,0
0,7998,0
0,8000,0
0,8009,0
0,8011,0
0,8016,0
0,8018,0
0,8019,0
0,8025,0
0,8033,0
0,8035,0
0,8036,0
0,8037,0
0,8040,0
0,8043,0
0,8053,0
0,8054,0
0,8055,0
0,8056,0
0,8067,0
0,8076,0
0,8078,0
0,8079,0
0,8084,0
0,8085,0
0,8087,0
0,8100,0
0,8108,0
0,8117,0
0,8118,0
0,8122,0
0,8130,0
0,8132,0
0,8133,0
0,8135,0
0,8138,0
0,8140,0
0,8146,0
0,8156,0
0,8163,0
0,8164,0
0,8173,0
0,8186,0
0,8209,0
0,8215,0
0,8230,0
0,8248,0
0,8252,0
0,8307,0
0,8311,0
0,8400,0
0,8534,0
0,8627,0
0,8644,0
0,8649,0
0,8781,0
0,8900,0
0,8901,0
0,8925,0
0,8934,0
0,8942,0
0,8944,0
0,8982,0
0,8993,0
0,8995,0
0,8998,0
0,9003,0
0,9006,0
0,9008,0
0,9017,0
0,9022,0
0,9024,0
0,9029,0
0,9030,0
0,9036,0
0,9041,0
0,9065,0
0,9066,0
0,9069,0
0,9070,0
0,9071,0
0,9082,0
0,9085,0
0,9086,0
0,9093,0
0,9094,0
0,9098,0
0,9101,0
0,9102,0
0,9104,0
0,9112,0
0,9117,0
0,9118,0
0,9119,0
0,9121,0
0,9122,0
0,9124,0
0,9126,0
0,9128,0
0,9129,0
0,9131,0
0,9133,0
0,9136,0
0,9137,0
0,9138,0
0,9139,0
0,9141,0
0,9144,0
0,9145,0
0,9152,0
0,9154,0
0,9158,0
0,9160,0
0,9161,0
0,9162,0
0,9164,0
0,9167,0
0,9168,0
0,9173,0
0,9175,0
0,9177,0
0,9178,0
0,9183,0
0,9184,0
0,9186,0
0,9187,0
0,9194,0
0,9199,0
0,9200,0
0,9202,0
0,9203,0
0,9204,0
0,9205,0
0,9206,0
0,9207,0
0,9209,0
0,9210,0
0,9215,0
0,9218,0
0,9222,0
0,9224,0
0,9229,0
0,9234,0
0,9235,0
0,9236,0
0,9238,0
0,9239,0
0,9240,0
0,9241,0
0,9243,0
0,9245,0
0,9247,0
0,9250,0
0,9252,0
0,9253,0
0,9260,0
0,9262,0
0,9263,0
0,9265,0
0,9267,0
0,9271,0
0,9273,0
0,9275,0
0,9277,0
0,9281,0
0,9284,0
0,9287,0
0,9289,0
0,9293,0
0,9294,0
0,9297,0
0,9302,0
0,9303,0
0,9307,0
0,9308,0
0,9309,0
0,9310,0
0,9314,0
0,9318,0
0,9323,0
0,9328,0
0,9334,0
0,9336,0
0,9338,0
0,9339,0
0,9341,0
0,9348,0
0,9349,0
0,9353,0
0,9355,0
0,9358,0
0,9360,0
0,9366,0
0,9369,0
0,9371,0
0,9376,0
0,9377,0
0,9383,0
0,9384,0
0,9385,0
0,9401,0
0,9404,0
0,9407,0
0,9408,0
0,9411,0
0,9413,0
0,9420,0
0,9422,0
0,9424,0
0,9425,0
0,9428,0
0,9429,0
0,9433,0
0,9434,0
0,9439,0
0,9441,0
0,9442,0
0,9444,0
0,9446,0
0,9451,0
0,9454,0
0,9477,0
0,9486,0
0,9487,0
0,9496,0
0,9506,0
0,9509,0
0,9513,0
0,9543,0
0,9549,0
0,9558,0
0,9570,0
0,9575,0
0,9576,0
0,9592,0
0,9598,0
0,9613,0
0,9616,0
0,9618,0
0,9621,0
0,9624,0
0,9638,0
0,9654,0
0,9659,0
0,9667,0
0,9675,0
0,9681,0
0,9690,0
0,9691,0
0,9693,0
0,9701,0
0,9702,0
0,9705,0
0,9718,0
0,9730,0
0,9734,0
0,9738,0
0,9740,0
0,9742,0
0,9746,0
0,9749,0
0,9750,0
0,9751,0
0,9752,0
0,9753,0
0,9756,0
0,9761,0
0,9773,0
0,9774,0
0,9776,0
0,9784,0
0,9788,0
0,9820,0
0,9826,0
0,9831,0
0,9860,0
0,9861,0
0,9868,0
0,9876,0
0,9878,0
0,9892,0
0,9895,0
0,9897,0
0,9904,0
0,9925,0
0,9930,0
0,9931,0
0,9936,0
0,9941,0
0,9965,0
0,9967,0
0,9971,0
0,9972,0
0,9977,0
0,9980,0
0,9982,0
0,10000,0
0,10008,0
0,10048,0
0,10050,0
0,10051,0
0,10055,0
0,10056,0
0,10058,0
0,10061,0
0,10062,0
0,10064,0
0,10068,0
0,10071,0
0,10073,0
0,10078,0
0,10081,0
0,10096,0
0,10100,0
0,10101,0
0,10113,0
0,10115,0
0,10118,0
0,10123,0
0,10124,0
0,10125,0
0,10129,0
0,10130,0
0,10135,0
0,10152,0
0,10153,0
0,10157,0
0,10162,0
0,10174,0
0,10177,0
0,10180,0
0,10192,0
0,10202,0
0,10207,0
0,10211,0
0,10212,0
0,10217,0
0,10218,0
0,10220,0
0,10226,0
0,10228,0
0,10234,0
0,10242,0
0,10261,0
0,10265,0
0,10266,0
0,10272,0
0,10280,0
0,10298,0
0,10309,0
0,10313,0
0,10316,0
0,10331,0
0,10346,0
0,10350,0
0,10354,0
0,10386,0
0,10389,0
0,10394,0
0,10397,0
0,10403,0
0,10423,0
0,10451,0
0,10517,0
0,10568,0
0,10624,0
0,10700,0
0,10817,0
0,10885,0
0,10890,0
0,11082,0
0,11096,0
0,11104,0
0,11113,0
0,11119,0
0,11123,0
0,11139,0
0,11142,0
0,11147,0
0,11237,0
0,11259,0
0,11262,0
0,11264,0
0,11266,0
0,11268,0
0,11283,0
0,11307,0
0,11310,0
0,11315,0
0,11325,0
0,11326,0
0,11327,0
0,11352,0
0,11355,0
0,11359,0
0,11366,0
0,11377,0
0,11396,0
0,11401,0
0,11409,0
0,11410,0
0,11419,0
0,11428,0
0,11433,0
0,11436,0
0,11440,0
0,11448,0
0,11450,0
0,11467,0
0,11485,0
0,11491,0
0,11496,0
0,11511,0
0,11516,0
0,11517,0
0,11523,0
0,11532,0
0,11533,0
0,11536,0
0,11540,0
0,11553,0
0,11562,0
0,11569,0
0,11575,0
0,11576,0
0,11579,0
0,11581,0
0,11583,0
0,11584,0
0,11587,0
0,11598,0
0,11615,0
0,11620,0
0,11621,0
0,11623,0
0,11628,0
0,11631,0
0,11632,0
0,11652,0
0,11655,0
0,11658,0
0,11665,0
0,11671,0
0,11674,0
0,11675,0
0,11682,0
0,11685,0
0,11689,0
0,11693,0
0,11696,0
0,11714,0
0,11720,0
0,11724,0
0,11726,0
0,11745,0
0,11754,0
0,11757,0
0,11761,0
0,11785,0
0,11799,0
0,11826,0
0,11828,0
0,11829,0
0,11836,0
0,11840,0
0,11854,0
0,11873,0
0,11874,0
0,11882,0
0,11883,0
0,11891,0
0,11893,0
0,11898,0
0,11900,0
0,11904,0
0,11906,0
0,11910,0
0,11916,0
0,11926,0
0,11937,0
0,11940,0
0,11952,0
0,11954,0
0,11960,0
0,11965,0
0,11967,0
0,11972,0
0,11976,0
0,11983,0
0,11993,0
0,11999,0
0,12001,0
0,12006,0
0,12010,0
0,12013,0
0,12014,0
0,12015,0
0,12018,0
0,12019,0
0,12020,0
0,12029,0
0,12033,0
0,12034,0
0,12037,0
0,12040,0
0,12041,0
0,12042,0
0,12043,0
0,12044,0
0,12045,0
0,12046,0
0,12054,0
0,12063,0
0,12068,0
0,12073,0
0,12075,0
0,12080,0
0,12082,0
0,12085,0
0,12086,0
0,12087,0
0,12089,0
0,12090,0
0,12091,0
0,12092,0
0,12098,0
0,12103,0
0,12107,0
0,12109,0
0,12112,0
0,12120,0
0,12121,0
0,12122,0
0,12127,0
0,12129,0
0,12131,0
0,12142,0
0,12151,0
0,12156,0
0,12157,0
0,12160,0
0,12161,0
0,12162,0
0,12165,0
0,12169,0
0,12173,0
0,12177,0
0,12183,0
0,12184,0
0,12185,0
0,12186,0
0,12187,0
0,12200,0
0,12205,0
0,12212,0
0,12216,0
0,12219,0
0,12221,0
0,12224,0
0,12225,0
0,12234,0
0,12255,0
0,12257,0
0,12260,0
0,12266,0
0,12269,0
0,12270,0
0,12275,0
0,12278,0
0,12279,0
0,12285,0
1,0,0
1,7,0
1,10,0
1,20,0
1,21,0
1,22,0
1,32,0
1,39,0
1,45,0
1,48,0
1,52,0
1,56,0
1,57,0
1,62,0
1,71,0
1,84,0
1,86,0
1,89,0
1,92,0
1,105,0
1,109,0
1,112,0
1,114,0
1,115,0
1,116,0
1,117,0
1,123,0
1,124,0
1,129,0
1,134,0
1,135,0
1,139,0
1,140,0
1,146,0
1,153,0
1,156,0
1,160,0
1,161,0
1,162,0
1,165,0
1,168,0
1,169,0
1,170,0
1,172,0
1,175,0
1,181,0
1,182,0
1,184,0
1,185,0
1,187,0
1,189,0
1,191,0
1,192,0
1,196,0
1,199,0
1,201,0
1,202,0
1,203,0
1,204,0
1,207,0
1,211,0
1,212,0
1,215,0
1,216,0
1,217,0
1,219,0
1,221,0
1,222,0
1,225,0
1,228,0
1,231,0
1,232,0
1,236,0
1,238,0
1,239,0
1,242,0
1,243,0
1,244,0
1,245,0
1,246,0
1,248,0
1,249,0
1,251,0
1,252,0
1,253,0
1,259,0
1,260,0
1,261,0
1,262,0
1,264,0
1,265,0
1,267,0
1,268,0
1,270,0
1,275,0
1,277,0
1,279,0
1,280,0
1,283,0
1,290,0
1,291,0
1,292,0
1,294,0
1,295,0
1,298,0
1,301,0
1,302,0
1,304,0
1,305,0
1,306,0
1,308,0
1,309,0
1,311,0
1,317,0
1,318,0
1,320,0
1,324,0
1,326,0
1,327,0
1,328,0
1,330,0
1,333,0
1,334,0
1,337,0
1,339,0
1,340,0
1,345,0
1,346,0
1,347,0
1,348,0
1,350,0
1,351,0
1,352,0
1,353,0
1,354,0
1,357,0
1,359,0
1,362,0
1,363,0
1,366,0
1,367,0
1,368,0
1,371,0
1,374,0
1,377,0
1,378,0
1,379,0
1,383,0
1,394,0
1,399,0
1,400,0
1,403,0
1,407,0
1,410,0
1,411,0
1,415,0
1,416,0
1,417,0
1,420,0
1,424,0
1,425,0
1,426,0
1,427,0
1,428,0
1,429,0
1,431,0
1,432,0
1,437,0
1,438,0
1,441,0
1,443,0
1,446,0
1,448,0
1,449,0
1,450,0
1,452,0
1,453,0
1,457,0
1,459,0
1,460,0
1,464,0
1,465,0
1,466,0
1,467,0
1,471,0
1,472,0
1,474,0
1,475,0
1,476,0
1,478,0
1,479,0
1,481,0
1,483,0
1,484,0
1,486,0
1,488,0
1,490,0
1,491,0
1,492,0
1,494,0
1,495,0
1,499,0
1,500,0
1,501,0
1,502,0
1,503,0
1,505,0
1,507,0
1,509,0
1,512,0
1,514,0
1,515,0
1,516,0
1,517,0
1,518,0
1,519,0
1,520,0
1,522,0
1,529,0
1,530,0
1,531,0
1,532,0
1,533,0
1,534,0
1,535,0
1,536,0
1,537,0
1,538,0
1,539,0
1,541,0
1,542,0
1,543,0
1,544,0
1,547,0
1,549,0
1,550,0
1,552,0
1,553,0
1,554,0
1,556,0
1,559,0
1,561,0
1,565,0
1,569,0
1,571,0
1,572,0
1,574,0
1,575,0
1,576,0
1,577,0
1,579,0
1,580,0
1,586,0
1,588,0
1,589,0
1,592,0
1,594,0
1,595,0
1,600,0
1,601,0
1,602,0
1,603,0
1,604,0
1,609,0
1,611,0
1,612,0
1,613,0
1,616,0
1,620,0
1,623,0
1,626,0
1,628,0
1,630,0
1,631,0
1,635,0
1,639,0
1,642,0
1,643,0
1,645,0
1,646,0
1,649,0
1,651,0
1,653,0
1,655,0
1,656,0
1,658,0
1,661,0
1,662,0
1,663,0
1,666,0
1,671,0
1,672,0
1,677,0
1,679,0
1,680,0
1,683,0
1,684,0
1,685,0
1,687,0
1,689,0
1,690,0
1,692,0
1,694,0
1,697,0
1,699,0
1,703,0
1,708,0
1,711,0
1,716,0
1,722,0
1,723,0
1,726,0
1,727,0
1,729,0
1,731,0
1,735,0
1,736,0
1,738,0
1,740,0
1,741,0
1,753,0
1,758,0
1,763,0
1,765,0
1,772,0
1,774,0
1,780,0
1,781,0
1,783,0
1,784,0
1,786,0
1,787,0
1,788,0
1,793,0
1,794,0
1,795,0
1,798,0
1,800,0
1,801,0
1,802,0
1,803,0
1,804,0
1,806,0
1,807,0
1,808,0
1,809,0
1,810,0
1,813,0
1,814,0
1,818,0
1,822,0
1,824,0
1,825,0
1,827,0
1,828,0
1,829,0
1,833,0
1,837,0
1,845,0
1,846,0
1,852,0
1,855,0
1,856,0
1,857,0
1,859,0
1,860,0
1,874,0
1,875,0
1,876,0
1,878,0
1,879,0
1,881,0
1,883,0
1,885,0
1,889,0
1,890,0
1,895,0
1,897,0
1,901,0
1,904,0
1,906,0
1,907,0
1,910,0
1,912,0
1,913,0
1,914,0
1,918,0
1,921,0
1,922,0
1,923,0
1,928,0
1,929,0
1,931,0
1,934,0
1,937,0
1,939,0
1,941,0
1,942,0
1,946,0
1,949,0
1,953,0
1,954,0
1,955,0
1,962,0
1,965,0
1,976,0
1,981,0
1,983,0
1,984,0
1,987,0
1,991,0
1,993,0
1,997,0
1,998,0
1,999,0
1,1000,0
1,1003,0
1,1006,0
1,1013,0
1,1023,0
1,1028,0
1,1031,0
1,1032,0
1,1037,0
1,1039,0
1,1044,0
1,1049,0
1,1050,0
1,1051,0
1,1052,0
1,1054,0
1,1057,0
1,1059,0
1,1060,0
1,1069,0
1,1075,0
1,1082,0
1,1088,0
1,1089,0
1,1105,0
1,1109,0
1,1118,0
1,1120,0
1,1125,0
1,1147,0
1,1149,0
1,1157,0
1,1159,0
1,1163,0
1,1169,0
1,1178,0
1,1183,0
1,1188,0
1,1189,0
1,1196,0
1,1199,0
1,1204,0
1,1216,0
1,1221,0
1,1264,0
1,1266,0
1,1280,0
1,1291,0
1,1298,0
1,1308,0
1,1328,0
1,1330,0
1,1349,0
1,1350,0
1,1374,0
1,1375,0
1,1380,0
1,1381,0
1,1402,0
1,1409,0
1,1413,0
1,1478,0
1,1505,0
1,1506,0
1,1518,0
1,1521,0
1,1522,0
1,1537,0
1,1543,0
1,1546,0
1,1548,0
1,1553,0
1,1565,0
1,1571,0
1,1589,0
1,1590,0
1,1603,0
1,1613,0
1,1634,0
1,1640,0
1,1645,0
1,1646,0
1,1652,0
1,1665,0
1,1667,0
1,1673,0
1,1680,0
1,1686,0
1,1701,0
1,1710,0
1,1714,0
1,1716,0
1,1717,0
1,1726,0
1,1728,0
1,1730,0
1,1740,0
1,1756,0
1,1759,0
1,1762,0
1,1768,0
1,1775,0
1,1787,0
1,1788,0
1,1789,0
1,1798,0
1,1804,0
1,1805,0
1,1807,0
1,1810,0
1,1821,0
1,1823,0
1,1825,0
1,1839,0
1,1841,0
1,1850,0
1,1853,0
1,1857,0
1,1861,0
1,1867,0
1,1871,0
1,1878,0
1,1880,0
1,1883,0
1,1886,0
1,1887,0
1,1892,0
1,1900,0
1,1907,0
1,1917,0
1,1918,0
1,1922,0
1,1928,0
1,1929,0
1,1930,0
1,1932,0
1,1934,0
1,1938,0
1,1945,0
1,1956,0
1,1958,0
1,1961,0
1,1962,0
1,1968,0
1,1972,0
1,1984,0
1,1995,0
1,2018,0
1,2036,0
1,2039,0
1,2044,0
1,2047,0
1,2059,0
1,2088,0
1,2108,0
1,2112,0
1,2151,0
1,2152,0
1,2174,0
1,2256,0
1,2275,0
1,2290,0
1,2292,0
1,2293,0
1,2296,0
1,2298,0
1,2316,0
1,2357,0
1,2362,0
1,2374,0
1,2379,0
1,2383,0
1,2415,0
1,2418,0
1,2420,0
1,2432,0
1,2435,0
1,2445,0
1,2447,0
1,2450,0
1,2458,0
1,2460,0
1,2474,0
1,2494,0
1,2496,0
1,2500,0
1,2502,0
1,2504,0
1,2505,0
1,2506,0
1,2509,0
1,2510,0
1,2513,0
1,2516,0
1,2517,0
1,2518,0
1,2519,0
1,2520,0
1,2524,0
1,2527,0
1,2528,0
1,2535,0
1,2537,0
1,2538,0
1,2541,0
1,2542,0
1,2543,0
1,2546,0
1,2549,0
1,2550,0
1,2551,0
1,2553,0
1,2555,0
1,2556,0
1,2560,0
1,2562,0
1,2572,0
1,2573,0
1,2575,0
1,2576,0
1,2577,0
1,2578,0
1,2581,0
1,2583,0
1,2586,0
1,2587,0
1,2590,0
1,2591,0
1,2592,0
1,2593,0
1,2597,0
1,2599,0
1,2600,0
1,2601,0
1,2604,0
1,2608,0
1,2610,0
1,2613,0
1,2614,0
1,2617,0
1,2619,0
1,2620,0
1,2622,0
1,2625,0
1,2626,0
1,2627,0
1,2634,0
1,2639,0
1,2640,0
1,2645,0
1,2650,0
1,2652,0
1,2654,0
1,2656,0
1,2658,0
1,2659,0
1,2660,0
1,2663,0
1,2664,0
1,2665,0
1,2666,0
1,2667,0
1,2668,0
1,2669,0
1,2670,0
1,2672,0
1,2675,0
1,2678,0
1,2679,0
1,2680,0
1,2681,0
1,2682,0
1,2689,0
1,2691,0
1,2694,0
1,2697,0
1,2699,0
1,2700,0
1,2705,0
1,2706,0
1,2707,0
1,2709,0
1,2712,0
1,2714,0
1,2716,0
1,2717,0
1,2721,0
1,2724,0
1,2725,0
1,2726,0
1,2728,0
1,2731,0
1,2735,0
1,2738,0
1,2740,0
1,2746,0
1,2748,0
1,2750,0
1,2759,0
1,2760,0
1,2761,0
1,2762,0
1,2763,0
1,2773,0
1,2774,0
1,2777,0
1,2778,0
1,2781,0
1,2783,0
1,2785,0
1,2786,0
1,2788,0
1,2801,0
1,2802,0
1,2803,0
1,2804,0
1,2806,0
1,2810,0
1,2812,0
1,2814,0
1,2816,0
1,2819,0
1,2820,0
1,2822,0
1,2826,0
1,2827,0
1,2835,0
1,2841,0
1,2844,0
1,2849,0
1,2850,0
1,2854,0
1,2862,0
1,2866,0
1,2871,0
1,2872,0
1,2874,0
1,2877,0
1,2880,0
1,2882,0
1,2888,0
1,2908,0
1,2924,0
1,2927,0
1,2948,0
1,2950,0
1,2956,0
1,2958,0
1,2968,0
1,3065,0
1,3094,0
1,3112,0
1,3201,0
1,3233,0
1,3269,0
1,3299,0
1,3331,0
1,3343,0
1,3362,0
1,3379,0
1,3385,0
1,3390,0
1,3393,0
1,3406,0
1,3419,0
1,3443,0
1,3453,0
1,3485,0
1,3514,0
1,3534,0
1,3540,0
1,3547,0
1,3558,0
1,3579,0
1,3581,0
1,3598,0
1,3609,0
1,3612,0
1,3640,0
1,3657,0
1,3665,0
1,3668,0
1,3671,0
1,3679,0
1,3687,0
1,3693,0
1,3712,0
1,3724,0
1,3728,0
1,3740,0
1,3756,0
1,3778,0
1,3781,0
1,3795,0
1,3809,0
1,3830,0
1,3831,0
1,3838,0
1,3839,0
1,3843,0
1,3847,0
1,3862,0
1,3870,0
1,3885,0
1,3918,0
1,3959,0
1,3960,0
1,4004,0
1,4022,0
1,4028,0
1,4032,0
1,4038,0
1,4042,0
1,4059,0
1,4065,0
1,4081,0
1,4107,0
1,4113,0
1,4149,0
1,4158,0
1,4171,0
1,4177,0
1,4181,0
1,4185,0
1,4188,0
1,4197,0
1,4209,0
1,4212,0
1,4217,0
1,4221,0
1,4222,0
1,4242,0
1,4245,0
1,4248,0
1,4253,0
1,4258,0
1,4260,0
1,4265,0
1,4273,0
1,4275,0
1,4300,0
1,4310,0
1,4321,0
1,4329,0
1,4334,0
1,4337,0
1,4342,0
1,4343,0
1,4348,0
1,4350,0
1,4353,0
1,4365,0
1,4374,0
1,4381,0
1,4385,0
1,4397,0
1,4403,0
1,4424,0
1,4428,0
1,4429,0
1,4434,0
1,4439,0
1,4442,0
1,4460,0
1,4487,0
1,4491,0
1,4492,0
1,4496,0
1,4500,0
1,4520,0
1,4530,0
1,4535,0
1,4561,0
1,4564,0
1,4583,0
1,4588,0
1,4613,0
1,4650,0
1,4655,0
1,4661,0
1,4666,0
1,4669,0
1,4671,0
1,4693,0
1,4726,0
1,4731,0
1,4736,0
1,4744,0
1,4780,0
1,4804,0
1,4815,0
1,4844,0
1,4866,0
1,4880,0
1,4894,0
1,4899,0
1,4902,0
1,4910,0
1,4912,0
1,4940,0
1,4944,0
1,4950,0
1,4963,0
1,4965,0
1,4966,0
1,4974,0
1,4981,0
1,4987,0
1,4997,0
1,5028,0
1,5041,0
1,5049,0
1,5059,0
1,5068,0
1,5075,0
1,5077,0
1,5082,0
1,5088,0
1,5095,0
1,5100,0
1,5109,0
1,5119,0
1,5127,0
1,5128,0
1,5131,0
1,5133,0
1,5137,0
1,5138,0
1,5140,0
1,5143,0
1,5146,0
1,5153,0
1,5157,0
1,5161,0
1,5163,0
1,5164,0
1,5165,0
1,5173,0
1,5179,0
1,5181,0
1,5184,0
1,5185,0
1,5187,0
1,5189,0
1,5192,0
1,5193,0
1,5198,0
1,5201,0
1,5203,0
1,5204,0
1,5210,0
1,5211,0
1,5212,0
1,5217,0
1,5221,0
1,5228,0
1,5229,0
1,5232,0
1,5233,0
1,5235,0
1,5236,0
1,5239,0
1,5242,0
1,5244,0
1,5247,0
1,5248,0
1,5251,0
1,5254,0
1,5255,0
1,5264,0
1,5272,0
1,5276,0
1,5277,0
1,5278,0
1,5295,0
1,5296,0
1,5300,0
1,5302,0
1,5309,0
1,5314,0
1,5320,0
1,5322,0
1,5324,0
1,5325,0
1,5327,0
1,5333,0
1,5334,0
1,5342,0
1,5345,0
1,5346,0
1,5359,0
1,5362,0
1,5365,0
1,5372,0
1,5383,0
1,5386,0
1,5397,0
1,5399,0
1,5402,0
1,5410,0
1,5415,0
1,5440,0
1,5441,0
1,5446,0
1,5461,0
1,5471,0
1,5474,0
1,5495,0
1,5499,0
1,5540,0
1,5541,0
1,5560,0
1,5562,0
1,5566,0
1,5572,0
1,5576,0
1,5582,0
1,5586,0
1,5587,0
1,5597,0
1,5598,0
1,5605,0
1,5611,0
1,5615,0
1,5618,0
1,5622,0
1,5623,0
1,5627,0
1,5639,0
1,5643,0
1,5648,0
1,5649,0
1,5652,0
1,5656,0
1,5659,0
1,5660,0
1,5661,0
1,5668,0
1,5670,0
1,5672,0
1,5673,0
1,5677,0
1,5678,0
1,5682,0
1,5683,0
1,5686,0
1,5688,0
1,5690,0
1,5692,0
1,5693,0
1,5695,0
1,5701,0
1,5702,0
1,5703,0
1,5708,0
1,5712,0
1,5713,0
1,5714,0
1,5717,0
1,5718,0
1,5719,0
1,5722,0
1,5723,0
1,5725,0
1,5726,0
1,5730,0
1,5732,0
1,5734,0
1,5736,0
1,5739,0
1,5740,0
1,5741,0
1,5742,0
1,5748,0
1,5749,0
1,5752,0
1,5754,0
1,5755,0
1,5758,0
1,5760,0
1,5762,0
1,5764,0
1,5769,0
1,5771,0
1,5772,0
1,5773,0
1,5774,0
1,5778,0
1,5780,0
1,5783,0
1,5785,0
1,5786,0
1,5789,0
1,5792,0
1,5794,0
1,5795,0
1,5798,0
1,5799,0
1,5801,0
1,5803,0
1,5804,0
1,5805,0
1,5806,0
1,5807,0
1,5810,0
1,5813,0
1,5816,0
1,5817,0
1,5819,0
1,5823,0
1,5825,0
1,5826,0
1,5827,0
1,5828,0
1,5833,0
1,5835,0
1,5836,0
1,5837,0
1,5839,0
1,5840,0
1,5843,0
1,5844,0
1,5845,0
1,5846,0
1,5847,0
1,5849,0
1,5853,0
1,5854,0
1,5855,0
1,5860,0
1,5861,0
1,5863,0
1,5866,0
1,5867,0
1,5869,0
1,5870,0
1,5872,0
1,5873,0
1,5874,0
1,5875,0
1,5878,0
1,5880,0
1,5883,0
1,5890,0
1,5893,0
1,5895,0
1,5898,0
1,5899,0
1,5902,0
1,5904,0
1,5905,0
1,5906,0
1,5908,0
1,5910,0
1,5912,0
1,5918,0
1,5920,0
1,5922,0
1,5923,0
1,5928,0
1,5933,0
1,5935,0
1,5937,0
1,5938,0
1,5941,0
1,5943,0
1,5946,0
1,5947,0
1,5951,0
1,5952,0
1,5956,0
1,5957,0
1,5960,0
1,5961,0
1,5963,0
1,5964,0
1,5967,0
1,5968,0
1,5969,0
1,5970,0
1,5971,0
1,5972,0
1,5976,0
1,5978,0
1,5980,0
1,5982,0
1,5984,0
1,5987,0
1,5988,0
1,5991,0
1,5993,0
1,5994,0
1,5995,0
1,5998,0
1,6000,0
1,6001,0
1,6002,0
1,6003,0
1,6004,0
1,6005,0
1,6008,0
1,6015,0
1,6017,0
1,6019,0
1,6020,0
1,6021,0
1,6023,0
1,6025,0
1,6027,0
1,6028,0
1,6029,0
1,6030,0
1,6034,0
1,6038,0
1,6042,0
1,6043,0
1,6044,0
1,6046,0
1,6049,0
1,6051,0
1,6052,0
1,6053,0
1,6055,0
1,6056,0
1,6058,0
1,6060,0
1,6061,0
1,6062,0
1,6065,0
1,6066,0
1,6068,0
1,6070,0
1,6071,0
1,6074,0
1,6075,0
1,6081,0
1,6082,0
1,6085,0
1,6086,0
1,6087,0
1,6089,0
1,6091,0
1,6093,0
1,6095,0
1,6100,0
1,6101,0
1,6103,0
1,6104,0
1,6105,0
1,6106,0
1,6107,0
1,6110,0
1,6111,0
1,6114,0
1,6115,0
1,6119,0
1,6120,0
1,6121,0
1,6122,0
1,6126,0
1,6127,0
1,6128,0
1,6132,0
1,6137,0
1,6139,0
1,6140,0
1,6142,0
1,6143,0
1,6145,0
1,6147,0
1,6148,0
1,6151,0
1,6153,0
1,6155,0
1,6156,0
1,6158,0
1,6162,0
1,6165,0
1,6174,0
1,6176,0
1,6178,0
1,6179,0
1,6185,0
1,6188,0
1,6191,0
1,6196,0
1,6197,0
1,6200,0
1,6202,0
1,6203,0
1,6205,0
1,6207,0
1,6211,0
1,6213,0
1,6218,0
1,6220,0
1,6222,0
1,6225,0
1,6228,0
1,6233,0
1,6237,0
1,6243,0
1,6245,0
1,6247,0
1,6250,0
1,6254,0
1,6255,0
1,6256,0
1,6259,0
1,6261,0
1,6263,0
1,6265,0
1,6267,0
1,6269,0
1,6272,0
1,6274,0
1,6275,0
1,6276,0
1,6277,0
1,6278,0
1,6279,0
1,6280,0
1,6283,0
1,6284,0
1,6287,0
1,6288,0
1,6290,0
1,6292,0
1,6294,0
1,6297,0
1,6301,0
1,6303,0
1,6306,0
1,6307,0
1,6309,0
1,6312,0
1,6313,0
1,6318,0
1,6322,0
1,6323,0
1,6324,0
1,6326,0
1,6327,0
1,6328,0
1,6330,0
1,6331,0
1,6332,0
1,6333,0
1,6334,0
1,6337,0
1,6338,0
1,6340,0
1,6342,0
1,6344,0
1,6345,0
1,6346,0
1,6353,0
1,6354,0
1,6360,0
1,6362,0
1,6363,0
1,6364,0
1,6365,0
1,6366,0
1,6371,0
1,6372,0
1,6375,0
1,6376,0
1,6377,0
1,6378,0
1,6379,0
1,6381,0
1,6383,0
1,6389,0
1,6393,0
1,6396,0
1,6402,0
1,6405,0
1,6406,0
1,6409,0
1,6410,0
1,6411,0
1,6414,0
1,6419,0
1,6420,0
1,6421,0
1,6425,0
1,6426,0
1,6430,0
1,6431,0
1,6435,0
1,6438,0
1,6439,0
1,6445,0
1,6446,0
1,6448,0
1,6449,0
1,6452,0
1,6455,0
1,6456,0
1,6459,0
1,6460,0
1,6461,0
1,6463,0
1,6465,0
1,6466,0
1,6467,0
1,6468,0
1,6469,0
1,6473,0
1,6475,0
1,6476,0
1,6480,0
1,6483,0
1,6488,0
1,6491,0
1,6494,0
1,6496,0
1,6501,0
1,6507,0
1,6512,0
1,6515,0
1,6520,0
1,6522,0
1,6530,0
1,6533,0
1,6534,0
1,6540,0
1,6557,0
1,6559,0
1,6560,0
1,6561,0
1,6563,0
1,6566,0
1,6569,0
1,6570,0
1,6572,0
1,6573,0
1,6575,0
1,6578,0
1,6581,0
1,6583,0
1,6585,0
1,6589,0
1,6594,0
1,6595,0
1,6599,0
1,6611,0
1,6615,0
1,6616,0
1,6626,0
1,6627,0
1,6634,0
1,6635,0
1,6638,0
1,6642,0
1,6643,0
1,6644,0
1,6650,0
1,6653,0
1,6661,0
1,6663,0
1,6665,0
1,6673,0
1,6674,0
1,6675,0
1,6676,0
1,6681,0
1,6682,0
1,6686,0
1,6695,0
1,6696,0
1,6700,0
1,6701,0
1,6717,0
1,6723,0
1,6724,0
1,6726,0
1,6732,0
1,6735,0
1,6748,0
1,6752,0
1,6761,0
1,6766,0
1,6768,0
1,6771,0
1,6772,0
1,6773,0
1,6776,0
1,6787,0
1,6793,0
1,6794,0
1,6798,0
1,6801,0
1,6806,0
1,6810,0
1,6814,0
1,6816,0
1,6827,0
1,6829,0
1,6834,0
1,6836,0
1,6837,0
1,6850,0
1,6855,0
1,6858,0
1,6866,0
1,6868,0
1,6874,0
1,6875,0
1,6879,0
1,6888,0
1,6889,0
1,6898,0
1,6900,0
1,6901,0
1,6912,0
1,6916,0
1,6918,0
1,6921,0
1,6927,0
1,6937,0
1,6939,0
1,6947,0
1,6948,0
1,6956,0
1,6963,0
1,6964,0
1,6967,0
1,6968,0
1,6974,0
1,6975,0
1,6993,0
1,6995,0
1,6996,0
1,7004,0
1,7005,0
1,7007,0
1,7009,0
1,7022,0
1,7026,0
1,7027,0
1,7030,0
1,7032,0
1,7044,0
1,7045,0
1,7049,0
1,7052,0
1,7053,0
1,7056,0
1,7062,0
1,7064,0
1,7070,0
1,7074,0
1,7080,0
1,7083,0
1,7085,0
1,7086,0
1,7100,0
1,7106,0
1,7111,0
1,7114,0
1,7118,0
1,7123,0
1,7125,0
1,7133,0
1,7137,0
1,7138,0
1,7148,0
1,7150,0
1,7156,0
1,7157,0
1,7158,0
1,7163,0
1,7165,0
1,7167,0
1,7168,0
1,7172,0
1,7174,0
1,7183,0
1,7184,0
1,7192,0
1,7194,0
1,7196,0
1,7198,0
1,7203,0
1,7206,0
1,7207,0
1,7210,0
1,7211,0
1,7216,0
1,7217,0
1,7219,0
1,7223,0
1,7229,0
1,7231,0
1,7233,0
1,7235,0
1,7237,0
1,7243,0
1,7247,0
1,7248,0
1,7249,0
1,7253,0
1,7254,0
1,7256,0
1,7259,0
1,7261,0
1,7271,0
1,7272,0
1,7275,0
1,7276,0
1,7295,0
1,7299,0
1,7304,0
1,7306,0
1,7311,0
1,7317,0
1,7326,0
1,7327,0
1,7334,0
1,7341,0
1,7346,0
1,7356,0
1,7360,0
1,7361,0
1,7367,0
1,7370,0
1,7376,0
1,7384,0
1,7385,0
1,7390,0
1,7394,0
1,7400,0
1,7413,0
1,7415,0
1,7417,0
1,7421,0
1,7427,0
1,7434,0
1,7437,0
1,7445,0
1,7451,0
1,7455,0
1,7470,0
1,7483,0
1,7484,0
1,7489,0
1,7492,0
1,7522,0
1,7523,0
1,7526,0
1,7530,0
1,7539,0
1,7543,0
1,7566,0
1,7571,0
1,7585,0
1,7595,0
1,7599,0
1,7611,0
1,7626,0
1,7644,0
1,7645,0
1,7649,0
1,7656,0
1,7660,0
1,7663,0
1,7664,0
1,7684,0
1,7694,0
1,7700,0
1,7701,0
1,7705,0
1,7722,0
1,7754,0
1,7756,0
1,7771,0
1,7800,0
1,7805,0
1,7808,0
1,7810,0
1,7826,0
1,7827,0
1,7846,0
1,7847,0
1,7854,0
1,7857,0
1,7858,0
1,7860,0
1,7866,0
1,7870,0
1,7875,0
1,7876,0
1,7881,0
1,7886,0
1,7891,0
1,7892,0
1,7902,0
1,7907,0
1,7913,0
1,7915,0
1,7918,0
1,7919,0
1,7920,0
1,7922,0
1,7929,0
1,7938,0
1,7939,0
1,7940,0
1,7965,0
1,7968,0
1,7974,0
1,7978,0
1,7982,0
1,7983,0
1,7985,0
1,7986,0
1,7989,0
1,7993,0
1,7999,0
1,8000,0
1,8003,0
1,8005,0
1,8009,0
1,8010,0
1,8011,0
1,8012,0
1,8014,0
1,8015,0
1,8021,0
1,8033,0
1,8039,0
1,8041,0
1,8043,0
1,8044,0
1,8050,0
1,8051,0
1,8052,0
1,8064,0
1,8073,0
1,8076,0
1,8082,0
1,8086,0
1,8089,0
1,8095,0
1,8098,0
1,8100,0
1,8104,0
1,8108,0
1,8113,0
1,8122,0
1,8123,0
1,8124,0
1,8133,0
1,8157,0
1,8170,0
1,8173,0
1,8192,0
1,8194,0
1,8199,0
1,8200,0
1,8204,0
1,8206,0
1,8208,0
1,8209,0
1,8214,0
1,8220,0
1,8228,0
1,8230,0
1,8240,0
1,8252,0
1,8264,0
1,8266,0
1,8267,0
1,8269,0
1,8271,0
1,8274,0
1,8275,0
1,8278,0
1,8283,0
1,8286,0
1,8288,0
1,8289,0
1,8294,0
1,8300,0
1,8309,0
1,8310,0
1,8329,0
1,8334,0
1,8337,0
1,8350,0
1,8357,0
1,8365,0
1,8370,0
1,8371,0
1,8373,0
1,8383,0
1,8384,0
1,8389,0
1,8395,0
1,8398,0
1,8399,0
1,8406,0
1,8417,0
1,8418,0
1,8431,0
1,8433,0
1,8436,0
1,8437,0
1,8438,0
1,8441,0
1,8442,0
1,8446,0
1,8449,0
1,8456,0
1,8464,0
1,8471,0
1,8472,0
1,8491,0
1,8493,0
1,8495,0
1,8496,0
1,8498,0
1,8499,0
1,8503,0
1,8506,0
1,8517,0
1,8522,0
1,8525,0
1,8528,0
1,8530,0
1,8536,0
1,8549,0
1,8554,0
1,8560,0
1,8569,0
1,8570,0
1,8572,0
1,8576,0
1,8594,0
1,8597,0
1,8600,0
1,8601,0
1,8607,0
1,8609,0
1,8611,0
1,8614,0
1,8616,0
1,8618,0
1,8619,0
1,8631,0
1,8635,0
1,8638,0
1,8645,0
1,8653,0
1,8662,0
1,8672,0
1,8673,0
1,8675,0
1,8676,0
1,8683,0
1,8684,0
1,8685,0
1,8686,0
1,8699,0
1,8703,0
1,8709,0
1,8711,0
1,8717,0
1,8720,0
1,8721,0
1,8724,0
1,8729,0
1,8736,0
1,8738,0
1,8744,0
1,8747,0
1,8749,0
1,8758,0
1,8760,0
1,8761,0
1,8763,0
1,8773,0
1,8775,0
1,8780,0
1,8785,0
1,8795,0
1,8797,0
1,8798,0
1,8801,0
1,8803,0
1,8818,0
1,8827,0
1,8830,0
1,8831,0
1,8842,0
1,8846,0
1,8848,0
1,8852,0
1,8853,0
1,8857,0
1,8869,0
1,8875,0
1,8879,0
1,8880,0
1,8887,0
1,8911,0
1,8917,0
1,8921,0
1,8923,0
1,8925,0
1,8939,0
1,8941,0
1,8967,0
1,8979,0
1,8980,0
1,8995,0
1,8997,0
1,9005,0
1,9007,0
1,9025,0
1,9035,0
1,9044,0
1,9059,0
1,9076,0
1,9086,0
1,9105,0
1,9115,0
1,9119,0
1,9123,0
1,9124,0
1,9127,0
1,9130,0
1,9132,0
1,9135,0
1,9162,0
1,9166,0
1,9177,0
1,9179,0
1,9184,0
1,9212,0
1,9225,0
1,9227,0
1,9233,0
1,9239,0
1,9283,0
1,9288,0
1,9289,0
1,9294,0
1,9299,0
1,9305,0
1,9313,0
1,9315,0
1,9334,0
1,9335,0
1,9338,0
1,9356,0
1,9372,0
1,9382,0
1,9385,0
1,9389,0
1,9392,0
1,9400,0
1,9401,0
1,9405,0
1,9409,0
1,9412,0
1,9426,0
1,9428,0
1,9429,0
1,9430,0
1,9451,0
1,9453,0
1,9454,0
1,9465,0
1,9485,0
1,9489,0
1,9490,0
1,9496,0
1,9500,0
1,9507,0
1,9512,0
1,9525,0
1,9527,0
1,9528,0
1,9532,0
1,9535,0
1,9541,0
1,9548,0
1,9552,0
1,9553,0
1,9560,0
1,9568,0
1,9572,0
1,9584,0
1,9587,0
1,9588,0
1,9591,0
1,9592,0
1,9593,0
1,9595,0
1,9607,0
1,9629,0
1,9635,0
1,9638,0
1,9644,0
1,9645,0
1,9650,0
1,9654,0
1,9665,0
1,9666,0
1,9667,0
1,9670,0
1,9672,0
1,9693,0
1,9695,0
1,9698,0
1,9707,0
1,9715,0
1,9717,0
1,9718,0
1,9719,0
1,9720,0
1,9727,0
1,9728,0
1,9737,0
1,9739,0
1,9742,0
1,9755,0
1,9756,0
1,9759,0
1,9760,0
1,9770,0
1,9780,0
1,9783,0
1,9787,0
1,9792,0
1,9797,0
1,9799,0
1,9801,0
1,9803,0
1,9806,0
1,9819,0
1,9820,0
1,9838,0
1,9844,0
1,9850,0
1,9855,0
1,9869,0
1,9873,0
1,9884,0
1,9885,0
1,9909,0
1,9913,0
1,9917,0
1,9936,0
1,9940,0
1,9943,0
1,9972,0
1,9973,0
1,9989,0
1,10014,0
1,10025,0
1,10031,0
1,10085,0
1,10087,0
1,10133,0
1,10176,0
1,10226,0
1,10234,0
1,10268,0
1,10308,0
1,10351,0
1,10356,0
1,10362,0
1,10442,0
1,10449,0
1,10454,0
1,10459,0
1,10497,0
1,10501,0
1,10508,0
1,10516,0
1,10568,0
1,10578,0
1,10584,0
1,10586,0
1,10619,0
1,10625,0
1,10630,0
1,10633,0
1,10635,0
1,10652,0
1,10668,0
1,10675,0
1,10682,0
1,10690,0
1,10693,0
1,10695,0
1,10698,0
1,10714,0
1,10717,0
1,10727,0
1,10728,0
1,10729,0
1,10747,0
1,10756,0
1,10763,0
1,10774,0
1,10782,0
1,10786,0
1,10787,0
1,10789,0
1,10791,0
1,10794,0
1,10796,0
1,10797,0
1,10798,0
1,10799,0
1,10810,0
1,10824,0
1,10829,0
1,10837,0
1,10844,0
1,10860,0
1,10866,0
1,10869,0
1,10870,0
1,10874,0
1,10884,0
1,10886,0
1,10889,0
1,10897,0
1,10908,0
1,10911,0
1,10918,0
1,10925,0
1,10927,0
1,10931,0
1,10932,0
1,10933,0
1,10935,0
1,10938,0
1,10940,0
1,10942,0
1,10950,0
1,10951,0
1,10954,0
1,10955,0
1,10956,0
1,10958,0
1,10977,0
1,10988,0
1,10992,0
1,10998,0
1,10999,0
1,11003,0
1,11008,0
1,11012,0
1,11018,0
1,11019,0
1,11020,0
1,11023,0
1,11024,0
1,11026,0
1,11028,0
1,11029,0
1,11030,0
1,11036,0
1,11038,0
1,11039,0
1,11040,0
1,11041,0
1,11046,0
1,11057,0
1,11059,0
1,11066,0
1,11073,0
1,11076,0
1,11079,0
1,11080,0
1,11081,0
1,11085,0
1,11086,0
1,11096,0
1,11105,0
1,11108,0
1,11109,0
1,11111,0
1,11118,0
1,11119,0
1,11122,0
1,11123,0
1,11127,0
1,11129,0
1,11130,0
1,11144,0
1,11146,0
1,11150,0
1,11153,0
1,11157,0
1,11161,0
1,11163,0
1,11165,0
1,11171,0
1,11173,0
1,11174,0
1,11176,0
1,11179,0
1,11182,0
1,11186,0
1,11189,0
1,11190,0
1,11193,0
1,11194,0
1,11200,0
1,11204,0
1,11206,0
1,11208,0
1,11212,0
1,11215,0
1,11218,0
1,11220,0
1,11234,0
1,11238,0
1,11247,0
1,11251,0
1,11257,0
1,11262,0
1,11266,0
1,11269,0
1,11271,0
1,11272,0
1,11276,0
1,11277,0
1,11279,0
1,11282,0
1,11287,0
1,11294,0
1,11297,0
1,11298,0
1,11299,0
1,11302,0
1,11307,0
1,11310,0
1,11315,0
1,11317,0
1,11321,0
1,11327,0
1,11329,0
1,11332,0
1,11333,0
1,11335,0
1,11338,0
1,11346,0
1,11348,0
1,11350,0
1,11351,0
1,11359,0
1,11368,0
1,11369,0
1,11370,0
1,11378,0
1,11384,0
1,11385,0
1,11388,0
1,11390,0
1,11391,0
1,11393,0
1,11395,0
1,11399,0
1,11400,0
1,11402,0
1,11403,0
1,11404,0
1,11409,0
1,11412,0
1,11417,0
1,11418,0
1,11420,0
1,11424,0
1,11430,0
1,11433,0
1,11434,0
1,11437,0
1,11440,0
1,11444,0
1,11450,0
1,11451,0
1,11453,0
1,11456,0
1,11457,0
1,11466,0
1,11469,0
1,11470,0
1,11473,0
1,11477,0
1,11478,0
1,11480,0
1,11485,0
1,11498,0
1,11499,0
1,11502,0
1,11505,0
1,11509,0
1,11511,0
1,11515,0
1,11517,0
1,11519,0
1,11520,0
1,11527,0
1,11529,0
1,11531,0
1,11533,0
1,11534,0
1,11535,0
1,11537,0
1,11539,0
1,11540,0
1,11541,0
1,11542,0
1,11547,0
1,11551,0
1,11552,0
1,11554,0
1,11555,0
1,11557,0
1,11559,0
1,11564,0
1,11565,0
1,11566,0
1,11568,0
1,11569,0
1,11576,0
1,11577,0
1,11579,0
1,11580,0
1,11582,0
1,11585,0
1,11587,0
1,11588,0
1,11591,0
1,11599,0
1,11600,0
1,11603,0
1,11604,0
1,11605,0
1,11608,0
1,11610,0
1,11613,0
1,11614,0
1,11619,0
1,11621,0
1,11623,0
1,11626,0
1,11629,0
1,11630,0
1,11635,0
1,11641,0
1,11644,0
1,11645,0
1,11646,0
1,11647,0
1,11648,0
1,11649,0
1,11654,0
1,11657,0
1,11658,0
1,11661,0
1,11664,0
1,11665,0
1,11669,0
1,11670,0
1,11671,0
1,11672,0
1,11673,0
1,11675,0
1,11685,0
1,11686,0
1,11689,0
1,11691,0
1,11692,0
1,11693,0
1,11694,0
1,11697,0
1,11699,0
1,11700,0
1,11703,0
1,11706,0
1,11710,0
1,11712,0
1,11718,0
1,11724,0
1,11726,0
1,11727,0
1,11731,0
1,11735,0
1,11737,0
1,11739,0
1,11741,0
1,11746,0
1,11748,0
1,11749,0
1,11751,0
1,11753,0
1,11756,0
1,11759,0
1,11760,0
1,11761,0
1,11763,0
1,11764,0
1,11765,0
1,11773,0
1,11774,0
1,11775,0
1,11778,0
1,11783,0
1,11787,0
1,11788,0
1,11789,0
1,11790,0
1,11792,0
1,11795,0
1,11801,0
1,11805,0
1,11808,0
1,11811,0
1,11820,0
1,11824,0
1,11826,0
1,11829,0
1,11830,0
1,11834,0
1,11849,0
1,11851,0
1,11855,0
1,11865,0
1,11870,0
1,11872,0
1,11877,0
1,11879,0
1,11882,0
1,11884,0
1,11896,0
1,11897,0
1,11899,0
1,11907,0
1,11927,0
1,11931,0
1,11937,0
1,11939,0
1,11943,0
1,11953,0
1,11981,0
1,12179,0
2,235,0
2,280,0
2,331,0
2,337,0
2,339,0
2,341,0
2,351,0
2,353,0
2,369,0
2,390,0
2,396,0
2,400,0
2,405,0
2,408,0
2,412,0
2,416,0
2,423,0
2,438,0
2,442,0
2,452,0
2,460,0
2,466,0
2,468,0
2,475,0
2,480,0
2,488,0
2,492,0
2,495,0
2,500,0
2,505,0
2,511,0
2,515,0
2,516,0
2,520,0
2,521,0
2,535,0
2,537,0
2,541,0
2,542,0
2,548,0
2,550,0
2,552,0
2,560,0
2,569,0
2,573,0
2,574,0
2,576,0
2,580,0
2,581,0
2,586,0
2,593,0
2,595,0
2,599,0
2,601,0
2,611,0
2,625,0
2,633,0
2,640,0
2,650,0
2,656,0
2,661,0
2,665,0
2,666,0
2,668,0
2,669,0
2,670,0
2,675,0
2,676,0
2,678,0
2,684,0
2,685,0
2,688,0
2,692,0
2,693,0
2,702,0
2,704,0
2,711,0
2,712,0
2,714,0
2,715,0
2,717,0
2,720,0
2,721,0
2,725,0
2,726,0
2,731,0
2,743,0
2,751,0
2,754,0
2,757,0
2,764,0
2,770,0
2,772,0
2,779,0
2,785,0
2,790,0
2,813,0
2,816,0
2,818,0
2,825,0
2,829,0
2,845,0
2,848,0
2,854,0
2,855,0
2,856,0
2,860,0
2,862,0
2,870,0
2,880,0
2,906,0
2,911,0
2,915,0
2,918,0
2,926,0
2,929,0
2,934,0
2,935,0
2,937,0
2,938,0
2,975,0
2,1000,0
2,1005,0
2,1006,0
2,1015,0
2,1022,0
2,1030,0
2,1031,0
2,1033,0
2,1048,0
2,1055,0
2,1069,0
2,1070,0
2,1097,0
2,1104,0
2,1106,0
2,1111,0
2,1118,0
2,1140,0
2,1148,0
2,1150,0
2,1153,0
2,1157,0
2,1162,0
2,1164,0
2,1168,0
2,1169,0
2,1173,0
2,1174,0
2,1178,0
2,1181,0
2,1184,0
2,1187,0
2,1198,0
2,1202,0
2,1205,0
2,1207,0
2,1216,0
2,1220,0
2,1229,0
2,1234,0
2,1235,0
2,1236,0
2,1238,0
2,1240,0
2,1248,0
2,1260,0
2,1262,0
2,1264,0
2,1265,0
2,1273,0
2,1275,0
2,1277,0
2,1294,0
2,1295,0
2,1302,0
2,1308,0
2,1309,0
2,1310,0
2,1311,0
2,1312,0
2,1325,0
2,1327,0
2,1336,0
2,1351,0
2,1352,0
2,1359,0
2,1361,0
2,1365,0
2,1369,0
2,1370,0
2,1372,0
2,1376,0
2,1378,0
2,1384,0
2,1385,0
2,1391,0
2,1392,0
2,1395,0
2,1397,0
2,1406,0
2,1415,0
2,1418,0
2,1421,0
2,1426,0
2,1429,0
2,1434,0
2,1438,0
2,1439,0
2,1441,0
2,1446,0
2,1452,0
2,1453,0
2,1461,0
2,1463,0
2,1471,0
2,1476,0
2,1478,0
2,1480,0
2,1482,0
2,1485,0
2,1486,0
2,1489,0
2,1505,0
2,1509,0
2,1518,0
2,1528,0
2,1529,0
2,1530,0
2,1532,0
2,1543,0
2,1563,0
2,1579,0
2,1592,0
2,1600,0
2,1606,0
2,1615,0
2,1623,0
2,1624,0
2,1625,0
2,1626,0
2,1630,0
2,1637,0
2,1644,0
2,1648,0
2,1650,0
2,1652,0
2,1653,0
2,1657,0
2,1662,0
2,1666,0
2,1669,0
2,1671,0
2,1679,0
2,1680,0
2,1685,0
2,1693,0
2,1697,0
2,1699,0
2,1703,0
2,1706,0
2,1707,0
2,1710,0
2,1714,0
2,1715,0
2,1723,0
2,1726,0
2,1738,0
2,1748,0
2,1753,0
2,1754,0
2,1759,0
2,1764,0
2,1768,0
2,1771,0
2,1782,0
2,1783,0
2,1784,0
2,1787,0
2,1796,0
2,1800,0
2,1801,0
2,1802,0
2,1807,0
2,1808,0
2,1810,0
2,1817,0
2,1818,0
2,1820,0
2,1822,0
2,1826,0
2,1827,0
2,1828,0
2,1830,0
2,1841,0
2,1842,0
2,1843,0
2,1849,0
2,1860,0
2,1861,0
2,1862,0
2,1864,0
2,1875,0
2,1877,0
2,1889,0
2,1890,0
2,1891,0
2,1895,0
2,1897,0
2,1899,0
2,1901,0
2,1903,0
2,1906,0
2,1908,0
2,1909,0
2,1920,0
2,1931,0
2,1932,0
2,1957,0
2,1961,0
2,1962,0
2,1963,0
2,1974,0
2,1976,0
2,1982,0
2,1996,0
2,2000,0
2,2015,0
2,2038,0
2,2042,0
2,2055,0
2,2060,0
2,2068,0
2,2075,0
2,2077,0
2,2080,0
2,2082,0
2,2084,0
2,2086,0
2,2108,0
2,2109,0
2,2130,0
2,2135,0
2,2147,0
2,2179,0
2,2211,0
2,2219,0
2,2220,0
2,2223,0
2,2225,0
2,2226,0
2,2235,0
2,2238,0
2,2239,0
2,2242,0
2,2269,0
2,2270,0
2,2272,0
2,2277,0
2,2281,0
2,2283,0
2,2286,0
2,2294,0
2,2297,0
2,2300,0
2,2307,0
2,2308,0
2,2311,0
2,2313,0
2,2314,0
2,2326,0
2,2343,0
2,2345,0
2,2346,0
2,2348,0
2,2358,0
2,2362,0
2,2366,0
2,2368,0
2,2372,0
2,2373,0
2,2376,0
2,2377,0
2,2388,0
2,2393,0
2,2394,0
2,2395,0
2,2399,0
2,2406,0
2,2407,0
2,2410,0
2,2413,0
2,2415,0
2,2416,0
2,2421,0
2,2425,0
2,2427,0
2,2434,0
2,2436,0
2,2458,0
2,2461,0
2,2469,0
2,2471,0
2,2473,0
2,2474,0
2,2477,0
2,2478,0
2,2479,0
2,2480,0
2,2483,0
2,2488,0
2,2491,0
2,2492,0
2,2500,0
2,2504,0
2,2515,0
2,2517,0
2,2523,0
2,2524,0
2,2525,0
2,2532,0
2,2534,0
2,2536,0
2,2542,0
2,2543,0
2,2550,0
2,2551,0
2,2553,0
2,2554,0
2,2557,0
2,2558,0
2,2565,0
2,2567,0
2,2568,0
2,2583,0
2,2601,0
2,2624,0
2,2671,0
2,2673,0
2,2683,0
2,2684,0
2,2687,0
2,2691,0
2,2700,0
2,2703,0
2,2712,0
2,2734,0
2,2736,0
2,2739,0
2,2742,0
2,2750,0
2,2752,0
2,2769,0
2,2804,0
2,2806,0
2,2813,0
2,2828,0
2,2834,0
2,2846,0
2,2862,0
2,2874,0
2,2881,0
2,2924,0
2,2934,0
2,2944,0
2,2981,0
2,3004,0
2,3033,0
2,3068,0
2,3069,0
2,3081,0
2,3121,0
2,3138,0
2,3170,0
2,3171,0
2,3192,0
2,3199,0
2,3204,0
2,3214,0
2,3225,0
2,3228,0
2,3238,0
2,3241,0
2,3244,0
2,3246,0
2,3247,0
2,3248,0
2,3251,0
2,3254,0
2,3257,0
2,3259,0
2,3260,0
2,3263,0
2,3266,0
2,3273,0
2,3284,0
2,3286,0
2,3289,0
2,3292,0
2,3302,0
2,3307,0
2,3313,0
2,3320,0
2,3330,0
2,3335,0
2,3343,0
2,3345,0
2,3347,0
2,3348,0
2,3349,0
2,3353,0
2,3354,0
2,3365,0
2,3369,0
2,3371,0
2,3372,0
2,3373,0
2,3375,0
2,3376,0
2,3378,0
2,3382,0
2,3384,0
2,3387,0
2,3389,0
2,3392,0
2,3395,0
2,3396,0
2,3402,0
2,3403,0
2,3404,0
2,3405,0
2,3408,0
2,3410,0
2,3411,0
2,3413,0
2,3415,0
2,3421,0
2,3423,0
2,3426,0
2,3439,0
2,3444,0
2,3447,0
2,3449,0
2,3455,0
2,3467,0
2,3470,0
2,3479,0
2,3480,0
2,3481,0
2,3482,0
2,3488,0
2,3496,0
2,3499,0
2,3504,0
2,3517,0
2,3520,0
2,3521,0
2,3527,0
2,3529,0
2,3530,0
2,3536,0
2,3542,0
2,3546,0
2,3547,0
2,3548,0
2,3551,0
2,3553,0
2,3554,0
2,3557,0
2,3560,0
2,3562,0
2,3563,0
2,3574,0
2,3577,0
2,3579,0
2,3581,0
2,3587,0
2,3592,0
2,3599,0
2,3605,0
2,3612,0
2,3616,0
2,3620,0
2,3625,0
2,3631,0
2,3635,0
2,3642,0
2,3647,0
2,3662,0
2,3663,0
2,3678,0
2,3681,0
2,3682,0
2,3686,0
2,3688,0
2,3692,0
2,3701,0
2,3703,0
2,3707,0
2,3708,0
2,3720,0
2,3723,0
2,3741,0
2,3762,0
2,3784,0
2,3824,0
2,3831,0
2,3832,0
2,3863,0
2,3887,0
2,3930,0
2,3974,0
2,3998,0
2,4007,0
2,4009,0
2,4015,0
2,4017,0
2,4050,0
2,4052,0
2,4054,0
2,4072,0
2,4074,0
2,4079,0
2,4085,0
2,4087,0
2,4090,0
2,4102,0
2,4105,0
2,4111,0
2,4115,0
2,4126,0
2,4128,0
2,4134,0
2,4140,0
2,4142,0
2,4148,0
2,4150,0
2,4154,0
2,4155,0
2,4156,0
2,4159,0
2,4161,0
2,4165,0
2,4170,0
2,4171,0
2,4173,0
2,4174,0
2,4176,0
2,4177,0
2,4178,0
2,4179,0
2,4181,0
2,4182,0
2,4188,0
2,4189,0
2,4197,0
2,4199,0
2,4200,0
2,4201,0
2,4202,0
2,4204,0
2,4205,0
2,4206,0
2,4209,0
2,4214,0
2,4217,0
2,4218,0
2,4221,0
2,4223,0
2,4226,0
2,4229,0
2,4237,0
2,4242,0
2,4244,0
2,4246,0
2,4247,0
2,4248,0
2,4251,0
2,4254,0
2,4255,0
2,4257,0
2,4258,0
2,4262,0
2,4265,0
2,4267,0
2,4269,0
2,4271,0
2,4272,0
2,4273,0
2,4276,0
2,4278,0
2,4280,0
2,4281,0
2,4285,0
2,4288,0
2,4289,0
2,4290,0
2,4292,0
2,4293,0
2,4294,0
2,4298,0
2,4300,0
2,4301,0
2,4302,0
2,4304,0
2,4305,0
2,4306,0
2,4307,0
2,4308,0
2,4310,0
2,4311,0
2,4314,0
2,4319,0
2,4320,0
2,4322,0
2,4323,0
2,4325,0
2,4328,0
2,4329,0
2,4330,0
2,4331,0
2,4332,0
2,4337,0
2,4338,0
2,4340,0
2,4343,0
2,4344,0
2,4347,0
2,4349,0
2,4350,0
2,4351,0
2,4353,0
2,4359,0
2,4360,0
2,4363,0
2,4366,0
2,4367,0
2,4368,0
2,4369,0
2,4370,0
2,4371,0
2,4375,0
2,4376,0
2,4377,0
2,4378,0
2,4379,0
2,4383,0
2,4385,0
2,4386,0
2,4387,0
2,4389,0
2,4391,0
2,4393,0
2,4394,0
2,4395,0
2,4397,0
2,4398,0
2,4399,0
2,4401,0
2,4402,0
2,4403,0
2,4404,0
2,4405,0
2,4406,0
2,4407,0
2,4409,0
2,4410,0
2,4414,0
2,4419,0
2,4421,0
2,4422,0
2,4423,0
2,4425,0
2,4426,0
2,4427,0
2,4428,0
2,4429,0
2,4431,0
2,4433,0
2,4437,0
2,4439,0
2,4440,0
2,4441,0
2,4443,0
2,4448,0
2,4449,0
2,4451,0
2,4452,0
2,4453,0
2,4455,0
2,4458,0
2,4461,0
2,4462,0
2,4468,0
2,4469,0
2,4474,0
2,4476,0
2,4479,0
2,4484,0
2,4487,0
2,4488,0
2,4490,0
2,4492,0
2,4493,0
2,4496,0
2,4497,0
2,4498,0
2,4499,0
2,4500,0
2,4501,0
2,4524,0
2,4529,0
2,4530,0
2,4535,0
2,4540,0
2,4544,0
2,4546,0
2,4549,0
2,4550,0
2,4551,0
2,4571,0
2,4584,0
2,4585,0
2,4589,0
2,4594,0
2,4606,0
2,4614,0
2,4619,0
2,4620,0
2,4622,0
2,4623,0
2,4627,0
2,4632,0
2,4637,0
2,4642,0
2,4644,0
2,4647,0
2,4649,0
2,4652,0
2,4668,0
2,4673,0
2,4680,0
2,4681,0
2,4685,0
2,4686,0
2,4691,0
2,4732,0
2,4737,0
2,4742,0
2,4759,0
2,4764,0
2,4766,0
2,4820,0
2,4825,0
2,4830,0
2,4835,0
2,4909,0
2,4911,0
2,4920,0
2,4925,0
2,5012,0
2,5017,0
2,5020,0
2,5025,0
2,5075,0
2,5080,0
2,5084,0
2,5132,0
2,5172,0
2,5199,0
2,5209,0
2,5217,0
2,5218,0
2,5220,0
2,5221,0
2,5223,0
2,5226,0
2,5230,0
2,5231,0
2,5254,0
2,5260,0
2,5264,0
2,5267,0
2,5268,0
2,5272,0
2,5277,0
2,5291,0
2,5307,0
2,5315,0
2,5321,0
2,5338,0
2,5340,0
2,5352,0
2,5372,0
2,5375,0
2,5385,0
2,5386,0
2,5396,0
2,5409,0
2,5415,0
2,5420,0
2,5428,0
2,5432,0
2,5437,0
2,5438,0
2,5445,0
2,5474,0
2,5475,0
2,5493,0
2,5497,0
2,5499,0
2,5500,0
2,5522,0
2,5524,0
2,5542,0
2,5545,0
2,5546,0
2,5547,0
2,5570,0
2,5595,0
2,5605,0
2,5618,0
2,5641,0
2,5651,0
2,5655,0
2,5686,0
2,5709,0
2,5752,0
2,5789,0
2,5794,0
2,5817,0
2,5884,0
2,5895,0
2,5969,0
2,6035,0
2,6041,0
2,6046,0
2,6051,0
2,6052,0
2,6056,0
2,6057,0
2,6062,0
2,6068,0
2,6073,0
2,6078,0
2,6091,0
2,6092,0
2,6116,0
2,6118,0
2,6125,0
2,6126,0
2,6127,0
2,6143,0
2,6153,0
2,6157,0
2,6162,0
2,6165,0
2,6168,0
2,6171,0
2,6182,0
2,6187,0
2,6207,0
2,6209,0
2,6220,0
2,6225,0
2,6227,0
2,6232,0
2,6240,0
2,6248,0
2,6253,0
2,6254,0
2,6256,0
2,6258,0
2,6260,0
2,6261,0
2,6268,0
2,6272,0
2,6275,0
2,6277,0
2,6305,0
2,6310,0
2,6311,0
2,6320,0
2,6324,0
2,6329,0
2,6333,0
2,6334,0
2,6335,0
2,6342,0
2,6352,0
2,6361,0
2,6365,0
2,6367,0
2,6371,0
2,6377,0
2,6396,0
2,6400,0
2,6401,0
2,6404,0
2,6407,0
2,6412,0
2,6415,0
2,6416,0
2,6419,0
2,6423,0
2,6424,0
2,6427,0
2,6428,0
2,6435,0
2,6444,0
2,6446,0
2,6448,0
2,6451,0
2,6453,0
2,6454,0
2,6458,0
2,6464,0
2,6466,0
2,6467,0
2,6469,0
2,6472,0
2,6477,0
2,6478,0
2,6479,0
2,6482,0
2,6489,0
2,6496,0
2,6501,0
2,6514,0
2,6522,0
2,6533,0
2,6536,0
2,6537,0
2,6548,0
2,6553,0
2,6571,0
2,6573,0
2,6575,0
2,6576,0
2,6579,0
2,6584,0
2,6587,0
2,6592,0
2,6594,0
2,6596,0
2,6597,0
2,6609,0
2,6611,0
2,6612,0
2,6618,0
2,6620,0
2,6635,0
2,6639,0
2,6646,0
2,6654,0
2,6659,0
2,6673,0
2,6677,0
2,6690,0
2,6691,0
2,6695,0
2,6696,0
2,6698,0
2,6699,0
2,6703,0
2,6704,0
2,6706,0
2,6711,0
2,6712,0
2,6717,0
2,6722,0
2,6735,0
2,6739,0
2,6742,0
2,6744,0
2,6749,0
2,6753,0
2,6762,0
2,6764,0
2,6768,0
2,6769,0
2,6775,0
2,6776,0
2,6790,0
2,6792,0
2,6793,0
2,6794,0
2,6796,0
2,6797,0
2,6798,0
2,6800,0
2,6806,0
2,6807,0
2,6810,0
2,6819,0
2,6821,0
2,6822,0
2,6824,0
2,6825,0
2,6837,0
2,6839,0
2,6842,0
2,6843,0
2,6847,0
2,6848,0
2,6855,0
2,6858,0
2,6859,0
2,6861,0
2,6865,0
2,6873,0
2,6874,0
2,6875,0
2,6880,0
2,6885,0
2,6886,0
2,6893,0
2,6898,0
2,6900,0
2,6905,0
2,6910,0
2,6911,0
2,6914,0
2,6915,0
2,6916,0
2,6919,0
2,6921,0
2,6925,0
2,6926,0
2,6927,0
2,6928,0
2,6931,0
2,6932,0
2,6933,0
2,6935,0
2,6936,0
2,6937,0
2,6940,0
2,6945,0
2,6946,0
2,6950,0
2,6954,0
2,6955,0
2,6957,0
2,6958,0
2,6959,0
2,6961,0
2,6962,0
2,6968,0
2,6971,0
2,6972,0
2,6974,0
2,6976,0
2,6977,0
2,6980,0
2,6985,0
2,6988,0
2,6994,0
2,6999,0
2,7001,0
2,7005,0
2,7011,0
2,7015,0
2,7020,0
2,7021,0
2,7022,0
2,7023,0
2,7027,0
2,7031,0
2,7042,0
2,7043,0
2,7049,0
2,7054,0
2,7072,0
2,7079,0
2,7086,0
2,7091,0
2,7101,0
2,7103,0
2,7107,0
2,7115,0
2,7116,0
2,7125,0
2,7129,0
2,7136,0
2,7144,0
2,7148,0
2,7163,0
2,7164,0
2,7167,0
2,7169,0
2,7183,0
2,7192,0
2,7193,0
2,7196,0
2,7202,0
2,7214,0
2,7220,0
2,7227,0
2,7229,0
2,7242,0
2,7262,0
2,7263,0
2,7282,0
2,7292,0
2,7294,0
2,7297,0
2,7310,0
2,7342,0
2,7344,0
2,7385,0
2,7389,0
2,7391,0
2,7398,0
2,7422,0
2,7431,0
2,7433,0
2,7450,0
2,7454,0
2,7459,0
2,7470,0
2,7478,0
2,7480,0
2,7482,0
2,7484,0
2,7487,0
2,7488,0
2,7489,0
2,7506,0
2,7507,0
2,7509,0
2,7515,0
2,7517,0
2,7526,0
2,7529,0
2,7530,0
2,7537,0
2,7544,0
2,7547,0
2,7555,0
2,7560,0
2,7567,0
2,7573,0
2,7579,0
2,7582,0
2,7593,0
2,7594,0
2,7598,0
2,7603,0
2,7606,0
2,7609,0
2,7618,0
2,7619,0
2,7625,0
2,7635,0
2,7637,0
2,7638,0
2,7645,0
2,7646,0
2,7650,0
2,7653,0
2,7655,0
2,7661,0
2,7663,0
2,7664,0
2,7665,0
2,7667,0
2,7669,0
2,7672,0
2,7674,0
2,7675,0
2,7678,0
2,7684,0
2,7685,0
2,7686,0
2,7688,0
2,7689,0
2,7690,0
2,7693,0
2,7694,0
2,7695,0
2,7696,0
2,7699,0
2,7702,0
2,7705,0
2,7706,0
2,7707,0
2,7709,0
2,7714,0
2,7716,0
2,7720,0
2,7721,0
2,7722,0
2,7723,0
2,7724,0
2,7726,0
2,7727,0
2,7728,0
2,7735,0
2,7737,0
2,7739,0
2,7740,0
2,7742,0
2,7744,0
2,7746,0
2,7752,0
2,7756,0
2,7757,0
2,7760,0
2,7762,0
2,7764,0
2,7767,0
2,7768,0
2,7769,0
2,7774,0
2,7775,0
2,7778,0
2,7779,0
2,7782,0
2,7785,0
2,7787,0
2,7792,0
2,7798,0
2,7800,0
2,7802,0
2,7814,0
2,7815,0
2,7816,0
2,7817,0
2,7818,0
2,7819,0
2,7820,0
2,7824,0
2,7826,0
2,7828,0
2,7829,0
2,7835,0
2,7836,0
2,7838,0
2,7840,0
2,7841,0
2,7843,0
2,7847,0
2,7848,0
2,7852,0
2,7853,0
2,7858,0
2,7865,0
2,7866,0
2,7868,0
2,7869,0
2,7872,0
2,7873,0
2,7874,0
2,7875,0
2,7877,0
2,7878,0
2,7883,0
2,7884,0
2,7885,0
2,7900,0
2,7905,0
2,7907,0
2,7913,0
2,7917,0
2,7919,0
2,7927,0
2,7929,0
2,7930,0
2,7933,0
2,7935,0
2,7947,0
2,7948,0
2,7951,0
2,7957,0
2,7962,0
2,7963,0
2,7964,0
2,7965,0
2,7966,0
2,7975,0
2,7976,0
2,7978,0
2,7986,0
2,7987,0
2,7988,0
2,7992,0
2,7998,0
2,8002,0
2,8010,0
2,8013,0
2,8015,0
2,8023,0
2,8030,0
2,8061,0
2,8065,0
2,8077,0
2,8078,0
2,8095,0
2,8108,0
2,8120,0
2,8121,0
2,8132,0
2,8170,0
2,8174,0
2,8184,0
2,8190,0
2,8202,0
2,8234,0
2,8246,0
2,8252,0
2,8298,0
2,8320,0
2,8374,0
2,8379,0
2,8399,0
2,8406,0
2,8439,0
2,8441,0
2,8442,0
2,8446,0
2,8483,0
2,8484,0
2,8495,0
2,8512,0
2,8573,0
2,8661,0
2,9906,0
2,10000,0
2,10030,0
2,10100,0
2,10230,0
2,10237,0
2,10264,0
2,10283,0
2,10316,0
2,10340,0
2,10346,0
2,10357,0
2,10366,0
2,10389,0
2,10421,0
2,10451,0
2,10461,0
2,10463,0
2,10468,0
2,10476,0
2,10479,0
2,10481,0
2,10504,0
2,10505,0
2,10506,0
2,10518,0
2,10525,0
2,10526,0
2,10533,0
2,10549,0
2,10553,0
2,10555,0
2,10562,0
2,10573,0
2,10582,0
2,10584,0
2,10604,0
2,10609,0
2,10611,0
2,10612,0
2,10627,0
2,10630,0
2,10634,0
2,10638,0
2,10640,0
2,10650,0
2,10654,0
2,10655,0
2,10657,0
2,10668,0
2,10669,0
2,10673,0
2,10677,0
2,10679,0
2,10685,0
2,10691,0
2,10692,0
2,10694,0
2,10695,0
2,10696,0
2,10704,0
2,10706,0
2,10715,0
2,10720,0
2,10724,0
2,10733,0
2,10734,0
2,10735,0
2,10744,0
2,10746,0
2,10749,0
2,10752,0
2,10753,0
2,10757,0
2,10758,0
2,10760,0
2,10765,0
2,10770,0
2,10780,0
2,10781,0
2,10785,0
2,10789,0
2,10795,0
2,10802,0
2,10805,0
2,10807,0
2,10817,0
2,10820,0
2,10821,0
2,10824,0
2,10826,0
2,10830,0
2,10831,0
2,10832,0
2,10834,0
2,10838,0
2,10839,0
2,10843,0
2,10844,0
2,10848,0
2,10853,0
2,10856,0
2,10857,0
2,10865,0
2,10867,0
2,10869,0
2,10875,0
2,10878,0
2,10879,0
2,10886,0
2,10890,0
2,10894,0
2,10903,0
2,10904,0
2,10915,0
2,10917,0
2,10921,0
2,10927,0
2,10941,0
2,10960,0
2,10968,0
2,10975,0
2,10981,0
2,10987,0
2,10993,0
2,10998,0
2,11000,0
2,11003,0
2,11004,0
2,11005,0
2,11028,0
2,11030,0
2,11035,0
2,11045,0
2,11062,0
2,11082,0
2,11095,0
2,11119,0
2,11141,0
2,11144,0
2,11192,0
2,11264,0
2,11296,0
2,11379,0
2,11414,0
2,11452,0
2,11499,0
2,11500,0
2,11517,0
2,11520,0
2,11521,0
2,11533,0
2,11556,0
2,11559,0
2,11566,0
2,11584,0
2,11586,0
2,11593,0
2,11600,0
2,11612,0
2,11616,0
2,11618,0
2,11633,0
2,11636,0
2,11647,0
2,11651,0
2,11657,0
2,11658,0
2,11668,0
2,11670,0
2,11676,0
2,11682,0
2,11693,0
2,11695,0
2,11700,0
2,11701,0
2,11707,0
2,11713,0
2,11715,0
2,11723,0
2,11725,0
2,11732,0
2,11733,0
2,11734,0
2,11735,0
2,11740,0
2,11742,0
2,11748,0
2,11750,0
2,11753,0
2,11756,0
2,11760,0
2,11762,0
2,11763,0
2,11765,0
2,11766,0
2,11767,0
2,11771,0
2,11772,0
2,11775,0
2,11779,0
2,11780,0
2,11782,0
2,11785,0
2,11796,0
2,11797,0
2,11800,0
2,11801,0
2,11804,0
2,11806,0
2,11807,0
2,11810,0
2,11812,0
2,11814,0
2,11816,0
2,11826,0
2,11837,0
2,11838,0
2,11839,0
2,11842,0
2,11844,0
2,11850,0
2,11851,0
2,11854,0
2,11857,0
2,11858,0
2,11867,0
2,11872,0
2,11878,0
2,11879,0
2,11886,0
2,11891,0
2,11893,0
2,11895,0
2,11898,0
2,11900,0
2,11903,0
2,11906,0
2,11909,0
2,11914,0
2,11915,0
2,11921,0
2,11922,0
2,11925,0
2,11928,0
2,11929,0
2,11930,0
2,11932,0
2,11934,0
2,11937,0
2,11942,0
2,11945,0
2,11948,0
2,11954,0
2,11958,0
2,11964,0
2,11965,0
2,11973,0
2,11981,0
2,11984,0
2,11990,0
2,11992,0
2,11993,0
2,11994,0
2,12005,0
2,12018,0
2,12019,0
2,12024,0
2,12025,0
2,12026,0
2,12038,0
2,12049,0
2,12056,0
2,12060,0
2,12072,0
2,12073,0
2,12082,0
2,12085,0
2,12090,0
2,12094,0
2,12095,0
2,12101,0
2,12104,0
2,12105,0
2,12110,0
2,12125,0
2,12126,0
2,12129,0
2,12133,0
2,12136,0
2,12145,0
2,12154,0
2,12155,0
2,12167,0
2,12172,0
2,12183,0
2,12185,0
2,12187,0
2,12189,0
2,12190,0
2,12195,0
2,12197,0
2,12199,0
2,12218,0
2,12221,0
2,12226,0
2,12230,0
2,12234,0
2,12236,0
2,12240,0
2,12275,0
2,12285,0
2,12287,0
3,14,0
3,27,0
3,37,0
3,39,0
3,51,0
3,64,0
3,84,0
3,85,0
3,124,0
3,131,0
3,140,0
3,142,0
3,144,0
3,160,0
3,162,0
3,166,0
3,173,0
3,179,0
3,182,0
3,199,0
3,206,0
3,210,0
3,217,0
3,220,0
3,227,0
3,234,0
3,235,0
3,242,0
3,257,0
3,268,0
3,270,0
3,274,0
3,275,0
3,284,0
3,295,0
3,296,0
3,298,0
3,304,0
3,311,0
3,313,0
3,318,0
3,322,0
3,323,0
3,332,0
3,333,0
3,335,0
3,343,0
3,344,0
3,345,0
3,346,0
3,347,0
3,350,0
3,357,0
3,359,0
3,361,0
3,366,0
3,369,0
3,375,0
3,376,0
3,377,0
3,382,0
3,391,0
3,394,0
3,398,0
3,406,0
3,414,0
3,415,0
3,417,0
3,421,0
3,423,0
3,424,0
3,425,0
3,428,0
3,442,0
3,443,0
3,445,0
3,448,0
3,452,0
3,457,0
3,458,0
3,461,0
3,465,0
3,469,0
3,470,0
3,481,0
3,482,0
3,484,0
3,488,0
3,491,0
3,492,0
3,494,0
3,497,0
3,505,0
3,509,0
3,510,0
3,512,0
3,514,0
3,518,0
3,520,0
3,522,0
3,526,0
3,527,0
3,530,0
3,531,0
3,532,0
3,535,0
3,537,0
3,541,0
3,547,0
3,548,0
3,550,0
3,557,0
3,559,0
3,560,0
3,561,0
3,564,0
3,568,0
3,571,0
3,579,0
3,587,0
3,593,0
3,599,0
3,606,0
3,608,0
3,609,0
3,618,0
3,620,0
3,621,0
3,626,0
3,629,0
3,630,0
3,638,0
3,640,0
3,645,0
3,658,0
3,659,0
3,662,0
3,676,0
3,678,0
3,685,0
3,689,0
3,693,0
3,698,0
3,704,0
3,713,0
3,715,0
3,721,0
3,725,0
3,728,0
3,733,0
3,734,0
3,736,0
3,756,0
3,760,0
3,771,0
3,780,0
3,781,0
3,789,0
3,794,0
3,799,0
3,811,0
3,812,0
3,823,0
3,830,0
3,833,0
3,858,0
3,861,0
3,862,0
3,869,0
3,883,0
3,915,0
3,921,0
3,944,0
3,947,0
3,952,0
3,967,0
3,981,0
3,991,0
3,993,0
3,995,0
3,1002,0
3,1006,0
3,1007,0
3,1014,0
3,1020,0
3,1029,0
3,1044,0
3,1045,0
3,1059,0
3,1082,0
3,1087,0
3,1096,0
3,1101,0
3,1107,0
3,1116,0
3,1120,0
3,1121,0
3,1125,0
3,1144,0
3,1163,0
3,1170,0
3,1172,0
3,1173,0
3,1176,0
3,1178,0
3,1183,0
3,1184,0
3,1186,0
3,1191,0
3,1202,0
3,1220,0
3,1227,0
3,1231,0
3,1232,0
3,1233,0
3,1234,0
3,1237,0
3,1245,0
3,1253,0
3,1260,0
3,1264,0
3,1274,0
3,1276,0
3,1279,0
3,1284,0
3,1285,0
3,1295,0
3,1302,0
3,1306,0
3,1307,0
3,1311,0
3,1313,0
3,1323,0
3,1326,0
3,1327,0
3,1330,0
3,1333,0
3,1339,0
3,1340,0
3,1346,0
3,1348,0
3,1350,0
3,1355,0
3,1357,0
3,1361,0
3,1362,0
3,1367,0
3,1374,0
3,1375,0
3,1376,0
3,1378,0
3,1379,0
3,1380,0
3,1381,0
3,1382,0
3,1388,0
3,1390,0
3,1397,0
3,1398,0
3,1401,0
3,1405,0
3,1413,0
3,1414,0
3,1415,0
3,1416,0
3,1425,0
3,1430,0
3,1432,0
3,1433,0
3,1438,0
3,1444,0
3,1446,0
3,1451,0
3,1455,0
3,1457,0
3,1459,0
3,1461,0
3,1463,0
3,1464,0
3,1465,0
3,1469,0
3,1470,0
3,1472,0
3,1473,0
3,1481,0
3,1483,0
3,1484,0
3,1485,0
3,1486,0
3,1490,0
3,1492,0
3,1494,0
3,1495,0
3,1496,0
3,1503,0
3,1506,0
3,1508,0
3,1513,0
3,1517,0
3,1518,0
3,1521,0
3,1522,0
3,1526,0
3,1527,0
3,1530,0
3,1531,0
3,1573,0
3,1676,0
3,1680,0
3,1700,0
3,1706,0
3,1715,0
3,1728,0
3,1739,0
3,1748,0
3,1755,0
3,1760,0
3,1804,0
3,1812,0
3,1813,0
3,1816,0
3,1817,0
3,1851,0
3,1856,0
3,1869,0
3,1879,0
3,1885,0
3,1886,0
3,1895,0
3,1900,0
3,1901,0
3,1902,0
3,1903,0
3,1905,0
3,1907,0
3,1909,0
3,1921,0
3,1923,0
3,1927,0
3,1939,0
3,1945,0
3,1950,0
3,1959,0
3,1960,0
3,1961,0
3,1962,0
3,1964,0
3,1966,0
3,1969,0
3,1970,0
3,1971,0
3,1976,0
3,1978,0
3,1979,0
3,1984,0
3,1988,0
3,1993,0
3,1996,0
3,1998,0
3,2005,0
3,2007,0
3,2013,0
3,2014,0
3,2015,0
3,2016,0
3,2018,0
3,2019,0
3,2024,0
3,2027,0
3,2028,0
3,2030,0
3,2033,0
3,2034,0
3,2038,0
3,2046,0
3,2053,0
3,2056,0
3,2060,0
3,2061,0
3,2063,0
3,2065,0
3,2068,0
3,2073,0
3,2076,0
3,2078,0
3,2081,0
3,2082,0
3,2083,0
3,2084,0
3,2086,0
3,2087,0
3,2091,0
3,2096,0
3,2097,0
3,2099,0
3,2100,0
3,2102,0
3,2103,0
3,2104,0
3,2109,0
3,2110,0
3,2112,0
3,2113,0
3,2115,0
3,2116,0
3,2120,0
3,2122,0
3,2124,0
3,2125,0
3,2127,0
3,2128,0
3,2129,0
3,2131,0
3,2132,0
3,2133,0
3,2134,0
3,2136,0
3,2138,0
3,2140,0
3,2141,0
3,2143,0
3,2145,0
3,2146,0
3,2148,0
3,2151,0
3,2156,0
3,2158,0
3,2160,0
3,2161,0
3,2164,0
3,2165,0
3,2167,0
3,2169,0
3,2170,0
3,2172,0
3,2174,0
3,2176,0
3,2179,0
3,2181,0
3,2183,0
3,2184,0
3,2185,0
3,2186,0
3,2187,0
3,2188,0
3,2189,0
3,2190,0
3,2191,0
3,2193,0
3,2194,0
3,2195,0
3,2196,0
3,2197,0
3,2198,0
3,2201,0
3,2202,0
3,2203,0
3,2204,0
3,2205,0
3,2206,0
3,2209,0
3,2210,0
3,2211,0
3,2212,0
3,2214,0
3,2215,0
3,2217,0
3,2218,0
3,2220,0
3,2221,0
3,2223,0
3,2225,0
3,2226,0
3,2230,0
3,2232,0
3,2234,0
3,2235,0
3,2237,0
3,2238,0
3,2239,0
3,2240,0
3,2241,0
3,2242,0
3,2244,0
3,2245,0
3,2247,0
3,2248,0
3,2249,0
3,2252,0
3,2253,0
3,2254,0
3,2255,0
3,2256,0
3,2257,0
3,2258,0
3,2259,0
3,2261,0
3,2262,0
3,2264,0
3,2265,0
3,2266,0
3,2267,0
3,2268,0
3,2269,0
3,2270,0
3,2271,0
3,2273,0
3,2275,0
3,2276,0
3,2277,0
3,2282,0
3,2285,0
3,2286,0
3,2287,0
3,2288,0
3,2289,0
3,2290,0
3,2294,0
3,2295,0
3,2296,0
3,2297,0
3,2298,0
3,2299,0
3,2300,0
3,2303,0
3,2304,0
3,2305,0
3,2307,0
3,2308,0
3,2309,0
3,2310,0
3,2311,0
3,2312,0
3,2313,0
3,2314,0
3,2318,0
3,2319,0
3,2320,0
3,2322,0
3,2325,0
3,2326,0
3,2327,0
3,2328,0
3,2333,0
3,2335,0
3,2336,0
3,2338,0
3,2339,0
3,2340,0
3,2343,0
3,2344,0
3,2345,0
3,2346,0
3,2347,0
3,2348,0
3,2349,0
3,2350,0
3,2351,0
3,2353,0
3,2354,0
3,2355,0
3,2356,0
3,2357,0
3,2358,0
3,2359,0
3,2360,0
3,2361,0
3,2362,0
3,2365,0
3,2367,0
3,2368,0
3,2369,0
3,2370,0
3,2374,0
3,2375,0
3,2376,0
3,2377,0
3,2378,0
3,2380,0
3,2382,0
3,2383,0
3,2384,0
3,2385,0
3,2387,0
3,2388,0
3,2389,0
3,2391,0
3,2393,0
3,2394,0
3,2395,0
3,2397,0
3,2399,0
3,2401,0
3,2402,0
3,2404,0
3,2405,0
3,2406,0
3,2407,0
3,2408,0
3,2410,0
3,2414,0
3,2416,0
3,2417,0
3,2418,0
3,2422,0
3,2423,0
3,2425,0
3,2433,0
3,2435,0
3,2438,0
3,2440,0
3,2443,0
3,2444,0
3,2445,0
3,2449,0
3,2451,0
3,2454,0
3,2460,0
3,2462,0
3,2464,0
3,2468,0
3,2470,0
3,2474,0
3,2476,0
3,2479,0
3,2482,0
3,2483,0
3,2484,0
3,2488,0
3,2489,0
3,2490,0
3,2493,0
3,2495,0
3,2498,0
3,2500,0
3,2511,0
3,2514,0
3,2521,0
3,2524,0
3,2534,0
3,2538,0
3,2564,0
3,2565,0
3,2570,0
3,2576,0
3,2585,0
3,2594,0
3,2598,0
3,2599,0
3,2611,0
3,2622,0
3,2662,0
3,2663,0
3,2732,0
3,2735,0
3,2776,0
3,2781,0
3,2802,0
3,2819,0
3,2840,0
3,2895,0
3,2904,0
3,2912,0
3,2929,0
3,2946,0
3,2956,0
3,2971,0
3,2974,0
3,2999,0
3,3013,0
3,3028,0
3,3099,0
3,3120,0
3,3132,0
3,3135,0
3,3145,0
3,3150,0
3,3241,0
3,3331,0
3,3336,0
3,3352,0
3,3371,0
3,3372,0
3,3376,0
3,3395,0
3,3446,0
3,3452,0
3,3458,0
3,3460,0
3,3486,0
3,3502,0
3,3508,0
3,3514,0
3,3518,0
3,3532,0
3,3535,0
3,3541,0
3,3556,0
3,3565,0
3,3574,0
3,3577,0
3,3581,0
3,3586,0
3,3592,0
3,3595,0
3,3600,0
3,3606,0
3,3611,0
3,3616,0
3,3618,0
3,3619,0
3,3624,0
3,3628,0
3,3630,0
3,3631,0
3,3632,0
3,3642,0
3,3651,0
3,3658,0
3,3665,0
3,3669,0
3,3670,0
3,3674,0
3,3679,0
3,3682,0
3,3689,0
3,3690,0
3,3694,0
3,3701,0
3,3711,0
3,3714,0
3,3726,0
3,3729,0
3,3736,0
3,3737,0
3,3745,0
3,3765,0
3,3766,0
3,3778,0
3,3785,0
3,3788,0
3,3790,0
3,3791,0
3,3793,0
3,3794,0
3,3796,0
3,3797,0
3,3801,0
3,3803,0
3,3807,0
3,3808,0
3,3813,0
3,3816,0
3,3826,0
3,3828,0
3,3830,0
3,3831,0
3,3836,0
3,3837,0
3,3842,0
3,3850,0
3,3852,0
3,3853,0
3,3854,0
3,3857,0
3,3860,0
3,3861,0
3,3865,0
3,3868,0
3,3870,0
3,3872,0
3,3875,0
3,3884,0
3,3885,0
3,3886,0
3,3887,0
3,3889,0
3,3895,0
3,3898,0
3,3899,0
3,3904,0
3,3905,0
3,3906,0
3,3907,0
3,3908,0
3,3916,0
3,3917,0
3,3920,0
3,3930,0
3,3931,0
3,3934,0
3,3946,0
3,3969,0
3,3970,0
3,3971,0
3,3972,0
3,3973,0
3,3977,0
3,3980,0
3,3992,0
3,3996,0
3,4000,0
3,4006,0
3,4009,0
3,4015,0
3,4019,0
3,4020,0
3,4022,0
3,4025,0
3,4027,0
3,4039,0
3,4044,0
3,4072,0
3,4073,0
3,4101,0
3,4119,0
3,4121,0
3,4141,0
3,4152,0
3,4159,0
3,4163,0
3,4195,0
3,4227,0
3,4252,0
3,4254,0
3,4266,0
3,4277,0
3,4295,0
3,4311,0
3,4343,0
3,4351,0
3,4393,0
3,4394,0
3,4397,0
3,4405,0
3,4406,0
3,4413,0
3,4419,0
3,4423,0
3,4427,0
3,4440,0
3,4445,0
3,4449,0
3,4458,0
3,4470,0
3,4476,0
3,4523,0
3,4536,0
3,4540,0
3,4560,0
3,4574,0
3,4617,0
3,4626,0
3,4670,0
3,4675,0
3,4680,0
3,4695,0
3,4719,0
3,4724,0
3,4749,0
3,4757,0
3,4826,0
3,4841,0
3,4849,0
3,4904,0
3,4907,0
3,4973,0
3,4998,0
3,5338,0
3,5355,0
3,5378,0
3,5431,0
3,5450,0
3,5496,0
3,5505,0
3,5540,0
3,5546,0
3,5551,0
3,5585,0
3,5590,0
3,5597,0
3,5600,0
3,5633,0
3,5637,0
3,5641,0
3,5646,0
3,5648,0
3,5649,0
3,5652,0
3,5653,0
3,5663,0
3,5670,0
3,5675,0
3,5677,0
3,5681,0
3,5685,0
3,5691,0
3,5700,0
3,5704,0
3,5705,0
3,5717,0
3,5724,0
3,5728,0
3,5730,0
3,5731,0
3,5732,0
3,5733,0
3,5743,0
3,5744,0
3,5745,0
3,5747,0
3,5749,0
3,5750,0
3,5752,0
3,5757,0
3,5760,0
3,5768,0
3,5779,0
3,5785,0
3,5791,0
3,5794,0
3,5796,0
3,5800,0
3,5802,0
3,5804,0
3,5805,0
3,5806,0
3,5807,0
3,5808,0
3,5810,0
3,5811,0
3,5813,0
3,5814,0
3,5822,0
3,5823,0
3,5832,0
3,5838,0
3,5840,0
3,5841,0
3,5845,0
3,5854,0
3,5855,0
3,5859,0
3,5864,0
3,5865,0
3,5874,0
3,5875,0
3,5877,0
3,5882,0
3,5884,0
3,5885,0
3,5890,0
3,5895,0
3,5896,0
3,5897,0
3,5903,0
3,5907,0
3,5917,0
3,5918,0
3,5920,0
3,5921,0
3,5924,0
3,5926,0
3,5927,0
3,5931,0
3,5933,0
3,5936,0
3,5937,0
3,5941,0
3,5946,0
3,5947,0
3,5948,0
3,5951,0
3,5956,0
3,5961,0
3,5966,0
3,5967,0
3,5970,0
3,5975,0
3,5978,0
3,5979,0
3,5980,0
3,5981,0
3,5983,0
3,5993,0
3,5996,0
3,6006,0
3,6008,0
3,6011,0
3,6019,0
3,6021,0
3,6022,0
3,6023,0
3,6028,0
3,6033,0
3,6035,0
3,6036,0
3,6044,0
3,6045,0
3,6051,0
3,6055,0
3,6061,0
3,6062,0
3,6075,0
3,6079,0
3,6097,0
3,6099,0
3,6107,0
3,6110,0
3,6113,0
3,6114,0
3,6123,0
3,6128,0
3,6132,0
3,6134,0
3,6143,0
3,6164,0
3,6178,0
3,6182,0
3,6189,0
3,6199,0
3,6207,0
3,6216,0
3,6226,0
3,6243,0
3,6282,0
3,6289,0
3,6342,0
3,6357,0
3,6362,0
3,6379,0
3,6396,0
3,6419,0
3,6450,0
3,6471,0
3,6475,0
3,6481,0
3,6483,0
3,6486,0
3,6491,0
3,6493,0
3,6496,0
3,6503,0
3,6507,0
3,6512,0
3,6513,0
3,6517,0
3,6524,0
3,6526,0
3,6529,0
3,6534,0
3,6538,0
3,6541,0
3,6542,0
3,6543,0
3,6544,0
3,6546,0
3,6549,0
3,6550,0
3,6554,0
3,6555,0
3,6557,0
3,6564,0
3,6567,0
3,6573,0
3,6574,0
3,6576,0
3,6577,0
3,6582,0
3,6583,0
3,6585,0
3,6588,0
3,6590,0
3,6593,0
3,6595,0
3,6596,0
3,6601,0
3,6602,0
3,6603,0
3,6605,0
3,6612,0
3,6616,0
3,6617,0
3,6618,0
3,6619,0
3,6620,0
3,6623,0
3,6624,0
3,6625,0
3,6626,0
3,6628,0
3,6637,0
3,6643,0
3,6644,0
3,6646,0
3,6647,0
3,6654,0
3,6658,0
3,6661,0
3,6663,0
3,6664,0
3,6667,0
3,6668,0
3,6670,0
3,6683,0
3,6689,0
3,6698,0
3,6699,0
3,6700,0
3,6703,0
3,6710,0
3,6724,0
3,6733,0
3,6741,0
3,6746,0
3,6751,0
3,6765,0
3,6766,0
3,6776,0
3,6782,0
3,6794,0
3,6799,0
3,6803,0
3,6833,0
3,6839,0
3,6847,0
3,6853,0
3,6862,0
3,6872,0
3,6890,0
3,6911,0
3,6917,0
3,6933,0
3,7033,0
3,7039,0
3,7066,0
3,7079,0
3,7081,0
3,7091,0
3,7127,0
3,7128,0
3,7139,0
3,7148,0
3,7155,0
3,7170,0
3,7175,0
3,7179,0
3,7189,0
3,7226,0
3,7235,0
3,7237,0
3,7240,0
3,7241,0
3,7246,0
3,7248,0
3,7257,0
3,7258,0
3,7261,0
3,7267,0
3,7269,0
3,7275,0
3,7282,0
3,7283,0
3,7286,0
3,7294,0
3,7297,0
3,7298,0
3,7299,0
3,7331,0
3,7332,0
3,7339,0
3,7340,0
3,7344,0
3,7347,0
3,7352,0
3,7356,0
3,7364,0
3,7366,0
3,7368,0
3,7370,0
3,7375,0
3,7385,0
3,7387,0
3,7390,0
3,7392,0
3,7396,0
3,7397,0
3,7400,0
3,7401,0
3,7407,0
3,7409,0
3,7410,0
3,7411,0
3,7412,0
3,7419,0
3,7420,0
3,7421,0
3,7427,0
3,7431,0
3,7433,0
3,7435,0
3,7446,0
3,7459,0
3,7460,0
3,7483,0
3,7489,0
3,7490,0
3,7494,0
3,7495,0
3,7499,0
3,7500,0
3,7501,0
3,7506,0
3,7509,0
3,7512,0
3,7516,0
3,7521,0
3,7523,0
3,7524,0
3,7540,0
3,7543,0
3,7544,0
3,7559,0
3,7566,0
3,7567,0
3,7569,0
3,7575,0
3,7576,0
3,7577,0
3,7581,0
3,7585,0
3,7591,0
3,7592,0
3,7594,0
3,7596,0
3,7599,0
3,7604,0
3,7606,0
3,7618,0
3,7623,0
3,7628,0
3,7643,0
3,7651,0
3,7655,0
3,7675,0
3,7676,0
3,7681,0
3,7686,0
3,7689,0
3,7690,0
3,7698,0
3,7699,0
3,7706,0
3,7714,0
3,7716,0
3,7727,0
3,7732,0
3,7735,0
3,7739,0
3,7742,0
3,7747,0
3,7754,0
3,7756,0
3,7762,0
3,7771,0
3,7775,0
3,7780,0
3,7781,0
3,7782,0
3,7783,0
3,7789,0
3,7793,0
3,7794,0
3,7801,0
3,7814,0
3,7819,0
3,7825,0
3,7830,0
3,7843,0
3,7845,0
3,7846,0
3,7852,0
3,7859,0
3,7860,0
3,7867,0
3,7881,0
3,7891,0
3,7892,0
3,7900,0
3,7901,0
3,7907,0
3,7911,0
3,7918,0
3,7920,0
3,7922,0
3,7928,0
3,7935,0
3,7936,0
3,7940,0
3,7947,0
3,7949,0
3,7958,0
3,7967,0
3,7970,0
3,7973,0
3,7978,0
3,7979,0
3,7980,0
3,7988,0
3,7993,0
3,7999,0
3,8003,0
3,8005,0
3,8010,0
3,8014,0
3,8018,0
3,8023,0
3,8030,0
3,8039,0
3,8040,0
3,8057,0
3,8061,0
3,8073,0
3,8086,0
3,8090,0
3,8095,0
3,8101,0
3,8102,0
3,8104,0
3,8113,0
3,8117,0
3,8118,0
3,8120,0
3,8128,0
3,8142,0
3,8143,0
3,8151,0
3,8152,0
3,8155,0
3,8168,0
3,8170,0
3,8176,0
3,8208,0
3,8215,0
3,8216,0
3,8221,0
3,8235,0
3,8244,0
3,8249,0
3,8262,0
3,8269,0
3,8277,0
3,8283,0
3,8289,0
3,8293,0
3,8297,0
3,8301,0
3,8308,0
3,8317,0
3,8318,0
3,8341,0
3,8348,0
3,8350,0
3,8351,0
3,8352,0
3,8363,0
3,8365,0
3,8367,0
3,8374,0
3,8379,0
3,8398,0
3,8415,0
3,8422,0
3,8425,0
3,8433,0
3,8435,0
3,8446,0
3,8456,0
3,8460,0
3,8465,0
3,8467,0
3,8470,0
3,8471,0
3,8472,0
3,8485,0
3,8497,0
3,8502,0
3,8504,0
3,8517,0
3,8524,0
3,8531,0
3,8541,0
3,8542,0
3,8547,0
3,8554,0
3,8562,0
3,8563,0
3,8565,0
3,8569,0
3,8571,0
3,8573,0
3,8575,0
3,8576,0
3,8578,0
3,8587,0
3,8600,0
3,8604,0
3,8605,0
3,8614,0
3,8619,0
3,8625,0
3,8627,0
3,8634,0
3,8645,0
3,8665,0
3,8668,0
3,8682,0
3,8703,0
3,8705,0
3,8713,0
3,8721,0
3,8724,0
3,8727,0
3,8745,0
3,8755,0
3,8773,0
3,8797,0
3,8804,0
3,8856,0
3,8891,0
3,8904,0
3,8914,0
3,8919,0
3,8931,0
3,8936,0
3,8948,0
3,8950,0
3,8955,0
3,8988,0
3,9009,0
3,9036,0
3,9041,0
3,9067,0
3,9083,0
3,9085,0
3,9091,0
3,9094,0
3,9097,0
3,9124,0
3,9127,0
3,9132,0
3,9135,0
3,9136,0
3,9144,0
3,9147,0
3,9149,0
3,9152,0
3,9154,0
3,9158,0
3,9159,0
3,9160,0
3,9163,0
3,9164,0
3,9174,0
3,9175,0
3,9178,0
3,9186,0
3,9200,0
3,9207,0
3,9209,0
3,9211,0
3,9212,0
3,9213,0
3,9221,0
3,9225,0
3,9226,0
3,9228,0
3,9230,0
3,9231,0
3,9232,0
3,9233,0
3,9234,0
3,9240,0
3,9242,0
3,9243,0
3,9247,0
3,9251,0
3,9257,0
3,9262,0
3,9266,0
3,9267,0
3,9281,0
3,9286,0
3,9290,0
3,9293,0
3,9296,0
3,9297,0
3,9298,0
3,9305,0
3,9308,0
3,9309,0
3,9312,0
3,9317,0
3,9319,0
3,9320,0
3,9321,0
3,9323,0
3,9324,0
3,9326,0
3,9329,0
3,9330,0
3,9332,0
3,9333,0
3,9335,0
3,9346,0
3,9347,0
3,9348,0
3,9351,0
3,9354,0
3,9360,0
3,9365,0
3,9374,0
3,9381,0
3,9382,0
3,9385,0
3,9387,0
3,9388,0
3,9393,0
3,9396,0
3,9405,0
3,9406,0
3,9410,0
3,9414,0
3,9420,0
3,9425,0
3,9428,0
3,9429,0
3,9433,0
3,9436,0
3,9447,0
3,9448,0
3,9450,0
3,9470,0
3,9479,0
3,9481,0
3,9485,0
3,9490,0
3,9497,0
3,9508,0
3,9510,0
3,9520,0
3,9526,0
3,9542,0
3,9546,0
3,9556,0
3,9558,0
3,9566,0
3,9580,0
3,9585,0
3,9589,0
3,9593,0
3,9595,0
3,9599,0
3,9600,0
3,9602,0
3,9618,0
3,9628,0
3,9629,0
3,9630,0
3,9631,0
3,9659,0
3,9663,0
3,9681,0
3,9704,0
3,9718,0
3,9723,0
3,9724,0
3,9727,0
3,9728,0
3,9731,0
3,9736,0
3,9738,0
3,9741,0
3,9752,0
3,9765,0
3,9767,0
3,9769,0
3,9770,0
3,9781,0
3,9782,0
3,9794,0
3,9795,0
3,9802,0
3,9810,0
3,9814,0
3,9823,0
3,9847,0
3,9887,0
3,9927,0
3,9933,0
3,9949,0
3,9958,0
3,9971,0
3,9973,0
3,9979,0
3,9993,0
3,9997,0
3,10001,0
3,10024,0
3,10028,0
3,10030,0
3,10038,0
3,10055,0
3,10060,0
3,10077,0
3,10101,0
3,10106,0
3,10111,0
3,10116,0
3,10125,0
3,10136,0
3,10141,0
3,10146,0
3,10151,0
3,10161,0
3,10162,0
3,10166,0
3,10172,0
3,10178,0
3,10183,0
3,10191,0
3,10197,0
3,10228,0
3,10233,0
3,10238,0
3,10246,0
3,10247,0
3,10251,0
3,10253,0
3,10263,0
3,10318,0
3,10341,0
3,10421,0
3,10424,0
3,10429,0
3,10434,0
3,10446,0
3,10461,0
3,10519,0
3,10520,0
3,10524,0
3,10558,0
3,10567,0
3,10621,0
3,10625,0
3,10629,0
3,10681,0
3,10686,0
3,10690,0
3,10697,0
3,10702,0
3,10711,0
3,10718,0
3,10723,0
3,10727,0
3,10732,0
3,10739,0
3,10740,0
3,10747,0
3,10751,0
3,10770,0
3,10782,0
3,10787,0
3,10811,0
3,10816,0
3,10819,0
3,10835,0
3,10839,0
3,10840,0
3,10845,0
3,10856,0
3,10888,0
3,10910,0
3,10915,0
3,10916,0
3,10948,0
3,10953,0
3,10954,0
3,10963,0
3,10969,0
3,10970,0
3,10974,0
3,10975,0
3,10996,0
3,10997,0
3,11009,0
3,11012,0
3,11029,0
3,11035,0
3,11041,0
3,11048,0
3,11051,0
3,11053,0
3,11073,0
3,11079,0
3,11082,0
3,11088,0
3,11093,0
3,11096,0
3,11098,0
3,11099,0
3,11103,0
3,11107,0
3,11108,0
3,11109,0
3,11112,0
3,11123,0
3,11137,0
3,11139,0
3,11141,0
3,11142,0
3,11146,0
3,11148,0
3,11183,0
3,11194,0
3,11206,0
3,11210,0
3,11217,0
3,11219,0
3,11220,0
3,11228,0
3,11265,0
3,11317,0
3,11325,0
3,11334,0
3,11337,0
3,11346,0
3,11363,0
3,11385,0
3,11461,0
3,11462,0
3,11485,0
3,11486,0
3,11500,0
3,11507,0
3,11535,0
3,11562,0
3,11567,0
3,11569,0
3,11613,0
3,11632,0
3,11635,0
3,11657,0
3,11662,0
3,11691,0
3,11766,0
3,11774,0
3,11816,0
3,11826,0
3,11828,0
3,11836,0
3,11863,0
3,11868,0
3,11872,0
3,11878,0
3,11893,0
3,11899,0
3,11945,0
3,11947,0
3,11969,0
3,11972,0
3,11974,0
3,11975,0
3,11987,0
3,11990,0
3,11992,0
3,11995,0
3,11998,0
3,12010,0
3,12015,0
3,12016,0
3,12017,0
3,12027,0
3,12028,0
3,12032,0
3,12044,0
3,12062,0
3,12065,0
3,12081,0
3,12082,0
3,12106,0
3,12112,0
3,12116,0
3,12127,0
3,12132,0
3,12136,0
3,12137,0
3,12138,0
3,12169,0
3,12185,0
3,12191,0
3,12197,0
3,12200,0
3,12201,0
3,12205,0
3,12206,0
3,12207,0
3,12208,0
3,12210,0
3,12212,0
3,12219,0
3,12221,0
3,12222,0
3,12226,0
3,12241,0
3,12245,0
3,12252,0
3,12253,0
3,12255,0
3,12259,0
3,12263,0
3,12264,0
3,12269,0
3,12272,0
3,12276,0
3,12277,0
3,12280,0
3,12281,0
3,12284,0
4,3,0
4,6,0
4,8,0
4,11,0
4,15,0
4,18,0
4,23,0
4,26,0
4,28,0
4,31,0
4,34,0
4,42,0
4,45,0
4,47,0
4,60,0
4,65,0
4,76,0
4,77,0
4,82,0
4,83,0
4,87,0
4,89,0
4,97,0
4,98,0
4,102,0
4,103,0
4,107,0
4,112,0
4,118,0
4,126,0
4,128,0
4,132,0
4,135,0
4,136,0
4,141,0
4,146,0
4,149,0
4,150,0
4,153,0
4,154,0
4,160,0
4,163,0
4,164,0
4,172,0
4,176,0
4,178,0
4,183,0
4,185,0
4,190,0
4,191,0
4,197,0
4,200,0
4,201,0
4,202,0
4,203,0
4,205,0
4,210,0
4,212,0
4,219,0
4,220,0
4,223,0
4,229,0
4,233,0
4,237,0
4,238,0
4,240,0
4,244,0
4,245,0
4,250,0
4,251,0
4,252,0
4,256,0
4,257,0
4,259,0
4,264,0
4,268,0
4,270,0
4,271,0
4,278,0
4,279,0
4,283,0
4,290,0
4,291,0
4,299,0
4,301,0
4,302,0
4,303,0
4,304,0
4,305,0
4,309,0
4,310,0
4,319,0
4,323,0
4,324,0
4,326,0
4,327,0
4,332,0
4,333,0
4,335,0
4,336,0
4,337,0
4,342,0
4,345,0
4,349,0
4,350,0
4,352,0
4,353,0
4,354,0
4,357,0
4,362,0
4,364,0
4,368,0
4,369,0
4,370,0
4,371,0
4,373,0
4,376,0
4,384,0
4,386,0
4,389,0
4,391,0
4,398,0
4,400,0
4,401,0
4,409,0
4,410,0
4,411,0
4,412,0
4,413,0
4,416,0
4,418,0
4,419,0
4,423,0
4,429,0
4,439,0
4,440,0
4,444,0
4,446,0
4,449,0
4,451,0
4,452,0
4,453,0
4,454,0
4,457,0
4,458,0
4,460,0
4,461,0
4,465,0
4,467,0
4,476,0
4,479,0
4,487,0
4,494,0
4,497,0
4,498,0
4,502,0
4,508,0
4,533,0
4,543,0
4,552,0
4,557,0
4,561,0
4,562,0
4,565,0
4,574,0
4,576,0
4,590,0
4,593,0
4,627,0
4,635,0
4,649,0
4,665,0
4,669,0
4,699,0
4,714,0
4,733,0
4,740,0
4,883,0
4,936,0
4,999,0
4,1004,0
4,1011,0
4,1081,0
4,1120,0
4,1124,0
4,1177,0
4,1182,0
4,1190,0
4,1209,0
4,1210,0
4,1215,0
4,1252,0
4,1294,0
4,1307,0
4,1330,0
4,1339,0
4,1342,0
4,1344,0
4,1352,0
4,1353,0
4,1356,0
4,1362,0
4,1371,0
4,1373,0
4,1374,0
4,1376,0
4,1392,0
4,1394,0
4,1396,0
4,1398,0
4,1400,0
4,1402,0
4,1405,0
4,1406,0
4,1407,0
4,1409,0
4,1410,0
4,1411,0
4,1415,0
4,1418,0
4,1419,0
4,1428,0
4,1430,0
4,1431,0
4,1432,0
4,1437,0
4,1439,0
4,1440,0
4,1442,0
4,1447,0
4,1450,0
4,1451,0
4,1454,0
4,1456,0
4,1463,0
4,1465,0
4,1469,0
4,1471,0
4,1472,0
4,1476,0
4,1477,0
4,1478,0
4,1480,0
4,1486,0
4,1487,0
4,1488,0
4,1493,0
4,1498,0
4,1506,0
4,1507,0
4,1509,0
4,1510,0
4,1522,0
4,1523,0
4,1524,0
4,1526,0
4,1527,0
4,1531,0
4,1532,0
4,1534,0
4,1536,0
4,1545,0
4,1551,0
4,1552,0
4,1557,0
4,1563,0
4,1564,0
4,1565,0
4,1571,0
4,1578,0
4,1584,0
4,1588,0
4,1592,0
4,1603,0
4,1606,0
4,1608,0
4,1610,0
4,1615,0
4,1622,0
4,1624,0
4,1625,0
4,1630,0
4,1638,0
4,1640,0
4,1650,0
4,1654,0
4,1656,0
4,1658,0
4,1664,0
4,1665,0
4,1704,0
4,1707,0
4,1709,0
4,1712,0
4,1713,0
4,1718,0
4,1719,0
4,1721,0
4,1724,0
4,1733,0
4,1741,0
4,1759,0
4,1762,0
4,1763,0
4,1767,0
4,1777,0
4,1835,0
4,1852,0
4,1876,0
4,1881,0
4,1943,0
4,1975,0
4,1980,0
4,1996,0
4,2009,0
4,2012,0
4,2023,0
4,2044,0
4,2059,0
4,2060,0
4,2071,0
4,2084,0
4,2108,0
4,2115,0
4,2127,0
4,2153,0
4,2169,0
4,2170,0
4,2175,0
4,2185,0
4,2204,0
4,2209,0
4,2211,0
4,2214,0
4,2215,0
4,2216,0
4,2242,0
4,2244,0
4,2253,0
4,2257,0
4,2259,0
4,2262,0
4,2263,0
4,2265,0
4,2266,0
4,2272,0
4,2285,0
4,2296,0
4,2301,0
4,2308,0
4,2309,0
4,2310,0
4,2317,0
4,2318,0
4,2320,0
4,2328,0
4,2336,0
4,2349,0
4,2360,0
4,2361,0
4,2364,0
4,2375,0
4,2382,0
4,2399,0
4,2405,0
4,2407,0
4,2408,0
4,2411,0
4,2419,0
4,2424,0
4,2429,0
4,2431,0
4,2432,0
4,2437,0
4,2441,0
4,2442,0
4,2443,0
4,2448,0
4,2452,0
4,2455,0
4,2456,0
4,2461,0
4,2465,0
4,2476,0
4,2478,0
4,2479,0
4,2482,0
4,2485,0
4,2488,0
4,2493,0
4,2498,0
4,2502,0
4,2503,0
4,2505,0
4,2506,0
4,2507,0
4,2509,0
4,2510,0
4,2512,0
4,2514,0
4,2516,0
4,2517,0
4,2518,0
4,2521,0
4,2522,0
4,2524,0
4,2531,0
4,2533,0
4,2534,0
4,2536,0
4,2537,0
4,2539,0
4,2544,0
4,2546,0
4,2549,0
4,2551,0
4,2552,0
4,2553,0
4,2554,0
4,2555,0
4,2556,0
4,2557,0
4,2565,0
4,2568,0
4,2572,0
4,2574,0
4,2578,0
4,2583,0
4,2586,0
4,2589,0
4,2591,0
4,2592,0
4,2593,0
4,2600,0
4,2605,0
4,2618,0
4,2622,0
4,2626,0
4,2627,0
4,2628,0
4,2632,0
4,2634,0
4,2635,0
4,2637,0
4,2638,0
4,2641,0
4,2653,0
4,2656,0
4,2657,0
4,2660,0
4,2661,0
4,2663,0
4,2666,0
4,2668,0
4,2669,0
4,2670,0
4,2671,0
4,2675,0
4,2678,0
4,2679,0
4,2681,0
4,2687,0
4,2689,0
4,2700,0
4,2701,0
4,2704,0
4,2712,0
4,2716,0
4,2726,0
4,2729,0
4,2734,0
4,2746,0
4,2749,0
4,2750,0
4,2758,0
4,2760,0
4,2771,0
4,2773,0
4,2777,0
4,2781,0
4,2788,0
4,2804,0
4,2808,0
4,2809,0
4,2814,0
4,2825,0
4,2833,0
4,2838,0
4,2841,0
4,2842,0
4,2854,0
4,2856,0
4,2860,0
4,2861,0
4,2873,0
4,2899,0
4,2904,0
4,2927,0
4,2928,0
4,2931,0
4,2932,0
4,2941,0
4,2949,0
4,2958,0
4,2990,0
4,2992,0
4,3027,0
4,3031,0
4,3032,0
4,3037,0
4,3040,0
4,3070,0
4,3077,0
4,3094,0
4,3112,0
4,3117,0
4,3123,0
4,3128,0
4,3149,0
4,3156,0
4,3160,0
4,3161,0
4,3165,0
4,3180,0
4,3208,0
4,3213,0
4,3214,0
4,3220,0
4,3224,0
4,3231,0
4,3232,0
4,3240,0
4,3257,0
4,3261,0
4,3272,0
4,3283,0
4,3289,0
4,3316,0
4,3328,0
4,3329,0
4,3333,0
4,3338,0
4,3343,0
4,3344,0
4,3355,0
4,3356,0
4,3368,0
4,3379,0
4,3399,0
4,3402,0
4,3407,0
4,3416,0
4,3422,0
4,3424,0
4,3444,0
4,3459,0
4,3483,0
4,3499,0
4,3500,0
4,3505,0
4,3512,0
4,3522,0
4,3528,0
4,3529,0
4,3537,0
4,3559,0
4,3575,0
4,3584,0
4,3603,0
4,3615,0
4,3616,0
4,3644,0
4,3650,0
4,3651,0
4,3654,0
4,3655,0
4,3659,0
4,3662,0
4,3693,0
4,3696,0
4,3698,0
4,3705,0
4,3713,0
4,3717,0
4,3725,0
4,3735,0
4,3750,0
4,3759,0
4,3763,0
4,3764,0
4,3770,0
4,3774,0
4,3803,0
4,3808,0
4,3812,0
4,3832,0
4,3834,0
4,3835,0
4,3842,0
4,3846,0
4,3847,0
4,3873,0
4,3881,0
4,3884,0
4,3887,0
4,3893,0
4,3897,0
4,3899,0
4,3908,0
4,3918,0
4,3919,0
4,3922,0
4,3923,0
4,3924,0
4,3926,0
4,3927,0
4,3930,0
4,3931,0
4,3935,0
4,3937,0
4,3942,0
4,3953,0
4,3968,0
4,3970,0
4,3976,0
4,3979,0
4,3980,0
4,3983,0
4,3990,0
4,3991,0
4,3996,0
4,4001,0
4,4002,0
4,4004,0
4,4005,0
4,4006,0
4,4017,0
4,4022,0
4,4024,0
4,4025,0
4,4030,0
4,4033,0
4,4041,0
4,4046,0
4,4052,0
4,4055,0
4,4062,0
4,4071,0
4,4074,0
4,4077,0
4,4092,0
4,4096,0
4,4103,0
4,4105,0
4,4108,0
4,4112,0
4,4115,0
4,4117,0
4,4126,0
4,4127,0
4,4128,0
4,4130,0
4,4133,0
4,4135,0
4,4138,0
4,4148,0
4,4153,0
4,4160,0
4,4162,0
4,4170,0
4,4173,0
4,4176,0
4,4180,0
4,4196,0
4,4213,0
4,4214,0
4,4223,0
4,4236,0
4,4241,0
4,4249,0
4,4251,0
4,4253,0
4,4287,0
4,4306,0
4,4316,0
4,4331,0
4,4338,0
4,4339,0
4,4341,0
4,4344,0
4,4366,0
4,4392,0
4,4399,0
4,4400,0
4,4405,0
4,4406,0
4,4412,0
4,4417,0
4,4422,0
4,4442,0
4,4443,0
4,4453,0
4,4492,0
4,4520,0
4,4535,0
4,4580,0
4,4631,0
4,4640,0
4,4641,0
4,4672,0
4,4683,0
4,4688,0
4,4689,0
4,4694,0
4,4733,0
4,4737,0
4,4738,0
4,4752,0
4,4758,0
4,4762,0
4,4766,0
4,4770,0
4,4775,0
4,4783,0
4,4785,0
4,4797,0
4,4800,0
4,4802,0
4,4804,0
4,4806,0
4,4821,0
4,4825,0
4,4830,0
4,4834,0
4,4835,0
4,4840,0
4,4842,0
4,4843,0
4,4847,0
4,4848,0
4,4850,0
4,4855,0
4,4859,0
4,4866,0
4,4868,0
4,4871,0
4,4873,0
4,4876,0
4,4877,0
4,4880,0
4,4881,0
4,4887,0
4,4891,0
4,4894,0
4,4896,0
4,4897,0
4,4900,0
4,4906,0
4,4908,0
4,4915,0
4,4920,0
4,4921,0
4,4927,0
4,4931,0
4,4933,0
4,4935,0
4,4937,0
4,4938,0
4,4944,0
4,4949,0
4,4962,0
4,4966,0
4,4976,0
4,4985,0
4,4991,0
4,4995,0
4,5005,0
4,5010,0
4,5013,0
4,5015,0
4,5018,0
4,5020,0
4,5022,0
4,5024,0
4,5025,0
4,5026,0
4,5031,0
4,5032,0
4,5033,0
4,5037,0
4,5040,0
4,5043,0
4,5053,0
4,5057,0
4,5059,0
4,5062,0
4,5063,0
4,5065,0
4,5071,0
4,5077,0
4,5094,0
4,5095,0
4,5100,0
4,5111,0
4,5126,0
4,5128,0
4,5147,0
4,5148,0
4,5149,0
4,5154,0
4,5187,0
4,5189,0
4,5193,0
4,5197,0
4,5205,0
4,5209,0
4,5215,0
4,5222,0
4,5227,0
4,5229,0
4,5238,0
4,5243,0
4,5246,0
4,5248,0
4,5252,0
4,5255,0
4,5260,0
4,5261,0
4,5279,0
4,5285,0
4,5289,0
4,5305,0
4,5309,0
4,5311,0
4,5320,0
4,5322,0
4,5325,0
4,5333,0
4,5338,0
4,5339,0
4,5350,0
4,5351,0
4,5353,0
4,5354,0
4,5370,0
4,5378,0
4,5386,0
4,5402,0
4,5408,0
4,5426,0
4,5455,0
4,5473,0
4,5504,0
4,5506,0
4,5510,0
4,5514,0
4,5515,0
4,5522,0
4,5536,0
4,5556,0
4,5591,0
4,5599,0
4,5604,0
4,5656,0
4,5658,0
4,5669,0
4,5684,0
4,5701,0
4,5719,0
4,5727,0
4,5733,0
4,5743,0
4,5749,0
4,5753,0
4,5805,0
4,5814,0
4,5815,0
4,5817,0
4,5824,0
4,5838,0
4,5884,0
4,5888,0
4,5904,0
4,5915,0
4,5918,0
4,5923,0
4,5931,0
4,5942,0
4,5947,0
4,5952,0
4,5953,0
4,5976,0
4,5984,0
4,5985,0
4,5989,0
4,5992,0
4,5995,0
4,5999,0
4,6013,0
4,6018,0
4,6021,0
4,6042,0
4,6066,0
4,6076,0
4,6100,0
4,6104,0
4,6114,0
4,6144,0
4,6156,0
4,6234,0
4,6237,0
4,6244,0
4,6256,0
4,6266,0
4,6281,0
4,6286,0
4,6299,0
4,6309,0
4,6318,0
4,6320,0
4,6342,0
4,6362,0
4,6366,0
4,6372,0
4,6373,0
4,6375,0
4,6383,0
4,6388,0
4,6398,0
4,6400,0
4,6406,0
4,6407,0
4,6416,0
4,6417,0
4,6425,0
4,6437,0
4,6449,0
4,6450,0
4,6451,0
4,6464,0
4,6466,0
4,6489,0
4,6493,0
4,6499,0
4,6505,0
4,6506,0
4,6525,0
4,6527,0
4,6528,0
4,6529,0
4,6535,0
4,6539,0
4,6546,0
4,6547,0
4,6552,0
4,6567,0
4,6570,0
4,6576,0
4,6582,0
4,6584,0
4,6585,0
4,6586,0
4,6587,0
4,6591,0
4,6595,0
4,6600,0
4,6602,0
4,6604,0
4,6605,0
4,6606,0
4,6610,0
4,6611,0
4,6620,0
4,6626,0
4,6628,0
4,6633,0
4,6634,0
4,6635,0
4,6637,0
4,6642,0
4,6645,0
4,6646,0
4,6647,0
4,6648,0
4,6651,0
4,6652,0
4,6657,0
4,6659,0
4,6663,0
4,6666,0
4,6668,0
4,6671,0
4,6675,0
4,6684,0
4,6685,0
4,6690,0
4,6697,0
4,6702,0
4,6704,0
4,6705,0
4,6707,0
4,6711,0
4,6712,0
4,6714,0
4,6716,0
4,6717,0
4,6718,0
4,6721,0
4,6726,0
4,6730,0
4,6734,0
4,6739,0
4,6740,0
4,6741,0
4,6744,0
4,6749,0
4,6752,0
4,6753,0
4,6755,0
4,6757,0
4,6763,0
4,6765,0
4,6767,0
4,6770,0
4,6776,0
4,6781,0
4,6783,0
4,6784,0
4,6786,0
4,6788,0
4,6789,0
4,6790,0
4,6791,0
4,6793,0
4,6794,0
4,6796,0
4,6797,0
4,6799,0
4,6800,0
4,6801,0
4,6802,0
4,6805,0
4,6806,0
4,6810,0
4,6812,0
4,6813,0
4,6815,0
4,6817,0
4,6820,0
4,6822,0
4,6823,0
4,6826,0
4,6829,0
4,6830,0
4,6833,0
4,6834,0
4,6844,0
4,6847,0
4,6849,0
4,6851,0
4,6852,0
4,6853,0
4,6854,0
4,6860,0
4,6863,0
4,6866,0
4,6867,0
4,6872,0
4,6873,0
4,6878,0
4,6880,0
4,6881,0
4,6882,0
4,6885,0
4,6887,0
4,6893,0
4,6895,0
4,6896,0
4,6899,0
4,6902,0
4,6904,0
4,6906,0
4,6907,0
4,6911,0
4,6912,0
4,6913,0
4,6915,0
4,6916,0
4,6919,0
4,6920,0
4,6922,0
4,6924,0
4,6926,0
4,6928,0
4,6931,0
4,6935,0
4,6937,0
4,6938,0
4,6939,0
4,6941,0
4,6947,0
4,6952,0
4,6953,0
4,6956,0
4,6960,0
4,6965,0
4,6968,0
4,6969,0
4,6971,0
4,6977,0
4,6979,0
4,6980,0
4,6983,0
4,6984,0
4,6985,0
4,6986,0
4,6987,0
4,6989,0
4,6994,0
4,6995,0
4,6997,0
4,6998,0
4,6999,0
4,7002,0
4,7008,0
4,7015,0
4,7016,0
4,7017,0
4,7020,0
4,7022,0
4,7025,0
4,7026,0
4,7027,0
4,7032,0
4,7033,0
4,7034,0
4,7040,0
4,7042,0
4,7043,0
4,7047,0
4,7051,0
4,7053,0
4,7054,0
4,7055,0
4,7056,0
4,7060,0
4,7062,0
4,7064,0
4,7066,0
4,7068,0
4,7069,0
4,7082,0
4,7084,0
4,7088,0
4,7090,0
4,7092,0
4,7093,0
4,7095,0
4,7096,0
4,7103,0
4,7107,0
4,7110,0
4,7113,0
4,7116,0
4,7117,0
4,7120,0
4,7122,0
4,7126,0
4,7127,0
4,7131,0
4,7132,0
4,7134,0
4,7137,0
4,7142,0
4,7153,0
4,7158,0
4,7167,0
4,7172,0
4,7177,0
4,7189,0
4,7195,0
4,7197,0
4,7199,0
4,7207,0
4,7208,0
4,7213,0
4,7218,0
4,7220,0
4,7221,0
4,7223,0
4,7225,0
4,7226,0
4,7228,0
4,7238,0
4,7242,0
4,7259,0
4,7265,0
4,7266,0
4,7268,0
4,7272,0
4,7274,0
4,7277,0
4,7284,0
4,7298,0
4,7316,0
4,7329,0
4,7333,0
4,7338,0
4,7356,0
4,7358,0
4,7385,0
4,7389,0
4,7410,0
4,7434,0
4,7437,0
4,7442,0
4,7453,0
4,7461,0
4,7474,0
4,7507,0
4,7512,0
4,7516,0
4,7538,0
4,7540,0
4,7550,0
4,7563,0
4,7564,0
4,7577,0
4,7586,0
4,7606,0
4,7609,0
4,7623,0
4,7646,0
4,7661,0
4,7668,0
4,7673,0
4,7682,0
4,7691,0
4,7699,0
4,7707,0
4,7718,0
4,7719,0
4,7721,0
4,7722,0
4,7728,0
4,7730,0
4,7740,0
4,7743,0
4,7744,0
4,7748,0
4,7749,0
4,7752,0
4,7756,0
4,7761,0
4,7763,0
4,7766,0
4,7767,0
4,7770,0
4,7773,0
4,7774,0
4,7776,0
4,7778,0
4,7782,0
4,7784,0
4,7788,0
4,7791,0
4,7793,0
4,7796,0
4,7798,0
4,7801,0
4,7802,0
4,7805,0
4,7806,0
4,7808,0
4,7815,0
4,7817,0
4,7820,0
4,7821,0
4,7822,0
4,7823,0
4,7824,0
4,7826,0
4,7828,0
4,7830,0
4,7839,0
4,7840,0
4,7841,0
4,7842,0
4,7843,0
4,7845,0
4,7847,0
4,7851,0
4,7852,0
4,7856,0
4,7861,0
4,7862,0
4,7865,0
4,7867,0
4,7869,0
4,7870,0
4,7876,0
4,7877,0
4,7878,0
4,7879,0
4,7886,0
4,7889,0
4,7895,0
4,7896,0
4,7900,0
4,7902,0
4,7904,0
4,7907,0
4,7911,0
4,7913,0
4,7914,0
4,7916,0
4,7925,0
4,7929,0
4,7930,0
4,7933,0
4,7935,0
4,7936,0
4,7939,0
4,7943,0
4,7945,0
4,7947,0
4,7948,0
4,7950,0
4,7954,0
4,7957,0
4,7960,0
4,7961,0
4,7965,0
4,7966,0
4,7971,0
4,7974,0
4,7975,0
4,7979,0
4,7980,0
4,7986,0
4,7987,0
4,7989,0
4,7992,0
4,7994,0
4,7996,0
4,7997,0
4,7999,0
4,8011,0
4,8012,0
4,8016,0
4,8017,0
4,8021,0
4,8025,0
4,8026,0
4,8027,0
4,8032,0
4,8038,0
4,8040,0
4,8042,0
4,8044,0
4,8046,0
4,8047,0
4,8048,0
4,8049,0
4,8050,0
4,8052,0
4,8054,0
4,8058,0
4,8060,0
4,8062,0
4,8065,0
4,8067,0
4,8070,0
4,8074,0
4,8078,0
4,8081,0
4,8082,0
4,8084,0
4,8085,0
4,8087,0
4,8089,0
4,8090,0
4,8091,0
4,8093,0
4,8096,0
4,8097,0
4,8098,0
4,8099,0
4,8101,0
4,8106,0
4,8107,0
4,8111,0
4,8112,0
4,8113,0
4,8115,0
4,8116,0
4,8118,0
4,8120,0
4,8121,0
4,8123,0
4,8125,0
4,8127,0
4,8128,0
4,8129,0
4,8130,0
4,8131,0
4,8132,0
4,8133,0
4,8134,0
4,8136,0
4,8137,0
4,8140,0
4,8142,0
4,8144,0
4,8150,0
4,8151,0
4,8153,0
4,8154,0
4,8155,0
4,8156,0
4,8158,0
4,8159,0
4,8162,0
4,8163,0
4,8165,0
4,8167,0
4,8169,0
4,8172,0
4,8182,0
4,8183,0
4,8185,0
4,8186,0
4,8188,0
4,8192,0
4,8193,0
4,8194,0
4,8197,0
4,8205,0
4,8208,0
4,8209,0
4,8211,0
4,8213,0
4,8215,0
4,8219,0
4,8220,0
4,8223,0
4,8230,0
4,8233,0
4,8234,0
4,8236,0
4,8239,0
4,8240,0
4,8244,0
4,8246,0
4,8249,0
4,8252,0
4,8254,0
4,8256,0
4,8258,0
4,8265,0
4,8278,0
4,8280,0
4,8289,0
4,8299,0
4,8302,0
4,8303,0
4,8310,0
4,8323,0
4,8336,0
4,8348,0
4,8379,0
4,8410,0
4,8431,0
4,8453,0
4,8457,0
4,8463,0
4,8500,0
4,8501,0
4,8516,0
4,8523,0
4,8576,0
4,8620,0
4,8635,0
4,8652,0
4,8684,0
4,8725,0
4,8758,0
4,8769,0
4,8770,0
4,8775,0
4,8803,0
4,8858,0
4,8863,0
4,8879,0
4,8910,0
4,8915,0
4,8920,0
4,8923,0
4,8933,0
4,8946,0
4,8951,0
4,8966,0
4,8971,0
4,8978,0
4,8982,0
4,8983,0
4,8987,0
4,9012,0
4,9024,0
4,9073,0
4,9182,0
4,9279,0
4,9350,0
4,9355,0
4,9404,0
4,9464,0
4,9531,0
4,9596,0
4,9653,0
4,9676,0
4,9694,0
4,9698,0
4,9702,0
4,9711,0
4,9733,0
4,9744,0
4,9762,0
4,9789,0
4,9812,0
4,9829,0
4,9834,0
4,9836,0
4,9915,0
4,9943,0
4,9948,0
4,9957,0
4,9970,0
4,9989,0
4,10011,0
4,10017,0
4,10030,0
4,10067,0
4,10094,0
4,10113,0
4,10116,0
4,10118,0
4,10133,0
4,10136,0
4,10142,0
4,10143,0
4,10171,0
4,10184,0
4,10196,0
4,10205,0
4,10208,0
4,10222,0
4,10244,0
4,10247,0
4,10252,0
4,10256,0
4,10293,0
4,10309,0
4,10328,0
4,10354,0
4,10357,0
4,10359,0
4,10364,0
4,10379,0
4,10385,0
4,10397,0
4,10402,0
4,10406,0
4,10421,0
4,10448,0
4,10504,0
4,10512,0
4,10525,0
4,10533,0
4,10534,0
4,10539,0
4,10542,0
4,10549,0
4,10562,0
4,10565,0
4,10571,0
4,10597,0
4,10627,0
4,10714,0
4,10726,0
4,10745,0
4,10754,0
4,10782,0
4,10787,0
4,10814,0
4,10819,0
4,10834,0
4,10862,0
4,10867,0
4,10874,0
4,10923,0
4,10936,0
4,10962,0
4,10969,0
4,10987,0
4,11066,0
4,11070,0
4,11102,0
4,11107,0
4,11133,0
4,11169,0
4,11174,0
4,11249,0
4,11254,0
4,11300,0
4,11319,0
4,11345,0
4,11367,0
4,11368,0
4,11375,0
4,11382,0
4,11386,0
4,11434,0
4,11472,0
4,11531,0
4,11626,0
4,11715,0
4,11716,0
4,11785,0
4,11787,0
4,11804,0
4,11805,0
4,11806,0
4,11826,0
4,11831,0
4,11840,0
4,11855,0
4,11860,0
4,11867,0
4,11871,0
4,11913,0
4,11915,0
4,11945,0
4,11998,0
4,12028,0
4,12064,0
4,12081,0
4,12084,0
4,12113,0
4,12117,0
4,12142,0
4,12143,0
4,12155,0
4,12164,0
4,12178,0
4,12191,0
4,12208,0
4,12232,0
5,4,0
5,21,0
5,36,0
5,38,0
5,41,0
5,43,0
5,53,0
5,62,0
5,65,0
5,67,0
5,69,0
5,86,0
5,129,0
5,162,0
5,194,0
5,206,0
5,218,0
5,227,0
5,232,0
5,261,0
5,266,0
5,277,0
5,278,0
5,288,0
5,290,0
5,295,0
5,296,0
5,298,0
5,309,0
5,315,0
5,319,0
5,321,0
5,324,0
5,337,0
5,341,0
5,350,0
5,353,0
5,358,0
5,366,0
5,367,0
5,371,0
5,384,0
5,397,0
5,414,0
5,415,0
5,417,0
5,422,0
5,426,0
5,432,0
5,433,0
5,439,0
5,440,0
5,465,0
5,469,0
5,474,0
5,475,0
5,477,0
5,482,0
5,487,0
5,488,0
5,500,0
5,501,0
5,502,0
5,507,0
5,508,0
5,515,0
5,518,0
5,526,0
5,528,0
5,549,0
5,552,0
5,558,0
5,559,0
5,560,0
5,565,0
5,566,0
5,568,0
5,569,0
5,572,0
5,576,0
5,578,0
5,580,0
5,583,0
5,588,0
5,589,0
5,594,0
5,599,0
5,602,0
5,608,0
5,617,0
5,622,0
5,623,0
5,625,0
5,628,0
5,629,0
5,643,0
5,645,0
5,655,0
5,660,0
5,663,0
5,664,0
5,668,0
5,677,0
5,678,0
5,679,0
5,688,0
5,690,0
5,694,0
5,695,0
5,701,0
5,707,0
5,713,0
5,725,0
5,731,0
5,733,0
5,735,0
5,736,0
5,738,0
5,739,0
5,748,0
5,751,0
5,753,0
5,755,0
5,761,0
5,774,0
5,778,0
5,781,0
5,787,0
5,789,0
5,790,0
5,805,0
5,811,0
5,812,0
5,827,0
5,830,0
5,833,0
5,836,0
5,842,0
5,843,0
5,846,0
5,851,0
5,854,0
5,867,0
5,869,0
5,875,0
5,884,0
5,893,0
5,896,0
5,904,0
5,906,0
5,907,0
5,910,0
5,926,0
5,936,0
5,939,0
5,940,0
5,950,0
5,954,0
5,963,0
5,965,0
5,988,0
5,991,0
5,992,0
5,993,0
5,996,0
5,1000,0
5,1005,0
5,1043,0
5,1044,0
5,1053,0
5,1054,0
5,1055,0
5,1087,0
5,1095,0
5,1097,0
5,1101,0
5,1102,0
5,1108,0
5,1112,0
5,1113,0
5,1114,0
5,1117,0
5,1123,0
5,1128,0
5,1129,0
5,1133,0
5,1137,0
5,1141,0
5,1147,0
5,1153,0
5,1159,0
5,1168,0
5,1173,0
5,1178,0
5,1188,0
5,1191,0
5,1194,0
5,1215,0
5,1226,0
5,1228,0
5,1229,0
5,1252,0
5,1253,0
5,1262,0
5,1283,0
5,1297,0
5,1307,0
5,1313,0
5,1328,0
5,1329,0
5,1343,0
5,1350,0
5,1357,0
5,1368,0
5,1376,0
5,1381,0
5,1386,0
5,1409,0
5,1414,0
5,1415,0
5,1419,0
5,1430,0
5,1445,0
5,1448,0
5,1449,0
5,1453,0
5,1521,0
5,1526,0
5,1533,0
5,1549,0
5,1550,0
5,1553,0
5,1558,0
5,1570,0
5,1583,0
5,1593,0
5,1602,0
5,1607,0
5,1628,0
5,1636,0
5,1691,0
5,1705,0
5,1741,0
5,1743,0
5,1763,0
5,1776,0
5,1781,0
5,1798,0
5,1810,0
5,1815,0
5,1817,0
5,1820,0
5,1822,0
5,1823,0
5,1825,0
5,1830,0
5,1857,0
5,1865,0
5,1870,0
5,1894,0
5,1899,0
5,1904,0
5,1907,0
5,1912,0
5,1920,0
5,1932,0
5,1937,0
5,1938,0
5,1964,0
5,1980,0
5,1990,0
5,1995,0
5,1998,0
5,2007,0
5,2009,0
5,2019,0
5,2024,0
5,2043,0
5,2048,0
5,2050,0
5,2051,0
5,2054,0
5,2056,0
5,2061,0
5,2064,0
5,2068,0
5,2069,0
5,2079,0
5,2093,0
5,2105,0
5,2110,0
5,2120,0
5,2123,0
5,2132,0
5,2133,0
5,2134,0
5,2139,0
5,2143,0
5,2144,0
5,2147,0
5,2150,0
5,2165,0
5,2166,0
5,2178,0
5,2185,0
5,2189,0
5,2200,0
5,2201,0
5,2204,0
5,2213,0
5,2226,0
5,2231,0
5,2235,0
5,2236,0
5,2241,0
5,2268,0
5,2271,0
5,2273,0
5,2276,0
5,2281,0
5,2283,0
5,2300,0
5,2305,0
5,2310,0
5,2317,0
5,2322,0
5,2326,0
5,2329,0
5,2331,0
5,2347,0
5,2365,0
5,2373,0
5,2376,0
5,2379,0
5,2398,0
5,2402,0
5,2404,0
5,2409,0
5,2414,0
5,2417,0
5,2421,0
5,2422,0
5,2426,0
5,2427,0
5,2431,0
5,2432,0
5,2433,0
5,2434,0
5,2439,0
5,2441,0
5,2448,0
5,2461,0
5,2469,0
5,2472,0
5,2481,0
5,2484,0
5,2497,0
5,2498,0
5,2500,0
5,2501,0
5,2502,0
5,2503,0
5,2508,0
5,2521,0
5,2526,0
5,2539,0
5,2546,0
5,2548,0
5,2551,0
5,2553,0
5,2556,0
5,2557,0
5,2558,0
5,2564,0
5,2579,0
5,2586,0
5,2590,0
5,2591,0
5,2592,0
5,2596,0
5,2597,0
5,2600,0
5,2605,0
5,2611,0
5,2616,0
5,2619,0
5,2622,0
5,2630,0
5,2634,0
5,2652,0
5,2660,0
5,2683,0
5,2684,0
5,2689,0
5,2724,0
5,2732,0
5,2747,0
5,2754,0
5,2759,0
5,2761,0
5,2777,0
5,2846,0
5,2854,0
5,2864,0
5,2880,0
5,2904,0
5,2917,0
5,2921,0
5,2941,0
5,2943,0
5,2946,0
5,2954,0
5,2972,0
5,3002,0
5,3033,0
5,3068,0
5,3073,0
5,3076,0
5,3103,0
5,3128,0
5,3144,0
5,3162,0
5,3174,0
5,3176,0
5,3201,0
5,3210,0
5,3234,0
5,3259,0
5,3297,0
5,3360,0
5,3371,0
5,3418,0
5,3432,0
5,3509,0
5,3522,0
5,3547,0
5,3590,0
5,3621,0
5,3626,0
5,3739,0
5,3787,0
5,3808,0
5,3812,0
5,3859,0
5,3883,0
5,3890,0
5,3899,0
5,3900,0
5,3909,0
5,3915,0
5,3928,0
5,3935,0
5,3936,0
5,3953,0
5,3959,0
5,3963,0
5,3964,0
5,3969,0
5,3974,0
5,3977,0
5,3987,0
5,3988,0
5,3989,0
5,3997,0
5,4000,0
5,4009,0
5,4011,0
5,4014,0
5,4025,0
5,4032,0
5,4036,0
5,4037,0
5,4040,0
5,4043,0
5,4044,0
5,4047,0
5,4057,0
5,4067,0
5,4069,0
5,4071,0
5,4076,0
5,4090,0
5,4093,0
5,4095,0
5,4099,0
5,4102,0
5,4107,0
5,4119,0
5,4140,0
5,4141,0
5,4155,0
5,4157,0
5,4167,0
5,4171,0
5,4190,0
5,4195,0
5,4202,0
5,4206,0
5,4215,0
5,4244,0
5,4248,0
5,4252,0
5,4257,0
5,4271,0
5,4329,0
5,4334,0
5,4338,0
5,4365,0
5,4377,0
5,4384,0
5,4386,0
5,4398,0
5,4461,0
5,4501,0
5,4511,0
5,4557,0
5,4665,0
5,4670,0
5,4675,0
5,4681,0
5,4733,0
5,4744,0
5,4758,0
5,4780,0
5,4814,0
5,4844,0
5,4847,0
5,4858,0
5,4872,0
5,4884,0
5,4943,0
5,4990,0
5,5000,0
5,5018,0
5,5031,0
5,5034,0
5,5038,0
5,5039,0
5,5041,0
5,5044,0
5,5045,0
5,5049,0
5,5054,0
5,5072,0
5,5076,0
5,5094,0
5,5105,0
5,5118,0
5,5129,0
5,5133,0
5,5135,0
5,5140,0
5,5145,0
5,5150,0
5,5155,0
5,5162,0
5,5164,0
5,5165,0
5,5176,0
5,5208,0
5,5212,0
5,5213,0
5,5216,0
5,5220,0
5,5225,0
5,5226,0
5,5239,0
5,5242,0
5,5248,0
5,5283,0
5,5284,0
5,5286,0
5,5287,0
5,5298,0
5,5322,0
5,5332,0
5,5339,0
5,5357,0
5,5369,0
5,5380,0
5,5386,0
5,5404,0
5,5496,0
5,5564,0
5,5582,0
5,5613,0
5,5731,0
5,5803,0
5,6186,0
5,6243,0
5,6537,0
5,6711,0
5,6729,0
5,6731,0
5,6734,0
5,6763,0
5,6843,0
5,6848,0
5,6862,0
5,6863,0
5,6992,0
5,7008,0
5,7011,0
5,7013,0
5,7016,0
5,7021,0
5,7068,0
5,7073,0
5,7075,0
5,7093,0
5,7102,0
5,7124,0
5,7157,0
5,7162,0
5,7169,0
5,7171,0
5,7174,0
5,7195,0
5,7212,0
5,7244,0
5,7254,0
5,7255,0
5,7257,0
5,7260,0
5,7261,0
5,7275,0
5,7281,0
5,7290,0
5,7295,0
5,7302,0
5,7305,0
5,7310,0
5,7313,0
5,7315,0
5,7316,0
5,7321,0
5,7349,0
5,7354,0
5,7355,0
5,7358,0
5,7365,0
5,7367,0
5,7377,0
5,7388,0
5,7390,0
5,7392,0
5,7406,0
5,7410,0
5,7414,0
5,7424,0
5,7433,0
5,7441,0
5,7448,0
5,7450,0
5,7453,0
5,7461,0
5,7462,0
5,7467,0
5,7468,0
5,7479,0
5,7485,0
5,7487,0
5,7490,0
5,7501,0
5,7507,0
5,7517,0
5,7518,0
5,7523,0
5,7532,0
5,7537,0
5,7540,0
5,7550,0
5,7563,0
5,7611,0
5,7615,0
5,7617,0
5,7620,0
5,7622,0
5,7632,0
5,7642,0
5,7643,0
5,7648,0
5,7695,0
5,7713,0
5,7719,0
5,7740,0
5,7749,0
5,7754,0
5,7757,0
5,7759,0
5,7764,0
5,7808,0
5,7810,0
5,7812,0
5,7813,0
5,7814,0
5,7817,0
5,7818,0
5,7819,0
5,7830,0
5,7832,0
5,7842,0
5,7869,0
5,7879,0
5,7894,0
5,7898,0
5,7900,0
5,7919,0
5,7933,0
5,7940,0
5,7978,0
5,7997,0
5,8004,0
5,8007,0
5,8048,0
5,8049,0
5,8053,0
5,8054,0
5,8056,0
5,8058,0
5,8063,0
5,8072,0
5,8081,0
5,8084,0
5,8086,0
5,8089,0
5,8095,0
5,8108,0
5,8117,0
5,8124,0
5,8149,0
5,8156,0
5,8158,0
5,8169,0
5,8181,0
5,8188,0
5,8199,0
5,8210,0
5,8228,0
5,8236,0
5,8252,0
5,8258,0
5,8276,0
5,8279,0
5,8323,0
5,8325,0
5,8335,0
5,8341,0
5,8346,0
5,8374,0
5,8375,0
5,8392,0
5,8393,0
5,8394,0
5,8412,0
5,8417,0
5,8428,0
5,8431,0
5,8434,0
5,8436,0
5,8449,0
5,8469,0
5,8470,0
5,8475,0
5,8490,0
5,8494,0
5,8496,0
5,8498,0
5,8500,0
5,8504,0
5,8511,0
5,8513,0
5,8517,0
5,8521,0
5,8522,0
5,8526,0
5,8530,0
5,8538,0
5,8540,0
5,8542,0
5,8548,0
5,8554,0
5,8562,0
5,8564,0
5,8565,0
5,8567,0
5,8568,0
5,8571,0
5,8572,0
5,8573,0
5,8574,0
5,8577,0
5,8580,0
5,8581,0
5,8584,0
5,8586,0
5,8589,0
5,8590,0
5,8594,0
5,8595,0
5,8599,0
5,8601,0
5,8603,0
5,8606,0
5,8607,0
5,8609,0
5,8610,0
5,8611,0
5,8612,0
5,8616,0
5,8617,0
5,8618,0
5,8619,0
5,8622,0
5,8623,0
5,8626,0
5,8627,0
5,8628,0
5,8629,0
5,8631,0
5,8634,0
5,8635,0
5,8642,0
5,8646,0
5,8652,0
5,8654,0
5,8655,0
5,8656,0
5,8658,0
5,8665,0
5,8672,0
5,8673,0
5,8674,0
5,8678,0
5,8679,0
5,8683,0
5,8684,0
5,8688,0
5,8702,0
5,8703,0
5,8704,0
5,8705,0
5,8709,0
5,8717,0
5,8718,0
5,8719,0
5,8720,0
5,8723,0
5,8724,0
5,8726,0
5,8729,0
5,8731,0
5,8732,0
5,8737,0
5,8741,0
5,8745,0
5,8752,0
5,8755,0
5,8756,0
5,8760,0
5,8766,0
5,8768,0
5,8772,0
5,8776,0
5,8779,0
5,8781,0
5,8793,0
5,8800,0
5,8801,0
5,8810,0
5,8812,0
5,8815,0
5,8826,0
5,8837,0
5,8851,0
5,8865,0
5,8870,0
5,8875,0
5,8886,0
5,8894,0
5,8902,0
5,8918,0
5,8925,0
5,8941,0
5,8945,0
5,8952,0
5,8953,0
5,8957,0
5,8958,0
5,8989,0
5,9019,0
5,9044,0
5,9050,0
5,9059,0
5,9069,0
5,9078,0
5,9085,0
5,9100,0
5,9101,0
5,9120,0
5,9150,0
5,9160,0
5,9180,0
5,9230,0
5,9249,0
5,9254,0
5,9259,0
5,9290,0
5,9305,0
5,9317,0
5,9339,0
5,9344,0
5,9345,0
5,9346,0
5,9387,0
5,9424,0
5,9445,0
5,9462,0
5,9481,0
5,9492,0
5,9526,0
5,9531,0
5,9533,0
5,9569,0
5,9586,0
5,9591,0
5,9596,0
5,9638,0
5,9648,0
5,9653,0
5,9674,0
5,9693,0
5,9753,0
5,9758,0
5,9814,0
5,9820,0
5,9847,0
5,9851,0
5,9855,0
5,9860,0
5,9861,0
5,9902,0
5,9903,0
5,9909,0
5,9913,0
5,9916,0
5,9920,0
5,9952,0
5,9959,0
5,9961,0
5,9963,0
5,9965,0
5,9966,0
5,9968,0
5,9969,0
5,9970,0
5,9977,0
5,9982,0
5,9985,0
5,9987,0
5,9989,0
5,9990,0
5,9991,0
5,9995,0
5,10000,0
5,10002,0
5,10003,0
5,10005,0
5,10008,0
5,10013,0
5,10017,0
5,10020,0
5,10024,0
5,10029,0
5,10030,0
5,10031,0
5,10032,0
5,10038,0
5,10043,0
5,10046,0
5,10050,0
5,10051,0
5,10053,0
5,10057,0
5,10058,0
5,10060,0
5,10064,0
5,10066,0
5,10068,0
5,10071,0
5,10080,0
5,10084,0
5,10085,0
5,10086,0
5,10089,0
5,10092,0
5,10093,0
5,10094,0
5,10095,0
5,10097,0
5,10099,0
5,10100,0
5,10103,0
5,10104,0
5,10108,0
5,10109,0
5,10110,0
5,10112,0
5,10113,0
5,10115,0
5,10124,0
5,10127,0
5,10130,0
5,10135,0
5,10139,0
5,10141,0
5,10142,0
5,10143,0
5,10145,0
5,10146,0
5,10147,0
5,10152,0
5,10153,0
5,10155,0
5,10157,0
5,10167,0
5,10169,0
5,10173,0
5,10174,0
5,10175,0
5,10177,0
5,10179,0
5,10180,0
5,10188,0
5,10191,0
5,10193,0
5,10196,0
5,10197,0
5,10200,0
5,10202,0
5,10203,0
5,10204,0
5,10205,0
5,10207,0
5,10208,0
5,10210,0
5,10216,0
5,10217,0
5,10218,0
5,10221,0
5,10224,0
5,10226,0
5,10228,0
5,10229,0
5,10233,0
5,10236,0
5,10237,0
5,10239,0
5,10242,0
5,10243,0
5,10244,0
5,10247,0
5,10248,0
5,10253,0
5,10255,0
5,10256,0
5,10259,0
5,10264,0
5,10268,0
5,10270,0
5,10277,0
5,10278,0
5,10286,0
5,10291,0
5,10300,0
5,10304,0
5,10308,0
5,10313,0
5,10315,0
5,10324,0
5,10325,0
5,10331,0
5,10332,0
5,10337,0
5,10340,0
5,10343,0
5,10345,0
5,10352,0
5,10355,0
5,10356,0
5,10357,0
5,10364,0
5,10368,0
5,10373,0
5,10375,0
5,10387,0
5,10391,0
5,10394,0
5,10398,0
5,10401,0
5,10405,0
5,10407,0
5,10410,0
5,10414,0
5,10415,0
5,10424,0
5,10429,0
5,10431,0
5,10436,0
5,10437,0
5,10444,0
5,10451,0
5,10453,0
5,10456,0
5,10460,0
5,10466,0
5,10475,0
5,10479,0
5,10481,0
5,10482,0
5,10483,0
5,10486,0
5,10489,0
5,10490,0
5,10491,0
5,10499,0
5,10514,0
5,10517,0
5,10520,0
5,10522,0
5,10523,0
5,10526,0
5,10530,0
5,10538,0
5,10546,0
5,10550,0
5,10552,0
5,10560,0
5,10562,0
5,10566,0
5,10570,0
5,10571,0
5,10573,0
5,10575,0
5,10592,0
5,10598,0
5,10601,0
5,10603,0
5,10604,0
5,10606,0
5,10611,0
5,10614,0
5,10619,0
5,10622,0
5,10624,0
5,10625,0
5,10628,0
5,10631,0
5,10634,0
5,10635,0
5,10637,0
5,10640,0
5,10642,0
5,10644,0
5,10646,0
5,10650,0
5,10653,0
5,10663,0
5,10670,0
5,10671,0
5,10673,0
5,10675,0
5,10681,0
5,10682,0
5,10684,0
5,10685,0
5,10692,0
5,10693,0
5,10695,0
5,10696,0
5,10700,0
5,10702,0
5,10710,0
5,10717,0
5,10721,0
5,10726,0
5,10731,0
5,10741,0
5,10749,0
5,10752,0
5,10765,0
5,10774,0
5,10783,0
5,10784,0
5,10788,0
5,10797,0
5,10811,0
5,10814,0
5,10817,0
5,10821,0
5,10826,0
5,10827,0
5,10829,0
5,10830,0
5,10833,0
5,10841,0
5,10842,0
5,10850,0
5,10860,0
5,10864,0
5,10866,0
5,10873,0
5,10880,0
5,10882,0
5,10884,0
5,10890,0
5,10891,0
5,10894,0
5,10895,0
5,10898,0
5,10914,0
5,10923,0
5,10926,0
5,10931,0
5,10932,0
5,10947,0
5,10964,0
5,10965,0
5,10970,0
5,10972,0
5,10984,0
5,10987,0
5,10997,0
5,11025,0
5,11026,0
5,11028,0
5,11029,0
5,11030,0
5,11038,0
5,11042,0
5,11043,0
5,11048,0
5,11055,0
5,11069,0
5,11073,0
5,11082,0
5,11101,0
5,11106,0
5,11112,0
5,11115,0
5,11123,0
5,11124,0
5,11134,0
5,11136,0
5,11159,0
5,11168,0
5,11170,0
5,11171,0
5,11180,0
5,11185,0
5,11198,0
5,11200,0
5,11203,0
5,11205,0
5,11208,0
5,11210,0
5,11213,0
5,11215,0
5,11219,0
5,11221,0
5,11226,0
5,11227,0
5,11231,0
5,11241,0
5,11242,0
5,11245,0
5,11246,0
5,11265,0
5,11271,0
5,11272,0
5,11292,0
5,11299,0
5,11301,0
5,11305,0
5,11306,0
5,11308,0
5,11310,0
5,11312,0
5,11313,0
5,11319,0
5,11322,0
5,11323,0
5,11325,0
5,11327,0
5,11330,0
5,11353,0
5,11358,0
5,11365,0
5,11379,0
5,11384,0
5,11396,0
5,11400,0
5,11406,0
5,11407,0
5,11430,0
5,11455,0
5,11470,0
5,11471,0
5,11497,0
5,11504,0
5,11648,0
5,11718,0
5,11741,0
5,11819,0
5,11824,0
5,11829,0
5,11880,0
5,11899,0
5,11909,0
5,11911,0
5,11921,0
5,11923,0
5,11929,0
5,11933,0
5,11968,0
5,11973,0
5,11990,0
5,11997,0
5,12041,0
5,12091,0
5,12130,0
5,12153,0
5,12154,0
5,12192,0
5,12197,0
5,12202,0
5,12213,0
5,12217,0
5,12227,0
5,12229,0
5,12231,0
5,12242,0
5,12265,0
5,12270,0
5,12282,0
5,12283,0
6,1,0
6,20,0
6,25,0
6,28,0
6,30,0
6,62,0
6,106,0
6,116,0
6,117,0
6,118,0
6,124,0
6,129,0
6,180,0
6,185,0
6,193,0
6,246,0
6,247,0
6,249,0
6,254,0
6,261,0
6,271,0
6,272,0
6,274,0
6,292,0
6,293,0
6,294,0
6,304,0
6,313,0
6,326,0
6,335,0
6,340,0
6,349,0
6,358,0
6,367,0
6,368,0
6,369,0
6,382,0
6,390,0
6,400,0
6,402,0
6,403,0
6,408,0
6,414,0
6,431,0
6,432,0
6,438,0
6,441,0
6,442,0
6,455,0
6,456,0
6,457,0
6,460,0
6,462,0
6,468,0
6,474,0
6,478,0
6,479,0
6,482,0
6,486,0
6,488,0
6,489,0
6,490,0
6,493,0
6,494,0
6,496,0
6,501,0
6,513,0
6,515,0
6,522,0
6,524,0
6,526,0
6,529,0
6,532,0
6,535,0
6,545,0
6,546,0
6,547,0
6,548,0
6,551,0
6,553,0
6,556,0
6,561,0
6,569,0
6,573,0
6,576,0
6,583,0
6,584,0
6,589,0
6,590,0
6,591,0
6,593,0
6,595,0
6,602,0
6,603,0
6,605,0
6,613,0
6,615,0
6,616,0
6,620,0
6,627,0
6,632,0
6,633,0
6,638,0
6,646,0
6,657,0
6,659,0
6,661,0
6,662,0
6,664,0
6,669,0
6,670,0
6,671,0
6,673,0
6,682,0
6,683,0
6,696,0
6,697,0
6,702,0
6,706,0
6,709,0
6,712,0
6,715,0
6,718,0
6,719,0
6,720,0
6,728,0
6,731,0
6,735,0
6,737,0
6,738,0
6,739,0
6,742,0
6,744,0
6,748,0
6,749,0
6,751,0
6,755,0
6,758,0
6,759,0
6,760,0
6,762,0
6,765,0
6,774,0
6,780,0
6,781,0
6,785,0
6,786,0
6,791,0
6,794,0
6,795,0
6,800,0
6,806,0
6,814,0
6,816,0
6,827,0
6,830,0
6,831,0
6,833,0
6,835,0
6,836,0
6,837,0
6,840,0
6,845,0
6,856,0
6,857,0
6,859,0
6,860,0
6,862,0
6,864,0
6,869,0
6,874,0
6,880,0
6,882,0
6,883,0
6,890,0
6,893,0
6,896,0
6,897,0
6,899,0
6,903,0
6,905,0
6,906,0
6,908,0
6,909,0
6,910,0
6,912,0
6,914,0
6,926,0
6,928,0
6,935,0
6,938,0
6,949,0
6,952,0
6,962,0
6,967,0
6,969,0
6,970,0
6,972,0
6,973,0
6,977,0
6,981,0
6,984,0
6,990,0
6,995,0
6,998,0
6,1004,0
6,1008,0
6,1012,0
6,1019,0
6,1022,0
6,1024,0
6,1028,0
6,1029,0
6,1034,0
6,1042,0
6,1044,0
6,1046,0
6,1047,0
6,1051,0
6,1054,0
6,1059,0
6,1062,0
6,1064,0
6,1066,0
6,1073,0
6,1081,0
6,1083,0
6,1084,0
6,1086,0
6,1088,0
6,1092,0
6,1093,0
6,1095,0
6,1102,0
6,1109,0
6,1110,0
6,1111,0
6,1115,0
6,1117,0
6,1126,0
6,1130,0
6,1132,0
6,1133,0
6,1137,0
6,1138,0
6,1142,0
6,1168,0
6,1169,0
6,1173,0
6,1178,0
6,1180,0
6,1182,0
6,1184,0
6,1190,0
6,1202,0
6,1207,0
6,1216,0
6,1218,0
6,1220,0
6,1225,0
6,1229,0
6,1233,0
6,1243,0
6,1251,0
6,1257,0
6,1258,0
6,1260,0
6,1270,0
6,1273,0
6,1283,0
6,1290,0
6,1298,0
6,1309,0
6,1316,0
6,1320,0
6,1341,0
6,1344,0
6,1363,0
6,1364,0
6,1400,0
6,1406,0
6,1414,0
6,1421,0
6,1428,0
6,1430,0
6,1444,0
6,1450,0
6,1476,0
6,1481,0
6,1492,0
6,1494,0
6,1513,0
6,1515,0
6,1523,0
6,1524,0
6,1529,0
6,1534,0
6,1544,0
6,1557,0
6,1576,0
6,1578,0
6,1579,0
6,1586,0
6,1589,0
6,1598,0
6,1602,0
6,1648,0
6,1650,0
6,1655,0
6,1665,0
6,1670,0
6,1678,0
6,1690,0
6,1697,0
6,1710,0
6,1723,0
6,1729,0
6,1734,0
6,1736,0
6,1740,0
6,1745,0
6,1748,0
6,1749,0
6,1755,0
6,1761,0
6,1765,0
6,1768,0
6,1771,0
6,1774,0
6,1783,0
6,1784,0
6,1795,0
6,1809,0
6,1811,0
6,1812,0
6,1815,0
6,1816,0
6,1820,0
6,1825,0
6,1827,0
6,1832,0
6,1836,0
6,1841,0
6,1845,0
6,1848,0
6,1849,0
6,1863,0
6,1865,0
6,1866,0
6,1869,0
6,1870,0
6,1873,0
6,1885,0
6,1887,0
6,1890,0
6,1906,0
6,1908,0
6,1910,0
6,1911,0
6,1914,0
6,1915,0
6,1920,0
6,1925,0
6,1935,0
6,1937,0
6,1940,0
6,1950,0
6,1953,0
6,1956,0
6,1960,0
6,1970,0
6,1974,0
6,1977,0
6,1981,0
6,1983,0
6,1987,0
6,1997,0
6,2000,0
6,2001,0
6,2011,0
6,2015,0
6,2019,0
6,2020,0
6,2026,0
6,2028,0
6,2029,0
6,2034,0
6,2035,0
6,2040,0
6,2041,0
6,2045,0
6,2047,0
6,2053,0
6,2060,0
6,2061,0
6,2065,0
6,2068,0
6,2076,0
6,2083,0
6,2087,0
6,2089,0
6,2092,0
6,2095,0
6,2109,0
6,2118,0
6,2125,0
6,2126,0
6,2127,0
6,2131,0
6,2132,0
6,2133,0
6,2150,0
6,2151,0
6,2152,0
6,2156,0
6,2172,0
6,2185,0
6,2187,0
6,2200,0
6,2201,0
6,2202,0
6,2203,0
6,2205,0
6,2209,0
6,2217,0
6,2218,0
6,2222,0
6,2223,0
6,2226,0
6,2229,0
6,2230,0
6,2244,0
6,2249,0
6,2251,0
6,2252,0
6,2253,0
6,2259,0
6,2260,0
6,2268,0
6,2274,0
6,2276,0
6,2288,0
6,2289,0
6,2291,0
6,2302,0
6,2314,0
6,2316,0
6,2318,0
6,2319,0
6,2329,0
6,2338,0
6,2345,0
6,2350,0
6,2351,0
6,2359,0
6,2360,0
6,2365,0
6,2374,0
6,2388,0
6,2391,0
6,2403,0
6,2414,0
6,2453,0
6,2499,0
6,2519,0
6,2536,0
6,2554,0
6,2573,0
6,2576,0
6,2585,0
6,2590,0
6,2599,0
6,2606,0
6,2616,0
6,2620,0
6,2647,0
6,2670,0
6,2681,0
6,2682,0
6,2691,0
6,2697,0
6,2698,0
6,2700,0
6,2703,0
6,2704,0
6,2706,0
6,2712,0
6,2716,0
6,2717,0
6,2720,0
6,2722,0
6,2724,0
6,2729,0
6,2732,0
6,2734,0
6,2745,0
6,2748,0
6,2751,0
6,2753,0
6,2760,0
6,2761,0
6,2766,0
6,2769,0
6,2772,0
6,2774,0
6,2778,0
6,2791,0
6,2794,0
6,2796,0
6,2800,0
6,2802,0
6,2806,0
6,2817,0
6,2818,0
6,2824,0
6,2835,0
6,2839,0
6,2841,0
6,2848,0
6,2854,0
6,2856,0
6,2858,0
6,2861,0
6,2863,0
6,2866,0
6,2875,0
6,2876,0
6,2894,0
6,2895,0
6,2898,0
6,2902,0
6,2905,0
6,2906,0
6,2909,0
6,2910,0
6,2916,0
6,2917,0
6,2924,0
6,2925,0
6,2926,0
6,2935,0
6,2939,0
6,2940,0
6,2941,0
6,2951,0
6,2955,0
6,2959,0
6,2960,0
6,2966,0
6,2969,0
6,2980,0
6,2984,0
6,2987,0
6,2998,0
6,3004,0
6,3005,0
6,3006,0
6,3011,0
6,3014,0
6,3056,0
6,3064,0
6,3080,0
6,3100,0
6,3118,0
6,3127,0
6,3130,0
6,3151,0
6,3178,0
6,3184,0
6,3189,0
6,3198,0
6,3199,0
6,3200,0
6,3219,0
6,3227,0
6,3228,0
6,3229,0
6,3232,0
6,3246,0
6,3259,0
6,3269,0
6,3280,0
6,3284,0
6,3285,0
6,3294,0
6,3295,0
6,3296,0
6,3300,0
6,3302,0
6,3304,0
6,3309,0
6,3317,0
6,3320,0
6,3323,0
6,3326,0
6,3332,0
6,3335,0
6,3336,0
6,3340,0
6,3341,0
6,3344,0
6,3346,0
6,3348,0
6,3350,0
6,3352,0
6,3354,0
6,3357,0
6,3359,0
6,3360,0
6,3364,0
6,3366,0
6,3367,0
6,3374,0
6,3379,0
6,3381,0
6,3385,0
6,3390,0
6,3391,0
6,3392,0
6,3395,0
6,3397,0
6,3399,0
6,3400,0
6,3402,0
6,3403,0
6,3407,0
6,3408,0
6,3424,0
6,3427,0
6,3438,0
6,3445,0
6,3446,0
6,3452,0
6,3455,0
6,3456,0
6,3458,0
6,3460,0
6,3461,0
6,3463,0
6,3465,0
6,3473,0
6,3475,0
6,3476,0
6,3477,0
6,3480,0
6,3482,0
6,3484,0
6,3485,0
6,3486,0
6,3487,0
6,3505,0
6,3509,0
6,3510,0
6,3511,0
6,3513,0
6,3514,0
6,3517,0
6,3518,0
6,3521,0
6,3536,0
6,3540,0
6,3546,0
6,3550,0
6,3551,0
6,3552,0
6,3553,0
6,3554,0
6,3563,0
6,3566,0
6,3567,0
6,3568,0
6,3570,0
6,3575,0
6,3578,0
6,3580,0
6,3581,0
6,3582,0
6,3588,0
6,3589,0
6,3590,0
6,3592,0
6,3601,0
6,3603,0
6,3604,0
6,3607,0
6,3608,0
6,3611,0
6,3614,0
6,3616,0
6,3626,0
6,3629,0
6,3632,0
6,3639,0
6,3651,0
6,3652,0
6,3656,0
6,3657,0
6,3658,0
6,3660,0
6,3661,0
6,3663,0
6,3664,0
6,3665,0
6,3667,0
6,3669,0
6,3670,0
6,3673,0
6,3675,0
6,3681,0
6,3698,0
6,3701,0
6,3715,0
6,3716,0
6,3719,0
6,3728,0
6,3735,0
6,3745,0
6,3750,0
6,3756,0
6,3759,0
6,3763,0
6,3764,0
6,3768,0
6,3769,0
6,3773,0
6,3778,0
6,3783,0
6,3787,0
6,3788,0
6,3798,0
6,3801,0
6,3803,0
6,3825,0
6,3829,0
6,3834,0
6,3847,0
6,3849,0
6,3854,0
6,3856,0
6,3858,0
6,3861,0
6,3866,0
6,3871,0
6,3879,0
6,3880,0
6,3891,0
6,3892,0
6,3895,0
6,3896,0
6,3897,0
6,3909,0
6,3914,0
6,3915,0
6,3917,0
6,3920,0
6,3921,0
6,3923,0
6,3924,0
6,3931,0
6,3935,0
6,3937,0
6,3940,0
6,3941,0
6,3943,0
6,3944,0
6,3945,0
6,3952,0
6,3960,0
6,3964,0
6,3965,0
6,3966,0
6,3967,0
6,3969,0
6,3970,0
6,3975,0
6,3976,0
6,3977,0
6,3978,0
6,3981,0
6,3982,0
6,3985,0
6,3987,0
6,3988,0
6,3997,0
6,3998,0
6,4006,0
6,4010,0
6,4015,0
6,4023,0
6,4029,0
6,4030,0
6,4031,0
6,4036,0
6,4043,0
6,4049,0
6,4052,0
6,4054,0
6,4061,0
6,4063,0
6,4065,0
6,4070,0
6,4073,0
6,4076,0
6,4081,0
6,4104,0
6,4111,0
6,4116,0
6,4124,0
6,4132,0
6,4135,0
6,4139,0
6,4148,0
6,4153,0
6,4168,0
6,4169,0
6,4180,0
6,4185,0
6,4200,0
6,4206,0
6,4208,0
6,4229,0
6,4231,0
6,4236,0
6,4247,0
6,4273,0
6,4285,0
6,4293,0
6,4371,0
6,4380,0
6,4384,0
6,4417,0
6,4474,0
6,4493,0
6,4541,0
6,4624,0
6,4631,0
6,4632,0
6,4678,0
6,4705,0
6,4706,0
6,4712,0
6,4725,0
6,4745,0
6,4747,0
6,4752,0
6,4800,0
6,4821,0
6,4840,0
6,4868,0
6,4873,0
6,4887,0
6,4939,0
6,4957,0
6,4968,0
6,4970,0
6,5004,0
6,5008,0
6,5011,0
6,5033,0
6,5035,0
6,5053,0
6,5058,0
6,5067,0
6,5070,0
6,5077,0
6,5082,0
6,5105,0
6,5122,0
6,5130,0
6,5135,0
6,5149,0
6,5158,0
6,5159,0
6,5162,0
6,5176,0
6,5179,0
6,5181,0
6,5183,0
6,5188,0
6,5192,0
6,5198,0
6,5201,0
6,5203,0
6,5207,0
6,5211,0
6,5216,0
6,5240,0
6,5241,0
6,5243,0
6,5248,0
6,5253,0
6,5257,0
6,5264,0
6,5265,0
6,5273,0
6,5282,0
6,5284,0
6,5285,0
6,5286,0
6,5290,0
6,5296,0
6,5300,0
6,5306,0
6,5307,0
6,5308,0
6,5312,0
6,5313,0
6,5315,0
6,5318,0
6,5320,0
6,5325,0
6,5327,0
6,5335,0
6,5338,0
6,5341,0
6,5342,0
6,5345,0
6,5351,0
6,5353,0
6,5354,0
6,5358,0
6,5365,0
6,5373,0
6,5376,0
6,5377,0
6,5378,0
6,5380,0
6,5385,0
6,5390,0
6,5392,0
6,5394,0
6,5399,0
6,5402,0
6,5406,0
6,5410,0
6,5415,0
6,5420,0
6,5423,0
6,5428,0
6,5431,0
6,5438,0
6,5440,0
6,5444,0
6,5445,0
6,5450,0
6,5453,0
6,5461,0
6,5463,0
6,5469,0
6,5475,0
6,5476,0
6,5478,0
6,5480,0
6,5486,0
6,5487,0
6,5488,0
6,5497,0
6,5521,0
6,5522,0
6,5525,0
6,5526,0
6,5540,0
6,5543,0
6,5544,0
6,5549,0
6,5551,0
6,5552,0
6,5554,0
6,5555,0
6,5559,0
6,5562,0
6,5569,0
6,5570,0
6,5576,0
6,5579,0
6,5581,0
6,5584,0
6,5585,0
6,5588,0
6,5595,0
6,5613,0
6,5614,0
6,5615,0
6,5618,0
6,5619,0
6,5620,0
6,5625,0
6,5628,0
6,5629,0
6,5630,0
6,5631,0
6,5635,0
6,5640,0
6,5641,0
6,5650,0
6,5651,0
6,5656,0
6,5664,0
6,5668,0
6,5669,0
6,5670,0
6,5673,0
6,5676,0
6,5679,0
6,5687,0
6,5694,0
6,5695,0
6,5698,0
6,5699,0
6,5703,0
6,5706,0
6,5714,0
6,5716,0
6,5721,0
6,5722,0
6,5729,0
6,5735,0
6,5736,0
6,5744,0
6,5748,0
6,5752,0
6,5759,0
6,5762,0
6,5766,0
6,5769,0
6,5770,0
6,5773,0
6,5774,0
6,5776,0
6,5783,0
6,5784,0
6,5786,0
6,5789,0
6,5790,0
6,5814,0
6,5816,0
6,5823,0
6,5824,0
6,5831,0
6,5832,0
6,5834,0
6,5844,0
6,5845,0
6,5848,0
6,5850,0
6,5854,0
6,5858,0
6,5859,0
6,5870,0
6,5881,0
6,5891,0
6,5899,0
6,5900,0
6,5903,0
6,5905,0
6,5906,0
6,5924,0
6,5927,0
6,5939,0
6,5946,0
6,5947,0
6,5949,0
6,5955,0
6,5959,0
6,5963,0
6,5967,0
6,5968,0
6,5976,0
6,5978,0
6,5982,0
6,6008,0
6,6015,0
6,6023,0
6,6027,0
6,6038,0
6,6040,0
6,6041,0
6,6046,0
6,6049,0
6,6064,0
6,6067,0
6,6074,0
6,6084,0
6,6085,0
6,6091,0
6,6099,0
6,6102,0
6,6109,0
6,6115,0
6,6122,0
6,6125,0
6,6131,0
6,6140,0
6,6148,0
6,6155,0
6,6156,0
6,6166,0
6,6184,0
6,6186,0
6,6196,0
6,6201,0
6,6204,0
6,6205,0
6,6206,0
6,6220,0
6,6224,0
6,6236,0
6,6237,0
6,6240,0
6,6244,0
6,6247,0
6,6253,0
6,6260,0
6,6276,0
6,6282,0
6,6297,0
6,6304,0
6,6312,0
6,6315,0
6,6316,0
6,6332,0
6,6333,0
6,6338,0
6,6341,0
6,6344,0
6,6347,0
6,6349,0
6,6350,0
6,6351,0
6,6360,0
6,6368,0
6,6377,0
6,6378,0
6,6382,0
6,6384,0
6,6393,0
6,6398,0
6,6404,0
6,6406,0
6,6408,0
6,6430,0
6,6434,0
6,6435,0
6,6439,0
6,6449,0
6,6452,0
6,6456,0
6,6460,0
6,6462,0
6,6470,0
6,6471,0
6,6482,0
6,6486,0
6,6495,0
6,6500,0
6,6506,0
6,6507,0
6,6508,0
6,6511,0
6,6525,0
6,6527,0
6,6531,0
6,6534,0
6,6535,0
6,6538,0
6,6539,0
6,6540,0
6,6542,0
6,6545,0
6,6548,0
6,6554,0
6,6556,0
6,6559,0
6,6566,0
6,6570,0
6,6572,0
6,6574,0
6,6575,0
6,6580,0
6,6586,0
6,6592,0
6,6594,0
6,6597,0
6,6604,0
6,6611,0
6,6612,0
6,6616,0
6,6617,0
6,6622,0
6,6633,0
6,6634,0
6,6645,0
6,6652,0
6,6662,0
6,6693,0
6,6696,0
6,6697,0
6,6701,0
6,6703,0
6,6714,0
6,6716,0
6,6723,0
6,6730,0
6,6734,0
6,6750,0
6,6768,0
6,6779,0
6,6787,0
6,6812,0
6,6841,0
6,6844,0
6,6866,0
6,6908,0
6,6920,0
6,6932,0
6,6935,0
6,6939,0
6,6953,0
6,7073,0
6,7087,0
6,7137,0
6,7196,0
6,7317,0
6,7372,0
6,7405,0
6,7410,0
6,7431,0
6,7435,0
6,7443,0
6,7448,0
6,7451,0
6,7453,0
6,7466,0
6,7467,0
6,7468,0
6,7469,0
6,7474,0
6,7478,0
6,7479,0
6,7494,0
6,7504,0
6,7505,0
6,7509,0
6,7511,0
6,7516,0
6,7517,0
6,7518,0
6,7520,0
6,7521,0
6,7524,0
6,7525,0
6,7527,0
6,7529,0
6,7531,0
6,7533,0
6,7534,0
6,7536,0
6,7537,0
6,7542,0
6,7543,0
6,7546,0
6,7547,0
6,7549,0
6,7555,0
6,7557,0
6,7559,0
6,7567,0
6,7570,0
6,7572,0
6,7574,0
6,7576,0
6,7580,0
6,7581,0
6,7588,0
6,7590,0
6,7601,0
6,7609,0
6,7610,0
6,7611,0
6,7615,0
6,7620,0
6,7622,0
6,7624,0
6,7629,0
6,7631,0
6,7635,0
6,7641,0
6,7643,0
6,7645,0
6,7650,0
6,7659,0
6,7670,0
6,7671,0
6,7673,0
6,7687,0
6,7693,0
6,7695,0
6,7696,0
6,7712,0
6,7745,0
6,7750,0
6,7755,0
6,7760,0
6,7765,0
6,7769,0
6,7770,0
6,7777,0
6,7903,0
6,8299,0
6,8326,0
6,8381,0
6,8432,0
6,8456,0
6,8466,0
6,8474,0
6,8476,0
6,8478,0
6,8493,0
6,8500,0
6,8523,0
6,8524,0
6,8534,0
6,8548,0
6,8553,0
6,8555,0
6,8569,0
6,8588,0
6,8594,0
6,8600,0
6,8617,0
6,8620,0
6,8648,0
6,8656,0
6,8659,0
6,8664,0
6,8667,0
6,8670,0
6,8678,0
6,8681,0
6,8685,0
6,8688,0
6,8690,0
6,8691,0
6,8695,0
6,8696,0
6,8700,0
6,8701,0
6,8706,0
6,8719,0
6,8720,0
6,8721,0
6,8722,0
6,8724,0
6,8727,0
6,8729,0
6,8731,0
6,8743,0
6,8759,0
6,8762,0
6,8773,0
6,8778,0
6,8779,0
6,8783,0
6,8788,0
6,8789,0
6,8790,0
6,8792,0
6,8793,0
6,8794,0
6,8796,0
6,8797,0
6,8799,0
6,8800,0
6,8804,0
6,8806,0
6,8807,0
6,8811,0
6,8812,0
6,8813,0
6,8817,0
6,8820,0
6,8822,0
6,8825,0
6,8827,0
6,8831,0
6,8835,0
6,8842,0
6,8843,0
6,8848,0
6,8854,0
6,8856,0
6,8861,0
6,8862,0
6,8863,0
6,8868,0
6,8869,0
6,8870,0
6,8871,0
6,8872,0
6,8880,0
6,8889,0
6,8890,0
6,8891,0
6,8896,0
6,8899,0
6,8904,0
6,8909,0
6,8910,0
6,8911,0
6,8912,0
6,8916,0
6,8917,0
6,8919,0
6,8921,0
6,8923,0
6,8927,0
6,8928,0
6,8931,0
6,8939,0
6,8940,0
6,8944,0
6,8945,0
6,8946,0
6,8947,0
6,8949,0
6,8950,0
6,8951,0
6,8952,0
6,8954,0
6,8959,0
6,8961,0
6,8964,0
6,8965,0
6,8971,0
6,8972,0
6,8975,0
6,8976,0
6,8978,0
6,8985,0
6,8986,0
6,8989,0
6,8998,0
6,8999,0
6,9004,0
6,9005,0
6,9011,0
6,9012,0
6,9014,0
6,9015,0
6,9016,0
6,9017,0
6,9019,0
6,9020,0
6,9023,0
6,9026,0
6,9028,0
6,9030,0
6,9031,0
6,9032,0
6,9033,0
6,9035,0
6,9037,0
6,9041,0
6,9042,0
6,9043,0
6,9050,0
6,9056,0
6,9063,0
6,9068,0
6,9071,0
6,9072,0
6,9079,0
6,9081,0
6,9086,0
6,9088,0
6,9089,0
6,9090,0
6,9094,0
6,9097,0
6,9098,0
6,9099,0
6,9106,0
6,9107,0
6,9108,0
6,9111,0
6,9113,0
6,9115,0
6,9117,0
6,9128,0
6,9132,0
6,9136,0
6,9140,0
6,9149,0
6,9152,0
6,9155,0
6,9159,0
6,9169,0
6,9171,0
6,9172,0
6,9179,0
6,9185,0
6,9186,0
6,9189,0
6,9190,0
6,9193,0
6,9197,0
6,9199,0
6,9200,0
6,9202,0
6,9207,0
6,9208,0
6,9213,0
6,9215,0
6,9216,0
6,9219,0
6,9223,0
6,9224,0
6,9225,0
6,9226,0
6,9228,0
6,9232,0
6,9233,0
6,9234,0
6,9241,0
6,9244,0
6,9251,0
6,9252,0
6,9257,0
6,9261,0
6,9262,0
6,9274,0
6,9278,0
6,9281,0
6,9282,0
6,9291,0
6,9293,0
6,9303,0
6,9318,0
6,9319,0
6,9326,0
6,9327,0
6,9328,0
6,9329,0
6,9335,0
6,9337,0
6,9340,0
6,9347,0
6,9348,0
6,9351,0
6,9352,0
6,9355,0
6,9356,0
6,9357,0
6,9359,0
6,9360,0
6,9363,0
6,9369,0
6,9379,0
6,9380,0
6,9381,0
6,9385,0
6,9386,0
6,9392,0
6,9393,0
6,9395,0
6,9398,0
6,9402,0
6,9406,0
6,9415,0
6,9416,0
6,9418,0
6,9420,0
6,9430,0
6,9433,0
6,9437,0
6,9441,0
6,9450,0
6,9455,0
6,9467,0
6,9468,0
6,9476,0
6,9483,0
6,9488,0
6,9499,0
6,9500,0
6,9507,0
6,9512,0
6,9514,0
6,9517,0
6,9519,0
6,9534,0
6,9535,0
6,9537,0
6,9538,0
6,9541,0
6,9550,0
6,9556,0
6,9566,0
6,9570,0
6,9579,0
6,9580,0
6,9602,0
6,9606,0
6,9625,0
6,9631,0
6,9642,0
6,9644,0
6,9655,0
6,9660,0
6,9672,0
6,9677,0
6,9679,0
6,9682,0
6,9687,0
6,9688,0
6,9693,0
6,9701,0
6,9702,0
6,9707,0
6,9713,0
6,9723,0
6,9731,0
6,9733,0
6,9739,0
6,9747,0
6,9751,0
6,9766,0
6,9769,0
6,9771,0
6,9787,0
6,9800,0
6,9827,0
6,9828,0
6,9834,0
6,9845,0
6,9849,0
6,9852,0
6,9855,0
6,9856,0
6,9860,0
6,9871,0
6,9881,0
6,9882,0
6,9891,0
6,9898,0
6,9909,0
6,9910,0
6,9915,0
6,9933,0
6,9936,0
6,9945,0
6,9946,0
6,9949,0
6,9950,0
6,9962,0
6,9964,0
6,9971,0
6,9974,0
6,9976,0
6,9977,0
6,9980,0
6,9982,0
6,9994,0
6,10017,0
6,10018,0
6,10021,0
6,10027,0
6,10032,0
6,10037,0
6,10041,0
6,10061,0
6,10065,0
6,10082,0
6,10083,0
6,10087,0
6,10090,0
6,10092,0
6,10104,0
6,10105,0
6,10108,0
6,10118,0
6,10120,0
6,10124,0
6,10135,0
6,10147,0
6,10154,0
6,10160,0
6,10163,0
6,10185,0
6,10197,0
6,10223,0
6,10225,0
6,10244,0
6,10249,0
6,10250,0
6,10262,0
6,10269,0
6,10285,0
6,10297,0
6,10302,0
6,10303,0
6,10319,0
6,10327,0
6,10328,0
6,10343,0
6,10349,0
6,10350,0
6,10351,0
6,10357,0
6,10378,0
6,10383,0
6,10389,0
6,10390,0
6,10391,0
6,10392,0
6,10398,0
6,10399,0
6,10405,0
6,10422,0
6,10427,0
6,10429,0
6,10437,0
6,10442,0
6,10450,0
6,10452,0
6,10457,0
6,10459,0
6,10472,0
6,10481,0
6,10494,0
6,10497,0
6,10500,0
6,10506,0
6,10519,0
6,10521,0
6,10524,0
6,10525,0
6,10526,0
6,10528,0
6,10530,0
6,10533,0
6,10534,0
6,10537,0
6,10538,0
6,10545,0
6,10549,0
6,10552,0
6,10554,0
6,10560,0
6,10564,0
6,10565,0
6,10579,0
6,10588,0
6,10591,0
6,10593,0
6,10598,0
6,10599,0
6,10602,0
6,10611,0
6,10612,0
6,10613,0
6,10617,0
6,10618,0
6,10629,0
6,10631,0
6,10641,0
6,10648,0
6,10649,0
6,10659,0
6,10660,0
6,10671,0
6,10675,0
6,10687,0
6,10703,0
6,10710,0
6,10711,0
6,10715,0
6,10717,0
6,10718,0
6,10720,0
6,10726,0
6,10730,0
6,10733,0
6,10735,0
6,10742,0
6,10748,0
6,10755,0
6,10758,0
6,10792,0
6,10793,0
6,10797,0
6,10799,0
6,10805,0
6,10810,0
6,10821,0
6,10825,0
6,10830,0
6,10831,0
6,10837,0
6,10839,0
6,10861,0
6,10862,0
6,10889,0
6,10890,0
6,10897,0
6,10903,0
6,10908,0
6,10915,0
6,10917,0
6,10926,0
6,10927,0
6,10937,0
6,10954,0
6,10969,0
6,10971,0
6,10972,0
6,10982,0
6,10987,0
6,10989,0
6,11001,0
6,11002,0
6,11005,0
6,11009,0
6,11047,0
6,11048,0
6,11086,0
6,11093,0
6,11095,0
6,11098,0
6,11099,0
6,11101,0
6,11113,0
6,11123,0
6,11124,0
6,11141,0
6,11160,0
6,11167,0
6,11188,0
6,11192,0
6,11199,0
6,11217,0
6,11224,0
6,11249,0
6,11255,0
6,11265,0
6,11267,0
6,11275,0
6,11288,0
6,11295,0
6,11306,0
6,11312,0
6,11317,0
6,11319,0
6,11324,0
6,11343,0
6,11354,0
6,11359,0
6,11375,0
6,11383,0
6,11409,0
6,11413,0
6,11414,0
6,11418,0
6,11422,0
6,11429,0
6,11434,0
6,11440,0
6,11441,0
6,11446,0
6,11489,0
6,11494,0
6,11496,0
6,11509,0
6,11514,0
6,11546,0
6,11551,0
6,11556,0
6,11562,0
6,11566,0
6,11573,0
6,11578,0
6,11579,0
6,11584,0
6,11585,0
6,11614,0
6,11618,0
6,11632,0
6,11634,0
6,11705,0
6,11768,0
6,11786,0
6,11815,0
6,11824,0
6,11846,0
6,11851,0
6,11879,0
6,11978,0
6,11987,0
6,12021,0
6,12030,0
6,12043,0
6,12056,0
6,12060,0
6,12089,0
6,12092,0
6,12096,0
6,12101,0
6,12106,0
6,12108,0
6,12110,0
6,12118,0
6,12123,0
6,12128,0
6,12131,0
6,12136,0
6,12140,0
6,12141,0
6,12170,0
6,12173,0
6,12175,0
6,12180,0
6,12219,0
6,12223,0
6,12227,0
6,12232,0
6,12241,0
6,12252,0
6,12257,0
6,12261,0
6,12262,0
6,12267,0
6,12285,0
7,5,0
7,11,0
7,12,0
7,14,0
7,16,0
7,17,0
7,18,0
7,21,0
7,23,0
7,30,0
7,50,0
7,55,0
7,59,0
7,64,0
7,67,0
7,82,0
7,84,0
7,88,0
7,97,0
7,98,0
7,103,0
7,108,0
7,124,0
7,126,0
7,131,0
7,134,0
7,142,0
7,144,0
7,146,0
7,148,0
7,155,0
7,157,0
7,167,0
7,168,0
7,169,0
7,170,0
7,171,0
7,177,0
7,182,0
7,184,0
7,185,0
7,189,0
7,191,0
7,195,0
7,199,0
7,208,0
7,210,0
7,211,0
7,214,0
7,220,0
7,223,0
7,228,0
7,232,0
7,233,0
7,235,0
7,236,0
7,237,0
7,241,0
7,242,0
7,243,0
7,248,0
7,251,0
7,252,0
7,255,0
7,259,0
7,261,0
7,266,0
7,267,0
7,277,0
7,280,0
7,281,0
7,284,0
7,285,0
7,286,0
7,291,0
7,292,0
7,298,0
7,299,0
7,302,0
7,303,0
7,304,0
7,308,0
7,310,0
7,311,0
7,312,0
7,321,0
7,322,0
7,323,0
7,325,0
7,326,0
7,327,0
7,328,0
7,335,0
7,341,0
7,346,0
7,347,0
7,348,0
7,349,0
7,352,0
7,353,0
7,354,0
7,356,0
7,361,0
7,363,0
7,365,0
7,372,0
7,374,0
7,377,0
7,379,0
7,381,0
7,382,0
7,386,0
7,387,0
7,389,0
7,390,0
7,396,0
7,397,0
7,398,0
7,399,0
7,407,0
7,419,0
7,420,0
7,425,0
7,427,0
7,428,0
7,431,0
7,435,0
7,438,0
7,441,0
7,444,0
7,449,0
7,460,0
7,461,0
7,462,0
7,468,0
7,470,0
7,471,0
7,478,0
7,480,0
7,491,0
7,496,0
7,503,0
7,506,0
7,509,0
7,511,0
7,519,0
7,524,0
7,543,0
7,548,0
7,558,0
7,559,0
7,574,0
7,588,0
7,603,0
7,607,0
7,611,0
7,612,0
7,629,0
7,651,0
7,656,0
7,659,0
7,661,0
7,712,0
7,729,0
7,740,0
7,793,0
7,857,0
7,891,0
7,981,0
7,1004,0
7,1007,0
7,1013,0
7,1033,0
7,1039,0
7,1054,0
7,1085,0
7,1093,0
7,1111,0
7,1116,0
7,1140,0
7,1142,0
7,1144,0
7,1154,0
7,1155,0
7,1157,0
7,1159,0
7,1162,0
7,1165,0
7,1171,0
7,1181,0
7,1186,0
7,1189,0
7,1191,0
7,1213,0
7,1215,0
7,1216,0
7,1217,0
7,1225,0
7,1227,0
7,1229,0
7,1234,0
7,1236,0
7,1237,0
7,1239,0
7,1245,0
7,1254,0
7,1255,0
7,1258,0
7,1259,0
7,1263,0
7,1267,0
7,1269,0
7,1270,0
7,1277,0
7,1278,0
7,1282,0
7,1283,0
7,1285,0
7,1287,0
7,1288,0
7,1289,0
7,1290,0
7,1292,0
7,1293,0
7,1298,0
7,1300,0
7,1301,0
7,1307,0
7,1311,0
7,1312,0
7,1316,0
7,1318,0
7,1321,0
7,1324,0
7,1326,0
7,1329,0
7,1332,0
7,1335,0
7,1339,0
7,1340,0
7,1342,0
7,1347,0
7,1348,0
7,1354,0
7,1360,0
7,1361,0
7,1364,0
7,1369,0
7,1372,0
7,1378,0
7,1379,0
7,1382,0
7,1383,0
7,1391,0
7,1394,0
7,1397,0
7,1401,0
7,1407,0
7,1408,0
7,1411,0
7,1412,0
7,1414,0
7,1429,0
7,1433,0
7,1439,0
7,1440,0
7,1451,0
7,1457,0
7,1459,0
7,1461,0
7,1463,0
7,1464,0
7,1473,0
7,1476,0
7,1478,0
7,1481,0
7,1487,0
7,1496,0
7,1504,0
7,1507,0
7,1517,0
7,1522,0
7,1529,0
7,1531,0
7,1533,0
7,1536,0
7,1544,0
7,1546,0
7,1547,0
7,1549,0
7,1550,0
7,1553,0
7,1555,0
7,1567,0
7,1570,0
7,1572,0
7,1576,0
7,1588,0
7,1595,0
7,1596,0
7,1597,0
7,1615,0
7,1619,0
7,1620,0
7,1622,0
7,1626,0
7,1630,0
7,1653,0
7,1663,0
7,1665,0
7,1667,0
7,1678,0
7,1689,0
7,1696,0
7,1698,0
7,1699,0
7,1705,0
7,1706,0
7,1718,0
7,1720,0
7,1721,0
7,1725,0
7,1727,0
7,1730,0
7,1769,0
7,1773,0
7,1774,0
7,1788,0
7,1813,0
7,1816,0
7,1820,0
7,1859,0
7,1860,0
7,1868,0
7,1932,0
7,1933,0
7,1959,0
7,1964,0
7,2051,0
7,2073,0
7,2078,0
7,2079,0
7,2084,0
7,2097,0
7,2111,0
7,2116,0
7,2117,0
7,2122,0
7,2148,0
7,2151,0
7,2195,0
7,2197,0
7,2210,0
7,2211,0
7,2222,0
7,2268,0
7,2290,0
7,2319,0
7,2348,0
7,2373,0
7,2381,0
7,2407,0
7,2435,0
7,2440,0
7,2441,0
7,2447,0
7,2461,0
7,2480,0
7,2494,0
7,2495,0
7,2537,0
7,2538,0
7,2542,0
7,2543,0
7,2545,0
7,2562,0
7,2574,0
7,2579,0
7,2583,0
7,2584,0
7,2590,0
7,2599,0
7,2602,0
7,2603,0
7,2607,0
7,2609,0
7,2612,0
7,2615,0
7,2617,0
7,2620,0
7,2621,0
7,2622,0
7,2623,0
7,2624,0
7,2625,0
7,2626,0
7,2630,0
7,2631,0
7,2633,0
7,2638,0
7,2654,0
7,2656,0
7,2671,0
7,2676,0
7,2678,0
7,2681,0
7,2683,0
7,2686,0
7,2687,0
7,2713,0
7,2715,0
7,2719,0
7,2727,0
7,2729,0
7,2735,0
7,2738,0
7,2742,0
7,2743,0
7,2752,0
7,2771,0
7,2802,0
7,2814,0
7,2819,0
7,2821,0
7,2824,0
7,2826,0
7,2834,0
7,2839,0
7,2845,0
7,2858,0
7,2863,0
7,2868,0
7,2873,0
7,2877,0
7,2912,0
7,2917,0
7,2927,0
7,3065,0
7,3689,0
7,3738,0
7,3754,0
7,3758,0
7,3763,0
7,3829,0
7,3845,0
7,3859,0
7,3871,0
7,3872,0
7,3876,0
7,3884,0
7,3907,0
7,3916,0
7,3918,0
7,3923,0
7,3929,0
7,3934,0
7,3963,0
7,3993,0
7,4006,0
7,4011,0
7,4012,0
7,4038,0
7,4045,0
7,4065,0
7,4070,0
7,4075,0
7,4084,0
7,4120,0
7,4134,0
7,4135,0
7,4143,0
7,4148,0
7,4150,0
7,4152,0
7,4191,0
7,4198,0
7,4199,0
7,4206,0
7,4211,0
7,4216,0
7,4221,0
7,4229,0
7,4234,0
7,4259,0
7,4264,0
7,4266,0
7,4268,0
7,4274,0
7,4310,0
7,4315,0
7,4344,0
7,4349,0
7,4350,0
7,4358,0
7,4363,0
7,4375,0
7,4377,0
7,4380,0
7,4382,0
7,4413,0
7,4417,0
7,4461,0
7,4468,0
7,4516,0
7,4521,0
7,4524,0
7,4526,0
7,4529,0
7,4548,0
7,4551,0
7,4553,0
7,4556,0
7,4559,0
7,4563,0
7,4564,0
7,4568,0
7,4569,0
7,4573,0
7,4577,0
7,4579,0
7,4583,0
7,4584,0
7,4588,0
7,4589,0
7,4594,0
7,4599,0
7,4601,0
7,4605,0
7,4606,0
7,4619,0
7,4628,0
7,4633,0
7,4635,0
7,4636,0
7,4639,0
7,4640,0
7,4644,0
7,4649,0
7,4654,0
7,4655,0
7,4662,0
7,4677,0
7,4679,0
7,4683,0
7,4688,0
7,4690,0
7,4691,0
7,4693,0
7,4695,0
7,4696,0
7,4698,0
7,4700,0
7,4706,0
7,4711,0
7,4715,0
7,4717,0
7,4724,0
7,4729,0
7,4731,0
7,4733,0
7,4734,0
7,4739,0
7,4751,0
7,4753,0
7,4759,0
7,4761,0
7,4763,0
7,4767,0
7,4770,0
7,4773,0
7,4775,0
7,4787,0
7,4793,0
7,4804,0
7,4829,0
7,4830,0
7,4831,0
7,4832,0
7,4837,0
7,4842,0
7,4846,0
7,4847,0
7,4848,0
7,4867,0
7,4883,0
7,4884,0
7,4888,0
7,4889,0
7,4895,0
7,4903,0
7,4908,0
7,4923,0
7,4934,0
7,4936,0
7,4939,0
7,4942,0
7,4983,0
7,5029,0
7,5054,0
7,5092,0
7,5097,0
7,5101,0
7,5102,0
7,5528,0
7,5533,0
7,5602,0
7,5607,0
7,5612,0
7,5630,0
7,5689,0
7,5694,0
7,5696,0
7,5698,0
7,5701,0
7,5703,0
7,5774,0
7,5775,0
7,5779,0
7,5780,0
7,5824,0
7,5829,0
7,5832,0
7,5833,0
7,5837,0
7,5853,0
7,5857,0
7,5865,0
7,5870,0
7,5871,0
7,5877,0
7,5881,0
7,5886,0
7,5889,0
7,5894,0
7,5895,0
7,5900,0
7,5908,0
7,5909,0
7,5914,0
7,5920,0
7,5927,0
7,5928,0
7,5931,0
7,5933,0
7,5936,0
7,5941,0
7,5943,0
7,5960,0
7,5962,0
7,5963,0
7,5966,0
7,5968,0
7,5973,0
7,5975,0
7,5976,0
7,5979,0
7,5980,0
7,5981,0
7,5987,0
7,5991,0
7,5993,0
7,5995,0
7,6000,0
7,6001,0
7,6004,0
7,6005,0
7,6006,0
7,6009,0
7,6013,0
7,6014,0
7,6021,0
7,6022,0
7,6023,0
7,6025,0
7,6026,0
7,6033,0
7,6035,0
7,6036,0
7,6037,0
7,6050,0
7,6051,0
7,6059,0
7,6060,0
7,6062,0
7,6063,0
7,6066,0
7,6067,0
7,6070,0
7,6072,0
7,6074,0
7,6079,0
7,6080,0
7,6083,0
7,6091,0
7,6092,0
7,6094,0
7,6100,0
7,6103,0
7,6106,0
7,6112,0
7,6115,0
7,6117,0
7,6118,0
7,6128,0
7,6130,0
7,6137,0
7,6139,0
7,6147,0
7,6148,0
7,6149,0
7,6155,0
7,6161,0
7,6165,0
7,6168,0
7,6178,0
7,6180,0
7,6187,0
7,6192,0
7,6194,0
7,6195,0
7,6201,0
7,6202,0
7,6204,0
7,6205,0
7,6208,0
7,6220,0
7,6223,0
7,6227,0
7,6231,0
7,6241,0
7,6243,0
7,6258,0
7,6260,0
7,6274,0
7,6290,0
7,6293,0
7,6298,0
7,6300,0
7,6302,0
7,6309,0
7,6317,0
7,6318,0
7,6322,0
7,6326,0
7,6334,0
7,6337,0
7,6345,0
7,6359,0
7,6385,0
7,6394,0
7,6411,0
7,6434,0
7,6438,0
7,6449,0
7,6452,0
7,6459,0
7,6466,0
7,6481,0
7,6482,0
7,6483,0
7,6487,0
7,6490,0
7,6492,0
7,6498,0
7,6515,0
7,6523,0
7,6529,0
7,6545,0
7,6559,0
7,6561,0
7,6563,0
7,6567,0
7,6568,0
7,6619,0
7,6628,0
7,6634,0
7,6638,0
7,6639,0
7,6643,0
7,6647,0
7,6649,0
7,6653,0
7,6667,0
7,6672,0
7,6674,0
7,6675,0
7,6689,0
7,6693,0
7,6700,0
7,6713,0
7,6721,0
7,6731,0
7,6742,0
7,6756,0
7,6763,0
7,6764,0
7,6769,0
7,6786,0
7,6788,0
7,6791,0
7,6793,0
7,6798,0
7,6828,0
7,6844,0
7,6856,0
7,6872,0
7,6873,0
7,6876,0
7,6879,0
7,6884,0
7,6898,0
7,6909,0
7,6938,0
7,6942,0
7,6951,0
7,6952,0
7,6953,0
7,6959,0
7,6962,0
7,6967,0
7,6972,0
7,6973,0
7,6980,0
7,6984,0
7,6985,0
7,6987,0
7,6989,0
7,7003,0
7,7012,0
7,7013,0
7,7023,0
7,7032,0
7,7037,0
7,7088,0
7,7099,0
7,7105,0
7,7110,0
7,7111,0
7,7116,0
7,7118,0
7,7121,0
7,7122,0
7,7127,0
7,7132,0
7,7133,0
7,7137,0
7,7142,0
7,7143,0
7,7147,0
7,7148,0
7,7157,0
7,7162,0
7,7163,0
7,7167,0
7,7168,0
7,7173,0
7,7174,0
7,7178,0
7,7179,0
7,7188,0
7,7197,0
7,7217,0
7,7228,0
7,7233,0
7,7239,0
7,7240,0
7,7243,0
7,7244,0
7,7247,0
7,7251,0
7,7255,0
7,7256,0
7,7260,0
7,7263,0
7,7279,0
7,7287,0
7,7292,0
7,7297,0
7,7301,0
7,7302,0
7,7303,0
7,7306,0
7,7308,0
7,7313,0
7,7323,0
7,7324,0
7,7327,0
7,7332,0
7,7345,0
7,7348,0
7,7349,0
7,7350,0
7,7353,0
7,7354,0
7,7363,0
7,7372,0
7,7374,0
7,7377,0
7,7379,0
7,7383,0
7,7388,0
7,7405,0
7,7408,0
7,7410,0
7,7413,0
7,7419,0
7,7424,0
7,7425,0
7,7428,0
7,7432,0
7,7433,0
7,7437,0
7,7438,0
7,7442,0
7,7447,0
7,7449,0
7,7451,0
7,7452,0
7,7453,0
7,7454,0
7,7456,0
7,7458,0
7,7461,0
7,7462,0
7,7463,0
7,7468,0
7,7475,0
7,7479,0
7,7484,0
7,7493,0
7,7495,0
7,7498,0
7,7500,0
7,7501,0
7,7502,0
7,7503,0
7,7506,0
7,7507,0
7,7508,0
7,7512,0
7,7513,0
7,7515,0
7,7516,0
7,7518,0
7,7519,0
7,7521,0
7,7522,0
7,7523,0
7,7525,0
7,7530,0
7,7533,0
7,7552,0
7,7557,0
7,7560,0
7,7561,0
7,7565,0
7,7566,0
7,7570,0
7,7576,0
7,7578,0
7,7581,0
7,7582,0
7,7583,0
7,7595,0
7,7596,0
7,7606,0
7,7609,0
7,7611,0
7,7613,0
7,7614,0
7,7618,0
7,7619,0
7,7620,0
7,7629,0
7,7637,0
7,7639,0
7,7642,0
7,7643,0
7,7645,0
7,7650,0
7,7654,0
7,7656,0
7,7657,0
7,7661,0
7,7662,0
7,7664,0
7,7674,0
7,7679,0
7,7687,0
7,7692,0
7,7694,0
7,7697,0
7,7704,0
7,7709,0
7,7712,0
7,7718,0
7,7719,0
7,7724,0
7,7736,0
7,7737,0
7,7738,0
7,7742,0
7,7743,0
7,7744,0
7,7748,0
7,7759,0
7,7764,0
7,7765,0
7,7766,0
7,7767,0
7,7770,0
7,7771,0
7,7772,0
7,7773,0
7,7777,0
7,7783,0
7,7784,0
7,7785,0
7,7787,0
7,7789,0
7,7790,0
7,7794,0
7,7795,0
7,7803,0
7,7804,0
7,7806,0
7,7811,0
7,7814,0
7,7815,0
7,7819,0
7,7828,0
7,7834,0
7,7839,0
7,7840,0
7,7845,0
7,7850,0
7,7859,0
7,7860,0
7,7864,0
7,7876,0
7,7881,0
7,7884,0
7,7885,0
7,7887,0
7,7889,0
7,7890,0
7,7893,0
7,7896,0
7,7911,0
7,7915,0
7,7916,0
7,7918,0
7,7921,0
7,7923,0
7,7924,0
7,7925,0
7,7926,0
7,7928,0
7,7930,0
7,7931,0
7,7932,0
7,7933,0
7,7936,0
7,7938,0
7,7941,0
7,7943,0
7,7944,0
7,7945,0
7,7946,0
7,7949,0
7,7951,0
7,7954,0
7,7957,0
7,7966,0
7,7967,0
7,7970,0
7,7972,0
7,7978,0
7,7983,0
7,7987,0
7,7989,0
7,7992,0
7,7994,0
7,7995,0
7,7999,0
7,8003,0
7,8004,0
7,8005,0
7,8007,0
7,8011,0
7,8015,0
7,8017,0
7,8019,0
7,8020,0
7,8022,0
7,8031,0
7,8033,0
7,8034,0
7,8041,0
7,8044,0
7,8053,0
7,8054,0
7,8060,0
7,8062,0
7,8063,0
7,8064,0
7,8075,0
7,8078,0
7,8084,0
7,8088,0
7,8089,0
7,8100,0
7,8103,0
7,8113,0
7,8117,0
7,8119,0
7,8126,0
7,8127,0
7,8131,0
7,8132,0
7,8134,0
7,8135,0
7,8143,0
7,8147,0
7,8154,0
7,8156,0
7,8163,0
7,8164,0
7,8165,0
7,8175,0
7,8178,0
7,8179,0
7,8181,0
7,8190,0
7,8191,0
7,8192,0
7,8193,0
7,8197,0
7,8199,0
7,8203,0
7,8205,0
7,8207,0
7,8210,0
7,8212,0
7,8218,0
7,8227,0
7,8228,0
7,8229,0
7,8231,0
7,8233,0
7,8237,0
7,8238,0
7,8248,0
7,8257,0
7,8258,0
7,8259,0
7,8261,0
7,8262,0
7,8275,0
7,8276,0
7,8278,0
7,8281,0
7,8284,0
7,8286,0
7,8291,0
7,8294,0
7,8297,0
7,8300,0
7,8301,0
7,8302,0
7,8303,0
7,8304,0
7,8305,0
7,8308,0
7,8310,0
7,8318,0
7,8319,0
7,8320,0
7,8321,0
7,8325,0
7,8326,0
7,8327,0
7,8329,0
7,8334,0
7,8335,0
7,8339,0
7,8340,0
7,8342,0
7,8344,0
7,8356,0
7,8359,0
7,8361,0
7,8365,0
7,8366,0
7,8373,0
7,8374,0
7,8375,0
7,8381,0
7,8383,0
7,8384,0
7,8385,0
7,8387,0
7,8388,0
7,8390,0
7,8395,0
7,8399,0
7,8401,0
7,8410,0
7,8419,0
7,8432,0
7,8436,0
7,8442,0
7,8443,0
7,8449,0
7,8454,0
7,8455,0
7,8459,0
7,8463,0
7,8480,0
7,8482,0
7,8490,0
7,8492,0
7,8496,0
7,8499,0
7,8501,0
7,8509,0
7,8511,0
7,8512,0
7,8516,0
7,8517,0
7,8527,0
7,8532,0
7,8533,0
7,8536,0
7,8538,0
7,8539,0
7,8556,0
7,8561,0
7,8562,0
7,8566,0
7,8570,0
7,8572,0
7,8588,0
7,8589,0
7,8598,0
7,8601,0
7,8602,0
7,8603,0
7,8606,0
7,8607,0
7,8614,0
7,8619,0
7,8624,0
7,8636,0
7,8641,0
7,8647,0
7,8648,0
7,8655,0
7,8664,0
7,8665,0
7,8670,0
7,8674,0
7,8675,0
7,8678,0
7,8680,0
7,8693,0
7,8699,0
7,8705,0
7,8708,0
7,8709,0
7,8710,0
7,8714,0
7,8720,0
7,8721,0
7,8726,0
7,8728,0
7,8737,0
7,8742,0
7,8746,0
7,8748,0
7,8751,0
7,8753,0
7,8761,0
7,8769,0
7,8773,0
7,8774,0
7,8781,0
7,8785,0
7,8806,0
7,8810,0
7,8811,0
7,8817,0
7,8821,0
7,8841,0
7,8843,0
7,8858,0
7,8859,0
7,8861,0
7,8862,0
7,8863,0
7,8867,0
7,8873,0
7,8877,0
7,8884,0
7,8893,0
7,8896,0
7,8898,0
7,8901,0
7,8903,0
7,8912,0
7,8916,0
7,8928,0
7,8936,0
7,8943,0
7,8957,0
7,8961,0
7,8971,0
7,8972,0
7,8974,0
7,8979,0
7,8980,0
7,8988,0
7,8993,0
7,8995,0
7,9000,0
7,9001,0
7,9006,0
7,9011,0
7,9012,0
7,9021,0
7,9031,0
7,9032,0
7,9037,0
7,9042,0
7,9048,0
7,9052,0
7,9055,0
7,9057,0
7,9058,0
7,9062,0
7,9066,0
7,9068,0
7,9069,0
7,9075,0
7,9082,0
7,9090,0
7,9094,0
7,9099,0
7,9117,0
7,9119,0
7,9121,0
7,9122,0
7,9125,0
7,9126,0
7,9132,0
7,9142,0
7,9143,0
7,9148,0
7,9161,0
7,9164,0
7,9169,0
7,9172,0
7,9173,0
7,9174,0
7,9175,0
7,9180,0
7,9186,0
7,9190,0
7,9192,0
7,9195,0
7,9200,0
7,9205,0
7,9206,0
7,9207,0
7,9209,0
7,9210,0
7,9212,0
7,9213,0
7,9215,0
7,9220,0
7,9226,0
7,9227,0
7,9231,0
7,9232,0
7,9240,0
7,9241,0
7,9244,0
7,9246,0
7,9251,0
7,9254,0
7,9261,0
7,9263,0
7,9269,0
7,9270,0
7,9271,0
7,9273,0
7,9277,0
7,9279,0
7,9280,0
7,9287,0
7,9288,0
7,9293,0
7,9294,0
7,9295,0
7,9300,0
7,9301,0
7,9304,0
7,9305,0
7,9309,0
7,9310,0
7,9318,0
7,9319,0
7,9321,0
7,9322,0
7,9325,0
7,9326,0
7,9330,0
7,9331,0
7,9335,0
7,9349,0
7,9351,0
7,9356,0
7,9359,0
7,9376,0
7,9377,0
7,9381,0
7,9382,0
7,9387,0
7,9392,0
7,9393,0
7,9396,0
7,9399,0
7,9400,0
7,9403,0
7,9406,0
7,9407,0
7,9429,0
7,9434,0
7,9439,0
7,9444,0
7,9451,0
7,9479,0
7,9483,0
7,9487,0
7,9488,0
7,9493,0
7,9501,0
7,9519,0
7,9535,0
7,9540,0
7,9553,0
7,9559,0
7,9565,0
7,9572,0
7,9578,0
7,9579,0
7,9584,0
7,9597,0
7,9598,0
7,9605,0
7,9616,0
7,9618,0
7,9623,0
7,9627,0
7,9636,0
7,9640,0
7,9641,0
7,9649,0
7,9673,0
7,9684,0
7,9689,0
7,9713,0
7,9718,0
7,9730,0
7,9732,0
7,9737,0
7,9739,0
7,9771,0
7,9773,0
7,9778,0
7,9780,0
7,9783,0
7,9793,0
7,9799,0
7,9805,0
7,9806,0
7,9813,0
7,9816,0
7,9818,0
7,9823,0
7,9840,0
7,9845,0
7,9857,0
7,9860,0
7,9863,0
7,9868,0
7,9873,0
7,9890,0
7,9894,0
7,9898,0
7,9901,0
7,9902,0
7,9910,0
7,9916,0
7,9926,0
7,9933,0
7,9937,0
7,9938,0
7,9939,0
7,9940,0
7,9942,0
7,9943,0
7,9944,0
7,9958,0
7,9984,0
7,9989,0
7,9999,0
7,10001,0
7,10004,0
7,10006,0
7,10026,0
7,10028,0
7,10032,0
7,10036,0
7,10043,0
7,10044,0
7,10051,0
7,10053,0
7,10054,0
7,10063,0
7,10069,0
7,10074,0
7,10076,0
7,10079,0
7,10086,0
7,10087,0
7,10089,0
7,10091,0
7,10092,0
7,10098,0
7,10100,0
7,10101,0
7,10104,0
7,10106,0
7,10108,0
7,10111,0
7,10113,0
7,10115,0
7,10117,0
7,10121,0
7,10123,0
7,10127,0
7,10134,0
7,10139,0
7,10143,0
7,10144,0
7,10148,0
7,10149,0
7,10150,0
7,10157,0
7,10158,0
7,10162,0
7,10172,0
7,10185,0
7,10189,0
7,10196,0
7,10202,0
7,10204,0
7,10206,0
7,10209,0
7,10210,0
7,10211,0
7,10217,0
7,10219,0
7,10222,0
7,10233,0
7,10236,0
7,10243,0
7,10247,0
7,10249,0
7,10251,0
7,10258,0
7,10259,0
7,10262,0
7,10264,0
7,10267,0
7,10269,0
7,10270,0
7,10278,0
7,10283,0
7,10301,0
7,10306,0
7,10307,0
7,10311,0
7,10314,0
7,10316,0
7,10318,0
7,10322,0
7,10336,0
7,10342,0
7,10357,0
7,10393,0
7,10396,0
7,10402,0
7,10404,0
7,10408,0
7,10412,0
7,10424,0
7,10440,0
7,10445,0
7,10463,0
7,10499,0
7,10525,0
7,10544,0
7,10566,0
7,10570,0
7,10599,0
7,10604,0
7,10612,0
7,10617,0
7,10627,0
7,10632,0
7,10671,0
7,10681,0
7,10685,0
7,10691,0
7,10755,0
7,10835,0
7,10924,0
7,10927,0
7,10964,0
7,10993,0
7,11031,0
7,11036,0
7,11081,0
7,11111,0
7,11165,0
7,11207,0
7,11273,0
7,11292,0
7,11305,0
7,11373,0
7,11375,0
7,11395,0
7,11432,0
7,11478,0
7,11517,0
7,11547,0
7,11572,0
7,11610,0
7,11670,0
7,11793,0
7,12205,0
