accept@1231: best=1232 metric=0.692 walkback=1 bin=3
wid@1231.6031843685191: votes=5 margin=0.767
refine@0: groups=18 slopeHz=0.24 intercept=2.174 pw=2.23/6.5 2.05/5.5 2.41/5.8 2.15/5.1 2.17/4.7 2.38/4.4 2.23/4.0 1.91/2.9 2.10/3.3 2.30/2.9 2.20/2.3 2.37/2.2 2.10/2.0 2.83/2.6 2.21/1.5 -3.01/1.9 3.12/1.1 2.65/1.9 
refine@9216: groups=72 slopeHz=-0.49 intercept=0.487 pw=0.79/4.2 0.81/5.8 0.78/3.8 0.75/4.1 0.77/4.3 0.91/4.5 0.52/4.1 0.38/4.9 0.21/3.6 0.09/5.9 0.41/4.6 -0.08/6.0 0.25/5.1 -0.11/5.0 0.01/5.9 -0.55/6.4 -0.09/6.1 -0.20/4.8 -0.64/5.7 -0.15/6.4 -0.42/5.6 -0.51/4.7 -0.39/5.1 -0.40/4.9 -0.71/6.0 -0.74/7.1 -0.79/6.2 -0.72/7.1 -0.79/6.3 -1.07/7.0 -0.76/7.3 -0.95/6.3 -0.83/6.5 -1.15/6.6 -0.94/6.1 -1.04/5.4 -1.04/5.0 -0.98/6.4 -1.06/5.8 -0.94/5.2 -0.84/5.3 -1.17/4.1 -1.12/4.2 -1.19/4.8 -1.22/4.0 -1.12/3.5 -1.28/3.7 -1.26/3.8 -1.21/2.1 -1.16/3.5 -1.06/2.5 -1.79/2.5 -1.01/1.8 -1.04/2.8 -1.01/0.5 -1.28/1.9 -1.62/1.1 -0.46/1.3 -0.79/1.1 -0.00/0.9 1.74/0.9 0.85/1.1 1.16/1.6 1.57/1.2 1.03/1.3 2.06/1.7 1.92/1.8 1.04/2.1 1.80/3.1 1.79/2.7 1.41/3.2 1.50/3.0 
frame@11568: gain=0.045 ref=0.062 mse=0.475 tau=0.003 omega=-6.65E-004 bad=0 tapChange=0.0486 floor=0.0486 fading=False/False preMse=0.877 energy=0.040/0.031 fresh=False phase=-0.234 anchor=0.104@-0.181 phi=0.220
frame@11664: gain=0.045 ref=0.062 mse=0.474 tau=-0.002 omega=-6.65E-004 bad=1 tapChange=0.0000 floor=0.0486 fading=False/True preMse=0.875 energy=0.040/0.031 fresh=True phase=0.224 anchor=0.023@0.000 phi=0.000
frame@11760: gain=0.010 ref=0.062 mse=0.523 tau=0.006 omega=-6.75E-004 bad=2 tapChange=0.9832 floor=0.0511 fading=False/True preMse=0.966 energy=0.032/0.031 fresh=False phase=-0.027 anchor=0.041@-0.015 phi=0.018
frame@11856: gain=0.020 ref=0.062 mse=0.506 tau=-0.021 omega=-6.93E-004 bad=3 tapChange=0.2644 floor=0.0538 fading=True/True preMse=0.933 energy=0.042/0.031 fresh=False phase=-0.093 anchor=0.058@-0.056 phi=0.034
frame@11952: gain=0.030 ref=0.062 mse=0.489 tau=-0.034 omega=-6.74E-004 bad=4 tapChange=0.1202 floor=0.0566 fading=True/True preMse=0.903 energy=0.042/0.031 fresh=False phase=0.122 anchor=0.075@0.087 phi=-0.036
frame@12048: gain=0.033 ref=0.062 mse=0.487 tau=-0.025 omega=-6.54E-004 bad=5 tapChange=0.0666 floor=0.0595 fading=True/True preMse=0.898 energy=0.042/0.031 fresh=False phase=0.178 anchor=0.079@0.137 phi=-0.038
frame@12144: gain=0.048 ref=0.062 mse=0.460 tau=-0.018 omega=-6.02E-004 bad=6 tapChange=0.0599 floor=0.0599 fading=True/True preMse=0.849 energy=0.049/0.031 fresh=False phase=0.107 anchor=0.111@0.078 phi=-0.099
frame@12240: gain=0.044 ref=0.062 mse=0.467 tau=-0.024 omega=-6.02E-004 bad=7 tapChange=0.0267 floor=0.0267 fading=True/True preMse=0.863 energy=0.040/0.031 fresh=False phase=0.003 anchor=0.094@0.003 phi=-0.001
frame@12336: gain=0.059 ref=0.062 mse=0.440 tau=-0.029 omega=-6.52E-004 bad=8 tapChange=0.0327 floor=0.0281 fading=True/True preMse=0.813 energy=0.058/0.031 fresh=False phase=-0.100 anchor=0.132@-0.081 phi=0.096
frame@12432: gain=0.071 ref=0.062 mse=0.420 tau=-0.025 omega=-6.21E-004 bad=9 tapChange=0.0276 floor=0.0276 fading=True/True preMse=0.775 energy=0.065/0.031 fresh=False phase=0.063 anchor=0.157@0.050 phi=-0.059
frame@12528: gain=0.081 ref=0.062 mse=0.407 tau=-0.047 omega=-6.79E-004 bad=10 tapChange=0.0207 floor=0.0207 fading=True/True preMse=0.752 energy=0.067/0.031 fresh=False phase=-0.116 anchor=0.172@-0.095 phi=0.110
frame@12624: gain=0.097 ref=0.062 mse=0.377 tau=-0.053 omega=-6.90E-004 bad=11 tapChange=0.0198 floor=0.0198 fading=True/True preMse=0.696 energy=0.072/0.031 fresh=False phase=-0.016 anchor=0.208@-0.020 phi=0.023
frame@12720: gain=0.108 ref=0.062 mse=0.368 tau=-0.056 omega=-6.58E-004 bad=12 tapChange=0.0160 floor=0.0160 fading=True/True preMse=0.679 energy=0.076/0.031 fresh=False phase=0.064 anchor=0.227@0.054 phi=-0.061
frame@12816: gain=0.130 ref=0.064 mse=0.332 tau=-0.049 omega=-6.57E-004 bad=0 tapChange=0.0141 floor=0.0141 fading=True/True preMse=0.612 energy=0.097/0.034 fresh=False phase=0.005 anchor=0.272@0.002 phi=-0.002
frame@12912: gain=0.144 ref=0.067 mse=0.309 tau=-0.076 omega=-5.73E-004 bad=0 tapChange=0.0099 floor=0.0099 fading=True/True preMse=0.571 energy=0.087/0.037 fresh=False phase=0.166 anchor=0.293@0.143 phi=-0.161
frame@13008: gain=0.165 ref=0.071 mse=0.293 tau=-0.079 omega=-6.57E-004 bad=0 tapChange=0.0091 floor=0.0091 fading=True/True preMse=0.541 energy=0.102/0.039 fresh=False phase=-0.170 anchor=0.331@-0.142 phi=0.160
frame@13104: gain=0.191 ref=0.076 mse=0.247 tau=-0.095 omega=-6.33E-004 bad=0 tapChange=0.0079 floor=0.0079 fading=True/True preMse=0.456 energy=0.111/0.043 fresh=False phase=0.047 anchor=0.384@0.040 phi=-0.045
frame@13200: gain=0.175 ref=0.082 mse=0.277 tau=-0.088 omega=-6.15E-004 bad=0 tapChange=0.0067 floor=0.0067 fading=True/True preMse=0.512 energy=0.095/0.046 fresh=False phase=0.035 anchor=0.347@0.032 phi=-0.036
frame@13296: gain=0.173 ref=0.086 mse=0.279 tau=-0.099 omega=-6.11E-004 bad=0 tapChange=0.0057 floor=0.0057 fading=True/True preMse=0.515 energy=0.073/0.048 fresh=False phase=0.005 anchor=0.339@0.007 phi=-0.007
frame@13392: gain=0.192 ref=0.091 mse=0.251 tau=-0.087 omega=-5.42E-004 bad=0 tapChange=0.0043 floor=0.0043 fading=True/True preMse=0.464 energy=0.084/0.050 fresh=False phase=0.137 anchor=0.375@0.122 phi=-0.133
frame@13488: gain=0.183 ref=0.096 mse=0.266 tau=-0.088 omega=-5.60E-004 bad=0 tapChange=0.0041 floor=0.0041 fading=True/True preMse=0.490 energy=0.066/0.051 fresh=False phase=-0.029 anchor=0.355@-0.032 phi=0.035
frame@13584: gain=0.197 ref=0.100 mse=0.240 tau=-0.075 omega=-5.75E-004 bad=0 tapChange=0.0036 floor=0.0036 fading=True/True preMse=0.443 energy=0.071/0.052 fresh=False phase=-0.029 anchor=0.384@-0.027 phi=0.029
frame@13680: gain=0.197 ref=0.105 mse=0.246 tau=-0.086 omega=-5.70E-004 bad=0 tapChange=0.0033 floor=0.0033 fading=True/True preMse=0.455 energy=0.066/0.053 fresh=False phase=0.009 anchor=0.381@0.009 phi=-0.010
frame@13776: gain=0.211 ref=0.110 mse=0.234 tau=-0.092 omega=-5.65E-004 bad=0 tapChange=0.0032 floor=0.0032 fading=True/True preMse=0.432 energy=0.073/0.054 fresh=False phase=0.012 anchor=0.408@0.008 phi=-0.009
frame@13872: gain=0.199 ref=0.115 mse=0.265 tau=-0.084 omega=-5.89E-004 bad=0 tapChange=0.0032 floor=0.0032 fading=True/True preMse=0.489 energy=0.063/0.055 fresh=False phase=-0.047 anchor=0.381@-0.043 phi=0.046
frame@13968: gain=0.214 ref=0.119 mse=0.245 tau=-0.099 omega=-4.78E-004 bad=0 tapChange=0.0033 floor=0.0033 fading=True/True preMse=0.452 energy=0.068/0.055 fresh=False phase=0.218 anchor=0.414@0.201 phi=-0.214
frame@14064: gain=0.206 ref=0.124 mse=0.256 tau=-0.100 omega=-5.68E-004 bad=0 tapChange=0.0032 floor=0.0032 fading=True/True preMse=0.472 energy=0.075/0.056 fresh=False phase=-0.177 anchor=0.399@-0.163 phi=0.173
frame@14160: gain=0.259 ref=0.128 mse=0.230 tau=-0.102 omega=-4.21E-004 bad=0 tapChange=0.0028 floor=0.0028 fading=True/True preMse=0.425 energy=0.074/0.057 fresh=False phase=0.291 anchor=0.485@0.264 phi=-0.282
frame@14256: gain=0.244 ref=0.134 mse=0.225 tau=-0.105 omega=-3.72E-004 bad=0 tapChange=0.0029 floor=0.0029 fading=True/True preMse=0.415 energy=0.094/0.058 fresh=False phase=0.090 anchor=0.467@0.089 phi=-0.095
frame@14352: gain=0.279 ref=0.140 mse=0.188 tau=-0.115 omega=-3.71E-004 bad=0 tapChange=0.0028 floor=0.0028 fading=True/True preMse=0.346 energy=0.089/0.059 fresh=False phase=0.004 anchor=0.531@0.002 phi=-0.002
frame@14448: gain=0.274 ref=0.147 mse=0.236 tau=-0.119 omega=-1.54E-004 bad=0 tapChange=0.0028 floor=0.0028 fading=True/True preMse=0.435 energy=0.093/0.061 fresh=False phase=0.413 anchor=0.523@0.392 phi=-0.417
frame@14544: gain=0.290 ref=0.153 mse=0.195 tau=-0.108 omega=-1.18E-004 bad=0 tapChange=0.0029 floor=0.0029 fading=True/True preMse=0.359 energy=0.096/0.062 fresh=False phase=0.066 anchor=0.549@0.066 phi=-0.069
frame@14640: gain=0.295 ref=0.160 mse=0.189 tau=-0.113 omega=-8.33E-005 bad=0 tapChange=0.0027 floor=0.0027 fading=True/True preMse=0.349 energy=0.096/0.064 fresh=False phase=0.067 anchor=0.560@0.062 phi=-0.066
frame@14736: gain=0.323 ref=0.167 mse=0.143 tau=-0.117 omega=-8.01E-005 bad=0 tapChange=0.0022 floor=0.0022 fading=True/True preMse=0.265 energy=0.103/0.066 fresh=False phase=0.008 anchor=0.610@0.006 phi=-0.006
frame@14832: gain=0.311 ref=0.175 mse=0.177 tau=-0.121 omega=5.37E-006 bad=0 tapChange=0.0025 floor=0.0024 fading=True/True preMse=0.326 energy=0.108/0.068 fresh=False phase=0.167 anchor=0.586@0.155 phi=-0.164
frame@14928: gain=0.306 ref=0.181 mse=0.153 tau=-0.125 omega=-1.28E-005 bad=0 tapChange=0.0018 floor=0.0018 fading=True/True preMse=0.283 energy=0.096/0.070 fresh=False phase=-0.032 anchor=0.580@-0.033 phi=0.035
frame@15024: gain=0.236 ref=0.188 mse=0.232 tau=-0.130 omega=-9.27E-006 bad=0 tapChange=0.0026 floor=0.0020 fading=False/True preMse=0.428 energy=0.069/0.071 fresh=False phase=0.007 anchor=0.452@0.007 phi=-0.007
frame@15120: gain=0.225 ref=0.190 mse=0.248 tau=-0.138 omega=-2.78E-005 bad=0 tapChange=0.0020 floor=0.0020 fading=False/True preMse=0.457 energy=0.075/0.071 fresh=False phase=-0.036 anchor=0.426@-0.035 phi=0.036
frame@15216: gain=0.205 ref=0.192 mse=0.268 tau=-0.134 omega=-4.37E-005 bad=0 tapChange=0.0025 floor=0.0022 fading=False/True preMse=0.494 energy=0.061/0.071 fresh=False phase=-0.030 anchor=0.393@-0.029 phi=0.030
frame@15312: gain=0.152 ref=0.192 mse=0.365 tau=-0.145 omega=-9.36E-005 bad=0 tapChange=0.0029 floor=0.0024 fading=False/True preMse=0.675 energy=0.042/0.071 fresh=False phase=-0.103 anchor=0.292@-0.093 phi=0.096
frame@15408: gain=0.184 ref=0.190 mse=0.305 tau=-0.151 omega=-2.40E-004 bad=0 tapChange=0.0023 floor=0.0023 fading=False/True preMse=0.563 energy=0.046/0.069 fresh=False phase=-0.291 anchor=0.354@-0.271 phi=0.280
frame@15504: gain=0.161 ref=0.190 mse=0.315 tau=-0.152 omega=-2.31E-004 bad=0 tapChange=0.0023 floor=0.0023 fading=False/True preMse=0.582 energy=0.038/0.068 fresh=False phase=0.024 anchor=0.315@0.016 phi=-0.016
frame@15600: gain=0.135 ref=0.189 mse=0.367 tau=-0.175 omega=-2.65E-004 bad=0 tapChange=0.0025 floor=0.0025 fading=False/True preMse=0.677 energy=0.035/0.066 fresh=False phase=-0.053 anchor=0.265@-0.063 phi=0.064
frame@15696: gain=0.184 ref=0.186 mse=0.316 tau=-0.145 omega=-4.73E-004 bad=0 tapChange=0.0016 floor=0.0016 fading=False/True preMse=0.584 energy=0.036/0.065 fresh=False phase=-0.413 anchor=0.350@-0.389 phi=0.401
frame@15792: gain=0.203 ref=0.186 mse=0.301 tau=-0.134 omega=-4.83E-004 bad=0 tapChange=0.0025 floor=0.0018 fading=False/True preMse=0.555 energy=0.040/0.063 fresh=False phase=-0.006 anchor=0.379@-0.017 phi=0.018
frame@15888: gain=0.239 ref=0.187 mse=0.275 tau=-0.160 omega=-3.98E-004 bad=0 tapChange=0.0025 floor=0.0020 fading=False/True preMse=0.507 energy=0.062/0.062 fresh=False phase=0.167 anchor=0.448@0.158 phi=-0.163
frame@15984: gain=0.248 ref=0.189 mse=0.248 tau=-0.149 omega=-3.87E-004 bad=0 tapChange=0.0025 floor=0.0022 fading=False/True preMse=0.458 energy=0.057/0.062 fresh=False phase=0.018 anchor=0.468@0.020 phi=-0.020
frame@16080: gain=0.296 ref=0.192 mse=0.204 tau=-0.154 omega=-4.35E-004 bad=0 tapChange=0.0021 floor=0.0021 fading=False/True preMse=0.376 energy=0.063/0.062 fresh=False phase=-0.098 anchor=0.555@-0.089 phi=0.092
frame@16176: gain=0.335 ref=0.197 mse=0.213 tau=-0.148 omega=-3.60E-004 bad=0 tapChange=0.0028 floor=0.0023 fading=False/True preMse=0.393 energy=0.104/0.062 fresh=False phase=0.164 anchor=0.625@0.138 phi=-0.145
frame@16272: gain=0.310 ref=0.204 mse=0.266 tau=-0.138 omega=-2.85E-004 bad=0 tapChange=0.0038 floor=0.0025 fading=False/True preMse=0.491 energy=0.117/0.064 fresh=False phase=0.156 anchor=0.589@0.139 phi=-0.144
frame@16368: gain=0.363 ref=0.210 mse=0.197 tau=-0.126 omega=-3.07E-004 bad=0 tapChange=0.0027 floor=0.0027 fading=False/True preMse=0.363 energy=0.139/0.067 fresh=False phase=-0.039 anchor=0.677@-0.040 phi=0.042
frame@16464: gain=0.462 ref=0.217 mse=0.213 tau=-0.133 omega=-3.39E-004 bad=0 tapChange=0.0038 floor=0.0029 fading=False/True preMse=0.394 energy=0.188/0.070 fresh=False phase=-0.060 anchor=0.839@-0.059 phi=0.063
frame@16560: gain=0.423 ref=0.230 mse=0.230 tau=-0.132 omega=-1.84E-004 bad=0 tapChange=0.0035 floor=0.0032 fading=False/True preMse=0.424 energy=0.184/0.076 fresh=False phase=0.328 anchor=0.776@0.284 phi=-0.299
frame@16656: gain=0.486 ref=0.239 mse=0.146 tau=-0.126 omega=-2.17E-004 bad=0 tapChange=0.0027 floor=0.0027 fading=False/True preMse=0.269 energy=0.218/0.082 fresh=False phase=-0.056 anchor=0.891@-0.061 phi=0.065
frame@16752: gain=0.474 ref=0.252 mse=0.146 tau=-0.127 omega=-2.35E-004 bad=0 tapChange=0.0024 floor=0.0024 fading=False/True preMse=0.270 energy=0.226/0.088 fresh=False phase=-0.029 anchor=0.864@-0.032 phi=0.033
frame@16848: gain=0.467 ref=0.263 mse=0.170 tau=-0.125 omega=-2.26E-004 bad=0 tapChange=0.0031 floor=0.0026 fading=False/True preMse=0.314 energy=0.232/0.095 fresh=False phase=0.027 anchor=0.859@0.016 phi=-0.017
frame@16944: gain=0.458 ref=0.273 mse=0.160 tau=-0.127 omega=-1.81E-004 bad=0 tapChange=0.0024 floor=0.0024 fading=False/True preMse=0.295 energy=0.211/0.102 fresh=False phase=0.101 anchor=0.838@0.081 phi=-0.085
frame@17040: gain=0.528 ref=0.282 mse=0.138 tau=-0.126 omega=-1.13E-004 bad=0 tapChange=0.0028 floor=0.0026 fading=False/True preMse=0.255 energy=0.236/0.108 fresh=False phase=0.143 anchor=0.972@0.123 phi=-0.131
frame@17136: gain=0.442 ref=0.294 mse=0.106 tau=-0.121 omega=-2.14E-004 bad=0 tapChange=0.0017 floor=0.0017 fading=False/True preMse=0.196 energy=0.191/0.114 fresh=False phase=-0.199 anchor=0.826@-0.183 phi=0.194
frame@17232: gain=0.469 ref=0.302 mse=0.119 tau=-0.114 omega=-1.73E-004 bad=0 tapChange=0.0024 floor=0.0019 fading=False/True preMse=0.220 energy=0.182/0.118 fresh=False phase=0.087 anchor=0.857@0.074 phi=-0.079
frame@17328: gain=0.372 ref=0.310 mse=0.148 tau=-0.106 omega=-1.45E-004 bad=0 tapChange=0.0022 floor=0.0021 fading=False/True preMse=0.274 energy=0.138/0.121 fresh=False phase=0.058 anchor=0.696@0.051 phi=-0.054
frame@17424: gain=0.371 ref=0.313 mse=0.127 tau=-0.112 omega=-8.06E-005 bad=0 tapChange=0.0019 floor=0.0019 fading=False/True preMse=0.235 energy=0.139/0.122 fresh=False phase=0.132 anchor=0.701@0.118 phi=-0.124
frame@17520: gain=0.370 ref=0.316 mse=0.136 tau=-0.116 omega=-3.07E-005 bad=0 tapChange=0.0020 floor=0.0020 fading=False/True preMse=0.250 energy=0.115/0.123 fresh=False phase=0.103 anchor=0.696@0.091 phi=-0.096
frame@17616: gain=0.363 ref=0.319 mse=0.114 tau=-0.114 omega=4.48E-006 bad=0 tapChange=0.0016 floor=0.0016 fading=False/True preMse=0.211 energy=0.107/0.122 fresh=False phase=0.063 anchor=0.686@0.064 phi=-0.068
frame@17712: gain=0.285 ref=0.321 mse=0.222 tau=-0.084 omega=-2.64E-005 bad=0 tapChange=0.0028 floor=0.0018 fading=False/True preMse=0.410 energy=0.077/0.122 fresh=False phase=-0.068 anchor=0.539@-0.057 phi=0.059
frame@17808: gain=0.233 ref=0.319 mse=0.270 tau=-0.054 omega=4.29E-005 bad=0 tapChange=0.0028 floor=0.0020 fading=False/True preMse=0.498 energy=0.077/0.119 fresh=False phase=0.135 anchor=0.451@0.129 phi=-0.133
frame@17904: gain=0.267 ref=0.315 mse=0.245 tau=-0.043 omega=9.12E-005 bad=0 tapChange=0.0028 floor=0.0022 fading=False/True preMse=0.452 energy=0.088/0.117 fresh=False phase=0.086 anchor=0.507@0.090 phi=-0.093
frame@18000: gain=0.222 ref=0.313 mse=0.316 tau=-0.038 omega=1.76E-004 bad=0 tapChange=0.0030 floor=0.0024 fading=False/True preMse=0.583 energy=0.068/0.116 fresh=False phase=0.168 anchor=0.423@0.157 phi=-0.162
frame@18096: gain=0.208 ref=0.308 mse=0.310 tau=-0.038 omega=1.42E-004 bad=0 tapChange=0.0031 floor=0.0026 fading=False/True preMse=0.573 energy=0.093/0.113 fresh=False phase=-0.078 anchor=0.411@-0.062 phi=0.064
frame@18192: gain=0.216 ref=0.303 mse=0.330 tau=-0.045 omega=1.43E-004 bad=0 tapChange=0.0035 floor=0.0029 fading=False/True preMse=0.609 energy=0.119/0.112 fresh=False phase=-0.016 anchor=0.421@0.002 phi=-0.002
frame@18288: gain=0.211 ref=0.299 mse=0.311 tau=-0.051 omega=2.25E-004 bad=0 tapChange=0.0026 floor=0.0026 fading=False/True preMse=0.574 energy=0.104/0.113 fresh=False phase=0.165 anchor=0.409@0.152 phi=-0.157
frame@18384: gain=0.216 ref=0.294 mse=0.321 tau=-0.045 omega=3.12E-004 bad=0 tapChange=0.0027 floor=0.0027 fading=False/True preMse=0.593 energy=0.121/0.112 fresh=False phase=0.173 anchor=0.421@0.163 phi=-0.167
frame@18480: gain=0.209 ref=0.290 mse=0.336 tau=-0.048 omega=3.03E-004 bad=0 tapChange=0.0030 floor=0.0030 fading=False/True preMse=0.619 energy=0.117/0.113 fresh=False phase=-0.028 anchor=0.412@-0.018 phi=0.018
frame@18576: gain=0.169 ref=0.286 mse=0.390 tau=-0.060 omega=2.68E-004 bad=0 tapChange=0.0029 floor=0.0029 fading=False/True preMse=0.720 energy=0.118/0.113 fresh=False phase=-0.080 anchor=0.330@-0.065 phi=0.067
frame@18672: gain=0.180 ref=0.280 mse=0.339 tau=-0.055 omega=2.79E-004 bad=0 tapChange=0.0027 floor=0.0027 fading=False/True preMse=0.627 energy=0.075/0.113 fresh=False phase=0.031 anchor=0.351@0.021 phi=-0.022
frame@18768: gain=0.148 ref=0.275 mse=0.358 tau=-0.046 omega=3.27E-004 bad=0 tapChange=0.0020 floor=0.0020 fading=False/True preMse=0.661 energy=0.077/0.111 fresh=False phase=0.086 anchor=0.290@0.089 phi=-0.091
frame@18864: gain=0.207 ref=0.269 mse=0.288 tau=-0.053 omega=2.86E-004 bad=0 tapChange=0.0021 floor=0.0021 fading=False/True preMse=0.531 energy=0.063/0.110 fresh=False phase=-0.094 anchor=0.396@-0.075 phi=0.077
frame@18960: gain=0.215 ref=0.266 mse=0.279 tau=-0.072 omega=2.59E-004 bad=0 tapChange=0.0022 floor=0.0022 fading=False/True preMse=0.515 energy=0.049/0.107 fresh=False phase=-0.054 anchor=0.410@-0.051 phi=0.053
frame@19056: gain=0.222 ref=0.263 mse=0.267 tau=-0.101 omega=3.58E-004 bad=0 tapChange=0.0016 floor=0.0016 fading=False/True preMse=0.493 energy=0.051/0.104 fresh=False phase=0.195 anchor=0.420@0.185 phi=-0.190
frame@19152: gain=0.277 ref=0.261 mse=0.189 tau=-0.071 omega=3.42E-004 bad=0 tapChange=0.0015 floor=0.0015 fading=False/True preMse=0.348 energy=0.061/0.102 fresh=False phase=-0.034 anchor=0.524@-0.029 phi=0.030
frame@19248: gain=0.339 ref=0.262 mse=0.160 tau=-0.080 omega=3.49E-004 bad=0 tapChange=0.0017 floor=0.0017 fading=False/True preMse=0.295 energy=0.061/0.100 fresh=False phase=0.010 anchor=0.631@0.012 phi=-0.013
frame@19344: gain=0.298 ref=0.266 mse=0.232 tau=-0.101 omega=2.87E-004 bad=0 tapChange=0.0021 floor=0.0019 fading=False/True preMse=0.428 energy=0.047/0.098 fresh=False phase=-0.117 anchor=0.549@-0.115 phi=0.119
frame@19440: gain=0.303 ref=0.267 mse=0.225 tau=-0.095 omega=1.89E-004 bad=0 tapChange=0.0020 floor=0.0020 fading=False/True preMse=0.416 energy=0.062/0.095 fresh=False phase=-0.186 anchor=0.564@-0.182 phi=0.189
frame@19536: gain=0.300 ref=0.269 mse=0.223 tau=-0.112 omega=1.94E-004 bad=0 tapChange=0.0021 floor=0.0021 fading=False/True preMse=0.412 energy=0.055/0.093 fresh=False phase=0.010 anchor=0.561@0.011 phi=-0.011
frame@19632: gain=0.273 ref=0.271 mse=0.251 tau=-0.123 omega=2.07E-004 bad=0 tapChange=0.0023 floor=0.0023 fading=False/True preMse=0.463 energy=0.059/0.092 fresh=False phase=0.031 anchor=0.513@0.024 phi=-0.025
frame@19728: gain=0.377 ref=0.271 mse=0.183 tau=-0.134 omega=2.30E-004 bad=0 tapChange=0.0023 floor=0.0023 fading=False/True preMse=0.337 energy=0.094/0.090 fresh=False phase=0.040 anchor=0.703@0.041 phi=-0.043
frame@19824: gain=0.361 ref=0.276 mse=0.175 tau=-0.125 omega=2.19E-004 bad=0 tapChange=0.0017 floor=0.0017 fading=False/True preMse=0.323 energy=0.090/0.090 fresh=False phase=-0.022 anchor=0.668@-0.019 phi=0.020
frame@19920: gain=0.365 ref=0.280 mse=0.154 tau=-0.122 omega=2.49E-004 bad=0 tapChange=0.0017 floor=0.0017 fading=False/True preMse=0.285 energy=0.076/0.090 fresh=False phase=0.060 anchor=0.675@0.055 phi=-0.058
frame@20016: gain=0.284 ref=0.285 mse=0.229 tau=-0.104 omega=3.17E-004 bad=0 tapChange=0.0017 floor=0.0017 fading=False/True preMse=0.422 energy=0.062/0.089 fresh=False phase=0.138 anchor=0.532@0.125 phi=-0.129
frame@20112: gain=0.271 ref=0.285 mse=0.212 tau=-0.091 omega=2.48E-004 bad=0 tapChange=0.0012 floor=0.0012 fading=False/True preMse=0.392 energy=0.058/0.088 fresh=False phase=-0.129 anchor=0.505@-0.128 phi=0.132
frame@20208: gain=0.278 ref=0.284 mse=0.255 tau=-0.095 omega=3.44E-004 bad=0 tapChange=0.0020 floor=0.0013 fading=False/True preMse=0.470 energy=0.065/0.087 fresh=False phase=0.189 anchor=0.523@0.180 phi=-0.185
frame@20304: gain=0.160 ref=0.284 mse=0.419 tau=-0.071 omega=3.54E-004 bad=0 tapChange=0.0025 floor=0.0015 fading=False/True preMse=0.773 energy=0.054/0.085 fresh=False phase=0.015 anchor=0.312@0.017 phi=-0.018
frame@20400: gain=0.278 ref=0.277 mse=0.228 tau=-0.056 omega=3.30E-004 bad=0 tapChange=0.0018 floor=0.0017 fading=False/True preMse=0.422 energy=0.057/0.084 fresh=False phase=-0.042 anchor=0.523@-0.044 phi=0.045
frame@20496: gain=0.142 ref=0.277 mse=0.422 tau=-0.061 omega=4.03E-004 bad=0 tapChange=0.0023 floor=0.0018 fading=False/True preMse=0.780 energy=0.043/0.082 fresh=False phase=0.134 anchor=0.270@0.138 phi=-0.140
frame@20592: gain=0.116 ref=0.271 mse=0.479 tau=-0.069 omega=4.90E-004 bad=0 tapChange=0.0022 floor=0.0020 fading=False/True preMse=0.885 energy=0.032/0.081 fresh=False phase=0.176 anchor=0.222@0.165 phi=-0.167
frame@20688: gain=0.109 ref=0.271 mse=0.476 tau=-0.077 omega=4.90E-004 bad=1 tapChange=0.0000 floor=0.0020 fading=False/True preMse=0.879 energy=0.044/0.081 fresh=True phase=-0.141 anchor=0.028@0.000 phi=0.000
frame@20784: gain=0.010 ref=0.271 mse=0.523 tau=-0.077 omega=4.61E-004 bad=2 tapChange=0.6004 floor=0.0022 fading=False/True preMse=0.966 energy=0.030/0.081 fresh=False phase=-0.123 anchor=0.037@-0.058 phi=0.056
frame@20880: gain=0.019 ref=0.271 mse=0.508 tau=-0.080 omega=4.25E-004 bad=3 tapChange=0.2714 floor=0.0025 fading=True/True preMse=0.937 energy=0.035/0.081 fresh=False phase=-0.186 anchor=0.057@-0.111 phi=0.068
frame@20976: gain=0.026 ref=0.271 mse=0.497 tau=-0.077 omega=4.60E-004 bad=4 tapChange=0.1019 floor=0.0027 fading=True/True preMse=0.918 energy=0.035/0.081 fresh=False phase=0.253 anchor=0.065@0.177 phi=-0.067
frame@21072: gain=0.031 ref=0.271 mse=0.490 tau=-0.070 omega=4.65E-004 bad=5 tapChange=0.0593 floor=0.0029 fading=True/True preMse=0.904 energy=0.039/0.081 fresh=False phase=0.041 anchor=0.072@0.031 phi=-0.009
frame@21168: gain=0.038 ref=0.271 mse=0.478 tau=-0.057 omega=4.70E-004 bad=6 tapChange=0.0416 floor=0.0032 fading=True/True preMse=0.882 energy=0.043/0.081 fresh=False phase=0.060 anchor=0.084@0.045 phi=-0.011
frame@21264: gain=0.047 ref=0.271 mse=0.467 tau=-0.047 omega=6.32E-004 bad=7 tapChange=0.0384 floor=0.0034 fading=True/True preMse=0.863 energy=0.043/0.081 fresh=False phase=0.323 anchor=0.105@0.255 phi=-0.311
frame@21360: gain=0.049 ref=0.271 mse=0.464 tau=-0.055 omega=4.89E-004 bad=8 tapChange=0.0244 floor=0.0037 fading=True/True preMse=0.856 energy=0.035/0.081 fresh=False phase=-0.301 anchor=0.104@-0.234 phi=0.275
frame@21456: gain=0.058 ref=0.271 mse=0.451 tau=-0.055 omega=6.73E-004 bad=9 tapChange=0.0243 floor=0.0040 fading=True/True preMse=0.832 energy=0.045/0.081 fresh=False phase=0.374 anchor=0.125@0.303 phi=-0.353
frame@21552: gain=0.057 ref=0.271 mse=0.448 tau=-0.057 omega=5.84E-004 bad=10 tapChange=0.0166 floor=0.0043 fading=True/True preMse=0.827 energy=0.041/0.081 fresh=False phase=-0.185 anchor=0.120@-0.150 phi=0.171
frame@21648: gain=0.063 ref=0.271 mse=0.438 tau=-0.056 omega=4.94E-004 bad=11 tapChange=0.0146 floor=0.0046 fading=True/True preMse=0.808 energy=0.041/0.081 fresh=False phase=-0.178 anchor=0.132@-0.153 phi=0.172
frame@21744: gain=0.065 ref=0.271 mse=0.434 tau=-0.081 omega=5.97E-004 bad=12 tapChange=0.0111 floor=0.0049 fading=True/True preMse=0.801 energy=0.031/0.081 fresh=False phase=0.204 anchor=0.135@0.177 phi=-0.196
frame@21840: gain=0.055 ref=0.271 mse=0.459 tau=-0.088 omega=4.34E-004 bad=13 tapChange=0.0082 floor=0.0052 fading=True/True preMse=0.847 energy=0.029/0.081 fresh=False phase=-0.329 anchor=0.111@-0.289 phi=0.312
frame@21936: gain=0.039 ref=0.271 mse=0.490 tau=-0.079 omega=4.24E-004 bad=14 tapChange=0.0070 floor=0.0056 fading=True/True preMse=0.905 energy=0.025/0.081 fresh=False phase=-0.375 anchor=0.081@-0.331 phi=0.018
frame@22032: gain=0.032 ref=0.271 mse=0.493 tau=-0.080 omega=4.29E-004 bad=15 tapChange=0.0063 floor=0.0060 fading=True/True preMse=0.911 energy=0.022/0.081 fresh=False phase=0.261 anchor=0.068@0.192 phi=-0.009
frame@22128: gain=0.046 ref=0.271 mse=0.488 tau=-0.110 omega=4.46E-004 bad=16 tapChange=0.0073 floor=0.0064 fading=True/True preMse=0.902 energy=0.026/0.081 fresh=False phase=0.699 anchor=0.095@0.605 phi=-0.034
frame@22224: gain=0.041 ref=0.271 mse=0.492 tau=-0.119 omega=4.60E-004 bad=17 tapChange=0.0053 floor=0.0053 fading=True/True preMse=0.909 energy=0.029/0.081 fresh=False phase=0.644 anchor=0.083@0.569 phi=-0.027
frame@22320: gain=0.034 ref=0.271 mse=0.552 tau=-0.149 omega=4.79E-004 bad=18 tapChange=0.0069 floor=0.0056 fading=True/True preMse=1.019 energy=0.022/0.081 fresh=False phase=1.433 anchor=0.064@1.250 phi=-0.036
frame@22416: gain=0.047 ref=0.271 mse=0.493 tau=-0.121 omega=4.96E-004 bad=19 tapChange=0.0075 floor=0.0060 fading=True/True preMse=0.910 energy=0.034/0.081 fresh=False phase=0.717 anchor=0.097@0.615 phi=-0.032
frame@22512: gain=0.071 ref=0.271 mse=0.474 tau=-0.126 omega=9.25E-004 bad=20 tapChange=0.0070 floor=0.0064 fading=True/True preMse=0.875 energy=0.044/0.081 fresh=False phase=0.884 anchor=0.140@0.771 phi=-0.824
frame@22608: gain=0.092 ref=0.271 mse=0.395 tau=-0.131 omega=9.04E-004 bad=21 tapChange=0.0111 floor=0.0068 fading=True/True preMse=0.729 energy=0.052/0.081 fresh=False phase=-0.059 anchor=0.192@-0.037 phi=0.041
frame@22704: gain=0.092 ref=0.271 mse=0.393 tau=-0.131 omega=8.79E-004 bad=22 tapChange=0.0086 floor=0.0073 fading=True/True preMse=0.726 energy=0.055/0.081 fresh=False phase=-0.062 anchor=0.189@-0.044 phi=0.048
frame@22800: gain=0.101 ref=0.271 mse=0.377 tau=-0.136 omega=8.18E-004 bad=23 tapChange=0.0093 floor=0.0077 fading=True/True preMse=0.696 energy=0.059/0.081 fresh=False phase=-0.131 anchor=0.212@-0.109 phi=0.118
frame@22896: gain=0.120 ref=0.271 mse=0.362 tau=-0.124 omega=7.37E-004 bad=24 tapChange=0.0071 floor=0.0071 fading=True/True preMse=0.668 energy=0.073/0.081 fresh=False phase=-0.163 anchor=0.238@-0.142 phi=0.154
frame@22992: gain=0.136 ref=0.271 mse=0.330 tau=-0.122 omega=6.92E-004 bad=25 tapChange=0.0074 floor=0.0074 fading=True/True preMse=0.609 energy=0.069/0.081 fresh=False phase=-0.087 anchor=0.276@-0.081 phi=0.088
frame@23088: gain=0.149 ref=0.264 mse=0.330 tau=-0.130 omega=5.49E-004 bad=0 tapChange=0.0064 floor=0.0064 fading=True/True preMse=0.609 energy=0.074/0.080 fresh=False phase=-0.281 anchor=0.297@-0.252 phi=0.273
frame@23184: gain=0.137 ref=0.258 mse=0.327 tau=-0.118 omega=5.74E-004 bad=0 tapChange=0.0058 floor=0.0058 fading=True/True preMse=0.604 energy=0.066/0.080 fresh=False phase=0.056 anchor=0.275@0.043 phi=-0.047
frame@23280: gain=0.158 ref=0.252 mse=0.300 tau=-0.124 omega=5.59E-004 bad=0 tapChange=0.0059 floor=0.0059 fading=True/True preMse=0.554 energy=0.091/0.079 fresh=False phase=-0.028 anchor=0.317@-0.026 phi=0.028
frame@23376: gain=0.113 ref=0.247 mse=0.374 tau=-0.127 omega=4.12E-004 bad=0 tapChange=0.0055 floor=0.0055 fading=True/True preMse=0.690 energy=0.073/0.080 fresh=False phase=-0.305 anchor=0.233@-0.268 phi=0.282
frame@23472: gain=0.155 ref=0.241 mse=0.307 tau=-0.120 omega=3.77E-004 bad=0 tapChange=0.0055 floor=0.0055 fading=True/True preMse=0.568 energy=0.093/0.079 fresh=False phase=-0.075 anchor=0.313@-0.063 phi=0.067
frame@23568: gain=0.158 ref=0.236 mse=0.316 tau=-0.110 omega=3.18E-004 bad=0 tapChange=0.0054 floor=0.0054 fading=True/True preMse=0.584 energy=0.099/0.080 fresh=False phase=-0.120 anchor=0.318@-0.106 phi=0.113
frame@23664: gain=0.115 ref=0.233 mse=0.368 tau=-0.110 omega=3.34E-004 bad=0 tapChange=0.0049 floor=0.0049 fading=True/True preMse=0.679 energy=0.086/0.081 fresh=False phase=0.035 anchor=0.238@0.029 phi=-0.031
frame@23760: gain=0.151 ref=0.227 mse=0.326 tau=-0.115 omega=2.36E-004 bad=0 tapChange=0.0051 floor=0.0051 fading=True/True preMse=0.602 energy=0.098/0.081 fresh=False phase=-0.211 anchor=0.307@-0.179 phi=0.188
frame@23856: gain=0.142 ref=0.223 mse=0.341 tau=-0.103 omega=1.17E-004 bad=0 tapChange=0.0054 floor=0.0054 fading=True/True preMse=0.630 energy=0.100/0.082 fresh=False phase=-0.261 anchor=0.296@-0.219 phi=0.230
frame@23952: gain=0.158 ref=0.219 mse=0.319 tau=-0.098 omega=5.42E-005 bad=0 tapChange=0.0049 floor=0.0049 fading=True/True preMse=0.590 energy=0.089/0.083 fresh=False phase=-0.113 anchor=0.321@-0.114 phi=0.120
frame@24048: gain=0.167 ref=0.216 mse=0.303 tau=-0.106 omega=-5.06E-005 bad=0 tapChange=0.0048 floor=0.0048 fading=True/True preMse=0.560 energy=0.100/0.083 fresh=False phase=-0.218 anchor=0.339@-0.191 phi=0.201
frame@24144: gain=0.201 ref=0.213 mse=0.255 tau=-0.110 omega=-3.81E-005 bad=0 tapChange=0.0042 floor=0.0042 fading=True/True preMse=0.471 energy=0.086/0.084 fresh=False phase=0.047 anchor=0.399@0.022 phi=-0.024
frame@24240: gain=0.276 ref=0.213 mse=0.181 tau=-0.115 omega=-1.54E-004 bad=0 tapChange=0.0029 floor=0.0029 fading=True/True preMse=0.334 energy=0.128/0.084 fresh=False phase=-0.222 anchor=0.536@-0.207 phi=0.222
frame@24336: gain=0.298 ref=0.216 mse=0.171 tau=-0.114 omega=-1.19E-004 bad=0 tapChange=0.0032 floor=0.0032 fading=True/True preMse=0.315 energy=0.136/0.086 fresh=False phase=0.075 anchor=0.569@0.062 phi=-0.066
frame@24432: gain=0.349 ref=0.220 mse=0.128 tau=-0.116 omega=-1.28E-004 bad=0 tapChange=0.0028 floor=0.0028 fading=True/True preMse=0.236 energy=0.132/0.089 fresh=False phase=-0.009 anchor=0.660@-0.016 phi=0.017
frame@24528: gain=0.297 ref=0.226 mse=0.165 tau=-0.113 omega=-1.47E-004 bad=0 tapChange=0.0027 floor=0.0027 fading=True/True preMse=0.305 energy=0.127/0.091 fresh=False phase=-0.037 anchor=0.568@-0.033 phi=0.036
frame@24624: gain=0.364 ref=0.230 mse=0.118 tau=-0.114 omega=-1.86E-004 bad=0 tapChange=0.0025 floor=0.0025 fading=True/True preMse=0.219 energy=0.144/0.093 fresh=False phase=-0.075 anchor=0.688@-0.071 phi=0.076
frame@24720: gain=0.384 ref=0.237 mse=0.108 tau=-0.112 omega=-1.48E-004 bad=0 tapChange=0.0023 floor=0.0023 fading=False/True preMse=0.200 energy=0.147/0.095 fresh=False phase=0.080 anchor=0.723@0.068 phi=-0.073
frame@24816: gain=0.359 ref=0.244 mse=0.121 tau=-0.111 omega=-1.92E-004 bad=0 tapChange=0.0023 floor=0.0023 fading=False/True preMse=0.223 energy=0.141/0.098 fresh=False phase=-0.091 anchor=0.681@-0.079 phi=0.084
frame@24912: gain=0.370 ref=0.250 mse=0.119 tau=-0.103 omega=-6.68E-005 bad=0 tapChange=0.0018 floor=0.0018 fading=False/True preMse=0.221 energy=0.120/0.100 fresh=False phase=0.247 anchor=0.697@0.223 phi=-0.240
frame@25008: gain=0.417 ref=0.256 mse=0.093 tau=-0.106 omega=-9.53E-005 bad=0 tapChange=0.0019 floor=0.0019 fading=False/True preMse=0.173 energy=0.141/0.101 fresh=False phase=-0.056 anchor=0.780@-0.051 phi=0.055
frame@25104: gain=0.392 ref=0.264 mse=0.130 tau=-0.112 omega=-9.03E-005 bad=0 tapChange=0.0028 floor=0.0021 fading=False/True preMse=0.240 energy=0.120/0.103 fresh=False phase=0.017 anchor=0.729@0.009 phi=-0.010
frame@25200: gain=0.391 ref=0.270 mse=0.132 tau=-0.118 omega=-1.45E-004 bad=0 tapChange=0.0028 floor=0.0023 fading=False/True preMse=0.243 energy=0.128/0.104 fresh=False phase=-0.109 anchor=0.732@-0.098 phi=0.105
frame@25296: gain=0.383 ref=0.276 mse=0.137 tau=-0.115 omega=-7.16E-005 bad=0 tapChange=0.0022 floor=0.0022 fading=False/True preMse=0.253 energy=0.131/0.105 fresh=False phase=0.142 anchor=0.712@0.132 phi=-0.141
frame@25392: gain=0.358 ref=0.282 mse=0.143 tau=-0.115 omega=-2.06E-005 bad=0 tapChange=0.0023 floor=0.0023 fading=False/True preMse=0.265 energy=0.119/0.106 fresh=False phase=0.099 anchor=0.671@0.092 phi=-0.098
frame@25488: gain=0.344 ref=0.285 mse=0.146 tau=-0.121 omega=-3.91E-005 bad=0 tapChange=0.0023 floor=0.0023 fading=False/True preMse=0.270 energy=0.126/0.107 fresh=False phase=-0.035 anchor=0.645@-0.034 phi=0.036
frame@25584: gain=0.365 ref=0.288 mse=0.144 tau=-0.114 omega=-5.21E-005 bad=0 tapChange=0.0025 floor=0.0025 fading=False/True preMse=0.266 energy=0.144/0.108 fresh=False phase=-0.018 anchor=0.685@-0.024 phi=0.025
frame@25680: gain=0.314 ref=0.292 mse=0.172 tau=-0.117 omega=2.89E-005 bad=0 tapChange=0.0018 floor=0.0018 fading=False/True preMse=0.318 energy=0.116/0.110 fresh=False phase=0.163 anchor=0.592@0.147 phi=-0.156
frame@25776: gain=0.250 ref=0.293 mse=0.215 tau=-0.118 omega=5.25E-005 bad=0 tapChange=0.0022 floor=0.0020 fading=False/True preMse=0.397 energy=0.084/0.110 fresh=False phase=0.050 anchor=0.481@0.044 phi=-0.045
frame@25872: gain=0.323 ref=0.291 mse=0.153 tau=-0.119 omega=8.46E-005 bad=0 tapChange=0.0018 floor=0.0018 fading=False/True preMse=0.283 energy=0.103/0.109 fresh=False phase=0.059 anchor=0.608@0.058 phi=-0.062
frame@25968: gain=0.290 ref=0.293 mse=0.192 tau=-0.105 omega=1.03E-005 bad=0 tapChange=0.0022 floor=0.0020 fading=False/True preMse=0.355 energy=0.108/0.109 fresh=False phase=-0.147 anchor=0.551@-0.136 phi=0.143
frame@26064: gain=0.335 ref=0.293 mse=0.144 tau=-0.103 omega=3.23E-005 bad=0 tapChange=0.0018 floor=0.0018 fading=False/True preMse=0.266 energy=0.112/0.108 fresh=False phase=0.045 anchor=0.631@0.040 phi=-0.042
frame@26160: gain=0.328 ref=0.295 mse=0.147 tau=-0.108 omega=-5.57E-006 bad=0 tapChange=0.0019 floor=0.0019 fading=False/True preMse=0.271 energy=0.092/0.109 fresh=False phase=-0.084 anchor=0.621@-0.069 phi=0.073
frame@26256: gain=0.308 ref=0.296 mse=0.178 tau=-0.128 omega=6.66E-005 bad=0 tapChange=0.0019 floor=0.0019 fading=False/True preMse=0.329 energy=0.090/0.108 fresh=False phase=0.145 anchor=0.582@0.132 phi=-0.139
frame@26352: gain=0.328 ref=0.297 mse=0.140 tau=-0.124 omega=5.58E-005 bad=0 tapChange=0.0014 floor=0.0014 fading=False/True preMse=0.258 energy=0.094/0.107 fresh=False phase=-0.018 anchor=0.620@-0.020 phi=0.021
frame@26448: gain=0.342 ref=0.298 mse=0.130 tau=-0.121 omega=1.26E-005 bad=0 tapChange=0.0016 floor=0.0016 fading=False/True preMse=0.241 energy=0.086/0.106 fresh=False phase=-0.087 anchor=0.645@-0.079 phi=0.083
frame@26544: gain=0.284 ref=0.301 mse=0.202 tau=-0.116 omega=1.50E-004 bad=0 tapChange=0.0018 floor=0.0017 fading=False/True preMse=0.372 energy=0.072/0.105 fresh=False phase=0.272 anchor=0.542@0.254 phi=-0.264
frame@26640: gain=0.296 ref=0.300 mse=0.177 tau=-0.115 omega=8.83E-005 bad=0 tapChange=0.0015 floor=0.0015 fading=False/True preMse=0.327 energy=0.059/0.104 fresh=False phase=-0.127 anchor=0.554@-0.114 phi=0.119
frame@26736: gain=0.293 ref=0.300 mse=0.186 tau=-0.131 omega=1.08E-004 bad=0 tapChange=0.0018 floor=0.0017 fading=False/True preMse=0.344 energy=0.075/0.101 fresh=False phase=0.046 anchor=0.552@0.037 phi=-0.039
frame@26832: gain=0.249 ref=0.299 mse=0.267 tau=-0.129 omega=2.40E-004 bad=0 tapChange=0.0021 floor=0.0019 fading=False/True preMse=0.492 energy=0.056/0.100 fresh=False phase=0.257 anchor=0.469@0.244 phi=-0.252
frame@26928: gain=0.228 ref=0.297 mse=0.261 tau=-0.128 omega=8.09E-005 bad=0 tapChange=0.0016 floor=0.0016 fading=False/True preMse=0.481 energy=0.042/0.098 fresh=False phase=-0.315 anchor=0.430@-0.295 phi=0.305
frame@27024: gain=0.212 ref=0.293 mse=0.293 tau=-0.142 omega=1.68E-004 bad=0 tapChange=0.0021 floor=0.0018 fading=False/True preMse=0.542 energy=0.040/0.095 fresh=False phase=0.168 anchor=0.402@0.163 phi=-0.167
frame@27120: gain=0.173 ref=0.289 mse=0.354 tau=-0.132 omega=5.93E-005 bad=0 tapChange=0.0023 floor=0.0019 fading=False/True preMse=0.654 energy=0.034/0.092 fresh=False phase=-0.224 anchor=0.330@-0.204 phi=0.209
frame@27216: gain=0.134 ref=0.283 mse=0.405 tau=-0.132 omega=-4.26E-005 bad=0 tapChange=0.0021 floor=0.0021 fading=False/True preMse=0.748 energy=0.022/0.089 fresh=False phase=-0.205 anchor=0.253@-0.192 phi=0.196
frame@27312: gain=0.092 ref=0.276 mse=0.495 tau=-0.150 omega=3.21E-005 bad=0 tapChange=0.0026 floor=0.0023 fading=False/True preMse=0.914 energy=0.025/0.086 fresh=False phase=0.146 anchor=0.171@0.142 phi=-0.143
frame@27408: gain=0.089 ref=0.276 mse=0.471 tau=-0.120 omega=1.90E-004 bad=1 tapChange=0.0018 floor=0.0018 fading=False/True preMse=0.869 energy=0.018/0.086 fresh=False phase=0.302 anchor=0.171@0.300 phi=-0.303
frame@27504: gain=0.139 ref=0.276 mse=0.436 tau=-0.124 omega=-8.99E-005 bad=2 tapChange=0.0022 floor=0.0020 fading=False/True preMse=0.806 energy=0.027/0.086 fresh=False phase=-0.565 anchor=0.258@-0.528 phi=0.538
frame@27600: gain=0.138 ref=0.269 mse=0.401 tau=-0.129 omega=-2.95E-004 bad=0 tapChange=0.0018 floor=0.0018 fading=False/True preMse=0.741 energy=0.025/0.083 fresh=False phase=-0.396 anchor=0.263@-0.387 phi=0.393
frame@27696: gain=0.192 ref=0.263 mse=0.319 tau=-0.119 omega=-2.22E-004 bad=0 tapChange=0.0022 floor=0.0020 fading=False/True preMse=0.589 energy=0.038/0.080 fresh=False phase=0.159 anchor=0.364@0.136 phi=-0.140
frame@27792: gain=0.178 ref=0.259 mse=0.397 tau=-0.115 omega=-2.82E-004 bad=0 tapChange=0.0031 floor=0.0022 fading=False/True preMse=0.732 energy=0.038/0.078 fresh=False phase=-0.105 anchor=0.328@-0.113 phi=0.116
frame@27888: gain=0.178 ref=0.255 mse=0.394 tau=-0.108 omega=-1.79E-004 bad=0 tapChange=0.0030 floor=0.0024 fading=False/True preMse=0.728 energy=0.048/0.076 fresh=False phase=0.203 anchor=0.339@0.195 phi=-0.200
frame@27984: gain=0.244 ref=0.251 mse=0.310 tau=-0.115 omega=-3.93E-005 bad=0 tapChange=0.0026 floor=0.0026 fading=False/True preMse=0.571 energy=0.047/0.075 fresh=False phase=0.287 anchor=0.459@0.260 phi=-0.267
frame@28080: gain=0.292 ref=0.251 mse=0.218 tau=-0.111 omega=-1.41E-004 bad=0 tapChange=0.0018 floor=0.0018 fading=False/True preMse=0.402 energy=0.055/0.073 fresh=False phase=-0.197 anchor=0.545@-0.189 phi=0.196
frame@28176: gain=0.324 ref=0.253 mse=0.170 tau=-0.114 omega=-4.24E-005 bad=0 tapChange=0.0013 floor=0.0013 fading=False/True preMse=0.314 energy=0.065/0.072 fresh=False phase=0.193 anchor=0.608@0.183 phi=-0.190
frame@28272: gain=0.404 ref=0.256 mse=0.107 tau=-0.115 omega=-2.37E-005 bad=0 tapChange=0.0015 floor=0.0014 fading=False/True preMse=0.198 energy=0.087/0.072 fresh=False phase=0.034 anchor=0.759@0.035 phi=-0.036
frame@28368: gain=0.388 ref=0.264 mse=0.166 tau=-0.115 omega=2.60E-005 bad=0 tapChange=0.0022 floor=0.0016 fading=False/True preMse=0.306 energy=0.090/0.073 fresh=False phase=0.092 anchor=0.720@0.091 phi=-0.095
frame@28464: gain=0.421 ref=0.270 mse=0.108 tau=-0.116 omega=-2.08E-005 bad=0 tapChange=0.0012 floor=0.0012 fading=False/True preMse=0.200 energy=0.100/0.074 fresh=False phase=-0.090 anchor=0.784@-0.086 phi=0.090
frame@28560: gain=0.425 ref=0.278 mse=0.123 tau=-0.114 omega=9.99E-005 bad=0 tapChange=0.0012 floor=0.0012 fading=False/True preMse=0.228 energy=0.092/0.075 fresh=False phase=0.233 anchor=0.787@0.222 phi=-0.232
frame@28656: gain=0.439 ref=0.285 mse=0.113 tau=-0.118 omega=2.00E-005 bad=0 tapChange=0.0014 floor=0.0014 fading=False/True preMse=0.209 energy=0.099/0.076 fresh=False phase=-0.160 anchor=0.816@-0.147 phi=0.153
frame@28752: gain=0.408 ref=0.293 mse=0.101 tau=-0.111 omega=4.24E-005 bad=0 tapChange=0.0011 floor=0.0011 fading=False/True preMse=0.186 energy=0.096/0.077 fresh=False phase=0.046 anchor=0.762@0.041 phi=-0.043
frame@28848: gain=0.392 ref=0.298 mse=0.120 tau=-0.107 omega=9.28E-005 bad=0 tapChange=0.0012 floor=0.0012 fading=False/True preMse=0.221 energy=0.092/0.078 fresh=False phase=0.092 anchor=0.731@0.093 phi=-0.097
frame@28944: gain=0.448 ref=0.303 mse=0.105 tau=-0.107 omega=2.00E-005 bad=0 tapChange=0.0014 floor=0.0014 fading=False/True preMse=0.194 energy=0.099/0.079 fresh=False phase=-0.145 anchor=0.832@-0.133 phi=0.140
frame@29040: gain=0.403 ref=0.310 mse=0.119 tau=-0.106 omega=1.54E-004 bad=0 tapChange=0.0011 floor=0.0011 fading=False/True preMse=0.220 energy=0.079/0.080 fresh=False phase=0.267 anchor=0.749@0.247 phi=-0.258
frame@29136: gain=0.393 ref=0.315 mse=0.172 tau=-0.102 omega=7.31E-005 bad=0 tapChange=0.0021 floor=0.0012 fading=False/True preMse=0.317 energy=0.092/0.080 fresh=False phase=-0.162 anchor=0.733@-0.149 phi=0.156
frame@29232: gain=0.321 ref=0.319 mse=0.174 tau=-0.096 omega=9.68E-005 bad=0 tapChange=0.0015 floor=0.0014 fading=False/True preMse=0.321 energy=0.064/0.080 fresh=False phase=0.042 anchor=0.598@0.044 phi=-0.046
frame@29328: gain=0.271 ref=0.319 mse=0.258 tau=-0.085 omega=1.27E-004 bad=0 tapChange=0.0020 floor=0.0015 fading=False/True preMse=0.476 energy=0.070/0.079 fresh=False phase=0.061 anchor=0.510@0.056 phi=-0.058
frame@29424: gain=0.226 ref=0.317 mse=0.299 tau=-0.102 omega=1.31E-004 bad=0 tapChange=0.0022 floor=0.0017 fading=False/True preMse=0.552 energy=0.060/0.079 fresh=False phase=0.002 anchor=0.430@0.008 phi=-0.008
frame@29520: gain=0.224 ref=0.312 mse=0.310 tau=-0.103 omega=2.39E-004 bad=0 tapChange=0.0023 floor=0.0019 fading=False/True preMse=0.573 energy=0.064/0.078 fresh=False phase=0.206 anchor=0.426@0.202 phi=-0.207
frame@29616: gain=0.196 ref=0.308 mse=0.331 tau=-0.126 omega=1.21E-004 bad=0 tapChange=0.0022 floor=0.0021 fading=False/True preMse=0.612 energy=0.063/0.077 fresh=False phase=-0.247 anchor=0.378@-0.221 phi=0.226
frame@29712: gain=0.113 ref=0.302 mse=0.411 tau=-0.102 omega=7.43E-005 bad=0 tapChange=0.0016 floor=0.0016 fading=False/True preMse=0.759 energy=0.048/0.077 fresh=False phase=-0.113 anchor=0.225@-0.089 phi=0.090
frame@29808: gain=0.137 ref=0.302 mse=0.408 tau=-0.132 omega=1.33E-004 bad=1 tapChange=0.0020 floor=0.0018 fading=False/True preMse=0.753 energy=0.046/0.077 fresh=False phase=0.121 anchor=0.268@0.110 phi=-0.112
frame@29904: gain=0.059 ref=0.294 mse=0.544 tau=-0.102 omega=2.58E-004 bad=0 tapChange=0.0023 floor=0.0020 fading=False/True preMse=1.005 energy=0.045/0.075 fresh=False phase=0.335 anchor=0.125@0.240 phi=-0.241
frame@30000: gain=0.054 ref=0.294 mse=0.778 tau=-0.132 omega=2.58E-004 bad=1 tapChange=0.0000 floor=0.0020 fading=False/True preMse=1.436 energy=0.041/0.075 fresh=True phase=2.814 anchor=0.030@0.000 phi=0.000
frame@30096: gain=0.010 ref=0.294 mse=0.523 tau=-0.108 omega=2.09E-004 bad=2 tapChange=0.4906 floor=0.0022 fading=False/True preMse=0.966 energy=0.027/0.075 fresh=False phase=-0.208 anchor=0.034@-0.110 phi=0.096
frame@30192: gain=0.015 ref=0.294 mse=0.517 tau=-0.100 omega=1.73E-004 bad=3 tapChange=0.2015 floor=0.0024 fading=True/True preMse=0.954 energy=0.034/0.075 fresh=False phase=-0.219 anchor=0.044@-0.132 phi=0.068
frame@30288: gain=0.025 ref=0.294 mse=0.499 tau=-0.096 omega=1.44E-004 bad=4 tapChange=0.1342 floor=0.0026 fading=True/True preMse=0.922 energy=0.037/0.075 fresh=False phase=-0.180 anchor=0.065@-0.126 phi=0.056
frame@30384: gain=0.027 ref=0.294 mse=0.496 tau=-0.093 omega=1.52E-004 bad=5 tapChange=0.1024 floor=0.0028 fading=True/True preMse=0.915 energy=0.042/0.075 fresh=False phase=0.080 anchor=0.072@0.049 phi=-0.015
frame@30480: gain=0.043 ref=0.294 mse=0.478 tau=-0.094 omega=1.09E-004 bad=6 tapChange=0.0633 floor=0.0031 fading=True/True preMse=0.882 energy=0.057/0.075 fresh=False phase=-0.382 anchor=0.099@-0.279 phi=0.083
frame@30576: gain=0.043 ref=0.294 mse=0.469 tau=-0.087 omega=1.03E-004 bad=7 tapChange=0.0444 floor=0.0033 fading=True/True preMse=0.866 energy=0.046/0.075 fresh=False phase=-0.072 anchor=0.098@-0.056 phi=0.013
frame@30672: gain=0.058 ref=0.294 mse=0.441 tau=-0.091 omega=1.39E-004 bad=8 tapChange=0.0426 floor=0.0036 fading=True/True preMse=0.814 energy=0.050/0.075 fresh=False phase=0.077 anchor=0.132@0.057 phi=-0.069
frame@30768: gain=0.068 ref=0.294 mse=0.428 tau=-0.097 omega=2.86E-005 bad=9 tapChange=0.0311 floor=0.0039 fading=True/True preMse=0.790 energy=0.064/0.075 fresh=False phase=-0.226 anchor=0.151@-0.178 phi=0.211
frame@30864: gain=0.078 ref=0.294 mse=0.409 tau=-0.097 omega=-5.32E-005 bad=10 tapChange=0.0191 floor=0.0042 fading=True/True preMse=0.755 energy=0.048/0.075 fresh=False phase=-0.152 anchor=0.164@-0.135 phi=0.157
frame@30960: gain=0.075 ref=0.294 mse=0.414 tau=-0.099 omega=-3.63E-005 bad=11 tapChange=0.0163 floor=0.0045 fading=True/True preMse=0.765 energy=0.051/0.075 fresh=False phase=0.037 anchor=0.158@0.028 phi=-0.032
frame@31056: gain=0.083 ref=0.294 mse=0.408 tau=-0.109 omega=7.29E-005 bad=12 tapChange=0.0154 floor=0.0048 fading=True/True preMse=0.753 energy=0.056/0.075 fresh=False phase=0.227 anchor=0.176@0.187 phi=-0.210
frame@31152: gain=0.083 ref=0.294 mse=0.408 tau=-0.112 omega=3.53E-005 bad=13 tapChange=0.0115 floor=0.0051 fading=True/True preMse=0.754 energy=0.052/0.075 fresh=False phase=-0.081 anchor=0.171@-0.065 phi=0.072
frame@31248: gain=0.101 ref=0.294 mse=0.373 tau=-0.121 omega=3.32E-005 bad=14 tapChange=0.0099 floor=0.0055 fading=True/True preMse=0.688 energy=0.053/0.075 fresh=False phase=0.002 anchor=0.205@-0.004 phi=0.004
frame@31344: gain=0.113 ref=0.294 mse=0.358 tau=-0.114 omega=9.59E-005 bad=15 tapChange=0.0089 floor=0.0059 fading=True/True preMse=0.661 energy=0.049/0.075 fresh=False phase=0.130 anchor=0.228@0.109 phi=-0.120
frame@31440: gain=0.095 ref=0.294 mse=0.378 tau=-0.110 omega=5.58E-005 bad=16 tapChange=0.0066 floor=0.0062 fading=True/True preMse=0.698 energy=0.039/0.075 fresh=False phase=-0.095 anchor=0.192@-0.071 phi=0.077
frame@31536: gain=0.084 ref=0.294 mse=0.409 tau=-0.127 omega=6.30E-006 bad=17 tapChange=0.0066 floor=0.0066 fading=True/True preMse=0.755 energy=0.038/0.075 fresh=False phase=-0.101 anchor=0.170@-0.089 phi=0.095
frame@31632: gain=0.089 ref=0.294 mse=0.411 tau=-0.121 omega=1.90E-004 bad=18 tapChange=0.0053 floor=0.0053 fading=True/True preMse=0.759 energy=0.037/0.075 fresh=False phase=0.372 anchor=0.178@0.332 phi=-0.353
frame@31728: gain=0.092 ref=0.294 mse=0.405 tau=-0.151 omega=1.84E-004 bad=19 tapChange=0.0064 floor=0.0057 fading=True/True preMse=0.747 energy=0.042/0.075 fresh=False phase=-0.024 anchor=0.185@-0.011 phi=0.011
frame@31824: gain=0.081 ref=0.294 mse=0.422 tau=-0.164 omega=1.52E-004 bad=20 tapChange=0.0049 floor=0.0049 fading=True/True preMse=0.778 energy=0.045/0.075 fresh=False phase=-0.059 anchor=0.160@-0.058 phi=0.061
frame@31920: gain=0.121 ref=0.294 mse=0.361 tau=-0.157 omega=1.96E-004 bad=21 tapChange=0.0066 floor=0.0052 fading=True/True preMse=0.666 energy=0.066/0.075 fresh=False phase=0.091 anchor=0.243@0.079 phi=-0.084
frame@32016: gain=0.129 ref=0.294 mse=0.354 tau=-0.177 omega=2.67E-004 bad=22 tapChange=0.0047 floor=0.0047 fading=True/True preMse=0.654 energy=0.048/0.075 fresh=False phase=0.142 anchor=0.250@0.128 phi=-0.136
frame@32112: gain=0.159 ref=0.294 mse=0.313 tau=-0.169 omega=4.22E-004 bad=23 tapChange=0.0042 floor=0.0042 fading=True/True preMse=0.578 energy=0.056/0.075 fresh=False phase=0.305 anchor=0.310@0.277 phi=-0.298
frame@32208: gain=0.165 ref=0.287 mse=0.312 tau=-0.150 omega=3.42E-004 bad=0 tapChange=0.0049 floor=0.0045 fading=True/True preMse=0.575 energy=0.075/0.074 fresh=False phase=-0.169 anchor=0.319@-0.144 phi=0.155
frame@32304: gain=0.187 ref=0.281 mse=0.265 tau=-0.150 omega=2.54E-004 bad=0 tapChange=0.0044 floor=0.0044 fading=True/True preMse=0.490 energy=0.080/0.074 fresh=False phase=-0.171 anchor=0.370@-0.157 phi=0.169
frame@32400: gain=0.225 ref=0.276 mse=0.227 tau=-0.149 omega=3.48E-004 bad=0 tapChange=0.0039 floor=0.0039 fading=True/True preMse=0.419 energy=0.108/0.074 fresh=False phase=0.188 anchor=0.437@0.168 phi=-0.182
frame@32496: gain=0.232 ref=0.274 mse=0.206 tau=-0.143 omega=3.25E-004 bad=0 tapChange=0.0031 floor=0.0031 fading=True/True preMse=0.379 energy=0.091/0.076 fresh=False phase=-0.054 anchor=0.446@-0.042 phi=0.045
frame@32592: gain=0.282 ref=0.272 mse=0.178 tau=-0.147 omega=2.61E-004 bad=0 tapChange=0.0030 floor=0.0030 fading=True/True preMse=0.328 energy=0.129/0.077 fresh=False phase=-0.124 anchor=0.535@-0.113 phi=0.122
frame@32688: gain=0.303 ref=0.272 mse=0.163 tau=-0.151 omega=3.43E-004 bad=0 tapChange=0.0029 floor=0.0029 fading=True/True preMse=0.301 energy=0.114/0.079 fresh=False phase=0.165 anchor=0.574@0.146 phi=-0.159
frame@32784: gain=0.297 ref=0.274 mse=0.165 tau=-0.148 omega=3.67E-004 bad=0 tapChange=0.0026 floor=0.0026 fading=True/True preMse=0.304 energy=0.120/0.081 fresh=False phase=0.044 anchor=0.564@0.042 phi=-0.045
frame@32880: gain=0.384 ref=0.275 mse=0.133 tau=-0.140 omega=2.86E-004 bad=0 tapChange=0.0025 floor=0.0025 fading=True/True preMse=0.246 energy=0.172/0.083 fresh=False phase=-0.160 anchor=0.712@-0.141 phi=0.155
frame@32976: gain=0.359 ref=0.280 mse=0.118 tau=-0.138 omega=3.20E-004 bad=0 tapChange=0.0025 floor=0.0025 fading=True/True preMse=0.219 energy=0.148/0.088 fresh=False phase=0.066 anchor=0.683@0.059 phi=-0.064
frame@33072: gain=0.324 ref=0.284 mse=0.118 tau=-0.137 omega=3.08E-004 bad=0 tapChange=0.0016 floor=0.0016 fading=True/True preMse=0.217 energy=0.100/0.091 fresh=False phase=-0.022 anchor=0.615@-0.020 phi=0.022
frame@33168: gain=0.346 ref=0.286 mse=0.136 tau=-0.135 omega=2.28E-004 bad=0 tapChange=0.0021 floor=0.0018 fading=True/True preMse=0.250 energy=0.137/0.091 fresh=False phase=-0.161 anchor=0.647@-0.143 phi=0.154
frame@33264: gain=0.338 ref=0.289 mse=0.122 tau=-0.132 omega=2.92E-004 bad=0 tapChange=0.0017 floor=0.0017 fading=True/True preMse=0.224 energy=0.126/0.093 fresh=False phase=0.129 anchor=0.638@0.115 phi=-0.124
frame@33360: gain=0.356 ref=0.292 mse=0.121 tau=-0.137 omega=2.43E-004 bad=0 tapChange=0.0021 floor=0.0019 fading=True/True preMse=0.223 energy=0.114/0.095 fresh=False phase=-0.100 anchor=0.673@-0.088 phi=0.094
frame@33456: gain=0.242 ref=0.295 mse=0.197 tau=-0.142 omega=2.07E-004 bad=0 tapChange=0.0018 floor=0.0018 fading=True/True preMse=0.363 energy=0.064/0.096 fresh=False phase=-0.071 anchor=0.462@-0.066 phi=0.069
frame@33552: gain=0.273 ref=0.292 mse=0.206 tau=-0.133 omega=3.70E-004 bad=0 tapChange=0.0021 floor=0.0019 fading=True/True preMse=0.381 energy=0.080/0.094 fresh=False phase=0.321 anchor=0.517@0.296 phi=-0.312
frame@33648: gain=0.265 ref=0.291 mse=0.187 tau=-0.133 omega=2.87E-004 bad=0 tapChange=0.0018 floor=0.0018 fading=True/True preMse=0.344 energy=0.077/0.094 fresh=False phase=-0.170 anchor=0.501@-0.151 phi=0.160
frame@33744: gain=0.266 ref=0.290 mse=0.202 tau=-0.134 omega=3.09E-004 bad=0 tapChange=0.0023 floor=0.0020 fading=True/True preMse=0.373 energy=0.070/0.093 fresh=False phase=0.040 anchor=0.504@0.041 phi=-0.044
frame@33840: gain=0.223 ref=0.289 mse=0.264 tau=-0.135 omega=1.87E-004 bad=0 tapChange=0.0024 floor=0.0022 fading=True/True preMse=0.487 energy=0.058/0.092 fresh=False phase=-0.247 anchor=0.421@-0.226 phi=0.235
frame@33936: gain=0.250 ref=0.285 mse=0.263 tau=-0.126 omega=3.67E-004 bad=0 tapChange=0.0027 floor=0.0024 fading=True/True preMse=0.486 energy=0.053/0.090 fresh=False phase=0.360 anchor=0.470@0.331 phi=-0.346
frame@34032: gain=0.191 ref=0.284 mse=0.287 tau=-0.120 omega=3.71E-004 bad=0 tapChange=0.0019 floor=0.0019 fading=True/True preMse=0.530 energy=0.042/0.088 fresh=False phase=0.004 anchor=0.361@0.007 phi=-0.007
frame@34128: gain=0.213 ref=0.279 mse=0.270 tau=-0.122 omega=4.64E-004 bad=0 tapChange=0.0025 floor=0.0021 fading=False/True preMse=0.498 energy=0.060/0.086 fresh=False phase=0.187 anchor=0.409@0.172 phi=-0.179
frame@34224: gain=0.218 ref=0.276 mse=0.274 tau=-0.122 omega=5.45E-004 bad=0 tapChange=0.0025 floor=0.0023 fading=False/True preMse=0.506 energy=0.061/0.085 fresh=False phase=0.161 anchor=0.415@0.151 phi=-0.156
frame@34320: gain=0.191 ref=0.273 mse=0.304 tau=-0.133 omega=5.42E-004 bad=0 tapChange=0.0025 floor=0.0025 fading=False/True preMse=0.562 energy=0.052/0.083 fresh=False phase=-0.018 anchor=0.365@-0.007 phi=0.007
frame@34416: gain=0.183 ref=0.269 mse=0.326 tau=-0.143 omega=5.70E-004 bad=0 tapChange=0.0030 floor=0.0027 fading=False/True preMse=0.603 energy=0.053/0.082 fresh=False phase=0.029 anchor=0.351@0.052 phi=-0.054
frame@34512: gain=0.217 ref=0.265 mse=0.263 tau=-0.127 omega=5.55E-004 bad=0 tapChange=0.0024 floor=0.0024 fading=False/True preMse=0.485 energy=0.069/0.080 fresh=False phase=-0.033 anchor=0.420@-0.027 phi=0.028
frame@34608: gain=0.209 ref=0.262 mse=0.327 tau=-0.136 omega=4.72E-004 bad=0 tapChange=0.0032 floor=0.0026 fading=False/True preMse=0.604 energy=0.062/0.080 fresh=False phase=-0.174 anchor=0.394@-0.154 phi=0.159
frame@34704: gain=0.163 ref=0.259 mse=0.375 tau=-0.125 omega=6.73E-004 bad=0 tapChange=0.0027 floor=0.0027 fading=False/True preMse=0.692 energy=0.057/0.079 fresh=False phase=0.400 anchor=0.314@0.376 phi=-0.386
frame@34800: gain=0.193 ref=0.255 mse=0.270 tau=-0.115 omega=6.46E-004 bad=0 tapChange=0.0020 floor=0.0020 fading=False/True preMse=0.498 energy=0.060/0.078 fresh=False phase=-0.054 anchor=0.377@-0.050 phi=0.052
frame@34896: gain=0.155 ref=0.252 mse=0.384 tau=-0.104 omega=6.80E-004 bad=0 tapChange=0.0035 floor=0.0022 fading=False/True preMse=0.708 energy=0.062/0.077 fresh=False phase=0.050 anchor=0.304@0.064 phi=-0.066
frame@34992: gain=0.178 ref=0.247 mse=0.307 tau=-0.098 omega=7.66E-004 bad=0 tapChange=0.0021 floor=0.0021 fading=False/True preMse=0.566 energy=0.062/0.076 fresh=False phase=0.174 anchor=0.348@0.161 phi=-0.165
frame@35088: gain=0.174 ref=0.243 mse=0.346 tau=-0.095 omega=7.04E-004 bad=0 tapChange=0.0029 floor=0.0023 fading=False/True preMse=0.638 energy=0.065/0.075 fresh=False phase=-0.147 anchor=0.340@-0.117 phi=0.120
frame@35184: gain=0.113 ref=0.240 mse=0.423 tau=-0.079 omega=6.06E-004 bad=0 tapChange=0.0029 floor=0.0025 fading=False/True preMse=0.780 energy=0.056/0.075 fresh=False phase=-0.234 anchor=0.229@-0.185 phi=0.188
frame@35280: gain=0.174 ref=0.233 mse=0.347 tau=-0.086 omega=6.31E-004 bad=0 tapChange=0.0029 floor=0.0027 fading=False/True preMse=0.641 energy=0.047/0.074 fresh=False phase=0.048 anchor=0.334@0.047 phi=-0.049
frame@35376: gain=0.147 ref=0.230 mse=0.418 tau=-0.077 omega=3.95E-004 bad=0 tapChange=0.0029 floor=0.0029 fading=False/True preMse=0.771 energy=0.041/0.073 fresh=False phase=-0.462 anchor=0.283@-0.444 phi=0.453
frame@35472: gain=0.085 ref=0.226 mse=0.478 tau=-0.083 omega=4.28E-004 bad=0 tapChange=0.0031 floor=0.0031 fading=False/True preMse=0.882 energy=0.034/0.071 fresh=False phase=0.076 anchor=0.174@0.062 phi=-0.063
frame@35568: gain=0.091 ref=0.226 mse=0.490 tau=-0.080 omega=4.28E-004 bad=1 tapChange=0.0000 floor=0.0031 fading=False/True preMse=0.904 energy=0.038/0.071 fresh=True phase=-0.388 anchor=0.023@0.000 phi=0.000
frame@35664: gain=0.010 ref=0.226 mse=0.524 tau=-0.054 omega=3.91E-004 bad=2 tapChange=0.8336 floor=0.0034 fading=False/True preMse=0.967 energy=0.043/0.071 fresh=False phase=-0.140 anchor=0.038@-0.063 phi=0.071
frame@35760: gain=0.016 ref=0.226 mse=0.513 tau=-0.071 omega=3.89E-004 bad=3 tapChange=0.2663 floor=0.0036 fading=True/True preMse=0.947 energy=0.039/0.071 fresh=False phase=-0.001 anchor=0.051@-0.006 phi=0.004
frame@35856: gain=0.023 ref=0.226 mse=0.503 tau=-0.085 omega=3.43E-004 bad=4 tapChange=0.0955 floor=0.0039 fading=True/True preMse=0.929 energy=0.035/0.071 fresh=False phase=-0.321 anchor=0.057@-0.236 phi=0.088
frame@35952: gain=0.024 ref=0.226 mse=0.506 tau=-0.085 omega=2.97E-004 bad=5 tapChange=0.1012 floor=0.0042 fading=True/True preMse=0.935 energy=0.050/0.071 fresh=False phase=-0.503 anchor=0.066@-0.307 phi=0.089
frame@36048: gain=0.030 ref=0.226 mse=0.493 tau=-0.061 omega=2.70E-004 bad=6 tapChange=0.0526 floor=0.0045 fading=True/True preMse=0.911 energy=0.034/0.071 fresh=False phase=-0.309 anchor=0.071@-0.229 phi=0.053
frame@36144: gain=0.032 ref=0.226 mse=0.489 tau=-0.071 omega=2.50E-004 bad=7 tapChange=0.0395 floor=0.0048 fading=True/True preMse=0.903 energy=0.031/0.071 fresh=False phase=-0.278 anchor=0.074@-0.202 phi=0.038
frame@36240: gain=0.027 ref=0.226 mse=0.498 tau=-0.043 omega=2.53E-004 bad=8 tapChange=0.0188 floor=0.0052 fading=True/True preMse=0.919 energy=0.019/0.071 fresh=False phase=0.049 anchor=0.059@0.048 phi=-0.006
frame@36336: gain=0.022 ref=0.226 mse=0.509 tau=-0.013 omega=2.45E-004 bad=9 tapChange=0.0142 floor=0.0055 fading=True/True preMse=0.940 energy=0.020/0.071 fresh=False phase=-0.218 anchor=0.048@-0.172 phi=0.015
frame@36432: gain=0.016 ref=0.226 mse=0.524 tau=0.017 omega=2.36E-004 bad=10 tapChange=0.0076 floor=0.0059 fading=True/True preMse=0.967 energy=0.013/0.071 fresh=False phase=-0.312 anchor=0.033@-0.302 phi=0.018
frame@36528: gain=0.014 ref=0.226 mse=0.526 tau=0.008 omega=2.27E-004 bad=11 tapChange=0.0126 floor=0.0063 fading=True/True preMse=0.972 energy=0.017/0.071 fresh=False phase=-0.389 anchor=0.033@-0.302 phi=0.017
frame@36624: gain=0.002 ref=0.226 mse=0.549 tau=-0.022 omega=2.27E-004 bad=12 tapChange=0.0119 floor=0.0067 fading=True/True preMse=1.013 energy=0.015/0.071 fresh=False phase=0.099 anchor=0.011@-0.021 phi=0.000
frame@36720: gain=0.008 ref=0.226 mse=0.561 tau=0.008 omega=2.39E-004 bad=13 tapChange=0.0118 floor=0.0072 fading=True/True preMse=1.036 energy=0.017/0.071 fresh=False phase=2.020 anchor=0.013@1.602 phi=-0.024
frame@36816: gain=0.013 ref=0.226 mse=0.528 tau=-0.022 omega=2.43E-004 bad=14 tapChange=0.0110 floor=0.0076 fading=True/True preMse=0.975 energy=0.014/0.071 fresh=False phase=0.151 anchor=0.029@0.107 phi=-0.006
frame@36912: gain=0.005 ref=0.226 mse=0.561 tau=-0.044 omega=2.38E-004 bad=15 tapChange=0.0118 floor=0.0081 fading=True/True preMse=1.035 energy=0.012/0.071 fresh=False phase=-2.599 anchor=0.004@-1.963 phi=0.008
frame@37008: gain=0.006 ref=0.226 mse=0.545 tau=-0.052 omega=2.47E-004 bad=16 tapChange=0.0177 floor=0.0086 fading=True/True preMse=1.005 energy=0.026/0.071 fresh=False phase=0.807 anchor=0.018@0.469 phi=-0.018
frame@37104: gain=0.005 ref=0.226 mse=0.542 tau=-0.077 omega=2.47E-004 bad=17 tapChange=0.0134 floor=0.0091 fading=True/True preMse=1.001 energy=0.014/0.071 fresh=False phase=-0.003 anchor=0.015@-0.034 phi=0.001
frame@37200: gain=0.006 ref=0.226 mse=0.545 tau=-0.049 omega=2.56E-004 bad=18 tapChange=0.0166 floor=0.0097 fading=True/True preMse=1.006 energy=0.014/0.071 fresh=False phase=0.762 anchor=0.017@0.466 phi=-0.018
frame@37296: gain=0.017 ref=0.226 mse=0.528 tau=-0.019 omega=2.34E-004 bad=19 tapChange=0.0251 floor=0.0103 fading=True/True preMse=0.975 energy=0.027/0.071 fresh=False phase=-0.598 anchor=0.041@-0.455 phi=0.042
frame@37392: gain=0.006 ref=0.226 mse=0.540 tau=-0.022 omega=2.42E-004 bad=20 tapChange=0.0186 floor=0.0109 fading=True/True preMse=0.997 energy=0.020/0.071 fresh=False phase=0.471 anchor=0.020@0.334 phi=-0.015
frame@37488: gain=0.009 ref=0.226 mse=0.534 tau=-0.005 omega=2.43E-004 bad=21 tapChange=0.0200 floor=0.0115 fading=True/True preMse=0.987 energy=0.021/0.071 fresh=False phase=0.044 anchor=0.026@0.020 phi=-0.001
frame@37584: gain=0.026 ref=0.226 mse=0.506 tau=-0.010 omega=2.35E-004 bad=22 tapChange=0.0230 floor=0.0122 fading=True/True preMse=0.933 energy=0.030/0.071 fresh=False phase=-0.156 anchor=0.056@-0.117 phi=0.014
frame@37680: gain=0.014 ref=0.226 mse=0.525 tau=0.012 omega=2.32E-004 bad=23 tapChange=0.0175 floor=0.0129 fading=True/True preMse=0.970 energy=0.016/0.071 fresh=False phase=-0.144 anchor=0.034@-0.092 phi=0.006
frame@37776: gain=0.019 ref=0.226 mse=0.518 tau=0.033 omega=2.40E-004 bad=24 tapChange=0.0150 floor=0.0137 fading=True/True preMse=0.956 energy=0.019/0.071 fresh=False phase=0.225 anchor=0.042@0.194 phi=-0.016
frame@37872: gain=0.013 ref=0.226 mse=0.525 tau=0.032 omega=2.43E-004 bad=25 tapChange=0.0110 floor=0.0110 fading=True/True preMse=0.970 energy=0.014/0.071 fresh=False phase=0.156 anchor=0.030@0.104 phi=-0.006
frame@37968: gain=0.026 ref=0.226 mse=0.508 tau=0.031 omega=2.52E-004 bad=26 tapChange=0.0197 floor=0.0117 fading=True/True preMse=0.937 energy=0.027/0.071 fresh=False phase=0.193 anchor=0.057@0.159 phi=-0.016
frame@38064: gain=0.036 ref=0.226 mse=0.484 tau=0.005 omega=2.56E-004 bad=27 tapChange=0.0173 floor=0.0124 fading=True/True preMse=0.893 energy=0.024/0.071 fresh=False phase=0.107 anchor=0.076@0.078 phi=-0.009
frame@38160: gain=0.045 ref=0.226 mse=0.471 tau=-0.020 omega=2.65E-004 bad=28 tapChange=0.0200 floor=0.0131 fading=True/True preMse=0.869 energy=0.030/0.071 fresh=False phase=0.155 anchor=0.097@0.124 phi=-0.016
frame@38256: gain=0.061 ref=0.226 mse=0.442 tau=-0.031 omega=2.99E-004 bad=29 tapChange=0.0195 floor=0.0138 fading=True/True preMse=0.816 energy=0.044/0.071 fresh=False phase=0.064 anchor=0.130@0.058 phi=-0.066
frame@38352: gain=0.084 ref=0.226 mse=0.409 tau=-0.032 omega=1.99E-004 bad=30 tapChange=0.0207 floor=0.0146 fading=True/True preMse=0.755 energy=0.060/0.071 fresh=False phase=-0.204 anchor=0.179@-0.165 phi=0.191
frame@38448: gain=0.098 ref=0.226 mse=0.385 tau=-0.037 omega=2.72E-004 bad=31 tapChange=0.0188 floor=0.0155 fading=True/True preMse=0.711 energy=0.077/0.071 fresh=False phase=0.146 anchor=0.208@0.120 phi=-0.139
frame@38544: gain=0.116 ref=0.226 mse=0.362 tau=-0.047 omega=2.39E-004 bad=32 tapChange=0.0172 floor=0.0163 fading=True/True preMse=0.668 energy=0.084/0.071 fresh=False phase=-0.063 anchor=0.242@-0.055 phi=0.063
frame@38640: gain=0.125 ref=0.221 mse=0.350 tau=-0.040 omega=1.32E-004 bad=0 tapChange=0.0121 floor=0.0121 fading=True/True preMse=0.647 energy=0.088/0.072 fresh=False phase=-0.216 anchor=0.254@-0.181 phi=0.204
frame@38736: gain=0.134 ref=0.216 mse=0.330 tau=-0.058 omega=1.27E-004 bad=0 tapChange=0.0110 floor=0.0110 fading=True/True preMse=0.610 energy=0.090/0.073 fresh=False phase=-0.007 anchor=0.276@-0.010 phi=0.011
frame@38832: gain=0.172 ref=0.212 mse=0.280 tau=-0.065 omega=7.49E-005 bad=0 tapChange=0.0093 floor=0.0093 fading=True/True preMse=0.517 energy=0.100/0.073 fresh=False phase=-0.099 anchor=0.345@-0.088 phi=0.099
frame@38928: gain=0.176 ref=0.210 mse=0.284 tau=-0.069 omega=2.13E-005 bad=0 tapChange=0.0087 floor=0.0087 fading=True/True preMse=0.524 energy=0.106/0.075 fresh=False phase=-0.113 anchor=0.351@-0.092 phi=0.103
frame@39024: gain=0.190 ref=0.208 mse=0.254 tau=-0.056 omega=2.41E-005 bad=0 tapChange=0.0060 floor=0.0060 fading=True/True preMse=0.469 energy=0.089/0.076 fresh=False phase=0.011 anchor=0.374@0.004 phi=-0.005
frame@39120: gain=0.187 ref=0.207 mse=0.270 tau=-0.054 omega=7.56E-005 bad=0 tapChange=0.0064 floor=0.0064 fading=True/True preMse=0.499 energy=0.088/0.077 fresh=False phase=0.111 anchor=0.368@0.089 phi=-0.099
frame@39216: gain=0.191 ref=0.206 mse=0.276 tau=-0.057 omega=-1.63E-005 bad=0 tapChange=0.0062 floor=0.0062 fading=True/True preMse=0.510 energy=0.093/0.077 fresh=False phase=-0.192 anchor=0.376@-0.161 phi=0.176
frame@39312: gain=0.177 ref=0.206 mse=0.269 tau=-0.050 omega=-5.05E-005 bad=0 tapChange=0.0044 floor=0.0044 fading=True/True preMse=0.497 energy=0.058/0.078 fresh=False phase=-0.058 anchor=0.346@-0.061 phi=0.066
frame@39408: gain=0.152 ref=0.204 mse=0.310 tau=-0.043 omega=-3.64E-005 bad=0 tapChange=0.0036 floor=0.0036 fading=False/True preMse=0.572 energy=0.055/0.077 fresh=False phase=0.033 anchor=0.296@0.025 phi=-0.027
frame@39504: gain=0.131 ref=0.201 mse=0.346 tau=-0.047 omega=-1.44E-004 bad=0 tapChange=0.0037 floor=0.0037 fading=False/True preMse=0.638 energy=0.039/0.076 fresh=False phase=-0.214 anchor=0.257@-0.195 phi=0.206
frame@39600: gain=0.078 ref=0.198 mse=0.433 tau=-0.050 omega=-2.19E-004 bad=0 tapChange=0.0029 floor=0.0029 fading=False/True preMse=0.799 energy=0.021/0.074 fresh=False phase=-0.140 anchor=0.152@-0.140 phi=0.144
frame@39696: gain=0.114 ref=0.198 mse=0.388 tau=-0.047 omega=-3.67E-004 bad=1 tapChange=0.0029 floor=0.0029 fading=False/True preMse=0.717 energy=0.029/0.074 fresh=False phase=-0.299 anchor=0.217@-0.274 phi=0.285
frame@39792: gain=0.108 ref=0.194 mse=0.391 tau=-0.049 omega=-5.26E-004 bad=0 tapChange=0.0034 floor=0.0031 fading=False/True preMse=0.722 energy=0.029/0.072 fresh=False phase=-0.313 anchor=0.211@-0.293 phi=0.305
frame@39888: gain=0.132 ref=0.189 mse=0.345 tau=-0.047 omega=-4.75E-004 bad=0 tapChange=0.0026 floor=0.0026 fading=False/True preMse=0.636 energy=0.035/0.070 fresh=False phase=0.096 anchor=0.252@0.093 phi=-0.098
frame@39984: gain=0.121 ref=0.187 mse=0.415 tau=-0.035 omega=-6.71E-004 bad=0 tapChange=0.0047 floor=0.0028 fading=False/True preMse=0.766 energy=0.041/0.068 fresh=False phase=-0.397 anchor=0.234@-0.361 phi=0.376
frame@40080: gain=0.167 ref=0.183 mse=0.303 tau=-0.005 omega=-5.70E-004 bad=0 tapChange=0.0034 floor=0.0031 fading=False/True preMse=0.559 energy=0.045/0.067 fresh=False phase=0.214 anchor=0.322@0.184 phi=-0.194
frame@40176: gain=0.160 ref=0.182 mse=0.310 tau=-0.015 omega=-5.76E-004 bad=0 tapChange=0.0030 floor=0.0030 fading=False/True preMse=0.573 energy=0.039/0.066 fresh=False phase=-0.011 anchor=0.307@-0.011 phi=0.011
frame@40272: gain=0.219 ref=0.181 mse=0.239 tau=-0.024 omega=-5.94E-004 bad=0 tapChange=0.0028 floor=0.0028 fading=False/True preMse=0.441 energy=0.062/0.064 fresh=False phase=-0.037 anchor=0.417@-0.032 phi=0.034
frame@40368: gain=0.201 ref=0.183 mse=0.276 tau=-0.005 omega=-4.91E-004 bad=0 tapChange=0.0029 floor=0.0029 fading=False/True preMse=0.509 energy=0.066/0.064 fresh=False phase=0.200 anchor=0.382@0.188 phi=-0.197
frame@40464: gain=0.189 ref=0.184 mse=0.285 tau=0.002 omega=-4.06E-004 bad=0 tapChange=0.0027 floor=0.0027 fading=False/True preMse=0.525 energy=0.064/0.064 fresh=False phase=0.171 anchor=0.362@0.156 phi=-0.164
frame@40560: gain=0.219 ref=0.184 mse=0.235 tau=-0.020 omega=-3.13E-004 bad=0 tapChange=0.0022 floor=0.0022 fading=False/True preMse=0.435 energy=0.055/0.064 fresh=False phase=0.181 anchor=0.417@0.170 phi=-0.179
frame@40656: gain=0.174 ref=0.186 mse=0.285 tau=-0.012 omega=-2.01E-004 bad=0 tapChange=0.0019 floor=0.0019 fading=False/True preMse=0.526 energy=0.051/0.064 fresh=False phase=0.220 anchor=0.336@0.206 phi=-0.214
frame@40752: gain=0.221 ref=0.185 mse=0.252 tau=-0.042 omega=-2.70E-004 bad=0 tapChange=0.0024 floor=0.0021 fading=False/True preMse=0.464 energy=0.068/0.063 fresh=False phase=-0.138 anchor=0.419@-0.126 phi=0.133
frame@40848: gain=0.179 ref=0.187 mse=0.286 tau=-0.012 omega=-3.35E-004 bad=0 tapChange=0.0022 floor=0.0022 fading=False/True preMse=0.528 energy=0.045/0.063 fresh=False phase=-0.129 anchor=0.346@-0.121 phi=0.125
frame@40944: gain=0.105 ref=0.187 mse=0.395 tau=-0.004 omega=-2.70E-004 bad=0 tapChange=0.0022 floor=0.0022 fading=False/True preMse=0.729 energy=0.036/0.063 fresh=False phase=0.127 anchor=0.204@0.123 phi=-0.126
frame@41040: gain=0.096 ref=0.183 mse=0.421 tau=0.004 omega=-4.10E-004 bad=0 tapChange=0.0019 floor=0.0019 fading=False/True preMse=0.777 energy=0.026/0.061 fresh=False phase=-0.283 anchor=0.184@-0.264 phi=0.270
frame@41136: gain=0.055 ref=0.183 mse=0.546 tau=-0.026 omega=-4.10E-004 bad=1 tapChange=0.0000 floor=0.0019 fading=False/True preMse=1.008 energy=0.017/0.061 fresh=True phase=1.166 anchor=0.014@-0.000 phi=0.000
frame@41232: gain=0.005 ref=0.183 mse=0.533 tau=-0.044 omega=-3.83E-004 bad=2 tapChange=0.7639 floor=0.0021 fading=False/True preMse=0.984 energy=0.018/0.061 fresh=False phase=0.095 anchor=0.021@0.042 phi=-0.052
frame@41328: gain=0.008 ref=0.183 mse=0.530 tau=-0.033 omega=-3.41E-004 bad=3 tapChange=0.4459 floor=0.0023 fading=True/True preMse=0.978 energy=0.031/0.061 fresh=False phase=0.234 anchor=0.031@0.099 phi=-0.080
frame@41424: gain=0.007 ref=0.183 mse=0.533 tau=-0.003 omega=-3.27E-004 bad=4 tapChange=0.2003 floor=0.0025 fading=True/True preMse=0.984 energy=0.027/0.061 fresh=False phase=0.108 anchor=0.027@0.059 phi=-0.027
frame@41520: gain=0.011 ref=0.183 mse=0.525 tau=-0.009 omega=-3.07E-004 bad=5 tapChange=0.1646 floor=0.0027 fading=True/True preMse=0.970 energy=0.024/0.061 fresh=False phase=0.157 anchor=0.035@0.091 phi=-0.039
frame@41616: gain=0.017 ref=0.183 mse=0.517 tau=-0.004 omega=-2.69E-004 bad=6 tapChange=0.1716 floor=0.0030 fading=True/True preMse=0.954 energy=0.046/0.061 fresh=False phase=0.286 anchor=0.052@0.171 phi=-0.074
frame@41712: gain=0.024 ref=0.183 mse=0.506 tau=0.023 omega=-2.28E-004 bad=7 tapChange=0.1542 floor=0.0032 fading=True/True preMse=0.935 energy=0.053/0.061 fresh=False phase=0.314 anchor=0.071@0.191 phi=-0.077
frame@41808: gain=0.033 ref=0.183 mse=0.491 tau=-0.007 omega=-2.09E-004 bad=8 tapChange=0.0960 floor=0.0035 fading=True/True preMse=0.907 energy=0.062/0.061 fresh=False phase=0.164 anchor=0.083@0.115 phi=-0.037
frame@41904: gain=0.043 ref=0.183 mse=0.470 tau=0.023 omega=-1.83E-004 bad=9 tapChange=0.0817 floor=0.0037 fading=True/True preMse=0.867 energy=0.056/0.061 fresh=False phase=0.038 anchor=0.108@0.039 phi=-0.051
frame@42000: gain=0.053 ref=0.183 mse=0.459 tau=-0.004 omega=-3.65E-005 bad=10 tapChange=0.0524 floor=0.0040 fading=True/True preMse=0.848 energy=0.055/0.061 fresh=False phase=0.298 anchor=0.123@0.225 phi=-0.280
frame@42096: gain=0.064 ref=0.183 mse=0.432 tau=-0.034 omega=2.83E-005 bad=11 tapChange=0.0408 floor=0.0043 fading=True/True preMse=0.797 energy=0.059/0.061 fresh=False phase=0.119 anchor=0.146@0.102 phi=-0.124
frame@42192: gain=0.087 ref=0.183 mse=0.392 tau=-0.004 omega=4.72E-005 bad=12 tapChange=0.0315 floor=0.0046 fading=True/True preMse=0.724 energy=0.068/0.061 fresh=False phase=0.024 anchor=0.190@0.030 phi=-0.036
frame@42288: gain=0.102 ref=0.183 mse=0.374 tau=-0.034 omega=3.79E-005 bad=13 tapChange=0.0276 floor=0.0050 fading=True/True preMse=0.690 energy=0.080/0.061 fresh=False phase=-0.028 anchor=0.222@-0.015 phi=0.018
frame@42384: gain=0.094 ref=0.179 mse=0.382 tau=-0.064 omega=1.18E-004 bad=0 tapChange=0.0147 floor=0.0053 fading=True/True preMse=0.706 energy=0.063/0.062 fresh=False phase=0.150 anchor=0.196@0.134 phi=-0.153
frame@42480: gain=0.111 ref=0.179 mse=0.366 tau=-0.047 omega=2.34E-004 bad=1 tapChange=0.0134 floor=0.0057 fading=True/True preMse=0.676 energy=0.068/0.062 fresh=False phase=0.226 anchor=0.230@0.197 phi=-0.224
frame@42576: gain=0.112 ref=0.175 mse=0.360 tau=-0.049 omega=2.15E-004 bad=0 tapChange=0.0103 floor=0.0061 fading=True/True preMse=0.665 energy=0.060/0.062 fresh=False phase=-0.044 anchor=0.226@-0.034 phi=0.038
frame@42672: gain=0.116 ref=0.172 mse=0.349 tau=-0.065 omega=2.50E-004 bad=0 tapChange=0.0078 floor=0.0065 fading=True/True preMse=0.645 energy=0.060/0.062 fresh=False phase=0.071 anchor=0.232@0.062 phi=-0.068
frame@42768: gain=0.113 ref=0.169 mse=0.364 tau=-0.058 omega=3.51E-004 bad=0 tapChange=0.0078 floor=0.0069 fading=True/True preMse=0.671 energy=0.053/0.062 fresh=False phase=0.192 anchor=0.228@0.177 phi=-0.193
frame@42864: gain=0.111 ref=0.167 mse=0.365 tau=-0.057 omega=3.18E-004 bad=0 tapChange=0.0060 floor=0.0060 fading=True/True preMse=0.674 energy=0.054/0.062 fresh=False phase=-0.076 anchor=0.219@-0.059 phi=0.064
frame@42960: gain=0.132 ref=0.164 mse=0.334 tau=-0.087 omega=4.80E-004 bad=0 tapChange=0.0047 floor=0.0047 fading=True/True preMse=0.617 energy=0.053/0.061 fresh=False phase=0.315 anchor=0.262@0.286 phi=-0.311
frame@43056: gain=0.121 ref=0.162 mse=0.351 tau=-0.077 omega=3.66E-004 bad=0 tapChange=0.0046 floor=0.0046 fading=True/True preMse=0.648 energy=0.049/0.061 fresh=False phase=-0.233 anchor=0.238@-0.204 phi=0.219
frame@43152: gain=0.110 ref=0.160 mse=0.370 tau=-0.047 omega=4.31E-004 bad=0 tapChange=0.0035 floor=0.0035 fading=True/True preMse=0.683 energy=0.030/0.060 fresh=False phase=0.133 anchor=0.214@0.117 phi=-0.125
frame@43248: gain=0.131 ref=0.158 mse=0.340 tau=-0.063 omega=3.69E-004 bad=0 tapChange=0.0038 floor=0.0038 fading=True/True preMse=0.627 energy=0.041/0.059 fresh=False phase=-0.122 anchor=0.253@-0.111 phi=0.119
frame@43344: gain=0.162 ref=0.156 mse=0.300 tau=-0.093 omega=2.87E-004 bad=0 tapChange=0.0042 floor=0.0041 fading=True/True preMse=0.554 energy=0.055/0.058 fresh=False phase=-0.155 anchor=0.315@-0.147 phi=0.157
frame@43440: gain=0.152 ref=0.157 mse=0.315 tau=-0.063 omega=3.83E-004 bad=0 tapChange=0.0036 floor=0.0036 fading=True/True preMse=0.582 energy=0.047/0.058 fresh=False phase=0.186 anchor=0.293@0.174 phi=-0.185
frame@43536: gain=0.168 ref=0.156 mse=0.288 tau=-0.063 omega=3.56E-004 bad=0 tapChange=0.0036 floor=0.0036 fading=True/True preMse=0.532 energy=0.053/0.057 fresh=False phase=-0.054 anchor=0.326@-0.049 phi=0.052
frame@43632: gain=0.157 ref=0.157 mse=0.307 tau=-0.082 omega=3.79E-004 bad=0 tapChange=0.0032 floor=0.0032 fading=True/True preMse=0.567 energy=0.045/0.057 fresh=False phase=0.054 anchor=0.301@0.043 phi=-0.045
frame@43728: gain=0.168 ref=0.157 mse=0.296 tau=-0.080 omega=3.24E-004 bad=0 tapChange=0.0042 floor=0.0034 fading=True/True preMse=0.546 energy=0.072/0.056 fresh=False phase=-0.119 anchor=0.330@-0.099 phi=0.105
frame@43824: gain=0.198 ref=0.157 mse=0.260 tau=-0.074 omega=2.92E-004 bad=0 tapChange=0.0034 floor=0.0034 fading=True/True preMse=0.480 energy=0.069/0.057 fresh=False phase=-0.063 anchor=0.382@-0.058 phi=0.062
frame@43920: gain=0.221 ref=0.159 mse=0.236 tau=-0.082 omega=3.11E-004 bad=0 tapChange=0.0032 floor=0.0032 fading=True/True preMse=0.435 energy=0.072/0.058 fresh=False phase=0.034 anchor=0.423@0.033 phi=-0.035
frame@44016: gain=0.254 ref=0.163 mse=0.188 tau=-0.096 omega=2.76E-004 bad=0 tapChange=0.0027 floor=0.0027 fading=True/True preMse=0.347 energy=0.084/0.059 fresh=False phase=-0.070 anchor=0.488@-0.062 phi=0.066
frame@44112: gain=0.256 ref=0.167 mse=0.204 tau=-0.099 omega=3.29E-004 bad=0 tapChange=0.0027 floor=0.0027 fading=True/True preMse=0.377 energy=0.091/0.060 fresh=False phase=0.099 anchor=0.487@0.094 phi=-0.101
frame@44208: gain=0.292 ref=0.172 mse=0.186 tau=-0.113 omega=3.93E-004 bad=0 tapChange=0.0029 floor=0.0029 fading=True/True preMse=0.344 energy=0.107/0.061 fresh=False phase=0.122 anchor=0.553@0.115 phi=-0.123
frame@44304: gain=0.288 ref=0.178 mse=0.199 tau=-0.120 omega=2.76E-004 bad=0 tapChange=0.0032 floor=0.0031 fading=True/True preMse=0.367 energy=0.112/0.064 fresh=False phase=-0.235 anchor=0.550@-0.209 phi=0.223
frame@44400: gain=0.290 ref=0.183 mse=0.184 tau=-0.113 omega=3.08E-004 bad=0 tapChange=0.0025 floor=0.0025 fading=True/True preMse=0.340 energy=0.107/0.066 fresh=False phase=0.066 anchor=0.548@0.057 phi=-0.061
frame@44496: gain=0.309 ref=0.188 mse=0.179 tau=-0.119 omega=3.72E-004 bad=0 tapChange=0.0024 floor=0.0024 fading=True/True preMse=0.330 energy=0.106/0.068 fresh=False phase=0.122 anchor=0.581@0.114 phi=-0.122
frame@44592: gain=0.284 ref=0.194 mse=0.197 tau=-0.123 omega=3.47E-004 bad=0 tapChange=0.0034 floor=0.0027 fading=True/True preMse=0.365 energy=0.119/0.070 fresh=False phase=-0.056 anchor=0.545@-0.045 phi=0.048
frame@44688: gain=0.292 ref=0.199 mse=0.180 tau=-0.121 omega=3.89E-004 bad=0 tapChange=0.0023 floor=0.0023 fading=True/True preMse=0.333 energy=0.115/0.072 fresh=False phase=0.079 anchor=0.556@0.077 phi=-0.081
frame@44784: gain=0.322 ref=0.204 mse=0.201 tau=-0.119 omega=3.05E-004 bad=0 tapChange=0.0034 floor=0.0025 fading=True/True preMse=0.371 energy=0.141/0.075 fresh=False phase=-0.176 anchor=0.607@-0.152 phi=0.162
frame@44880: gain=0.271 ref=0.210 mse=0.202 tau=-0.116 omega=2.50E-004 bad=0 tapChange=0.0025 floor=0.0025 fading=True/True preMse=0.373 energy=0.093/0.078 fresh=False phase=-0.101 anchor=0.514@-0.100 phi=0.105
frame@44976: gain=0.332 ref=0.213 mse=0.133 tau=-0.110 omega=2.48E-004 bad=0 tapChange=0.0020 floor=0.0020 fading=True/True preMse=0.245 energy=0.106/0.079 fresh=False phase=-0.003 anchor=0.630@-0.004 phi=0.004
frame@45072: gain=0.324 ref=0.219 mse=0.180 tau=-0.106 omega=1.99E-004 bad=0 tapChange=0.0027 floor=0.0022 fading=True/True preMse=0.332 energy=0.089/0.080 fresh=False phase=-0.097 anchor=0.610@-0.089 phi=0.095
frame@45168: gain=0.294 ref=0.224 mse=0.191 tau=-0.094 omega=1.60E-004 bad=0 tapChange=0.0022 floor=0.0022 fading=True/True preMse=0.352 energy=0.080/0.080 fresh=False phase=-0.076 anchor=0.552@-0.070 phi=0.073
frame@45264: gain=0.252 ref=0.227 mse=0.233 tau=-0.124 omega=1.20E-004 bad=0 tapChange=0.0029 floor=0.0024 fading=True/True preMse=0.431 energy=0.061/0.080 fresh=False phase=-0.078 anchor=0.482@-0.074 phi=0.077
frame@45360: gain=0.256 ref=0.229 mse=0.247 tau=-0.125 omega=7.17E-005 bad=0 tapChange=0.0029 floor=0.0026 fading=True/True preMse=0.456 energy=0.063/0.079 fresh=False phase=-0.081 anchor=0.479@-0.089 phi=0.093
frame@45456: gain=0.261 ref=0.230 mse=0.212 tau=-0.130 omega=9.57E-005 bad=0 tapChange=0.0018 floor=0.0018 fading=False/True preMse=0.392 energy=0.059/0.079 fresh=False phase=0.048 anchor=0.493@0.044 phi=-0.046
frame@45552: gain=0.262 ref=0.232 mse=0.240 tau=-0.133 omega=1.36E-005 bad=0 tapChange=0.0029 floor=0.0020 fading=False/True preMse=0.444 energy=0.071/0.078 fresh=False phase=-0.165 anchor=0.495@-0.151 phi=0.158
frame@45648: gain=0.240 ref=0.233 mse=0.225 tau=-0.143 omega=-6.57E-006 bad=0 tapChange=0.0017 floor=0.0017 fading=False/True preMse=0.415 energy=0.051/0.077 fresh=False phase=-0.044 anchor=0.455@-0.037 phi=0.039
frame@45744: gain=0.277 ref=0.233 mse=0.225 tau=-0.136 omega=-3.98E-005 bad=0 tapChange=0.0027 floor=0.0019 fading=False/True preMse=0.415 energy=0.060/0.076 fresh=False phase=-0.063 anchor=0.523@-0.061 phi=0.064
frame@45840: gain=0.254 ref=0.236 mse=0.231 tau=-0.141 omega=-9.39E-006 bad=0 tapChange=0.0023 floor=0.0021 fading=False/True preMse=0.427 energy=0.058/0.075 fresh=False phase=0.053 anchor=0.479@0.056 phi=-0.058
frame@45936: gain=0.171 ref=0.237 mse=0.328 tau=-0.135 omega=8.23E-005 bad=0 tapChange=0.0020 floor=0.0020 fading=False/True preMse=0.605 energy=0.038/0.074 fresh=False phase=0.195 anchor=0.327@0.171 phi=-0.176
frame@46032: gain=0.181 ref=0.233 mse=0.333 tau=-0.105 omega=-3.40E-005 bad=0 tapChange=0.0025 floor=0.0022 fading=False/True preMse=0.615 energy=0.054/0.073 fresh=False phase=-0.237 anchor=0.345@-0.217 phi=0.223
frame@46128: gain=0.150 ref=0.231 mse=0.396 tau=-0.103 omega=-6.81E-005 bad=0 tapChange=0.0029 floor=0.0024 fading=False/True preMse=0.732 energy=0.042/0.072 fresh=False phase=-0.061 anchor=0.285@-0.064 phi=0.066
frame@46224: gain=0.132 ref=0.227 mse=0.392 tau=-0.108 omega=-3.64E-005 bad=0 tapChange=0.0023 floor=0.0023 fading=False/True preMse=0.724 energy=0.046/0.070 fresh=False phase=0.080 anchor=0.253@0.060 phi=-0.061
frame@46320: gain=0.062 ref=0.222 mse=0.573 tau=-0.102 omega=1.32E-004 bad=0 tapChange=0.0043 floor=0.0025 fading=False/True preMse=1.058 energy=0.047/0.069 fresh=False phase=0.404 anchor=0.131@0.321 phi=-0.324
frame@46416: gain=0.092 ref=0.222 mse=0.493 tau=-0.103 omega=1.32E-004 bad=1 tapChange=0.0000 floor=0.0025 fading=False/True preMse=0.910 energy=0.034/0.069 fresh=True phase=-0.390 anchor=0.025@0.000 phi=0.000
frame@46512: gain=0.010 ref=0.222 mse=0.524 tau=-0.105 omega=9.07E-005 bad=2 tapChange=0.7461 floor=0.0027 fading=False/True preMse=0.968 energy=0.038/0.069 fresh=False phase=-0.168 anchor=0.037@-0.076 phi=0.080
frame@46608: gain=0.024 ref=0.222 mse=0.499 tau=-0.106 omega=4.35E-005 bad=3 tapChange=0.3518 floor=0.0029 fading=True/True preMse=0.921 energy=0.051/0.069 fresh=False phase=-0.217 anchor=0.073@-0.125 phi=0.091
frame@46704: gain=0.035 ref=0.222 mse=0.481 tau=-0.113 omega=3.17E-005 bad=4 tapChange=0.1569 floor=0.0032 fading=True/True preMse=0.888 energy=0.059/0.069 fresh=False phase=-0.076 anchor=0.093@-0.049 phi=0.023
frame@46800: gain=0.049 ref=0.222 mse=0.458 tau=-0.124 omega=-1.89E-005 bad=5 tapChange=0.0766 floor=0.0035 fading=True/True preMse=0.846 energy=0.060/0.069 fresh=False phase=-0.097 anchor=0.114@-0.073 phi=0.097
frame@46896: gain=0.050 ref=0.222 mse=0.454 tau=-0.121 omega=-9.21E-005 bad=6 tapChange=0.0566 floor=0.0037 fading=True/True preMse=0.838 energy=0.054/0.069 fresh=False phase=-0.157 anchor=0.121@-0.113 phi=0.141
frame@46992: gain=0.057 ref=0.222 mse=0.445 tau=-0.115 omega=1.62E-005 bad=7 tapChange=0.0253 floor=0.0040 fading=True/True preMse=0.822 energy=0.043/0.069 fresh=False phase=0.212 anchor=0.122@0.175 phi=-0.208
frame@47088: gain=0.060 ref=0.222 mse=0.437 tau=-0.120 omega=-2.26E-005 bad=8 tapChange=0.0209 floor=0.0043 fading=True/True preMse=0.808 energy=0.046/0.069 fresh=False phase=-0.077 anchor=0.129@-0.064 phi=0.074
frame@47184: gain=0.053 ref=0.222 mse=0.452 tau=-0.124 omega=-1.09E-004 bad=9 tapChange=0.0181 floor=0.0046 fading=True/True preMse=0.835 energy=0.042/0.069 fresh=False phase=-0.194 anchor=0.116@-0.149 phi=0.167
frame@47280: gain=0.050 ref=0.222 mse=0.465 tau=-0.154 omega=-4.03E-005 bad=10 tapChange=0.0150 floor=0.0050 fading=True/True preMse=0.858 energy=0.043/0.069 fresh=False phase=0.148 anchor=0.108@0.121 phi=-0.133
frame@47376: gain=0.048 ref=0.222 mse=0.477 tau=-0.153 omega=-2.00E-005 bad=11 tapChange=0.0089 floor=0.0053 fading=True/True preMse=0.881 energy=0.031/0.069 fresh=False phase=0.577 anchor=0.098@0.497 phi=-0.039
frame@47472: gain=0.033 ref=0.222 mse=0.514 tau=-0.138 omega=-1.88E-006 bad=12 tapChange=0.0091 floor=0.0057 fading=True/True preMse=0.948 energy=0.027/0.069 fresh=False phase=0.824 anchor=0.069@0.688 phi=-0.035
frame@47568: gain=0.029 ref=0.222 mse=0.568 tau=-0.123 omega=1.91E-005 bad=13 tapChange=0.0094 floor=0.0061 fading=True/True preMse=1.049 energy=0.025/0.069 fresh=False phase=1.752 anchor=0.050@1.509 phi=-0.040
frame@47664: gain=0.048 ref=0.222 mse=0.539 tau=-0.135 omega=5.51E-005 bad=14 tapChange=0.0102 floor=0.0065 fading=True/True preMse=0.996 energy=0.036/0.069 fresh=False phase=1.314 anchor=0.093@1.135 phi=-0.069
frame@47760: gain=0.041 ref=0.222 mse=0.555 tau=-0.105 omega=8.65E-005 bad=15 tapChange=0.0124 floor=0.0069 fading=True/True preMse=1.025 energy=0.036/0.069 fresh=False phase=1.475 anchor=0.076@1.251 phi=-0.060
frame@47856: gain=0.038 ref=0.222 mse=0.590 tau=-0.108 omega=1.16E-004 bad=16 tapChange=0.0113 floor=0.0073 fading=True/True preMse=1.089 energy=0.036/0.069 fresh=False phase=1.972 anchor=0.065@1.762 phi=-0.056
frame@47952: gain=0.044 ref=0.222 mse=0.593 tau=-0.112 omega=1.53E-004 bad=17 tapChange=0.0132 floor=0.0078 fading=True/True preMse=1.095 energy=0.042/0.069 fresh=False phase=1.911 anchor=0.077@1.705 phi=-0.073
frame@48048: gain=0.046 ref=0.222 mse=0.552 tau=-0.123 omega=1.97E-004 bad=18 tapChange=0.0091 floor=0.0083 fading=True/True preMse=1.018 energy=0.036/0.069 fresh=False phase=1.436 anchor=0.085@1.276 phi=-0.084
frame@48144: gain=0.051 ref=0.222 mse=0.545 tau=-0.153 omega=2.48E-004 bad=19 tapChange=0.0154 floor=0.0088 fading=True/True preMse=1.006 energy=0.047/0.069 fresh=False phase=1.370 anchor=0.100@1.158 phi=-0.097
frame@48240: gain=0.037 ref=0.222 mse=0.546 tau=-0.157 omega=2.86E-004 bad=20 tapChange=0.0064 floor=0.0064 fading=True/True preMse=1.008 energy=0.022/0.069 fresh=False phase=1.395 anchor=0.070@1.261 phi=-0.074
frame@48336: gain=0.040 ref=0.222 mse=0.506 tau=-0.142 omega=3.18E-004 bad=21 tapChange=0.0119 floor=0.0068 fading=True/True preMse=0.935 energy=0.028/0.069 fresh=False phase=0.874 anchor=0.083@0.748 phi=-0.061
frame@48432: gain=0.040 ref=0.222 mse=0.498 tau=-0.114 omega=3.43E-004 bad=22 tapChange=0.0099 floor=0.0072 fading=True/True preMse=0.920 energy=0.031/0.069 fresh=False phase=0.712 anchor=0.082@0.616 phi=-0.048
frame@48528: gain=0.035 ref=0.222 mse=0.500 tau=-0.084 omega=3.59E-004 bad=23 tapChange=0.0067 floor=0.0067 fading=True/True preMse=0.923 energy=0.018/0.069 fresh=False phase=0.513 anchor=0.069@0.469 phi=-0.030
frame@48624: gain=0.023 ref=0.222 mse=0.530 tau=-0.114 omega=3.74E-004 bad=24 tapChange=0.0084 floor=0.0071 fading=True/True preMse=0.978 energy=0.021/0.069 fresh=False phase=0.831 anchor=0.047@0.706 phi=-0.029
frame@48720: gain=0.028 ref=0.222 mse=0.510 tau=-0.084 omega=3.90E-004 bad=25 tapChange=0.0078 floor=0.0076 fading=True/True preMse=0.942 energy=0.020/0.069 fresh=False phase=0.684 anchor=0.060@0.584 phi=-0.030
frame@48816: gain=0.031 ref=0.222 mse=0.510 tau=-0.066 omega=4.05E-004 bad=26 tapChange=0.0127 floor=0.0081 fading=True/True preMse=0.942 energy=0.031/0.069 fresh=False phase=0.652 anchor=0.069@0.523 phi=-0.030
frame@48912: gain=0.023 ref=0.222 mse=0.518 tau=-0.047 omega=4.11E-004 bad=27 tapChange=0.0121 floor=0.0086 fading=True/True preMse=0.957 energy=0.030/0.069 fresh=False phase=0.281 anchor=0.054@0.229 phi=-0.011
frame@49008: gain=0.016 ref=0.222 mse=0.535 tau=-0.053 omega=4.20E-004 bad=28 tapChange=0.0078 floor=0.0078 fading=True/True preMse=0.988 energy=0.018/0.069 fresh=False phase=0.751 anchor=0.036@0.590 phi=-0.017
frame@49104: gain=0.016 ref=0.222 mse=0.532 tau=-0.083 omega=4.20E-004 bad=29 tapChange=0.0145 floor=0.0083 fading=True/True preMse=0.981 energy=0.034/0.069 fresh=False phase=-0.023 anchor=0.043@0.003 phi=-0.000
frame@49200: gain=0.031 ref=0.222 mse=0.498 tau=-0.094 omega=4.24E-004 bad=30 tapChange=0.0179 floor=0.0088 fading=True/True preMse=0.920 energy=0.045/0.069 fresh=False phase=0.203 anchor=0.078@0.138 phi=-0.009
frame@49296: gain=0.038 ref=0.222 mse=0.491 tau=-0.097 omega=4.19E-004 bad=31 tapChange=0.0157 floor=0.0093 fading=True/True preMse=0.906 energy=0.041/0.069 fresh=False phase=-0.207 anchor=0.088@-0.152 phi=0.010
frame@49392: gain=0.061 ref=0.222 mse=0.443 tau=-0.106 omega=4.50E-004 bad=32 tapChange=0.0144 floor=0.0099 fading=True/True preMse=0.817 energy=0.055/0.069 fresh=False phase=0.077 anchor=0.134@0.054 phi=-0.059
frame@49488: gain=0.070 ref=0.222 mse=0.432 tau=-0.132 omega=3.87E-004 bad=33 tapChange=0.0125 floor=0.0105 fading=True/True preMse=0.797 energy=0.050/0.069 fresh=False phase=-0.137 anchor=0.148@-0.109 phi=0.119
frame@49584: gain=0.082 ref=0.222 mse=0.416 tau=-0.127 omega=4.73E-004 bad=34 tapChange=0.0139 floor=0.0111 fading=True/True preMse=0.768 energy=0.063/0.069 fresh=False phase=0.183 anchor=0.177@0.149 phi=-0.163
frame@49680: gain=0.079 ref=0.222 mse=0.426 tau=-0.111 omega=3.01E-004 bad=35 tapChange=0.0106 floor=0.0106 fading=True/True preMse=0.786 energy=0.067/0.069 fresh=False phase=-0.377 anchor=0.165@-0.304 phi=0.329
frame@49776: gain=0.102 ref=0.222 mse=0.374 tau=-0.104 omega=2.91E-004 bad=36 tapChange=0.0095 floor=0.0095 fading=True/True preMse=0.691 energy=0.063/0.069 fresh=False phase=-0.015 anchor=0.212@-0.018 phi=0.019
frame@49872: gain=0.094 ref=0.216 mse=0.390 tau=-0.115 omega=3.53E-004 bad=0 tapChange=0.0072 floor=0.0072 fading=True/True preMse=0.719 energy=0.046/0.069 fresh=False phase=0.130 anchor=0.191@0.109 phi=-0.117
frame@49968: gain=0.115 ref=0.216 mse=0.359 tau=-0.114 omega=3.53E-004 bad=1 tapChange=0.0070 floor=0.0070 fading=True/True preMse=0.663 energy=0.054/0.069 fresh=False phase=0.009 anchor=0.229@0.001 phi=-0.000
frame@50064: gain=0.118 ref=0.211 mse=0.353 tau=-0.108 omega=3.16E-004 bad=0 tapChange=0.0059 floor=0.0059 fading=True/True preMse=0.652 energy=0.054/0.068 fresh=False phase=-0.068 anchor=0.235@-0.066 phi=0.071
frame@50160: gain=0.111 ref=0.206 mse=0.377 tau=-0.103 omega=2.41E-004 bad=0 tapChange=0.0055 floor=0.0055 fading=True/True preMse=0.697 energy=0.043/0.067 fresh=False phase=-0.152 anchor=0.221@-0.135 phi=0.144
frame@50256: gain=0.106 ref=0.201 mse=0.381 tau=-0.108 omega=2.70E-004 bad=0 tapChange=0.0058 floor=0.0058 fading=True/True preMse=0.704 energy=0.045/0.066 fresh=False phase=0.070 anchor=0.214@0.053 phi=-0.056
frame@50352: gain=0.084 ref=0.197 mse=0.417 tau=-0.103 omega=3.09E-004 bad=0 tapChange=0.0043 floor=0.0043 fading=False/True preMse=0.771 energy=0.032/0.065 fresh=False phase=0.075 anchor=0.167@0.071 phi=-0.075
frame@50448: gain=0.081 ref=0.197 mse=0.418 tau=-0.105 omega=3.09E-004 bad=1 tapChange=0.0000 floor=0.0043 fading=False/True preMse=0.771 energy=0.036/0.065 fresh=True phase=0.148 anchor=0.024@0.000 phi=0.000
frame@50544: gain=0.008 ref=0.197 mse=0.527 tau=-0.102 omega=3.10E-004 bad=2 tapChange=0.7402 floor=0.0046 fading=False/True preMse=0.973 energy=0.030/0.065 fresh=False phase=0.012 anchor=0.033@0.002 phi=-0.002
frame@50640: gain=0.021 ref=0.197 mse=0.503 tau=-0.109 omega=3.30E-004 bad=3 tapChange=0.3980 floor=0.0050 fading=True/True preMse=0.929 energy=0.051/0.065 fresh=False phase=0.097 anchor=0.066@0.053 phi=-0.039
frame@50736: gain=0.025 ref=0.197 mse=0.498 tau=-0.106 omega=3.26E-004 bad=4 tapChange=0.1210 floor=0.0053 fading=True/True preMse=0.920 energy=0.041/0.065 fresh=False phase=-0.020 anchor=0.065@-0.021 phi=0.008
frame@50832: gain=0.032 ref=0.197 mse=0.486 tau=-0.100 omega=3.29E-004 bad=5 tapChange=0.0694 floor=0.0057 fading=True/True preMse=0.898 energy=0.043/0.065 fresh=False phase=0.021 anchor=0.077@0.016 phi=-0.005
frame@50928: gain=0.042 ref=0.197 mse=0.469 tau=-0.106 omega=3.15E-004 bad=6 tapChange=0.0678 floor=0.0061 fading=True/True preMse=0.866 energy=0.062/0.065 fresh=False phase=-0.025 anchor=0.103@-0.021 phi=0.027
frame@51024: gain=0.061 ref=0.197 mse=0.436 tau=-0.112 omega=3.58E-004 bad=7 tapChange=0.0482 floor=0.0065 fading=True/True preMse=0.804 energy=0.070/0.065 fresh=False phase=0.082 anchor=0.139@0.066 phi=-0.083
frame@51120: gain=0.066 ref=0.197 mse=0.439 tau=-0.120 omega=1.68E-004 bad=8 tapChange=0.0313 floor=0.0069 fading=True/True preMse=0.811 energy=0.070/0.065 fresh=False phase=-0.374 anchor=0.146@-0.304 phi=0.364
frame@51216: gain=0.076 ref=0.197 mse=0.414 tau=-0.122 omega=2.35E-004 bad=9 tapChange=0.0258 floor=0.0073 fading=True/True preMse=0.765 energy=0.073/0.065 fresh=False phase=0.138 anchor=0.165@0.108 phi=-0.128
frame@51312: gain=0.074 ref=0.197 mse=0.416 tau=-0.094 omega=1.60E-004 bad=10 tapChange=0.0218 floor=0.0078 fading=True/True preMse=0.769 energy=0.061/0.065 fresh=False phase=-0.155 anchor=0.163@-0.125 phi=0.143
frame@51408: gain=0.079 ref=0.197 mse=0.410 tau=-0.109 omega=1.98E-004 bad=11 tapChange=0.0180 floor=0.0083 fading=True/True preMse=0.756 energy=0.063/0.065 fresh=False phase=0.091 anchor=0.171@0.064 phi=-0.072
frame@51504: gain=0.083 ref=0.197 mse=0.406 tau=-0.079 omega=1.97E-004 bad=12 tapChange=0.0146 floor=0.0088 fading=True/True preMse=0.749 energy=0.053/0.065 fresh=False phase=-0.001 anchor=0.174@-0.001 phi=0.001
frame@51600: gain=0.062 ref=0.197 mse=0.442 tau=-0.051 omega=1.37E-004 bad=13 tapChange=0.0104 floor=0.0093 fading=True/True preMse=0.815 energy=0.048/0.065 fresh=False phase=-0.135 anchor=0.132@-0.108 phi=0.116
frame@51696: gain=0.048 ref=0.197 mse=0.469 tau=-0.045 omega=1.84E-004 bad=14 tapChange=0.0091 floor=0.0091 fading=True/True preMse=0.867 energy=0.036/0.065 fresh=False phase=0.112 anchor=0.103@0.086 phi=-0.091
frame@51792: gain=0.043 ref=0.197 mse=0.484 tau=-0.047 omega=1.88E-004 bad=15 tapChange=0.0112 floor=0.0097 fading=True/True preMse=0.894 energy=0.044/0.065 fresh=False phase=0.156 anchor=0.099@0.132 phi=-0.007
frame@51888: gain=0.044 ref=0.197 mse=0.483 tau=-0.040 omega=2.54E-004 bad=16 tapChange=0.0123 floor=0.0102 fading=True/True preMse=0.892 energy=0.053/0.065 fresh=False phase=0.155 anchor=0.104@0.121 phi=-0.127
frame@51984: gain=0.058 ref=0.197 mse=0.458 tau=-0.043 omega=2.03E-004 bad=17 tapChange=0.0110 floor=0.0108 fading=True/True preMse=0.845 energy=0.055/0.065 fresh=False phase=-0.136 anchor=0.128@-0.092 phi=0.097
frame@52080: gain=0.060 ref=0.197 mse=0.464 tau=-0.048 omega=2.11E-004 bad=18 tapChange=0.0119 floor=0.0115 fading=True/True preMse=0.857 energy=0.074/0.065 fresh=False phase=0.037 anchor=0.138@0.015 phi=-0.015
frame@52176: gain=0.098 ref=0.197 mse=0.398 tau=-0.053 omega=2.68E-004 bad=19 tapChange=0.0123 floor=0.0122 fading=True/True preMse=0.735 energy=0.093/0.065 fresh=False phase=0.130 anchor=0.211@0.100 phi=-0.109
frame@52272: gain=0.104 ref=0.197 mse=0.397 tau=-0.065 omega=3.07E-004 bad=20 tapChange=0.0125 floor=0.0125 fading=True/True preMse=0.732 energy=0.116/0.065 fresh=False phase=0.088 anchor=0.229@0.069 phi=-0.075
frame@52368: gain=0.139 ref=0.192 mse=0.335 tau=-0.063 omega=3.51E-004 bad=0 tapChange=0.0107 floor=0.0107 fading=True/True preMse=0.619 energy=0.118/0.068 fresh=False phase=0.080 anchor=0.292@0.077 phi=-0.084
frame@52464: gain=0.126 ref=0.189 mse=0.358 tau=-0.070 omega=2.56E-004 bad=0 tapChange=0.0096 floor=0.0096 fading=True/True preMse=0.662 energy=0.106/0.070 fresh=False phase=-0.198 anchor=0.263@-0.168 phi=0.181
frame@52560: gain=0.177 ref=0.186 mse=0.285 tau=-0.072 omega=1.67E-004 bad=0 tapChange=0.0075 floor=0.0075 fading=True/True preMse=0.526 energy=0.122/0.072 fresh=False phase=-0.175 anchor=0.357@-0.158 phi=0.173
frame@52656: gain=0.182 ref=0.186 mse=0.276 tau=-0.068 omega=2.16E-004 bad=0 tapChange=0.0060 floor=0.0060 fading=True/True preMse=0.510 energy=0.110/0.074 fresh=False phase=0.102 anchor=0.362@0.086 phi=-0.094
frame@52752: gain=0.200 ref=0.186 mse=0.257 tau=-0.069 omega=1.57E-004 bad=0 tapChange=0.0053 floor=0.0053 fading=True/True preMse=0.474 energy=0.103/0.076 fresh=False phase=-0.109 anchor=0.392@-0.103 phi=0.112
frame@52848: gain=0.181 ref=0.186 mse=0.275 tau=-0.079 omega=1.66E-004 bad=0 tapChange=0.0048 floor=0.0048 fading=True/True preMse=0.507 energy=0.085/0.077 fresh=False phase=0.017 anchor=0.360@0.016 phi=-0.016
frame@52944: gain=0.160 ref=0.186 mse=0.302 tau=-0.089 omega=1.69E-004 bad=0 tapChange=0.0043 floor=0.0043 fading=True/True preMse=0.557 energy=0.070/0.078 fresh=False phase=0.011 anchor=0.316@0.005 phi=-0.005
frame@53040: gain=0.173 ref=0.185 mse=0.297 tau=-0.091 omega=2.25E-004 bad=0 tapChange=0.0052 floor=0.0046 fading=True/True preMse=0.549 energy=0.079/0.077 fresh=False phase=0.120 anchor=0.342@0.101 phi=-0.108
frame@53136: gain=0.132 ref=0.184 mse=0.343 tau=-0.095 omega=1.87E-004 bad=0 tapChange=0.0040 floor=0.0040 fading=True/True preMse=0.633 energy=0.042/0.078 fresh=False phase=-0.079 anchor=0.263@-0.069 phi=0.073
frame@53232: gain=0.102 ref=0.181 mse=0.406 tau=-0.102 omega=3.37E-004 bad=0 tapChange=0.0044 floor=0.0043 fading=True/True preMse=0.749 energy=0.045/0.076 fresh=False phase=0.321 anchor=0.205@0.279 phi=-0.290
frame@53328: gain=0.109 ref=0.178 mse=0.406 tau=-0.105 omega=5.45E-004 bad=0 tapChange=0.0039 floor=0.0039 fading=True/True preMse=0.750 energy=0.038/0.074 fresh=False phase=0.435 anchor=0.213@0.385 phi=-0.399
frame@53424: gain=0.126 ref=0.174 mse=0.365 tau=-0.093 omega=5.29E-004 bad=0 tapChange=0.0041 floor=0.0041 fading=True/True preMse=0.674 energy=0.044/0.072 fresh=False phase=-0.043 anchor=0.249@-0.029 phi=0.031
frame@53520: gain=0.123 ref=0.172 mse=0.372 tau=-0.103 omega=6.37E-004 bad=0 tapChange=0.0036 floor=0.0036 fading=True/True preMse=0.686 energy=0.043/0.071 fresh=False phase=0.202 anchor=0.241@0.199 phi=-0.207
frame@53616: gain=0.134 ref=0.169 mse=0.363 tau=-0.115 omega=7.32E-004 bad=0 tapChange=0.0031 floor=0.0031 fading=True/True preMse=0.670 energy=0.033/0.070 fresh=False phase=0.169 anchor=0.255@0.175 phi=-0.182
frame@53712: gain=0.192 ref=0.167 mse=0.273 tau=-0.118 omega=7.46E-004 bad=0 tapChange=0.0035 floor=0.0033 fading=True/True preMse=0.504 energy=0.043/0.068 fresh=False phase=0.025 anchor=0.371@0.026 phi=-0.027
frame@53808: gain=0.141 ref=0.169 mse=0.347 tau=-0.114 omega=6.02E-004 bad=0 tapChange=0.0022 floor=0.0022 fading=True/True preMse=0.641 energy=0.030/0.067 fresh=False phase=-0.289 anchor=0.267@-0.265 phi=0.275
frame@53904: gain=0.166 ref=0.167 mse=0.319 tau=-0.134 omega=6.91E-004 bad=0 tapChange=0.0029 floor=0.0025 fading=True/True preMse=0.589 energy=0.039/0.065 fresh=False phase=0.177 anchor=0.318@0.162 phi=-0.170
frame@54000: gain=0.199 ref=0.167 mse=0.300 tau=-0.130 omega=5.55E-004 bad=0 tapChange=0.0031 floor=0.0027 fading=True/True preMse=0.553 energy=0.046/0.063 fresh=False phase=-0.276 anchor=0.376@-0.248 phi=0.260
frame@54096: gain=0.193 ref=0.169 mse=0.267 tau=-0.139 omega=4.78E-004 bad=0 tapChange=0.0022 floor=0.0022 fading=True/True preMse=0.492 energy=0.048/0.063 fresh=False phase=-0.146 anchor=0.370@-0.141 phi=0.147
frame@54192: gain=0.203 ref=0.170 mse=0.272 tau=-0.147 omega=4.47E-004 bad=0 tapChange=0.0030 floor=0.0024 fading=True/True preMse=0.501 energy=0.062/0.062 fresh=False phase=-0.065 anchor=0.390@-0.058 phi=0.060
frame@54288: gain=0.213 ref=0.172 mse=0.251 tau=-0.132 omega=3.69E-004 bad=0 tapChange=0.0024 floor=0.0024 fading=True/True preMse=0.463 energy=0.064/0.062 fresh=False phase=-0.160 anchor=0.409@-0.143 phi=0.149
frame@54384: gain=0.242 ref=0.174 mse=0.213 tau=-0.102 omega=4.34E-004 bad=0 tapChange=0.0019 floor=0.0019 fading=False/True preMse=0.393 energy=0.056/0.062 fresh=False phase=0.130 anchor=0.462@0.118 phi=-0.125
frame@54480: gain=0.226 ref=0.177 mse=0.279 tau=-0.101 omega=2.53E-004 bad=0 tapChange=0.0031 floor=0.0021 fading=False/True preMse=0.515 energy=0.071/0.062 fresh=False phase=-0.355 anchor=0.437@-0.333 phi=0.348
frame@54576: gain=0.177 ref=0.180 mse=0.304 tau=-0.107 omega=3.51E-004 bad=0 tapChange=0.0023 floor=0.0023 fading=False/True preMse=0.561 energy=0.057/0.062 fresh=False phase=0.194 anchor=0.338@0.181 phi=-0.188
frame@54672: gain=0.152 ref=0.180 mse=0.373 tau=-0.088 omega=3.78E-004 bad=0 tapChange=0.0034 floor=0.0025 fading=False/True preMse=0.689 energy=0.059/0.062 fresh=False phase=0.060 anchor=0.291@0.052 phi=-0.053
frame@54768: gain=0.228 ref=0.178 mse=0.238 tau=-0.088 omega=3.20E-004 bad=0 tapChange=0.0020 floor=0.0020 fading=False/True preMse=0.440 energy=0.076/0.062 fresh=False phase=-0.109 anchor=0.437@-0.108 phi=0.113
frame@54864: gain=0.158 ref=0.181 mse=0.328 tau=-0.080 omega=2.02E-004 bad=0 tapChange=0.0023 floor=0.0022 fading=False/True preMse=0.605 energy=0.059/0.062 fresh=False phase=-0.251 anchor=0.308@-0.220 phi=0.227
frame@54960: gain=0.217 ref=0.180 mse=0.276 tau=-0.068 omega=3.19E-004 bad=0 tapChange=0.0023 floor=0.0023 fading=False/True preMse=0.509 energy=0.060/0.062 fresh=False phase=0.227 anchor=0.412@0.217 phi=-0.225
frame@55056: gain=0.182 ref=0.181 mse=0.283 tau=-0.080 omega=2.80E-004 bad=0 tapChange=0.0020 floor=0.0020 fading=False/True preMse=0.523 energy=0.058/0.062 fresh=False phase=-0.083 anchor=0.353@-0.073 phi=0.076
frame@55152: gain=0.181 ref=0.181 mse=0.307 tau=-0.087 omega=4.29E-004 bad=0 tapChange=0.0021 floor=0.0021 fading=False/True preMse=0.567 energy=0.058/0.062 fresh=False phase=0.301 anchor=0.349@0.279 phi=-0.287
frame@55248: gain=0.153 ref=0.181 mse=0.321 tau=-0.079 omega=3.40E-004 bad=0 tapChange=0.0016 floor=0.0016 fading=False/True preMse=0.593 energy=0.040/0.062 fresh=False phase=-0.188 anchor=0.295@-0.167 phi=0.172
frame@55344: gain=0.163 ref=0.180 mse=0.351 tau=-0.087 omega=3.49E-004 bad=0 tapChange=0.0025 floor=0.0018 fading=False/True preMse=0.647 energy=0.039/0.061 fresh=False phase=0.028 anchor=0.308@0.017 phi=-0.018
frame@55440: gain=0.157 ref=0.179 mse=0.407 tau=-0.090 omega=5.20E-004 bad=0 tapChange=0.0037 floor=0.0020 fading=False/True preMse=0.751 energy=0.047/0.060 fresh=False phase=0.356 anchor=0.304@0.320 phi=-0.328
frame@55536: gain=0.183 ref=0.178 mse=0.320 tau=-0.100 omega=6.26E-004 bad=0 tapChange=0.0016 floor=0.0016 fading=False/True preMse=0.591 energy=0.038/0.059 fresh=False phase=0.211 anchor=0.345@0.199 phi=-0.204
frame@55632: gain=0.198 ref=0.178 mse=0.269 tau=-0.095 omega=6.99E-004 bad=0 tapChange=0.0017 floor=0.0017 fading=False/True preMse=0.496 energy=0.045/0.058 fresh=False phase=0.148 anchor=0.380@0.135 phi=-0.139
frame@55728: gain=0.190 ref=0.179 mse=0.299 tau=-0.112 omega=5.89E-004 bad=0 tapChange=0.0018 floor=0.0018 fading=False/True preMse=0.552 energy=0.040/0.057 fresh=False phase=-0.225 anchor=0.361@-0.204 phi=0.210
frame@55824: gain=0.232 ref=0.180 mse=0.248 tau=-0.107 omega=6.96E-004 bad=0 tapChange=0.0019 floor=0.0019 fading=False/True preMse=0.457 energy=0.048/0.056 fresh=False phase=0.208 anchor=0.441@0.199 phi=-0.205
frame@55920: gain=0.298 ref=0.182 mse=0.216 tau=-0.106 omega=5.44E-004 bad=0 tapChange=0.0018 floor=0.0018 fading=False/True preMse=0.400 energy=0.063/0.056 fresh=False phase=-0.299 anchor=0.553@-0.281 phi=0.293
frame@56016: gain=0.318 ref=0.188 mse=0.162 tau=-0.119 omega=5.30E-004 bad=0 tapChange=0.0015 floor=0.0015 fading=False/True preMse=0.299 energy=0.064/0.056 fresh=False phase=-0.027 anchor=0.594@-0.026 phi=0.027
frame@56112: gain=0.353 ref=0.195 mse=0.217 tau=-0.130 omega=3.33E-004 bad=0 tapChange=0.0018 floor=0.0016 fading=False/True preMse=0.401 energy=0.073/0.057 fresh=False phase=-0.383 anchor=0.655@-0.361 phi=0.377
frame@56208: gain=0.350 ref=0.203 mse=0.181 tau=-0.138 omega=3.66E-004 bad=0 tapChange=0.0022 floor=0.0018 fading=False/True preMse=0.335 energy=0.085/0.058 fresh=False phase=0.058 anchor=0.650@0.059 phi=-0.062
frame@56304: gain=0.402 ref=0.210 mse=0.182 tau=-0.144 omega=2.94E-004 bad=0 tapChange=0.0028 floor=0.0020 fading=False/True preMse=0.336 energy=0.107/0.059 fresh=False phase=-0.144 anchor=0.742@-0.132 phi=0.138
frame@56400: gain=0.430 ref=0.220 mse=0.107 tau=-0.142 omega=2.59E-004 bad=0 tapChange=0.0016 floor=0.0016 fading=False/True preMse=0.197 energy=0.114/0.061 fresh=False phase=-0.072 anchor=0.801@-0.063 phi=0.067
frame@56496: gain=0.484 ref=0.230 mse=0.109 tau=-0.121 omega=3.09E-004 bad=0 tapChange=0.0017 floor=0.0017 fading=False/True preMse=0.200 energy=0.129/0.064 fresh=False phase=0.093 anchor=0.886@0.091 phi=-0.096
frame@56592: gain=0.469 ref=0.243 mse=0.177 tau=-0.096 omega=1.17E-004 bad=0 tapChange=0.0021 floor=0.0019 fading=False/True preMse=0.328 energy=0.133/0.067 fresh=False phase=-0.377 anchor=0.861@-0.349 phi=0.369
frame@56688: gain=0.452 ref=0.254 mse=0.119 tau=-0.066 omega=6.43E-005 bad=0 tapChange=0.0017 floor=0.0017 fading=False/True preMse=0.220 energy=0.141/0.070 fresh=False phase=-0.110 anchor=0.833@-0.096 phi=0.101
frame@56784: gain=0.420 ref=0.264 mse=0.167 tau=-0.055 omega=1.39E-004 bad=0 tapChange=0.0024 floor=0.0018 fading=False/True preMse=0.308 energy=0.152/0.074 fresh=False phase=0.142 anchor=0.782@0.136 phi=-0.143
frame@56880: gain=0.497 ref=0.272 mse=0.123 tau=-0.047 omega=1.01E-004 bad=0 tapChange=0.0023 floor=0.0020 fading=False/True preMse=0.227 energy=0.156/0.078 fresh=False phase=-0.065 anchor=0.908@-0.068 phi=0.072
frame@56976: gain=0.483 ref=0.283 mse=0.132 tau=-0.035 omega=1.54E-005 bad=0 tapChange=0.0020 floor=0.0020 fading=False/True preMse=0.243 energy=0.174/0.082 fresh=False phase=-0.172 anchor=0.883@-0.156 phi=0.164
frame@57072: gain=0.458 ref=0.293 mse=0.097 tau=-0.029 omega=1.68E-007 bad=0 tapChange=0.0016 floor=0.0016 fading=False/True preMse=0.179 energy=0.164/0.086 fresh=False phase=-0.036 anchor=0.846@-0.028 phi=0.029
frame@57168: gain=0.443 ref=0.301 mse=0.177 tau=-0.030 omega=4.68E-005 bad=0 tapChange=0.0025 floor=0.0018 fading=False/True preMse=0.328 energy=0.175/0.090 fresh=False phase=0.081 anchor=0.819@0.085 phi=-0.090
frame@57264: gain=0.378 ref=0.308 mse=0.166 tau=-0.030 omega=1.71E-005 bad=0 tapChange=0.0022 floor=0.0020 fading=False/True preMse=0.307 energy=0.148/0.095 fresh=False phase=-0.060 anchor=0.712@-0.054 phi=0.057
frame@57360: gain=0.426 ref=0.312 mse=0.128 tau=-0.028 omega=-6.28E-005 bad=0 tapChange=0.0017 floor=0.0017 fading=False/True preMse=0.235 energy=0.163/0.097 fresh=False phase=-0.165 anchor=0.794@-0.146 phi=0.153
frame@57456: gain=0.396 ref=0.318 mse=0.136 tau=-0.033 omega=-3.90E-005 bad=0 tapChange=0.0019 floor=0.0019 fading=False/True preMse=0.252 energy=0.160/0.101 fresh=False phase=0.051 anchor=0.737@0.044 phi=-0.046
frame@57552: gain=0.403 ref=0.321 mse=0.138 tau=-0.036 omega=-6.31E-005 bad=0 tapChange=0.0020 floor=0.0020 fading=False/True preMse=0.255 energy=0.149/0.103 fresh=False phase=-0.045 anchor=0.747@-0.044 phi=0.046
frame@57648: gain=0.331 ref=0.326 mse=0.192 tau=-0.042 omega=-7.21E-005 bad=0 tapChange=0.0025 floor=0.0022 fading=False/True preMse=0.355 energy=0.138/0.106 fresh=False phase=-0.014 anchor=0.625@-0.016 phi=0.017
frame@57744: gain=0.345 ref=0.326 mse=0.233 tau=-0.042 omega=-1.50E-004 bad=0 tapChange=0.0030 floor=0.0024 fading=False/True preMse=0.431 energy=0.162/0.107 fresh=False phase=-0.171 anchor=0.654@-0.143 phi=0.150
frame@57840: gain=0.292 ref=0.327 mse=0.249 tau=-0.049 omega=-1.58E-004 bad=0 tapChange=0.0027 floor=0.0026 fading=False/True preMse=0.459 energy=0.120/0.110 fresh=False phase=-0.006 anchor=0.561@-0.016 phi=0.016
frame@57936: gain=0.304 ref=0.325 mse=0.221 tau=-0.058 omega=-2.21E-004 bad=0 tapChange=0.0024 floor=0.0024 fading=False/True preMse=0.408 energy=0.131/0.111 fresh=False phase=-0.116 anchor=0.584@-0.117 phi=0.121
frame@58032: gain=0.280 ref=0.324 mse=0.257 tau=-0.062 omega=-2.95E-004 bad=0 tapChange=0.0022 floor=0.0022 fading=False/True preMse=0.475 energy=0.114/0.112 fresh=False phase=-0.146 anchor=0.539@-0.137 phi=0.142
frame@58128: gain=0.246 ref=0.322 mse=0.263 tau=-0.064 omega=-4.11E-004 bad=0 tapChange=0.0026 floor=0.0024 fading=False/True preMse=0.486 energy=0.091/0.112 fresh=False phase=-0.220 anchor=0.478@-0.215 phi=0.222
frame@58224: gain=0.178 ref=0.318 mse=0.359 tau=-0.058 omega=-4.18E-004 bad=0 tapChange=0.0030 floor=0.0027 fading=False/True preMse=0.663 energy=0.082/0.111 fresh=False phase=-0.016 anchor=0.356@-0.014 phi=0.014
frame@58320: gain=0.128 ref=0.311 mse=0.440 tau=-0.062 omega=-4.43E-004 bad=0 tapChange=0.0043 floor=0.0029 fading=False/True preMse=0.812 energy=0.075/0.109 fresh=False phase=-0.047 anchor=0.275@-0.047 phi=0.048
frame@58416: gain=0.217 ref=0.311 mse=0.327 tau=-0.070 omega=-5.67E-004 bad=1 tapChange=0.0036 floor=0.0031 fading=False/True preMse=0.605 energy=0.088/0.109 fresh=False phase=-0.255 anchor=0.431@-0.231 phi=0.237
frame@58512: gain=0.168 ref=0.306 mse=0.411 tau=-0.062 omega=-7.59E-004 bad=0 tapChange=0.0029 floor=0.0029 fading=False/True preMse=0.759 energy=0.063/0.108 fresh=False phase=-0.395 anchor=0.329@-0.361 phi=0.369
frame@58608: gain=0.121 ref=0.299 mse=0.467 tau=-0.074 omega=-6.88E-004 bad=0 tapChange=0.0039 floor=0.0032 fading=False/True preMse=0.863 energy=0.077/0.106 fresh=False phase=0.181 anchor=0.250@0.133 phi=-0.136
frame@58704: gain=0.222 ref=0.299 mse=0.298 tau=-0.089 omega=-7.01E-004 bad=1 tapChange=0.0028 floor=0.0028 fading=False/True preMse=0.549 energy=0.075/0.106 fresh=False phase=-0.032 anchor=0.433@-0.024 phi=0.025
frame@58800: gain=0.149 ref=0.296 mse=0.436 tau=-0.094 omega=-7.94E-004 bad=0 tapChange=0.0036 floor=0.0030 fading=False/True preMse=0.805 energy=0.047/0.104 fresh=False phase=-0.187 anchor=0.294@-0.177 phi=0.180
frame@58896: gain=0.104 ref=0.288 mse=0.505 tau=-0.105 omega=-7.88E-004 bad=0 tapChange=0.0039 floor=0.0033 fading=False/True preMse=0.932 energy=0.055/0.102 fresh=False phase=0.009 anchor=0.212@0.012 phi=-0.012
frame@58992: gain=0.141 ref=0.288 mse=0.445 tau=-0.109 omega=-7.26E-004 bad=1 tapChange=0.0037 floor=0.0035 fading=False/True preMse=0.821 energy=0.054/0.102 fresh=False phase=0.117 anchor=0.272@0.118 phi=-0.120
frame@59088: gain=0.097 ref=0.281 mse=0.494 tau=-0.112 omega=-9.40E-004 bad=0 tapChange=0.0028 floor=0.0028 fading=False/True preMse=0.911 energy=0.044/0.099 fresh=False phase=-0.457 anchor=0.190@-0.405 phi=0.410
frame@59184: gain=0.049 ref=0.281 mse=0.580 tau=-0.124 omega=-9.40E-004 bad=1 tapChange=0.0000 floor=0.0028 fading=False/True preMse=1.071 energy=0.026/0.099 fresh=True phase=0.022 anchor=0.018@0.000 phi=0.000
frame@59280: gain=0.005 ref=0.281 mse=0.534 tau=-0.117 omega=-9.00E-004 bad=2 tapChange=0.6642 floor=0.0031 fading=False/True preMse=0.985 energy=0.023/0.099 fresh=False phase=0.165 anchor=0.021@0.072 phi=-0.076
frame@59376: gain=0.011 ref=0.281 mse=0.524 tau=-0.094 omega=-9.35E-004 bad=3 tapChange=0.3719 floor=0.0033 fading=True/True preMse=0.968 energy=0.026/0.099 fresh=False phase=-0.161 anchor=0.035@-0.090 phi=0.067
frame@59472: gain=0.010 ref=0.281 mse=0.527 tau=-0.093 omega=-9.05E-004 bad=4 tapChange=0.1207 floor=0.0036 fading=True/True preMse=0.973 energy=0.018/0.099 fresh=False phase=0.232 anchor=0.029@0.151 phi=-0.056
frame@59568: gain=0.011 ref=0.281 mse=0.528 tau=-0.123 omega=-9.02E-004 bad=5 tapChange=0.1001 floor=0.0039 fading=True/True preMse=0.974 energy=0.024/0.099 fresh=False phase=0.029 anchor=0.030@0.025 phi=-0.007
frame@59664: gain=0.016 ref=0.281 mse=0.518 tau=-0.138 omega=-9.26E-004 bad=6 tapChange=0.1054 floor=0.0042 fading=True/True preMse=0.957 energy=0.029/0.099 fresh=False phase=-0.206 anchor=0.043@-0.140 phi=0.047
frame@59760: gain=0.020 ref=0.281 mse=0.512 tau=-0.139 omega=-9.18E-004 bad=7 tapChange=0.1232 floor=0.0045 fading=True/True preMse=0.945 energy=0.049/0.099 fresh=False phase=0.086 anchor=0.057@0.048 phi=-0.016
frame@59856: gain=0.033 ref=0.281 mse=0.489 tau=-0.149 omega=-9.23E-004 bad=8 tapChange=0.1160 floor=0.0048 fading=True/True preMse=0.903 energy=0.060/0.099 fresh=False phase=-0.051 anchor=0.087@-0.027 phi=0.009
frame@59952: gain=0.048 ref=0.281 mse=0.463 tau=-0.154 omega=-8.59E-004 bad=9 tapChange=0.0855 floor=0.0051 fading=True/True preMse=0.855 energy=0.080/0.099 fresh=False phase=0.125 anchor=0.118@0.092 phi=-0.121
frame@60048: gain=0.063 ref=0.281 mse=0.438 tau=-0.180 omega=-9.00E-004 bad=10 tapChange=0.0548 floor=0.0055 fading=True/True preMse=0.809 energy=0.084/0.099 fresh=False phase=-0.089 anchor=0.144@-0.062 phi=0.079
frame@60144: gain=0.099 ref=0.281 mse=0.381 tau=-0.161 omega=-8.08E-004 bad=11 tapChange=0.0550 floor=0.0059 fading=True/True preMse=0.704 energy=0.146/0.099 fresh=False phase=0.183 anchor=0.229@0.137 phi=-0.177
frame@60240: gain=0.132 ref=0.281 mse=0.323 tau=-0.181 omega=-7.58E-004 bad=12 tapChange=0.0357 floor=0.0063 fading=True/True preMse=0.597 energy=0.158/0.099 fresh=False phase=0.101 anchor=0.291@0.077 phi=-0.097
frame@60336: gain=0.169 ref=0.273 mse=0.275 tau=-0.198 omega=-7.64E-004 bad=0 tapChange=0.0254 floor=0.0067 fading=True/True preMse=0.508 energy=0.200/0.102 fresh=False phase=-0.014 anchor=0.361@-0.008 phi=0.011
frame@60432: gain=0.186 ref=0.268 mse=0.256 tau=-0.210 omega=-6.84E-004 bad=0 tapChange=0.0163 floor=0.0071 fading=True/True preMse=0.472 energy=0.187/0.107 fresh=False phase=0.152 anchor=0.386@0.127 phi=-0.153
frame@60528: gain=0.203 ref=0.264 mse=0.233 tau=-0.215 omega=-6.15E-004 bad=0 tapChange=0.0133 floor=0.0076 fading=True/True preMse=0.431 energy=0.172/0.111 fresh=False phase=0.140 anchor=0.418@0.113 phi=-0.132
frame@60624: gain=0.228 ref=0.261 mse=0.200 tau=-0.228 omega=-5.56E-004 bad=0 tapChange=0.0087 floor=0.0080 fading=True/True preMse=0.370 energy=0.173/0.114 fresh=False phase=0.116 anchor=0.460@0.098 phi=-0.114
frame@60720: gain=0.236 ref=0.259 mse=0.192 tau=-0.228 omega=-5.11E-004 bad=0 tapChange=0.0078 floor=0.0078 fading=True/True preMse=0.354 energy=0.163/0.117 fresh=False phase=0.090 anchor=0.472@0.076 phi=-0.087
frame@60816: gain=0.235 ref=0.258 mse=0.196 tau=-0.251 omega=-5.49E-004 bad=0 tapChange=0.0063 floor=0.0063 fading=True/True preMse=0.361 energy=0.144/0.119 fresh=False phase=-0.079 anchor=0.465@-0.065 phi=0.074
frame@60912: gain=0.242 ref=0.257 mse=0.196 tau=-0.259 omega=-4.24E-004 bad=0 tapChange=0.0046 floor=0.0046 fading=True/True preMse=0.362 energy=0.120/0.121 fresh=False phase=0.242 anchor=0.474@0.215 phi=-0.241
frame@61008: gain=0.249 ref=0.256 mse=0.180 tau=-0.229 omega=-4.64E-004 bad=0 tapChange=0.0048 floor=0.0048 fading=True/True preMse=0.332 energy=0.116/0.121 fresh=False phase=-0.083 anchor=0.489@-0.069 phi=0.077
frame@61104: gain=0.196 ref=0.256 mse=0.253 tau=-0.244 omega=-3.64E-004 bad=0 tapChange=0.0044 floor=0.0044 fading=True/True preMse=0.466 energy=0.090/0.120 fresh=False phase=0.203 anchor=0.383@0.176 phi=-0.191
frame@61200: gain=0.213 ref=0.253 mse=0.248 tau=-0.224 omega=-4.06E-004 bad=0 tapChange=0.0044 floor=0.0044 fading=True/True preMse=0.457 energy=0.091/0.119 fresh=False phase=-0.081 anchor=0.413@-0.073 phi=0.080
frame@61296: gain=0.170 ref=0.251 mse=0.292 tau=-0.194 omega=-3.70E-004 bad=0 tapChange=0.0040 floor=0.0040 fading=True/True preMse=0.539 energy=0.061/0.117 fresh=False phase=0.064 anchor=0.331@0.064 phi=-0.068
frame@61392: gain=0.143 ref=0.247 mse=0.328 tau=-0.188 omega=-3.43E-004 bad=0 tapChange=0.0042 floor=0.0042 fading=True/True preMse=0.605 energy=0.062/0.115 fresh=False phase=0.059 anchor=0.284@0.051 phi=-0.053
frame@61488: gain=0.137 ref=0.242 mse=0.370 tau=-0.182 omega=-2.85E-004 bad=0 tapChange=0.0046 floor=0.0045 fading=True/True preMse=0.682 energy=0.059/0.112 fresh=False phase=0.109 anchor=0.266@0.105 phi=-0.110
frame@61584: gain=0.122 ref=0.236 mse=0.374 tau=-0.171 omega=-1.68E-004 bad=0 tapChange=0.0040 floor=0.0040 fading=True/True preMse=0.690 energy=0.046/0.109 fresh=False phase=0.243 anchor=0.242@0.216 phi=-0.225
frame@61680: gain=0.140 ref=0.231 mse=0.342 tau=-0.169 omega=-4.21E-005 bad=0 tapChange=0.0039 floor=0.0039 fading=True/True preMse=0.631 energy=0.052/0.106 fresh=False phase=0.245 anchor=0.280@0.231 phi=-0.242
frame@61776: gain=0.113 ref=0.226 mse=0.415 tau=-0.176 omega=4.32E-005 bad=0 tapChange=0.0050 floor=0.0042 fading=True/True preMse=0.766 energy=0.060/0.103 fresh=False phase=0.185 anchor=0.228@0.158 phi=-0.164
frame@61872: gain=0.139 ref=0.221 mse=0.357 tau=-0.179 omega=1.50E-004 bad=0 tapChange=0.0042 floor=0.0042 fading=True/True preMse=0.658 energy=0.055/0.101 fresh=False phase=0.220 anchor=0.274@0.197 phi=-0.205
frame@61968: gain=0.136 ref=0.216 mse=0.346 tau=-0.170 omega=1.51E-004 bad=0 tapChange=0.0038 floor=0.0038 fading=True/True preMse=0.639 energy=0.054/0.099 fresh=False phase=-0.016 anchor=0.271@0.001 phi=-0.001
frame@62064: gain=0.130 ref=0.212 mse=0.348 tau=-0.164 omega=2.51E-004 bad=0 tapChange=0.0027 floor=0.0027 fading=True/True preMse=0.643 energy=0.038/0.097 fresh=False phase=0.192 anchor=0.256@0.186 phi=-0.193
frame@62160: gain=0.141 ref=0.208 mse=0.353 tau=-0.160 omega=2.15E-004 bad=0 tapChange=0.0038 floor=0.0029 fading=True/True preMse=0.652 energy=0.063/0.094 fresh=False phase=-0.096 anchor=0.277@-0.067 phi=0.069
frame@62256: gain=0.138 ref=0.205 mse=0.371 tau=-0.152 omega=3.81E-005 bad=0 tapChange=0.0030 floor=0.0030 fading=True/True preMse=0.684 energy=0.044/0.092 fresh=False phase=-0.359 anchor=0.267@-0.328 phi=0.340
frame@62352: gain=0.182 ref=0.202 mse=0.287 tau=-0.156 omega=7.97E-005 bad=0 tapChange=0.0027 floor=0.0027 fading=True/True preMse=0.529 energy=0.041/0.090 fresh=False phase=0.084 anchor=0.349@0.076 phi=-0.080
frame@62448: gain=0.180 ref=0.201 mse=0.298 tau=-0.163 omega=-3.67E-005 bad=0 tapChange=0.0028 floor=0.0028 fading=True/True preMse=0.551 energy=0.049/0.087 fresh=False phase=-0.224 anchor=0.347@-0.214 phi=0.224
frame@62544: gain=0.160 ref=0.200 mse=0.341 tau=-0.161 omega=-1.67E-004 bad=0 tapChange=0.0026 floor=0.0026 fading=True/True preMse=0.629 energy=0.035/0.085 fresh=False phase=-0.257 anchor=0.301@-0.241 phi=0.249
frame@62640: gain=0.174 ref=0.198 mse=0.304 tau=-0.174 omega=-7.07E-005 bad=0 tapChange=0.0021 floor=0.0021 fading=True/True preMse=0.561 energy=0.043/0.083 fresh=False phase=0.182 anchor=0.329@0.177 phi=-0.184
frame@62736: gain=0.146 ref=0.196 mse=0.356 tau=-0.196 omega=-2.25E-005 bad=0 tapChange=0.0030 floor=0.0023 fading=True/True preMse=0.658 energy=0.038/0.081 fresh=False phase=0.097 anchor=0.284@0.090 phi=-0.093
frame@62832: gain=0.152 ref=0.194 mse=0.375 tau=-0.208 omega=-2.35E-004 bad=0 tapChange=0.0026 floor=0.0026 fading=True/True preMse=0.692 energy=0.029/0.079 fresh=False phase=-0.423 anchor=0.286@-0.395 phi=0.407
frame@62928: gain=0.130 ref=0.192 mse=0.386 tau=-0.178 omega=-8.49E-005 bad=0 tapChange=0.0028 floor=0.0028 fading=True/True preMse=0.714 energy=0.037/0.076 fresh=False phase=0.315 anchor=0.251@0.280 phi=-0.288
frame@63024: gain=0.089 ref=0.189 mse=0.459 tau=-0.148 omega=-4.43E-004 bad=0 tapChange=0.0018 floor=0.0018 fading=True/True preMse=0.848 energy=0.023/0.074 fresh=False phase=-0.733 anchor=0.172@-0.676 phi=0.688
frame@63120: gain=0.113 ref=0.189 mse=0.396 tau=-0.168 omega=-4.20E-004 bad=1 tapChange=0.0023 floor=0.0020 fading=True/True preMse=0.731 energy=0.025/0.074 fresh=False phase=0.065 anchor=0.216@0.043 phi=-0.044
frame@63216: gain=0.143 ref=0.185 mse=0.380 tau=-0.138 omega=-5.55E-004 bad=0 tapChange=0.0026 floor=0.0022 fading=True/True preMse=0.702 energy=0.024/0.072 fresh=False phase=-0.250 anchor=0.269@-0.251 phi=0.258
frame@63312: gain=0.115 ref=0.183 mse=0.397 tau=-0.136 omega=-6.10E-004 bad=0 tapChange=0.0026 floor=0.0024 fading=True/True preMse=0.734 energy=0.029/0.069 fresh=False phase=-0.111 anchor=0.223@-0.104 phi=0.106
frame@63408: gain=0.152 ref=0.179 mse=0.346 tau=-0.125 omega=-5.93E-004 bad=0 tapChange=0.0024 floor=0.0024 fading=True/True preMse=0.639 energy=0.029/0.067 fresh=False phase=0.040 anchor=0.291@0.033 phi=-0.033
frame@63504: gain=0.130 ref=0.178 mse=0.384 tau=-0.138 omega=-6.45E-004 bad=0 tapChange=0.0025 floor=0.0025 fading=False/True preMse=0.709 energy=0.037/0.066 fresh=False phase=-0.111 anchor=0.248@-0.098 phi=0.100
frame@63600: gain=0.190 ref=0.176 mse=0.297 tau=-0.151 omega=-7.17E-004 bad=0 tapChange=0.0025 floor=0.0025 fading=False/True preMse=0.548 energy=0.048/0.064 fresh=False phase=-0.131 anchor=0.363@-0.134 phi=0.138
frame@63696: gain=0.142 ref=0.176 mse=0.372 tau=-0.147 omega=-7.01E-004 bad=0 tapChange=0.0025 floor=0.0025 fading=False/True preMse=0.687 energy=0.046/0.063 fresh=False phase=0.033 anchor=0.271@0.030 phi=-0.031
frame@63792: gain=0.199 ref=0.175 mse=0.307 tau=-0.153 omega=-4.99E-004 bad=0 tapChange=0.0021 floor=0.0021 fading=False/True preMse=0.566 energy=0.046/0.062 fresh=False phase=0.399 anchor=0.377@0.374 phi=-0.387
frame@63888: gain=0.142 ref=0.176 mse=0.340 tau=-0.160 omega=-5.53E-004 bad=0 tapChange=0.0018 floor=0.0018 fading=False/True preMse=0.627 energy=0.039/0.062 fresh=False phase=-0.124 anchor=0.274@-0.101 phi=0.104
frame@63984: gain=0.177 ref=0.174 mse=0.326 tau=-0.145 omega=-4.83E-004 bad=0 tapChange=0.0022 floor=0.0020 fading=False/True preMse=0.601 energy=0.043/0.060 fresh=False phase=0.133 anchor=0.337@0.129 phi=-0.133
frame@64080: gain=0.141 ref=0.174 mse=0.369 tau=-0.148 omega=-3.11E-004 bad=0 tapChange=0.0022 floor=0.0022 fading=False/True preMse=0.681 energy=0.037/0.060 fresh=False phase=0.362 anchor=0.275@0.325 phi=-0.332
frame@64176: gain=0.164 ref=0.173 mse=0.412 tau=-0.145 omega=2.52E-005 bad=0 tapChange=0.0022 floor=0.0022 fading=False/True preMse=0.760 energy=0.037/0.058 fresh=False phase=0.655 anchor=0.309@0.629 phi=-0.645
frame@64272: gain=0.183 ref=0.172 mse=0.336 tau=-0.142 omega=1.54E-004 bad=0 tapChange=0.0027 floor=0.0025 fading=False/True preMse=0.621 energy=0.053/0.057 fresh=False phase=0.259 anchor=0.349@0.241 phi=-0.248
frame@64368: gain=0.147 ref=0.173 mse=0.376 tau=-0.127 omega=3.88E-006 bad=0 tapChange=0.0023 floor=0.0023 fading=False/True preMse=0.694 energy=0.035/0.057 fresh=False phase=-0.314 anchor=0.278@-0.282 phi=0.289
frame@64464: gain=0.159 ref=0.171 mse=0.346 tau=-0.157 omega=2.00E-004 bad=0 tapChange=0.0018 floor=0.0018 fading=False/True preMse=0.639 energy=0.034/0.056 fresh=False phase=0.394 anchor=0.306@0.366 phi=-0.376
frame@64560: gain=0.178 ref=0.171 mse=0.368 tau=-0.163 omega=4.56E-004 bad=0 tapChange=0.0022 floor=0.0020 fading=False/True preMse=0.679 energy=0.027/0.055 fresh=False phase=0.500 anchor=0.337@0.480 phi=-0.492
frame@64656: gain=0.134 ref=0.171 mse=0.359 tau=-0.133 omega=4.04E-004 bad=0 tapChange=0.0013 floor=0.0013 fading=False/True preMse=0.662 energy=0.023/0.054 fresh=False phase=-0.116 anchor=0.251@-0.098 phi=0.100
frame@64752: gain=0.168 ref=0.169 mse=0.379 tau=-0.157 omega=5.54E-004 bad=0 tapChange=0.0021 floor=0.0015 fading=False/True preMse=0.699 energy=0.038/0.052 fresh=False phase=0.288 anchor=0.314@0.282 phi=-0.289
frame@64848: gain=0.188 ref=0.169 mse=0.310 tau=-0.187 omega=5.14E-004 bad=0 tapChange=0.0021 floor=0.0016 fading=False/True preMse=0.573 energy=0.034/0.051 fresh=False phase=-0.087 anchor=0.355@-0.075 phi=0.077
frame@64944: gain=0.195 ref=0.170 mse=0.313 tau=-0.157 omega=5.56E-004 bad=0 tapChange=0.0021 floor=0.0018 fading=False/True preMse=0.578 energy=0.036/0.050 fresh=False phase=0.083 anchor=0.370@0.077 phi=-0.079
frame@65040: gain=0.180 ref=0.171 mse=0.316 tau=-0.157 omega=5.72E-004 bad=0 tapChange=0.0017 floor=0.0017 fading=False/True preMse=0.583 energy=0.033/0.050 fresh=False phase=0.032 anchor=0.336@0.031 phi=-0.032
frame@65136: gain=0.188 ref=0.172 mse=0.333 tau=-0.144 omega=6.00E-004 bad=0 tapChange=0.0025 floor=0.0019 fading=False/True preMse=0.614 energy=0.034/0.049 fresh=False phase=0.049 anchor=0.353@0.052 phi=-0.054
frame@65232: gain=0.142 ref=0.173 mse=0.367 tau=-0.117 omega=4.74E-004 bad=0 tapChange=0.0014 floor=0.0014 fading=False/True preMse=0.677 energy=0.023/0.048 fresh=False phase=-0.246 anchor=0.266@-0.237 phi=0.242
frame@65328: gain=0.137 ref=0.171 mse=0.410 tau=-0.118 omega=6.45E-004 bad=0 tapChange=0.0020 floor=0.0015 fading=False/True preMse=0.757 energy=0.026/0.047 fresh=False phase=0.346 anchor=0.257@0.322 phi=-0.328
frame@65424: gain=0.149 ref=0.169 mse=0.381 tau=-0.121 omega=5.74E-004 bad=0 tapChange=0.0024 floor=0.0017 fading=False/True preMse=0.704 energy=0.041/0.046 fresh=False phase=-0.167 anchor=0.283@-0.134 phi=0.137
frame@65520: gain=0.166 ref=0.168 mse=0.356 tau=-0.099 omega=6.83E-004 bad=0 tapChange=0.0025 floor=0.0019 fading=False/True preMse=0.658 energy=0.037/0.046 fresh=False phase=0.218 anchor=0.325@0.204 phi=-0.209
frame@65616: gain=0.221 ref=0.168 mse=0.285 tau=-0.129 omega=6.75E-004 bad=0 tapChange=0.0020 floor=0.0020 fading=False/True preMse=0.526 energy=0.037/0.045 fresh=False phase=-0.008 anchor=0.413@-0.014 phi=0.015
frame@65712: gain=0.199 ref=0.171 mse=0.334 tau=-0.133 omega=6.70E-004 bad=0 tapChange=0.0026 floor=0.0022 fading=False/True preMse=0.617 energy=0.042/0.045 fresh=False phase=-0.012 anchor=0.379@-0.009 phi=0.010
frame@65808: gain=0.225 ref=0.172 mse=0.288 tau=-0.128 omega=7.35E-004 bad=0 tapChange=0.0022 floor=0.0022 fading=False/True preMse=0.532 energy=0.045/0.045 fresh=False phase=0.139 anchor=0.423@0.122 phi=-0.126
frame@65904: gain=0.249 ref=0.175 mse=0.271 tau=-0.124 omega=6.47E-004 bad=0 tapChange=0.0020 floor=0.0020 fading=False/True preMse=0.501 energy=0.046/0.045 fresh=False phase=-0.174 anchor=0.463@-0.163 phi=0.168
frame@66000: gain=0.256 ref=0.179 mse=0.252 tau=-0.125 omega=6.53E-004 bad=0 tapChange=0.0018 floor=0.0018 fading=False/True preMse=0.465 energy=0.041/0.045 fresh=False phase=0.008 anchor=0.478@0.010 phi=-0.010
frame@66096: gain=0.261 ref=0.182 mse=0.215 tau=-0.110 omega=5.78E-004 bad=0 tapChange=0.0013 floor=0.0013 fading=False/True preMse=0.397 energy=0.043/0.045 fresh=False phase=-0.148 anchor=0.492@-0.139 phi=0.143
frame@66192: gain=0.264 ref=0.186 mse=0.245 tau=-0.119 omega=5.30E-004 bad=0 tapChange=0.0019 floor=0.0015 fading=False/True preMse=0.453 energy=0.046/0.044 fresh=False phase=-0.102 anchor=0.491@-0.089 phi=0.092
frame@66288: gain=0.292 ref=0.190 mse=0.219 tau=-0.110 omega=4.99E-004 bad=0 tapChange=0.0021 floor=0.0017 fading=False/True preMse=0.404 energy=0.050/0.045 fresh=False phase=-0.049 anchor=0.546@-0.057 phi=0.059
frame@66384: gain=0.329 ref=0.195 mse=0.164 tau=-0.119 omega=4.35E-004 bad=0 tapChange=0.0013 floor=0.0013 fading=False/True preMse=0.302 energy=0.058/0.045 fresh=False phase=-0.126 anchor=0.617@-0.119 phi=0.123
frame@66480: gain=0.324 ref=0.202 mse=0.211 tau=-0.101 omega=2.85E-004 bad=0 tapChange=0.0016 floor=0.0015 fading=False/True preMse=0.389 energy=0.067/0.045 fresh=False phase=-0.293 anchor=0.603@-0.278 phi=0.288
frame@66576: gain=0.310 ref=0.208 mse=0.250 tau=-0.071 omega=2.03E-004 bad=0 tapChange=0.0025 floor=0.0016 fading=False/True preMse=0.461 energy=0.062/0.047 fresh=False phase=-0.156 anchor=0.577@-0.153 phi=0.158
frame@66672: gain=0.387 ref=0.213 mse=0.190 tau=-0.074 omega=3.55E-004 bad=0 tapChange=0.0018 floor=0.0018 fading=False/True preMse=0.351 energy=0.083/0.047 fresh=False phase=0.298 anchor=0.718@0.280 phi=-0.292
frame@66768: gain=0.377 ref=0.222 mse=0.225 tau=-0.066 omega=2.39E-004 bad=0 tapChange=0.0024 floor=0.0020 fading=False/True preMse=0.416 energy=0.095/0.049 fresh=False phase=-0.231 anchor=0.703@-0.214 phi=0.222
frame@66864: gain=0.304 ref=0.230 mse=0.204 tau=-0.061 omega=2.69E-004 bad=0 tapChange=0.0016 floor=0.0016 fading=False/True preMse=0.376 energy=0.059/0.051 fresh=False phase=0.064 anchor=0.573@0.057 phi=-0.059
frame@66960: gain=0.341 ref=0.233 mse=0.231 tau=-0.074 omega=8.70E-005 bad=0 tapChange=0.0018 floor=0.0017 fading=False/True preMse=0.427 energy=0.081/0.052 fresh=False phase=-0.353 anchor=0.636@-0.338 phi=0.350
frame@67056: gain=0.255 ref=0.239 mse=0.305 tau=-0.076 omega=4.77E-005 bad=0 tapChange=0.0026 floor=0.0019 fading=False/True preMse=0.563 energy=0.070/0.053 fresh=False phase=-0.070 anchor=0.486@-0.074 phi=0.075
frame@67152: gain=0.183 ref=0.240 mse=0.404 tau=-0.091 omega=1.53E-004 bad=0 tapChange=0.0032 floor=0.0021 fading=False/True preMse=0.746 energy=0.078/0.054 fresh=False phase=0.203 anchor=0.356@0.197 phi=-0.201
frame@67248: gain=0.198 ref=0.237 mse=0.353 tau=-0.087 omega=1.97E-004 bad=0 tapChange=0.0025 floor=0.0023 fading=False/True preMse=0.651 energy=0.067/0.055 fresh=False phase=0.090 anchor=0.381@0.084 phi=-0.086
frame@67344: gain=0.138 ref=0.235 mse=0.424 tau=-0.084 omega=1.07E-004 bad=0 tapChange=0.0024 floor=0.0024 fading=False/True preMse=0.783 energy=0.056/0.056 fresh=False phase=-0.187 anchor=0.275@-0.171 phi=0.174
frame@67440: gain=0.079 ref=0.230 mse=0.530 tau=-0.077 omega=5.28E-005 bad=0 tapChange=0.0024 floor=0.0024 fading=False/True preMse=0.978 energy=0.046/0.056 fresh=False phase=-0.110 anchor=0.161@-0.103 phi=0.104
frame@67536: gain=0.074 ref=0.230 mse=0.502 tau=-0.075 omega=5.28E-005 bad=1 tapChange=0.0000 floor=0.0024 fading=False/True preMse=0.926 energy=0.036/0.056 fresh=True phase=-0.152 anchor=0.025@0.000 phi=0.000
frame@67632: gain=0.010 ref=0.230 mse=0.523 tau=-0.079 omega=9.87E-005 bad=2 tapChange=0.7729 floor=0.0027 fading=False/True preMse=0.966 energy=0.040/0.056 fresh=False phase=0.183 anchor=0.039@0.082 phi=-0.088
frame@67728: gain=0.021 ref=0.230 mse=0.504 tau=-0.088 omega=6.06E-005 bad=3 tapChange=0.2834 floor=0.0029 fading=True/True preMse=0.931 energy=0.045/0.056 fresh=False phase=-0.194 anchor=0.062@-0.115 phi=0.073
frame@67824: gain=0.027 ref=0.230 mse=0.496 tau=-0.100 omega=2.91E-005 bad=4 tapChange=0.0959 floor=0.0031 fading=True/True preMse=0.916 energy=0.043/0.056 fresh=False phase=-0.224 anchor=0.066@-0.166 phi=0.061
frame@67920: gain=0.037 ref=0.230 mse=0.486 tau=-0.103 omega=-2.85E-005 bad=5 tapChange=0.0647 floor=0.0034 fading=True/True preMse=0.898 energy=0.046/0.056 fresh=False phase=-0.470 anchor=0.086@-0.352 phi=0.110
frame@68016: gain=0.047 ref=0.230 mse=0.468 tau=-0.098 omega=-2.40E-004 bad=6 tapChange=0.0494 floor=0.0037 fading=True/True preMse=0.865 energy=0.049/0.056 fresh=False phase=-0.408 anchor=0.106@-0.319 phi=0.406
frame@68112: gain=0.055 ref=0.230 mse=0.449 tau=-0.087 omega=-3.46E-004 bad=7 tapChange=0.0387 floor=0.0040 fading=True/True preMse=0.830 energy=0.047/0.056 fresh=False phase=-0.196 anchor=0.122@-0.166 phi=0.204
frame@68208: gain=0.073 ref=0.230 mse=0.417 tau=-0.087 omega=-2.26E-004 bad=8 tapChange=0.0348 floor=0.0043 fading=True/True preMse=0.770 energy=0.063/0.056 fresh=False phase=0.250 anchor=0.161@0.188 phi=-0.230
frame@68304: gain=0.091 ref=0.230 mse=0.390 tau=-0.087 omega=-3.07E-004 bad=9 tapChange=0.0262 floor=0.0046 fading=True/True preMse=0.719 energy=0.074/0.056 fresh=False phase=-0.158 anchor=0.196@-0.128 phi=0.155
frame@68400: gain=0.091 ref=0.230 mse=0.384 tau=-0.088 omega=-3.20E-004 bad=10 tapChange=0.0205 floor=0.0049 fading=True/True preMse=0.709 energy=0.063/0.056 fresh=False phase=-0.021 anchor=0.195@-0.021 phi=0.025
frame@68496: gain=0.098 ref=0.230 mse=0.378 tau=-0.088 omega=-3.07E-004 bad=11 tapChange=0.0131 floor=0.0052 fading=True/True preMse=0.698 energy=0.056/0.056 fresh=False phase=0.023 anchor=0.200@0.021 phi=-0.024
frame@68592: gain=0.089 ref=0.230 mse=0.388 tau=-0.097 omega=-2.90E-004 bad=12 tapChange=0.0095 floor=0.0056 fading=True/True preMse=0.717 energy=0.040/0.056 fresh=False phase=0.038 anchor=0.182@0.030 phi=-0.034
frame@68688: gain=0.097 ref=0.230 mse=0.382 tau=-0.099 omega=-2.41E-004 bad=13 tapChange=0.0085 floor=0.0060 fading=True/True preMse=0.705 energy=0.045/0.056 fresh=False phase=0.094 anchor=0.196@0.085 phi=-0.093
frame@68784: gain=0.101 ref=0.230 mse=0.388 tau=-0.088 omega=-3.02E-004 bad=14 tapChange=0.0092 floor=0.0064 fading=True/True preMse=0.716 energy=0.055/0.056 fresh=False phase=-0.123 anchor=0.204@-0.107 phi=0.117
frame@68880: gain=0.070 ref=0.230 mse=0.432 tau=-0.095 omega=-2.29E-004 bad=15 tapChange=0.0053 floor=0.0053 fading=True/True preMse=0.798 energy=0.029/0.056 fresh=False phase=0.144 anchor=0.140@0.132 phi=-0.140
frame@68976: gain=0.052 ref=0.230 mse=0.464 tau=-0.086 omega=-3.60E-004 bad=16 tapChange=0.0045 floor=0.0045 fading=True/True preMse=0.856 energy=0.019/0.056 fresh=False phase=-0.283 anchor=0.104@-0.242 phi=0.252
frame@69072: gain=0.036 ref=0.230 mse=0.518 tau=-0.116 omega=-3.50E-004 bad=17 tapChange=0.0025 floor=0.0025 fading=True/True preMse=0.957 energy=0.013/0.056 fresh=False phase=0.920 anchor=0.068@0.848 phi=-0.021
frame@69168: gain=0.011 ref=0.230 mse=0.543 tau=-0.146 omega=-3.52E-004 bad=18 tapChange=0.0037 floor=0.0028 fading=True/True preMse=1.002 energy=0.015/0.056 fresh=False phase=-0.411 anchor=0.026@-0.385 phi=0.004
frame@69264: gain=0.004 ref=0.230 mse=0.560 tau=-0.116 omega=-3.51E-004 bad=19 tapChange=0.0058 floor=0.0030 fading=True/True preMse=1.033 energy=0.024/0.056 fresh=False phase=0.616 anchor=0.016@0.260 phi=-0.002
frame@69360: gain=0.009 ref=0.230 mse=0.549 tau=-0.146 omega=-3.51E-004 bad=20 tapChange=0.0070 floor=0.0032 fading=True/True preMse=1.014 energy=0.027/0.056 fresh=False phase=-0.125 anchor=0.030@-0.102 phi=0.001
frame@69456: gain=0.030 ref=0.230 mse=0.574 tau=-0.127 omega=-3.63E-004 bad=21 tapChange=0.0074 floor=0.0035 fading=True/True preMse=1.059 energy=0.032/0.056 fresh=False phase=-1.495 anchor=0.056@-1.294 phi=0.022
frame@69552: gain=0.033 ref=0.230 mse=0.567 tau=-0.157 omega=-3.76E-004 bad=22 tapChange=0.0131 floor=0.0038 fading=True/True preMse=1.047 energy=0.042/0.056 fresh=False phase=-1.548 anchor=0.067@-1.105 phi=0.025
frame@69648: gain=0.058 ref=0.230 mse=0.519 tau=-0.187 omega=-8.48E-004 bad=23 tapChange=0.0093 floor=0.0041 fading=True/True preMse=0.958 energy=0.053/0.056 fresh=False phase=-1.022 anchor=0.117@-0.870 phi=0.907
frame@69744: gain=0.072 ref=0.230 mse=0.433 tau=-0.181 omega=-8.34E-004 bad=24 tapChange=0.0116 floor=0.0044 fading=True/True preMse=0.800 energy=0.059/0.056 fresh=False phase=0.059 anchor=0.160@0.025 phi=-0.027
frame@69840: gain=0.063 ref=0.230 mse=0.447 tau=-0.157 omega=-8.12E-004 bad=25 tapChange=0.0091 floor=0.0047 fading=True/True preMse=0.825 energy=0.052/0.056 fresh=False phase=0.053 anchor=0.138@0.039 phi=-0.042
frame@69936: gain=0.113 ref=0.230 mse=0.362 tau=-0.160 omega=-7.22E-004 bad=26 tapChange=0.0083 floor=0.0050 fading=True/True preMse=0.668 energy=0.061/0.056 fresh=False phase=0.201 anchor=0.235@0.161 phi=-0.174
frame@70032: gain=0.121 ref=0.224 mse=0.349 tau=-0.141 omega=-6.28E-004 bad=0 tapChange=0.0065 floor=0.0054 fading=True/True preMse=0.644 energy=0.073/0.056 fresh=False phase=0.195 anchor=0.246@0.168 phi=-0.181
frame@70128: gain=0.155 ref=0.219 mse=0.297 tau=-0.136 omega=-6.03E-004 bad=0 tapChange=0.0063 floor=0.0057 fading=True/True preMse=0.549 energy=0.076/0.057 fresh=False phase=0.053 anchor=0.311@0.044 phi=-0.048
frame@70224: gain=0.163 ref=0.216 mse=0.288 tau=-0.144 omega=-6.16E-004 bad=0 tapChange=0.0048 floor=0.0048 fading=True/True preMse=0.531 energy=0.085/0.058 fresh=False phase=-0.032 anchor=0.324@-0.023 phi=0.025
frame@70320: gain=0.175 ref=0.213 mse=0.285 tau=-0.163 omega=-5.20E-004 bad=0 tapChange=0.0047 floor=0.0047 fading=True/True preMse=0.527 energy=0.081/0.059 fresh=False phase=0.197 anchor=0.344@0.171 phi=-0.185
frame@70416: gain=0.186 ref=0.211 mse=0.265 tau=-0.175 omega=-4.27E-004 bad=0 tapChange=0.0052 floor=0.0051 fading=True/True preMse=0.490 energy=0.081/0.060 fresh=False phase=0.187 anchor=0.373@0.166 phi=-0.179
frame@70512: gain=0.209 ref=0.210 mse=0.230 tau=-0.185 omega=-3.92E-004 bad=0 tapChange=0.0043 floor=0.0043 fading=True/True preMse=0.425 energy=0.095/0.061 fresh=False phase=0.064 anchor=0.412@0.063 phi=-0.068
frame@70608: gain=0.227 ref=0.210 mse=0.253 tau=-0.178 omega=-2.40E-004 bad=0 tapChange=0.0047 floor=0.0046 fading=True/True preMse=0.467 energy=0.104/0.063 fresh=False phase=0.307 anchor=0.444@0.269 phi=-0.290
frame@70704: gain=0.191 ref=0.211 mse=0.270 tau=-0.186 omega=-2.59E-004 bad=0 tapChange=0.0044 floor=0.0044 fading=True/True preMse=0.498 energy=0.097/0.065 fresh=False phase=-0.055 anchor=0.377@-0.034 phi=0.036
frame@70800: gain=0.223 ref=0.210 mse=0.243 tau=-0.189 omega=-1.86E-004 bad=0 tapChange=0.0037 floor=0.0037 fading=True/True preMse=0.448 energy=0.111/0.067 fresh=False phase=0.146 anchor=0.432@0.131 phi=-0.140
frame@70896: gain=0.185 ref=0.210 mse=0.287 tau=-0.185 omega=-5.61E-005 bad=0 tapChange=0.0037 floor=0.0037 fading=True/True preMse=0.529 energy=0.090/0.069 fresh=False phase=0.265 anchor=0.365@0.237 phi=-0.250
frame@70992: gain=0.248 ref=0.209 mse=0.217 tau=-0.175 omega=1.57E-005 bad=0 tapChange=0.0034 floor=0.0034 fading=True/True preMse=0.401 energy=0.116/0.070 fresh=False phase=0.134 anchor=0.478@0.130 phi=-0.138
frame@71088: gain=0.195 ref=0.211 mse=0.304 tau=-0.165 omega=1.85E-004 bad=0 tapChange=0.0034 floor=0.0034 fading=True/True preMse=0.561 energy=0.073/0.072 fresh=False phase=0.324 anchor=0.374@0.309 phi=-0.325
frame@71184: gain=0.208 ref=0.210 mse=0.259 tau=-0.160 omega=1.86E-004 bad=0 tapChange=0.0036 floor=0.0036 fading=True/True preMse=0.478 energy=0.082/0.072 fresh=False phase=-0.005 anchor=0.406@0.002 phi=-0.002
frame@71280: gain=0.190 ref=0.210 mse=0.282 tau=-0.161 omega=2.55E-004 bad=0 tapChange=0.0034 floor=0.0034 fading=True/True preMse=0.521 energy=0.065/0.073 fresh=False phase=0.123 anchor=0.373@0.126 phi=-0.133
frame@71376: gain=0.175 ref=0.209 mse=0.299 tau=-0.152 omega=3.72E-004 bad=0 tapChange=0.0031 floor=0.0031 fading=True/True preMse=0.552 energy=0.057/0.072 fresh=False phase=0.229 anchor=0.343@0.215 phi=-0.225
frame@71472: gain=0.203 ref=0.207 mse=0.273 tau=-0.144 omega=4.05E-004 bad=0 tapChange=0.0031 floor=0.0031 fading=True/True preMse=0.503 energy=0.060/0.072 fresh=False phase=0.055 anchor=0.390@0.060 phi=-0.062
frame@71568: gain=0.247 ref=0.207 mse=0.234 tau=-0.142 omega=4.82E-004 bad=0 tapChange=0.0030 floor=0.0030 fading=False/True preMse=0.432 energy=0.067/0.071 fresh=False phase=0.144 anchor=0.473@0.141 phi=-0.149
frame@71664: gain=0.212 ref=0.209 mse=0.289 tau=-0.142 omega=5.29E-004 bad=0 tapChange=0.0035 floor=0.0033 fading=False/True preMse=0.534 energy=0.058/0.071 fresh=False phase=0.080 anchor=0.402@0.086 phi=-0.090
frame@71760: gain=0.198 ref=0.209 mse=0.281 tau=-0.133 omega=6.03E-004 bad=0 tapChange=0.0030 floor=0.0030 fading=False/True preMse=0.519 energy=0.053/0.070 fresh=False phase=0.148 anchor=0.381@0.137 phi=-0.142
frame@71856: gain=0.282 ref=0.209 mse=0.200 tau=-0.138 omega=5.99E-004 bad=0 tapChange=0.0029 floor=0.0029 fading=False/True preMse=0.369 energy=0.072/0.069 fresh=False phase=-0.015 anchor=0.534@-0.007 phi=0.008
frame@71952: gain=0.295 ref=0.212 mse=0.180 tau=-0.143 omega=5.31E-004 bad=0 tapChange=0.0023 floor=0.0023 fading=False/True preMse=0.333 energy=0.074/0.069 fresh=False phase=-0.135 anchor=0.556@-0.124 phi=0.131
frame@72048: gain=0.325 ref=0.217 mse=0.136 tau=-0.133 omega=5.28E-004 bad=0 tapChange=0.0018 floor=0.0018 fading=False/True preMse=0.251 energy=0.096/0.070 fresh=False phase=-0.001 anchor=0.619@-0.005 phi=0.005
frame@72144: gain=0.343 ref=0.222 mse=0.162 tau=-0.130 omega=4.96E-004 bad=0 tapChange=0.0026 floor=0.0020 fading=False/True preMse=0.300 energy=0.102/0.071 fresh=False phase=-0.057 anchor=0.643@-0.059 phi=0.062
frame@72240: gain=0.327 ref=0.228 mse=0.147 tau=-0.134 omega=5.39E-004 bad=0 tapChange=0.0021 floor=0.0021 fading=False/True preMse=0.270 energy=0.093/0.072 fresh=False phase=0.081 anchor=0.621@0.077 phi=-0.082
frame@72336: gain=0.336 ref=0.233 mse=0.163 tau=-0.136 omega=4.27E-004 bad=0 tapChange=0.0019 floor=0.0019 fading=False/True preMse=0.300 energy=0.103/0.073 fresh=False phase=-0.217 anchor=0.632@-0.204 phi=0.216
frame@72432: gain=0.347 ref=0.238 mse=0.132 tau=-0.134 omega=4.64E-004 bad=0 tapChange=0.0018 floor=0.0018 fading=False/True preMse=0.244 energy=0.106/0.075 fresh=False phase=0.074 anchor=0.653@0.068 phi=-0.072
frame@72528: gain=0.342 ref=0.244 mse=0.144 tau=-0.131 omega=4.76E-004 bad=0 tapChange=0.0019 floor=0.0019 fading=False/True preMse=0.266 energy=0.113/0.077 fresh=False phase=0.024 anchor=0.643@0.021 phi=-0.022
frame@72624: gain=0.257 ref=0.249 mse=0.218 tau=-0.122 omega=4.56E-004 bad=0 tapChange=0.0021 floor=0.0021 fading=False/True preMse=0.402 energy=0.082/0.078 fresh=False phase=-0.045 anchor=0.489@-0.036 phi=0.038
frame@72720: gain=0.295 ref=0.249 mse=0.191 tau=-0.114 omega=4.33E-004 bad=0 tapChange=0.0020 floor=0.0020 fading=False/True preMse=0.353 energy=0.081/0.079 fresh=False phase=-0.046 anchor=0.556@-0.041 phi=0.043
frame@72816: gain=0.241 ref=0.251 mse=0.241 tau=-0.115 omega=4.20E-004 bad=0 tapChange=0.0022 floor=0.0022 fading=False/True preMse=0.446 energy=0.075/0.079 fresh=False phase=-0.025 anchor=0.455@-0.025 phi=0.026
frame@72912: gain=0.236 ref=0.251 mse=0.225 tau=-0.104 omega=4.77E-004 bad=0 tapChange=0.0013 floor=0.0013 fading=False/True preMse=0.416 energy=0.056/0.078 fresh=False phase=0.113 anchor=0.447@0.107 phi=-0.111
frame@73008: gain=0.170 ref=0.250 mse=0.326 tau=-0.100 omega=5.64E-004 bad=0 tapChange=0.0023 floor=0.0015 fading=False/True preMse=0.603 energy=0.057/0.077 fresh=False phase=0.173 anchor=0.329@0.162 phi=-0.166
frame@73104: gain=0.198 ref=0.246 mse=0.267 tau=-0.108 omega=5.44E-004 bad=0 tapChange=0.0017 floor=0.0017 fading=False/True preMse=0.493 energy=0.049/0.076 fresh=False phase=-0.048 anchor=0.379@-0.037 phi=0.038
frame@73200: gain=0.209 ref=0.244 mse=0.284 tau=-0.112 omega=5.98E-004 bad=0 tapChange=0.0019 floor=0.0018 fading=False/True preMse=0.525 energy=0.050/0.075 fresh=False phase=0.107 anchor=0.393@0.102 phi=-0.105
frame@73296: gain=0.157 ref=0.242 mse=0.336 tau=-0.105 omega=5.71E-004 bad=0 tapChange=0.0018 floor=0.0018 fading=False/True preMse=0.620 energy=0.036/0.074 fresh=False phase=-0.056 anchor=0.299@-0.051 phi=0.052
frame@73392: gain=0.142 ref=0.238 mse=0.392 tau=-0.116 omega=5.29E-004 bad=0 tapChange=0.0024 floor=0.0020 fading=False/True preMse=0.723 energy=0.028/0.072 fresh=False phase=-0.066 anchor=0.269@-0.079 phi=0.080
frame@73488: gain=0.183 ref=0.233 mse=0.315 tau=-0.124 omega=4.71E-004 bad=0 tapChange=0.0020 floor=0.0020 fading=False/True preMse=0.582 energy=0.035/0.070 fresh=False phase=-0.104 anchor=0.347@-0.109 phi=0.112
frame@73584: gain=0.210 ref=0.230 mse=0.291 tau=-0.133 omega=3.63E-004 bad=0 tapChange=0.0022 floor=0.0022 fading=False/True preMse=0.537 energy=0.038/0.068 fresh=False phase=-0.208 anchor=0.398@-0.202 phi=0.208
frame@73680: gain=0.153 ref=0.229 mse=0.378 tau=-0.107 omega=3.49E-004 bad=0 tapChange=0.0025 floor=0.0024 fading=False/True preMse=0.698 energy=0.032/0.066 fresh=False phase=-0.010 anchor=0.288@-0.026 phi=0.026
frame@73776: gain=0.143 ref=0.225 mse=0.507 tau=-0.110 omega=-9.78E-005 bad=0 tapChange=0.0027 floor=0.0026 fading=False/True preMse=0.936 energy=0.023/0.065 fresh=False phase=-0.884 anchor=0.269@-0.843 phi=0.858
frame@73872: gain=0.117 ref=0.221 mse=0.511 tau=-0.110 omega=1.48E-004 bad=0 tapChange=0.0034 floor=0.0028 fading=False/True preMse=0.943 energy=0.026/0.063 fresh=False phase=0.515 anchor=0.213@0.465 phi=-0.472
frame@73968: gain=0.152 ref=0.216 mse=0.404 tau=-0.105 omega=-3.59E-005 bad=0 tapChange=0.0027 floor=0.0027 fading=False/True preMse=0.746 energy=0.026/0.061 fresh=False phase=-0.360 anchor=0.288@-0.346 phi=0.353
frame@74064: gain=0.137 ref=0.213 mse=0.395 tau=-0.093 omega=-4.20E-005 bad=0 tapChange=0.0022 floor=0.0022 fading=False/True preMse=0.730 energy=0.025/0.059 fresh=False phase=0.001 anchor=0.257@-0.011 phi=0.012
frame@74160: gain=0.105 ref=0.209 mse=0.445 tau=-0.072 omega=-9.91E-005 bad=0 tapChange=0.0023 floor=0.0023 fading=False/True preMse=0.821 energy=0.024/0.057 fresh=False phase=-0.085 anchor=0.200@-0.108 phi=0.110
frame@74256: gain=0.155 ref=0.204 mse=0.354 tau=-0.070 omega=-3.84E-005 bad=0 tapChange=0.0021 floor=0.0021 fading=False/True preMse=0.654 energy=0.030/0.056 fresh=False phase=0.126 anchor=0.298@0.114 phi=-0.116
frame@74352: gain=0.064 ref=0.201 mse=0.529 tau=-0.083 omega=-1.23E-004 bad=0 tapChange=0.0028 floor=0.0024 fading=False/True preMse=0.977 energy=0.028/0.054 fresh=False phase=-0.105 anchor=0.128@-0.161 phi=0.163
frame@74448: gain=0.103 ref=0.201 mse=0.466 tau=-0.113 omega=-1.54E-004 bad=1 tapChange=0.0027 floor=0.0026 fading=False/True preMse=0.860 energy=0.032/0.054 fresh=False phase=-0.054 anchor=0.200@-0.059 phi=0.060
frame@74544: gain=0.074 ref=0.197 mse=0.496 tau=-0.133 omega=7.13E-005 bad=0 tapChange=0.0023 floor=0.0023 fading=False/True preMse=0.915 energy=0.035/0.053 fresh=False phase=0.506 anchor=0.150@0.429 phi=-0.433
frame@74640: gain=0.050 ref=0.197 mse=0.535 tau=-0.130 omega=7.13E-005 bad=1 tapChange=0.0000 floor=0.0023 fading=False/True preMse=0.988 energy=0.040/0.053 fresh=True phase=-0.104 anchor=0.025@0.000 phi=0.000
frame@74736: gain=0.013 ref=0.197 mse=0.518 tau=-0.121 omega=6.42E-005 bad=2 tapChange=0.9428 floor=0.0026 fading=False/True preMse=0.957 energy=0.049/0.053 fresh=False phase=-0.022 anchor=0.048@-0.011 phi=0.013
frame@74832: gain=0.023 ref=0.197 mse=0.501 tau=-0.120 omega=7.19E-005 bad=3 tapChange=0.3018 floor=0.0028 fading=True/True preMse=0.925 energy=0.056/0.053 fresh=False phase=0.035 anchor=0.070@0.024 phi=-0.015
frame@74928: gain=0.040 ref=0.197 mse=0.472 tau=-0.104 omega=1.32E-004 bad=4 tapChange=0.1454 floor=0.0030 fading=True/True preMse=0.872 energy=0.068/0.053 fresh=False phase=0.122 anchor=0.102@0.078 phi=-0.114
frame@75024: gain=0.054 ref=0.197 mse=0.449 tau=-0.099 omega=1.63E-004 bad=5 tapChange=0.0843 floor=0.0033 fading=True/True preMse=0.830 energy=0.066/0.053 fresh=False phase=0.056 anchor=0.129@0.045 phi=-0.060
frame@75120: gain=0.067 ref=0.197 mse=0.430 tau=-0.090 omega=3.84E-005 bad=6 tapChange=0.0509 floor=0.0035 fading=True/True preMse=0.794 energy=0.069/0.053 fresh=False phase=-0.252 anchor=0.153@-0.187 phi=0.239
frame@75216: gain=0.083 ref=0.197 mse=0.410 tau=-0.092 omega=2.02E-004 bad=7 tapChange=0.0385 floor=0.0038 fading=True/True preMse=0.756 energy=0.087/0.053 fresh=False phase=0.332 anchor=0.185@0.253 phi=-0.314
frame@75312: gain=0.093 ref=0.197 mse=0.384 tau=-0.106 omega=1.91E-004 bad=8 tapChange=0.0279 floor=0.0041 fading=True/True preMse=0.709 energy=0.082/0.053 fresh=False phase=-0.024 anchor=0.201@-0.017 phi=0.020
frame@75408: gain=0.112 ref=0.197 mse=0.357 tau=-0.116 omega=8.74E-005 bad=9 tapChange=0.0209 floor=0.0044 fading=True/True preMse=0.660 energy=0.083/0.053 fresh=False phase=-0.208 anchor=0.237@-0.168 phi=0.199
frame@75504: gain=0.108 ref=0.192 mse=0.360 tau=-0.099 omega=1.55E-004 bad=0 tapChange=0.0141 floor=0.0047 fading=True/True preMse=0.665 energy=0.068/0.055 fresh=False phase=0.129 anchor=0.223@0.113 phi=-0.130
frame@75600: gain=0.108 ref=0.188 mse=0.366 tau=-0.088 omega=5.96E-005 bad=0 tapChange=0.0105 floor=0.0051 fading=True/True preMse=0.676 energy=0.056/0.055 fresh=False phase=-0.186 anchor=0.221@-0.163 phi=0.183
frame@75696: gain=0.109 ref=0.184 mse=0.365 tau=-0.090 omega=1.43E-004 bad=0 tapChange=0.0075 floor=0.0054 fading=True/True preMse=0.674 energy=0.051/0.055 fresh=False phase=0.167 anchor=0.216@0.145 phi=-0.161
frame@75792: gain=0.104 ref=0.180 mse=0.376 tau=-0.074 omega=7.36E-006 bad=0 tapChange=0.0065 floor=0.0058 fading=True/True preMse=0.694 energy=0.043/0.055 fresh=False phase=-0.271 anchor=0.207@-0.240 phi=0.261
frame@75888: gain=0.075 ref=0.176 mse=0.423 tau=-0.063 omega=-5.71E-005 bad=0 tapChange=0.0055 floor=0.0055 fading=True/True preMse=0.782 energy=0.027/0.055 fresh=False phase=-0.124 anchor=0.149@-0.117 phi=0.124
frame@75984: gain=0.053 ref=0.176 mse=0.458 tau=-0.088 omega=-5.71E-005 bad=1 tapChange=0.0000 floor=0.0055 fading=True/True preMse=0.846 energy=0.020/0.055 fresh=True phase=0.015 anchor=0.016@0.000 phi=0.000
frame@76080: gain=0.005 ref=0.176 mse=0.533 tau=-0.067 omega=-1.46E-004 bad=2 tapChange=0.7696 floor=0.0059 fading=True/True preMse=0.985 energy=0.018/0.055 fresh=False phase=-0.355 anchor=0.023@-0.139 phi=0.171
frame@76176: gain=0.010 ref=0.176 mse=0.525 tau=-0.089 omega=-1.69E-004 bad=3 tapChange=0.4000 floor=0.0063 fading=True/True preMse=0.970 energy=0.023/0.055 fresh=False phase=-0.113 anchor=0.034@-0.058 phi=0.045
frame@76272: gain=0.016 ref=0.176 mse=0.519 tau=-0.082 omega=-2.52E-004 bad=4 tapChange=0.1676 floor=0.0067 fading=True/True preMse=0.958 energy=0.030/0.055 fresh=False phase=-0.474 anchor=0.045@-0.298 phi=0.158
frame@76368: gain=0.022 ref=0.176 mse=0.508 tau=-0.073 omega=-2.92E-004 bad=5 tapChange=0.1493 floor=0.0071 fading=True/True preMse=0.938 energy=0.037/0.055 fresh=False phase=-0.282 anchor=0.059@-0.177 phi=0.078
frame@76464: gain=0.034 ref=0.176 mse=0.486 tau=-0.086 omega=-3.12E-004 bad=6 tapChange=0.1055 floor=0.0076 fading=True/True preMse=0.897 energy=0.046/0.055 fresh=False phase=-0.128 anchor=0.083@-0.096 phi=0.037
frame@76560: gain=0.050 ref=0.176 mse=0.458 tau=-0.077 omega=-4.05E-004 bad=7 tapChange=0.0944 floor=0.0081 fading=True/True preMse=0.846 energy=0.069/0.055 fresh=False phase=-0.193 anchor=0.124@-0.132 phi=0.180
frame@76656: gain=0.059 ref=0.176 mse=0.446 tau=-0.066 omega=-4.40E-004 bad=8 tapChange=0.0576 floor=0.0086 fading=True/True preMse=0.823 energy=0.076/0.055 fresh=False phase=-0.068 anchor=0.135@-0.052 phi=0.066
frame@76752: gain=0.086 ref=0.176 mse=0.395 tau=-0.072 omega=-3.88E-004 bad=9 tapChange=0.0469 floor=0.0091 fading=True/True preMse=0.730 energy=0.082/0.055 fresh=False phase=0.107 anchor=0.193@0.077 phi=-0.099
frame@76848: gain=0.085 ref=0.176 mse=0.397 tau=-0.071 omega=-3.77E-004 bad=10 tapChange=0.0260 floor=0.0097 fading=True/True preMse=0.733 energy=0.066/0.055 fresh=False phase=0.022 anchor=0.183@0.019 phi=-0.022
frame@76944: gain=0.109 ref=0.176 mse=0.374 tau=-0.084 omega=-2.16E-004 bad=11 tapChange=0.0223 floor=0.0102 fading=True/True preMse=0.690 energy=0.080/0.055 fresh=False phase=0.327 anchor=0.231@0.260 phi=-0.310
frame@77040: gain=0.104 ref=0.173 mse=0.371 tau=-0.107 omega=-2.07E-004 bad=0 tapChange=0.0150 floor=0.0109 fading=True/True preMse=0.684 energy=0.064/0.056 fresh=False phase=0.014 anchor=0.214@0.015 phi=-0.017
frame@77136: gain=0.136 ref=0.170 mse=0.326 tau=-0.084 omega=-2.49E-004 bad=0 tapChange=0.0146 floor=0.0115 fading=True/True preMse=0.602 energy=0.088/0.056 fresh=False phase=-0.090 anchor=0.279@-0.071 phi=0.082
frame@77232: gain=0.139 ref=0.168 mse=0.327 tau=-0.089 omega=-1.18E-004 bad=0 tapChange=0.0104 floor=0.0104 fading=True/True preMse=0.604 energy=0.084/0.058 fresh=False phase=0.261 anchor=0.282@0.223 phi=-0.253
frame@77328: gain=0.137 ref=0.167 mse=0.320 tau=-0.109 omega=-7.30E-005 bad=0 tapChange=0.0093 floor=0.0093 fading=True/True preMse=0.590 energy=0.073/0.059 fresh=False phase=0.085 anchor=0.279@0.077 phi=-0.086
frame@77424: gain=0.119 ref=0.165 mse=0.343 tau=-0.108 omega=-6.36E-005 bad=0 tapChange=0.0070 floor=0.0070 fading=True/True preMse=0.634 energy=0.065/0.060 fresh=False phase=0.015 anchor=0.242@0.017 phi=-0.018
frame@77520: gain=0.131 ref=0.163 mse=0.337 tau=-0.132 omega=1.85E-005 bad=0 tapChange=0.0068 floor=0.0068 fading=True/True preMse=0.622 energy=0.054/0.060 fresh=False phase=0.157 anchor=0.263@0.145 phi=-0.158
frame@77616: gain=0.153 ref=0.161 mse=0.301 tau=-0.145 omega=5.64E-005 bad=0 tapChange=0.0062 floor=0.0062 fading=True/True preMse=0.557 energy=0.071/0.060 fresh=False phase=0.076 anchor=0.306@0.067 phi=-0.073
frame@77712: gain=0.149 ref=0.161 mse=0.308 tau=-0.148 omega=6.57E-005 bad=0 tapChange=0.0052 floor=0.0052 fading=True/True preMse=0.568 energy=0.064/0.060 fresh=False phase=0.013 anchor=0.296@0.017 phi=-0.018
frame@77808: gain=0.166 ref=0.160 mse=0.286 tau=-0.136 omega=1.47E-004 bad=0 tapChange=0.0054 floor=0.0054 fading=True/True preMse=0.528 energy=0.087/0.061 fresh=False phase=0.159 anchor=0.332@0.144 phi=-0.156
frame@77904: gain=0.148 ref=0.161 mse=0.318 tau=-0.106 omega=2.23E-004 bad=0 tapChange=0.0053 floor=0.0053 fading=True/True preMse=0.587 energy=0.072/0.062 fresh=False phase=0.150 anchor=0.296@0.136 phi=-0.145
frame@78000: gain=0.171 ref=0.160 mse=0.279 tau=-0.121 omega=1.91E-004 bad=0 tapChange=0.0039 floor=0.0039 fading=True/True preMse=0.514 energy=0.064/0.062 fresh=False phase=-0.066 anchor=0.334@-0.056 phi=0.060
frame@78096: gain=0.202 ref=0.160 mse=0.256 tau=-0.091 omega=3.49E-004 bad=0 tapChange=0.0037 floor=0.0037 fading=True/True preMse=0.473 energy=0.095/0.063 fresh=False phase=0.312 anchor=0.398@0.281 phi=-0.302
frame@78192: gain=0.268 ref=0.163 mse=0.181 tau=-0.121 omega=2.49E-004 bad=0 tapChange=0.0033 floor=0.0033 fading=True/True preMse=0.334 energy=0.118/0.064 fresh=False phase=-0.200 anchor=0.520@-0.176 phi=0.192
frame@78288: gain=0.256 ref=0.168 mse=0.195 tau=-0.091 omega=3.10E-004 bad=0 tapChange=0.0034 floor=0.0034 fading=True/True preMse=0.360 energy=0.108/0.067 fresh=False phase=0.129 anchor=0.493@0.109 phi=-0.118
frame@78384: gain=0.279 ref=0.172 mse=0.177 tau=-0.098 omega=2.47E-004 bad=0 tapChange=0.0032 floor=0.0032 fading=True/True preMse=0.327 energy=0.120/0.069 fresh=False phase=-0.130 anchor=0.534@-0.113 phi=0.122
frame@78480: gain=0.312 ref=0.178 mse=0.133 tau=-0.128 omega=2.77E-004 bad=0 tapChange=0.0024 floor=0.0024 fading=True/True preMse=0.245 energy=0.141/0.071 fresh=False phase=0.063 anchor=0.598@0.054 phi=-0.059
frame@78576: gain=0.307 ref=0.184 mse=0.125 tau=-0.137 omega=2.59E-004 bad=0 tapChange=0.0020 floor=0.0020 fading=True/True preMse=0.231 energy=0.113/0.075 fresh=False phase=-0.040 anchor=0.589@-0.033 phi=0.035
frame@78672: gain=0.320 ref=0.190 mse=0.129 tau=-0.167 omega=2.70E-004 bad=0 tapChange=0.0021 floor=0.0021 fading=True/True preMse=0.238 energy=0.133/0.077 fresh=False phase=0.023 anchor=0.609@0.019 phi=-0.021
frame@78768: gain=0.371 ref=0.197 mse=0.095 tau=-0.137 omega=2.20E-004 bad=0 tapChange=0.0017 floor=0.0017 fading=True/True preMse=0.176 energy=0.155/0.080 fresh=False phase=-0.099 anchor=0.699@-0.089 phi=0.096
frame@78864: gain=0.358 ref=0.206 mse=0.130 tau=-0.121 omega=2.31E-004 bad=0 tapChange=0.0023 floor=0.0019 fading=True/True preMse=0.240 energy=0.152/0.083 fresh=False phase=0.025 anchor=0.673@0.021 phi=-0.023
frame@78960: gain=0.360 ref=0.213 mse=0.111 tau=-0.104 omega=1.35E-004 bad=0 tapChange=0.0015 floor=0.0015 fading=True/True preMse=0.205 energy=0.135/0.087 fresh=False phase=-0.188 anchor=0.683@-0.172 phi=0.185
frame@79056: gain=0.392 ref=0.221 mse=0.089 tau=-0.114 omega=1.29E-004 bad=0 tapChange=0.0017 floor=0.0017 fading=True/True preMse=0.164 energy=0.148/0.089 fresh=False phase=-0.011 anchor=0.736@-0.012 phi=0.013
frame@79152: gain=0.392 ref=0.229 mse=0.106 tau=-0.103 omega=9.76E-005 bad=0 tapChange=0.0021 floor=0.0019 fading=True/True preMse=0.195 energy=0.162/0.092 fresh=False phase=-0.055 anchor=0.736@-0.056 phi=0.060
frame@79248: gain=0.405 ref=0.237 mse=0.088 tau=-0.073 omega=6.92E-005 bad=0 tapChange=0.0016 floor=0.0016 fading=True/True preMse=0.163 energy=0.151/0.096 fresh=False phase=-0.056 anchor=0.757@-0.051 phi=0.055
frame@79344: gain=0.398 ref=0.246 mse=0.083 tau=-0.043 omega=8.04E-005 bad=0 tapChange=0.0013 floor=0.0013 fading=True/True preMse=0.153 energy=0.153/0.099 fresh=False phase=0.022 anchor=0.746@0.020 phi=-0.022
frame@79440: gain=0.469 ref=0.253 mse=0.068 tau=-0.036 omega=5.92E-006 bad=0 tapChange=0.0011 floor=0.0011 fading=True/True preMse=0.126 energy=0.170/0.101 fresh=False phase=-0.143 anchor=0.868@-0.133 phi=0.143
frame@79536: gain=0.411 ref=0.264 mse=0.083 tau=-0.029 omega=8.23E-005 bad=0 tapChange=0.0012 floor=0.0012 fading=True/True preMse=0.153 energy=0.147/0.105 fresh=False phase=0.147 anchor=0.770@0.136 phi=-0.147
frame@79632: gain=0.428 ref=0.271 mse=0.078 tau=-0.059 omega=7.03E-005 bad=0 tapChange=0.0014 floor=0.0014 fading=True/True preMse=0.145 energy=0.148/0.107 fresh=False phase=-0.022 anchor=0.799@-0.021 phi=0.023
frame@79728: gain=0.377 ref=0.279 mse=0.116 tau=-0.029 omega=1.46E-004 bad=0 tapChange=0.0019 floor=0.0015 fading=True/True preMse=0.215 energy=0.132/0.109 fresh=False phase=0.146 anchor=0.711@0.137 phi=-0.146
frame@79824: gain=0.428 ref=0.284 mse=0.071 tau=0.001 omega=1.08E-004 bad=0 tapChange=0.0011 floor=0.0011 fading=True/True preMse=0.131 energy=0.123/0.110 fresh=False phase=-0.075 anchor=0.797@-0.068 phi=0.074
frame@79920: gain=0.407 ref=0.291 mse=0.084 tau=0.001 omega=1.80E-004 bad=0 tapChange=0.0012 floor=0.0012 fading=False/True preMse=0.155 energy=0.114/0.111 fresh=False phase=0.145 anchor=0.759@0.129 phi=-0.138
frame@80016: gain=0.367 ref=0.297 mse=0.112 tau=0.016 omega=1.53E-004 bad=0 tapChange=0.0016 floor=0.0014 fading=False/True preMse=0.206 energy=0.105/0.111 fresh=False phase=-0.052 anchor=0.690@-0.049 phi=0.052
frame@80112: gain=0.376 ref=0.301 mse=0.105 tau=0.046 omega=1.65E-004 bad=0 tapChange=0.0013 floor=0.0013 fading=False/True preMse=0.195 energy=0.087/0.111 fresh=False phase=0.027 anchor=0.705@0.023 phi=-0.024
frame@80208: gain=0.310 ref=0.304 mse=0.163 tau=0.049 omega=2.81E-004 bad=0 tapChange=0.0016 floor=0.0015 fading=False/True preMse=0.302 energy=0.079/0.109 fresh=False phase=0.221 anchor=0.587@0.211 phi=-0.222
frame@80304: gain=0.345 ref=0.305 mse=0.122 tau=0.019 omega=2.96E-004 bad=0 tapChange=0.0014 floor=0.0014 fading=False/True preMse=0.225 energy=0.061/0.108 fresh=False phase=0.031 anchor=0.649@0.029 phi=-0.030
frame@80400: gain=0.304 ref=0.307 mse=0.163 tau=-0.006 omega=3.24E-004 bad=0 tapChange=0.0019 floor=0.0016 fading=False/True preMse=0.301 energy=0.070/0.105 fresh=False phase=0.042 anchor=0.574@0.050 phi=-0.052
frame@80496: gain=0.360 ref=0.307 mse=0.155 tau=0.024 omega=2.44E-004 bad=0 tapChange=0.0022 floor=0.0017 fading=False/True preMse=0.286 energy=0.098/0.104 fresh=False phase=-0.147 anchor=0.671@-0.144 phi=0.152
frame@80592: gain=0.337 ref=0.309 mse=0.154 tau=0.037 omega=3.28E-004 bad=0 tapChange=0.0017 floor=0.0017 fading=False/True preMse=0.284 energy=0.087/0.103 fresh=False phase=0.164 anchor=0.630@0.152 phi=-0.160
frame@80688: gain=0.333 ref=0.311 mse=0.154 tau=0.046 omega=3.32E-004 bad=0 tapChange=0.0020 floor=0.0018 fading=False/True preMse=0.285 energy=0.089/0.103 fresh=False phase=0.005 anchor=0.628@0.007 phi=-0.008
frame@80784: gain=0.372 ref=0.312 mse=0.145 tau=0.045 omega=2.61E-004 bad=0 tapChange=0.0019 floor=0.0019 fading=False/True preMse=0.268 energy=0.088/0.102 fresh=False phase=-0.140 anchor=0.696@-0.129 phi=0.136
frame@80880: gain=0.406 ref=0.315 mse=0.096 tau=0.053 omega=3.23E-004 bad=0 tapChange=0.0013 floor=0.0013 fading=False/True preMse=0.177 energy=0.107/0.101 fresh=False phase=0.122 anchor=0.758@0.114 phi=-0.120
frame@80976: gain=0.446 ref=0.319 mse=0.146 tau=0.034 omega=2.82E-004 bad=0 tapChange=0.0024 floor=0.0014 fading=False/True preMse=0.269 energy=0.129/0.102 fresh=False phase=-0.071 anchor=0.823@-0.075 phi=0.079
frame@81072: gain=0.409 ref=0.326 mse=0.166 tau=0.024 omega=2.30E-004 bad=0 tapChange=0.0025 floor=0.0016 fading=False/True preMse=0.307 energy=0.140/0.103 fresh=False phase=-0.096 anchor=0.755@-0.095 phi=0.099
frame@81168: gain=0.395 ref=0.330 mse=0.161 tau=0.021 omega=2.34E-004 bad=0 tapChange=0.0024 floor=0.0018 fading=False/True preMse=0.297 energy=0.154/0.105 fresh=False phase=0.011 anchor=0.734@0.007 phi=-0.007
frame@81264: gain=0.419 ref=0.333 mse=0.127 tau=0.012 omega=2.30E-004 bad=0 tapChange=0.0018 floor=0.0018 fading=False/True preMse=0.234 energy=0.158/0.107 fresh=False phase=-0.009 anchor=0.778@-0.008 phi=0.009
frame@81360: gain=0.457 ref=0.337 mse=0.126 tau=-0.005 omega=1.70E-004 bad=0 tapChange=0.0016 floor=0.0016 fading=False/True preMse=0.232 energy=0.166/0.110 fresh=False phase=-0.119 anchor=0.842@-0.107 phi=0.113
frame@81456: gain=0.402 ref=0.343 mse=0.144 tau=0.000 omega=1.96E-004 bad=0 tapChange=0.0021 floor=0.0018 fading=False/True preMse=0.265 energy=0.152/0.113 fresh=False phase=0.045 anchor=0.748@0.046 phi=-0.049
frame@81552: gain=0.382 ref=0.346 mse=0.176 tau=0.002 omega=1.23E-004 bad=0 tapChange=0.0020 floor=0.0020 fading=False/True preMse=0.326 energy=0.145/0.115 fresh=False phase=-0.144 anchor=0.710@-0.134 phi=0.140
frame@81648: gain=0.311 ref=0.348 mse=0.203 tau=-0.006 omega=1.84E-004 bad=0 tapChange=0.0029 floor=0.0022 fading=False/True preMse=0.374 energy=0.119/0.116 fresh=False phase=0.137 anchor=0.597@0.112 phi=-0.117
frame@81744: gain=0.250 ref=0.346 mse=0.276 tau=-0.006 omega=2.46E-004 bad=0 tapChange=0.0034 floor=0.0024 fading=False/True preMse=0.509 energy=0.095/0.116 fresh=False phase=0.133 anchor=0.486@0.116 phi=-0.120
frame@81840: gain=0.203 ref=0.341 mse=0.375 tau=-0.017 omega=1.48E-004 bad=0 tapChange=0.0032 floor=0.0026 fading=False/True preMse=0.692 energy=0.083/0.115 fresh=False phase=-0.220 anchor=0.387@-0.182 phi=0.188
frame@81936: gain=0.228 ref=0.334 mse=0.291 tau=-0.024 omega=1.57E-004 bad=0 tapChange=0.0028 floor=0.0028 fading=False/True preMse=0.538 energy=0.087/0.114 fresh=False phase=0.031 anchor=0.436@0.016 phi=-0.017
frame@82032: gain=0.227 ref=0.329 mse=0.337 tau=-0.033 omega=3.47E-004 bad=0 tapChange=0.0032 floor=0.0031 fading=False/True preMse=0.622 energy=0.057/0.112 fresh=False phase=0.374 anchor=0.436@0.353 phi=-0.365
frame@82128: gain=0.168 ref=0.324 mse=0.326 tau=-0.049 omega=3.73E-004 bad=0 tapChange=0.0024 floor=0.0024 fading=False/True preMse=0.602 energy=0.061/0.110 fresh=False phase=0.062 anchor=0.331@0.049 phi=-0.050
frame@82224: gain=0.175 ref=0.316 mse=0.335 tau=-0.058 omega=5.36E-004 bad=0 tapChange=0.0021 floor=0.0021 fading=False/True preMse=0.619 energy=0.052/0.107 fresh=False phase=0.331 anchor=0.337@0.305 phi=-0.313
frame@82320: gain=0.276 ref=0.309 mse=0.251 tau=-0.066 omega=5.87E-004 bad=0 tapChange=0.0021 floor=0.0021 fading=False/True preMse=0.463 energy=0.054/0.104 fresh=False phase=0.081 anchor=0.518@0.095 phi=-0.098
frame@82416: gain=0.186 ref=0.307 mse=0.315 tau=-0.075 omega=5.79E-004 bad=0 tapChange=0.0021 floor=0.0021 fading=False/True preMse=0.581 energy=0.045/0.102 fresh=False phase=-0.020 anchor=0.358@-0.016 phi=0.017
frame@82512: gain=0.296 ref=0.301 mse=0.241 tau=-0.045 omega=4.06E-004 bad=0 tapChange=0.0020 floor=0.0020 fading=False/True preMse=0.445 energy=0.056/0.099 fresh=False phase=-0.343 anchor=0.552@-0.319 phi=0.332
frame@82608: gain=0.321 ref=0.301 mse=0.158 tau=-0.051 omega=4.99E-004 bad=0 tapChange=0.0013 floor=0.0013 fading=False/True preMse=0.292 energy=0.065/0.097 fresh=False phase=0.184 anchor=0.604@0.172 phi=-0.180
frame@82704: gain=0.329 ref=0.302 mse=0.180 tau=-0.073 omega=4.36E-004 bad=0 tapChange=0.0020 floor=0.0015 fading=False/True preMse=0.332 energy=0.070/0.095 fresh=False phase=-0.132 anchor=0.618@-0.117 phi=0.122
frame@82800: gain=0.370 ref=0.304 mse=0.140 tau=-0.063 omega=4.05E-004 bad=0 tapChange=0.0017 floor=0.0017 fading=False/True preMse=0.258 energy=0.084/0.094 fresh=False phase=-0.060 anchor=0.685@-0.057 phi=0.059
frame@82896: gain=0.372 ref=0.307 mse=0.132 tau=-0.079 omega=3.94E-004 bad=0 tapChange=0.0015 floor=0.0015 fading=False/True preMse=0.243 energy=0.071/0.093 fresh=False phase=-0.017 anchor=0.692@-0.020 phi=0.021
frame@82992: gain=0.407 ref=0.310 mse=0.141 tau=-0.083 omega=2.55E-004 bad=0 tapChange=0.0014 floor=0.0014 fading=False/True preMse=0.260 energy=0.098/0.092 fresh=False phase=-0.274 anchor=0.752@-0.255 phi=0.267
frame@83088: gain=0.395 ref=0.315 mse=0.125 tau=-0.096 omega=2.84E-004 bad=0 tapChange=0.0015 floor=0.0015 fading=False/True preMse=0.230 energy=0.088/0.093 fresh=False phase=0.049 anchor=0.735@0.053 phi=-0.055
frame@83184: gain=0.399 ref=0.319 mse=0.110 tau=-0.106 omega=2.48E-004 bad=0 tapChange=0.0012 floor=0.0012 fading=False/True preMse=0.204 energy=0.097/0.092 fresh=False phase=-0.072 anchor=0.741@-0.066 phi=0.069
frame@83280: gain=0.371 ref=0.323 mse=0.137 tau=-0.098 omega=2.36E-004 bad=0 tapChange=0.0015 floor=0.0013 fading=False/True preMse=0.253 energy=0.093/0.093 fresh=False phase=-0.022 anchor=0.696@-0.021 phi=0.022
frame@83376: gain=0.409 ref=0.325 mse=0.125 tau=-0.105 omega=1.63E-004 bad=0 tapChange=0.0014 floor=0.0014 fading=False/True preMse=0.231 energy=0.103/0.093 fresh=False phase=-0.138 anchor=0.757@-0.134 phi=0.140
frame@83472: gain=0.321 ref=0.329 mse=0.220 tau=-0.107 omega=8.86E-005 bad=0 tapChange=0.0019 floor=0.0016 fading=False/True preMse=0.406 energy=0.078/0.093 fresh=False phase=-0.145 anchor=0.600@-0.138 phi=0.143
frame@83568: gain=0.362 ref=0.329 mse=0.180 tau=-0.114 omega=1.03E-004 bad=0 tapChange=0.0023 floor=0.0018 fading=False/True preMse=0.332 energy=0.093/0.092 fresh=False phase=0.026 anchor=0.679@0.025 phi=-0.027
frame@83664: gain=0.307 ref=0.331 mse=0.266 tau=-0.105 omega=6.28E-005 bad=0 tapChange=0.0028 floor=0.0019 fading=False/True preMse=0.490 energy=0.108/0.092 fresh=False phase=-0.078 anchor=0.579@-0.074 phi=0.076
frame@83760: gain=0.273 ref=0.329 mse=0.265 tau=-0.094 omega=7.47E-005 bad=0 tapChange=0.0023 floor=0.0021 fading=False/True preMse=0.489 energy=0.100/0.093 fresh=False phase=0.033 anchor=0.516@0.022 phi=-0.023
frame@83856: gain=0.255 ref=0.327 mse=0.367 tau=-0.105 omega=1.55E-005 bad=0 tapChange=0.0033 floor=0.0024 fading=False/True preMse=0.678 energy=0.117/0.094 fresh=False phase=-0.114 anchor=0.483@-0.111 phi=0.114
frame@83952: gain=0.265 ref=0.323 mse=0.299 tau=-0.110 omega=-1.25E-004 bad=0 tapChange=0.0022 floor=0.0022 fading=False/True preMse=0.552 energy=0.110/0.095 fresh=False phase=-0.288 anchor=0.504@-0.263 phi=0.270
frame@84048: gain=0.211 ref=0.320 mse=0.443 tau=-0.119 omega=-3.43E-005 bad=0 tapChange=0.0048 floor=0.0024 fading=False/True preMse=0.819 energy=0.128/0.096 fresh=False phase=0.193 anchor=0.421@0.170 phi=-0.175
frame@84144: gain=0.282 ref=0.315 mse=0.290 tau=-0.119 omega=-1.37E-004 bad=0 tapChange=0.0028 floor=0.0026 fading=False/True preMse=0.536 energy=0.115/0.097 fresh=False phase=-0.232 anchor=0.537@-0.191 phi=0.197
frame@84240: gain=0.240 ref=0.313 mse=0.337 tau=-0.117 omega=-1.59E-004 bad=0 tapChange=0.0031 floor=0.0029 fading=False/True preMse=0.622 energy=0.104/0.098 fresh=False phase=-0.034 anchor=0.463@-0.042 phi=0.043
frame@84336: gain=0.213 ref=0.309 mse=0.353 tau=-0.128 omega=-1.31E-004 bad=0 tapChange=0.0032 floor=0.0031 fading=False/True preMse=0.652 energy=0.098/0.098 fresh=False phase=0.068 anchor=0.419@0.053 phi=-0.054
frame@84432: gain=0.296 ref=0.305 mse=0.270 tau=-0.118 omega=-1.74E-004 bad=0 tapChange=0.0031 floor=0.0031 fading=False/True preMse=0.498 energy=0.115/0.098 fresh=False phase=-0.092 anchor=0.561@-0.081 phi=0.083
frame@84528: gain=0.251 ref=0.304 mse=0.300 tau=-0.126 omega=-2.08E-004 bad=0 tapChange=0.0030 floor=0.0030 fading=False/True preMse=0.553 energy=0.114/0.099 fresh=False phase=-0.072 anchor=0.485@-0.062 phi=0.064
frame@84624: gain=0.318 ref=0.302 mse=0.240 tau=-0.132 omega=-1.53E-004 bad=0 tapChange=0.0027 floor=0.0027 fading=False/True preMse=0.444 energy=0.102/0.100 fresh=False phase=0.117 anchor=0.594@0.102 phi=-0.106
frame@84720: gain=0.291 ref=0.302 mse=0.322 tau=-0.129 omega=-2.87E-004 bad=0 tapChange=0.0034 floor=0.0029 fading=False/True preMse=0.595 energy=0.125/0.100 fresh=False phase=-0.275 anchor=0.551@-0.250 phi=0.258
frame@84816: gain=0.328 ref=0.302 mse=0.285 tau=-0.131 omega=-1.67E-004 bad=0 tapChange=0.0032 floor=0.0032 fading=False/True preMse=0.525 energy=0.096/0.101 fresh=False phase=0.268 anchor=0.612@0.223 phi=-0.231
frame@84912: gain=0.315 ref=0.303 mse=0.244 tau=-0.132 omega=-1.48E-004 bad=0 tapChange=0.0026 floor=0.0026 fading=False/True preMse=0.451 energy=0.094/0.101 fresh=False phase=0.051 anchor=0.595@0.035 phi=-0.036
frame@85008: gain=0.362 ref=0.304 mse=0.181 tau=-0.120 omega=-1.41E-004 bad=0 tapChange=0.0021 floor=0.0021 fading=False/True preMse=0.334 energy=0.105/0.101 fresh=False phase=0.023 anchor=0.677@0.013 phi=-0.013
frame@85104: gain=0.382 ref=0.307 mse=0.222 tau=-0.112 omega=-1.20E-005 bad=0 tapChange=0.0026 floor=0.0024 fading=False/True preMse=0.410 energy=0.111/0.101 fresh=False phase=0.253 anchor=0.711@0.239 phi=-0.248
frame@85200: gain=0.380 ref=0.310 mse=0.164 tau=-0.117 omega=1.82E-005 bad=0 tapChange=0.0022 floor=0.0022 fading=False/True preMse=0.303 energy=0.093/0.101 fresh=False phase=0.058 anchor=0.712@0.056 phi=-0.058
frame@85296: gain=0.362 ref=0.314 mse=0.141 tau=-0.118 omega=7.90E-006 bad=0 tapChange=0.0015 floor=0.0015 fading=False/True preMse=0.259 energy=0.088/0.101 fresh=False phase=-0.005 anchor=0.679@-0.019 phi=0.020
frame@85392: gain=0.317 ref=0.316 mse=0.188 tau=-0.141 omega=2.87E-005 bad=0 tapChange=0.0018 floor=0.0017 fading=False/True preMse=0.347 energy=0.071/0.100 fresh=False phase=0.039 anchor=0.597@0.038 phi=-0.040
frame@85488: gain=0.306 ref=0.316 mse=0.164 tau=-0.144 omega=7.55E-005 bad=0 tapChange=0.0013 floor=0.0013 fading=False/True preMse=0.302 energy=0.069/0.099 fresh=False phase=0.087 anchor=0.579@0.087 phi=-0.090
frame@85584: gain=0.279 ref=0.316 mse=0.239 tau=-0.146 omega=1.81E-004 bad=0 tapChange=0.0021 floor=0.0015 fading=False/True preMse=0.442 energy=0.062/0.097 fresh=False phase=0.207 anchor=0.530@0.196 phi=-0.202
frame@85680: gain=0.274 ref=0.314 mse=0.268 tau=-0.144 omega=2.58E-004 bad=0 tapChange=0.0023 floor=0.0016 fading=False/True preMse=0.496 energy=0.067/0.096 fresh=False phase=0.148 anchor=0.521@0.145 phi=-0.149
frame@85776: gain=0.221 ref=0.312 mse=0.349 tau=-0.143 omega=3.79E-004 bad=0 tapChange=0.0023 floor=0.0018 fading=False/True preMse=0.645 energy=0.064/0.094 fresh=False phase=0.248 anchor=0.417@0.228 phi=-0.233
frame@85872: gain=0.177 ref=0.307 mse=0.507 tau=-0.134 omega=4.46E-004 bad=0 tapChange=0.0052 floor=0.0020 fading=False/True preMse=0.937 energy=0.101/0.093 fresh=False phase=0.145 anchor=0.351@0.126 phi=-0.129
frame@85968: gain=0.192 ref=0.301 mse=0.511 tau=-0.131 omega=6.17E-004 bad=0 tapChange=0.0042 floor=0.0022 fading=False/True preMse=0.944 energy=0.107/0.093 fresh=False phase=0.365 anchor=0.372@0.321 phi=-0.328
frame@86064: gain=0.191 ref=0.295 mse=0.448 tau=-0.126 omega=6.05E-004 bad=0 tapChange=0.0046 floor=0.0024 fading=False/True preMse=0.828 energy=0.151/0.094 fresh=False phase=-0.025 anchor=0.389@-0.022 phi=0.023
frame@86160: gain=0.273 ref=0.290 mse=0.558 tau=-0.125 omega=7.06E-004 bad=0 tapChange=0.0064 floor=0.0026 fading=False/True preMse=1.030 energy=0.166/0.097 fresh=False phase=0.194 anchor=0.517@0.189 phi=-0.194
frame@86256: gain=0.354 ref=0.289 mse=0.367 tau=-0.119 omega=7.81E-004 bad=0 tapChange=0.0041 floor=0.0029 fading=False/True preMse=0.678 energy=0.178/0.100 fresh=False phase=0.147 anchor=0.660@0.139 phi=-0.144
frame@86352: gain=0.287 ref=0.293 mse=0.397 tau=-0.114 omega=7.10E-004 bad=0 tapChange=0.0044 floor=0.0031 fading=False/True preMse=0.733 energy=0.199/0.104 fresh=False phase=-0.177 anchor=0.546@-0.131 phi=0.136
frame@86448: gain=0.309 ref=0.292 mse=0.341 tau=-0.111 omega=6.44E-004 bad=0 tapChange=0.0044 floor=0.0034 fading=False/True preMse=0.630 energy=0.197/0.109 fresh=False phase=-0.136 anchor=0.596@-0.122 phi=0.126
frame@86544: gain=0.328 ref=0.293 mse=0.396 tau=-0.110 omega=5.65E-004 bad=0 tapChange=0.0054 floor=0.0036 fading=False/True preMse=0.731 energy=0.192/0.113 fresh=False phase=-0.179 anchor=0.610@-0.147 phi=0.152
frame@86640: gain=0.293 ref=0.295 mse=0.319 tau=-0.108 omega=5.05E-004 bad=0 tapChange=0.0041 floor=0.0039 fading=False/True preMse=0.588 energy=0.166/0.117 fresh=False phase=-0.125 anchor=0.561@-0.112 phi=0.115
frame@86736: gain=0.361 ref=0.295 mse=0.249 tau=-0.104 omega=4.21E-004 bad=0 tapChange=0.0036 floor=0.0036 fading=False/True preMse=0.460 energy=0.171/0.120 fresh=False phase=-0.173 anchor=0.684@-0.155 phi=0.161
frame@86832: gain=0.306 ref=0.298 mse=0.222 tau=-0.101 omega=3.80E-004 bad=0 tapChange=0.0025 floor=0.0025 fading=False/True preMse=0.410 energy=0.117/0.122 fresh=False phase=-0.090 anchor=0.582@-0.077 phi=0.080
frame@86928: gain=0.325 ref=0.299 mse=0.256 tau=-0.093 omega=2.74E-004 bad=0 tapChange=0.0031 floor=0.0028 fading=False/True preMse=0.472 energy=0.115/0.122 fresh=False phase=-0.207 anchor=0.614@-0.195 phi=0.202
frame@87024: gain=0.342 ref=0.300 mse=0.232 tau=-0.096 omega=2.65E-004 bad=0 tapChange=0.0030 floor=0.0030 fading=False/True preMse=0.429 energy=0.089/0.122 fresh=False phase=-0.025 anchor=0.639@-0.017 phi=0.018
frame@87120: gain=0.315 ref=0.302 mse=0.359 tau=-0.084 omega=6.18E-005 bad=0 tapChange=0.0045 floor=0.0032 fading=False/True preMse=0.662 energy=0.073/0.120 fresh=False phase=-0.417 anchor=0.584@-0.376 phi=0.390
frame@87216: gain=0.383 ref=0.303 mse=0.242 tau=-0.069 omega=-2.40E-005 bad=0 tapChange=0.0037 floor=0.0035 fading=False/True preMse=0.447 energy=0.088/0.118 fresh=False phase=-0.178 anchor=0.711@-0.158 phi=0.165
frame@87312: gain=0.375 ref=0.307 mse=0.296 tau=-0.069 omega=-8.46E-005 bad=0 tapChange=0.0043 floor=0.0038 fading=False/True preMse=0.547 energy=0.102/0.116 fresh=False phase=-0.126 anchor=0.692@-0.112 phi=0.116
frame@87408: gain=0.322 ref=0.310 mse=0.308 tau=-0.071 omega=-1.47E-004 bad=0 tapChange=0.0041 floor=0.0041 fading=False/True preMse=0.569 energy=0.099/0.115 fresh=False phase=-0.137 anchor=0.602@-0.114 phi=0.119
frame@87504: gain=0.321 ref=0.311 mse=0.297 tau=-0.070 omega=-1.24E-004 bad=0 tapChange=0.0041 floor=0.0041 fading=False/True preMse=0.548 energy=0.092/0.115 fresh=False phase=0.052 anchor=0.602@0.041 phi=-0.043
frame@87600: gain=0.278 ref=0.311 mse=0.361 tau=-0.073 omega=-2.03E-004 bad=0 tapChange=0.0048 floor=0.0044 fading=False/True preMse=0.667 energy=0.120/0.113 fresh=False phase=-0.168 anchor=0.530@-0.147 phi=0.152
frame@87696: gain=0.301 ref=0.310 mse=0.310 tau=-0.073 omega=-1.51E-004 bad=0 tapChange=0.0041 floor=0.0041 fading=False/True preMse=0.572 energy=0.128/0.114 fresh=False phase=0.103 anchor=0.573@0.097 phi=-0.101
frame@87792: gain=0.373 ref=0.309 mse=0.283 tau=-0.079 omega=-1.77E-004 bad=0 tapChange=0.0044 floor=0.0044 fading=False/True preMse=0.522 energy=0.138/0.114 fresh=False phase=-0.046 anchor=0.688@-0.048 phi=0.050
frame@87888: gain=0.234 ref=0.312 mse=0.443 tau=-0.081 omega=-2.99E-004 bad=0 tapChange=0.0057 floor=0.0047 fading=False/True preMse=0.818 energy=0.145/0.116 fresh=False phase=-0.229 anchor=0.452@-0.229 phi=0.236
frame@87984: gain=0.205 ref=0.308 mse=0.436 tau=-0.091 omega=-1.35E-004 bad=0 tapChange=0.0047 floor=0.0047 fading=False/True preMse=0.805 energy=0.143/0.117 fresh=False phase=0.352 anchor=0.412@0.307 phi=-0.315
frame@88080: gain=0.185 ref=0.303 mse=0.394 tau=-0.090 omega=-1.50E-004 bad=0 tapChange=0.0046 floor=0.0046 fading=False/True preMse=0.728 energy=0.156/0.118 fresh=False phase=-0.022 anchor=0.390@-0.028 phi=0.029
frame@88176: gain=0.168 ref=0.297 mse=0.385 tau=-0.099 omega=-2.91E-004 bad=0 tapChange=0.0035 floor=0.0035 fading=False/True preMse=0.711 energy=0.147/0.120 fresh=False phase=-0.325 anchor=0.350@-0.263 phi=0.269
frame@88272: gain=0.047 ref=0.291 mse=0.625 tau=-0.108 omega=-8.40E-005 bad=0 tapChange=0.0061 floor=0.0037 fading=False/True preMse=1.153 energy=0.137/0.122 fresh=False phase=0.850 anchor=0.131@0.393 phi=-0.397
frame@88368: gain=0.035 ref=0.291 mse=0.612 tau=-0.110 omega=-8.40E-005 bad=1 tapChange=0.0000 floor=0.0037 fading=False/True preMse=1.130 energy=0.107/0.122 fresh=True phase=-0.851 anchor=0.058@0.000 phi=0.000
frame@88464: gain=0.027 ref=0.291 mse=0.491 tau=-0.112 omega=-4.97E-005 bad=2 tapChange=0.7352 floor=0.0040 fading=False/True preMse=0.906 energy=0.086/0.122 fresh=False phase=0.128 anchor=0.094@0.065 phi=-0.066
frame@88560: gain=0.043 ref=0.291 mse=0.462 tau=-0.119 omega=-7.30E-005 bad=3 tapChange=0.1849 floor=0.0043 fading=True/True preMse=0.853 energy=0.085/0.122 fresh=False phase=-0.043 anchor=0.118@-0.030 phi=0.045
frame@88656: gain=0.059 ref=0.291 mse=0.436 tau=-0.126 omega=-1.03E-004 bad=4 tapChange=0.0841 floor=0.0046 fading=True/True preMse=0.805 energy=0.079/0.122 fresh=False phase=-0.059 anchor=0.142@-0.043 phi=0.057
frame@88752: gain=0.075 ref=0.291 mse=0.414 tau=-0.139 omega=-4.68E-005 bad=5 tapChange=0.0484 floor=0.0050 fading=True/True preMse=0.764 energy=0.086/0.122 fresh=False phase=0.119 anchor=0.169@0.085 phi=-0.108
frame@88848: gain=0.075 ref=0.291 mse=0.408 tau=-0.140 omega=-1.13E-004 bad=6 tapChange=0.0314 floor=0.0053 fading=True/True preMse=0.754 energy=0.057/0.122 fresh=False phase=-0.132 anchor=0.167@-0.105 phi=0.126
frame@88944: gain=0.074 ref=0.291 mse=0.418 tau=-0.147 omega=-8.92E-005 bad=7 tapChange=0.0196 floor=0.0057 fading=True/True preMse=0.772 energy=0.052/0.122 fresh=False phase=0.055 anchor=0.157@0.039 phi=-0.045
frame@89040: gain=0.067 ref=0.291 mse=0.428 tau=-0.152 omega=-1.60E-004 bad=8 tapChange=0.0120 floor=0.0061 fading=True/True preMse=0.791 energy=0.036/0.122 fresh=False phase=-0.143 anchor=0.139@-0.122 phi=0.136
frame@89136: gain=0.039 ref=0.291 mse=0.480 tau=-0.136 omega=-1.56E-004 bad=9 tapChange=0.0067 floor=0.0065 fading=True/True preMse=0.885 energy=0.026/0.122 fresh=False phase=0.154 anchor=0.080@0.133 phi=-0.008
frame@89232: gain=0.032 ref=0.291 mse=0.494 tau=-0.106 omega=-1.53E-004 bad=10 tapChange=0.0062 floor=0.0062 fading=True/True preMse=0.912 energy=0.020/0.122 fresh=False phase=0.158 anchor=0.066@0.129 phi=-0.006
frame@89328: gain=0.029 ref=0.291 mse=0.522 tau=-0.076 omega=-1.39E-004 bad=11 tapChange=0.0049 floor=0.0049 fading=True/True preMse=0.963 energy=0.018/0.122 fresh=False phase=0.784 anchor=0.057@0.720 phi=-0.027
frame@89424: gain=0.015 ref=0.291 mse=0.554 tau=-0.080 omega=-1.28E-004 bad=12 tapChange=0.0067 floor=0.0052 fading=True/True preMse=1.022 energy=0.020/0.122 fresh=False phase=1.492 anchor=0.031@1.196 phi=-0.020
frame@89520: gain=0.024 ref=0.291 mse=0.591 tau=-0.050 omega=-1.16E-004 bad=13 tapChange=0.0075 floor=0.0056 fading=True/True preMse=1.092 energy=0.022/0.122 fresh=False phase=2.292 anchor=0.037@2.136 phi=-0.023
frame@89616: gain=0.020 ref=0.291 mse=0.598 tau=-0.020 omega=-1.08E-004 bad=14 tapChange=0.0130 floor=0.0059 fading=True/True preMse=1.105 energy=0.033/0.122 fresh=False phase=2.612 anchor=0.027@2.336 phi=-0.015
frame@89712: gain=0.036 ref=0.291 mse=0.605 tau=-0.039 omega=-8.29E-005 bad=15 tapChange=0.0117 floor=0.0063 fading=True/True preMse=1.117 energy=0.030/0.122 fresh=False phase=2.142 anchor=0.059@1.982 phi=-0.048
frame@89808: gain=0.044 ref=0.291 mse=0.645 tau=-0.053 omega=-5.84E-005 bad=16 tapChange=0.0261 floor=0.0068 fading=True/True preMse=1.190 energy=0.053/0.122 fresh=False phase=2.500 anchor=0.062@2.302 phi=-0.047
frame@89904: gain=0.039 ref=0.291 mse=0.613 tau=-0.039 omega=-2.54E-005 bad=17 tapChange=0.0254 floor=0.0072 fading=True/True preMse=1.132 energy=0.045/0.122 fresh=False phase=2.295 anchor=0.057@2.013 phi=-0.063
frame@90000: gain=0.035 ref=0.291 mse=0.591 tau=-0.059 omega=1.60E-005 bad=18 tapChange=0.0299 floor=0.0076 fading=True/True preMse=1.090 energy=0.044/0.122 fresh=False phase=2.024 anchor=0.056@1.622 phi=-0.080
frame@90096: gain=0.046 ref=0.291 mse=0.563 tau=-0.057 omega=7.99E-005 bad=19 tapChange=0.0338 floor=0.0081 fading=True/True preMse=1.039 energy=0.063/0.122 fresh=False phase=1.594 anchor=0.086@1.220 phi=-0.123
frame@90192: gain=0.054 ref=0.291 mse=0.535 tau=-0.087 omega=6.17E-004 bad=20 tapChange=0.0447 floor=0.0086 fading=True/True preMse=0.987 energy=0.092/0.122 fresh=False phase=1.276 anchor=0.113@0.899 phi=-1.032
frame@90288: gain=0.064 ref=0.291 mse=0.436 tau=-0.075 omega=5.69E-004 bad=21 tapChange=0.0433 floor=0.0092 fading=True/True preMse=0.804 energy=0.080/0.122 fresh=False phase=-0.146 anchor=0.150@-0.077 phi=0.093
frame@90384: gain=0.089 ref=0.291 mse=0.390 tau=-0.072 omega=5.59E-004 bad=22 tapChange=0.0355 floor=0.0097 fading=True/True preMse=0.720 energy=0.100/0.122 fresh=False phase=-0.039 anchor=0.202@-0.017 phi=0.020
frame@90480: gain=0.117 ref=0.291 mse=0.349 tau=-0.080 omega=5.24E-004 bad=23 tapChange=0.0253 floor=0.0103 fading=True/True preMse=0.644 energy=0.126/0.122 fresh=False phase=-0.078 anchor=0.256@-0.056 phi=0.067
frame@90576: gain=0.128 ref=0.291 mse=0.337 tau=-0.084 omega=4.45E-004 bad=24 tapChange=0.0174 floor=0.0109 fading=True/True preMse=0.622 energy=0.104/0.122 fresh=False phase=-0.162 anchor=0.268@-0.129 phi=0.151
frame@90672: gain=0.148 ref=0.291 mse=0.309 tau=-0.082 omega=3.79E-004 bad=25 tapChange=0.0140 floor=0.0116 fading=True/True preMse=0.571 energy=0.115/0.122 fresh=False phase=-0.127 anchor=0.305@-0.110 phi=0.127
frame@90768: gain=0.182 ref=0.284 mse=0.261 tau=-0.085 omega=4.03E-004 bad=0 tapChange=0.0117 floor=0.0117 fading=True/True preMse=0.482 energy=0.151/0.121 fresh=False phase=0.057 anchor=0.373@0.040 phi=-0.046
frame@90864: gain=0.166 ref=0.279 mse=0.293 tau=-0.083 omega=3.33E-004 bad=0 tapChange=0.0102 floor=0.0102 fading=True/True preMse=0.542 energy=0.129/0.123 fresh=False phase=-0.130 anchor=0.339@-0.119 phi=0.135
frame@90960: gain=0.226 ref=0.273 mse=0.223 tau=-0.080 omega=2.89E-004 bad=0 tapChange=0.0079 floor=0.0079 fading=True/True preMse=0.412 energy=0.172/0.123 fresh=False phase=-0.081 anchor=0.451@-0.076 phi=0.085
frame@91056: gain=0.233 ref=0.271 mse=0.228 tau=-0.083 omega=2.36E-004 bad=0 tapChange=0.0082 floor=0.0082 fading=True/True preMse=0.421 energy=0.172/0.126 fresh=False phase=-0.094 anchor=0.464@-0.090 phi=0.101
frame@91152: gain=0.230 ref=0.269 mse=0.221 tau=-0.083 omega=1.84E-004 bad=0 tapChange=0.0075 floor=0.0075 fading=True/True preMse=0.408 energy=0.190/0.128 fresh=False phase=-0.099 anchor=0.464@-0.090 phi=0.100
frame@91248: gain=0.286 ref=0.267 mse=0.176 tau=-0.090 omega=2.06E-004 bad=0 tapChange=0.0058 floor=0.0058 fading=True/True preMse=0.325 energy=0.237/0.131 fresh=False phase=0.064 anchor=0.559@0.039 phi=-0.043
frame@91344: gain=0.287 ref=0.268 mse=0.168 tau=-0.091 omega=1.37E-004 bad=0 tapChange=0.0049 floor=0.0049 fading=True/True preMse=0.311 energy=0.234/0.136 fresh=False phase=-0.133 anchor=0.559@-0.120 phi=0.134
frame@91440: gain=0.305 ref=0.269 mse=0.147 tau=-0.095 omega=1.08E-004 bad=0 tapChange=0.0040 floor=0.0040 fading=True/True preMse=0.271 energy=0.250/0.141 fresh=False phase=-0.051 anchor=0.590@-0.048 phi=0.054
frame@91536: gain=0.330 ref=0.271 mse=0.135 tau=-0.095 omega=4.06E-005 bad=0 tapChange=0.0036 floor=0.0036 fading=True/True preMse=0.249 energy=0.240/0.147 fresh=False phase=-0.136 anchor=0.633@-0.117 phi=0.130
frame@91632: gain=0.304 ref=0.274 mse=0.147 tau=-0.104 omega=4.39E-005 bad=0 tapChange=0.0041 floor=0.0039 fading=True/True preMse=0.271 energy=0.227/0.151 fresh=False phase=0.019 anchor=0.594@0.006 phi=-0.006
frame@91728: gain=0.296 ref=0.275 mse=0.147 tau=-0.107 omega=4.00E-005 bad=0 tapChange=0.0033 floor=0.0033 fading=True/True preMse=0.272 energy=0.198/0.155 fresh=False phase=0.001 anchor=0.575@-0.007 phi=0.007
frame@91824: gain=0.272 ref=0.276 mse=0.164 tau=-0.110 omega=2.07E-005 bad=0 tapChange=0.0034 floor=0.0034 fading=True/True preMse=0.302 energy=0.154/0.157 fresh=False phase=-0.036 anchor=0.531@-0.033 phi=0.037
frame@91920: gain=0.281 ref=0.276 mse=0.165 tau=-0.106 omega=1.49E-005 bad=0 tapChange=0.0034 floor=0.0034 fading=True/True preMse=0.304 energy=0.127/0.157 fresh=False phase=-0.016 anchor=0.547@-0.010 phi=0.011
frame@92016: gain=0.225 ref=0.276 mse=0.217 tau=-0.102 omega=2.83E-005 bad=0 tapChange=0.0036 floor=0.0036 fading=True/True preMse=0.401 energy=0.074/0.156 fresh=False phase=0.022 anchor=0.441@0.024 phi=-0.026
frame@92112: gain=0.215 ref=0.274 mse=0.239 tau=-0.093 omega=9.91E-007 bad=0 tapChange=0.0033 floor=0.0033 fading=True/True preMse=0.441 energy=0.064/0.151 fresh=False phase=-0.055 anchor=0.416@-0.049 phi=0.052
frame@92208: gain=0.210 ref=0.271 mse=0.290 tau=-0.102 omega=-1.71E-004 bad=0 tapChange=0.0037 floor=0.0036 fading=True/True preMse=0.536 energy=0.056/0.147 fresh=False phase=-0.344 anchor=0.400@-0.312 phi=0.330
frame@92304: gain=0.142 ref=0.268 mse=0.361 tau=-0.099 omega=-6.12E-005 bad=0 tapChange=0.0033 floor=0.0033 fading=True/True preMse=0.666 energy=0.040/0.143 fresh=False phase=0.226 anchor=0.274@0.203 phi=-0.211
frame@92400: gain=0.142 ref=0.261 mse=0.408 tau=-0.105 omega=-3.53E-004 bad=0 tapChange=0.0035 floor=0.0035 fading=True/True preMse=0.753 energy=0.037/0.137 fresh=False phase=-0.586 anchor=0.268@-0.540 phi=0.560
frame@92496: gain=0.140 ref=0.255 mse=0.375 tau=-0.106 omega=-3.53E-004 bad=0 tapChange=0.0039 floor=0.0037 fading=True/True preMse=0.693 energy=0.038/0.132 fresh=False phase=-0.005 anchor=0.270@-0.001 phi=0.000
frame@92592: gain=0.098 ref=0.250 mse=0.419 tau=-0.113 omega=-3.48E-004 bad=0 tapChange=0.0031 floor=0.0031 fading=True/True preMse=0.774 energy=0.030/0.128 fresh=False phase=0.014 anchor=0.191@0.009 phi=-0.010
frame@92688: gain=0.101 ref=0.250 mse=0.431 tau=-0.104 omega=-3.81E-004 bad=1 tapChange=0.0039 floor=0.0034 fading=True/True preMse=0.796 energy=0.048/0.128 fresh=False phase=-0.071 anchor=0.200@-0.063 phi=0.064
frame@92784: gain=0.123 ref=0.250 mse=0.387 tau=-0.104 omega=-2.37E-004 bad=2 tapChange=0.0035 floor=0.0035 fading=True/True preMse=0.715 energy=0.050/0.128 fresh=False phase=0.292 anchor=0.245@0.269 phi=-0.277
frame@92880: gain=0.103 ref=0.243 mse=0.411 tau=-0.104 omega=9.77E-010 bad=0 tapChange=0.0027 floor=0.0027 fading=True/True preMse=0.759 energy=0.032/0.124 fresh=False phase=0.481 anchor=0.206@0.444 phi=-0.455
frame@92976: gain=0.071 ref=0.243 mse=0.452 tau=-0.103 omega=9.77E-010 bad=1 tapChange=0.0000 floor=0.0027 fading=True/True preMse=0.834 energy=0.032/0.124 fresh=True phase=-0.016 anchor=0.022@0.000 phi=0.000
frame@93072: gain=0.012 ref=0.243 mse=0.519 tau=-0.095 omega=-3.17E-005 bad=2 tapChange=1.1604 floor=0.0029 fading=True/True preMse=0.959 energy=0.047/0.124 fresh=False phase=-0.105 anchor=0.048@-0.047 phi=0.061
frame@93168: gain=0.022 ref=0.243 mse=0.503 tau=-0.093 omega=-3.84E-005 bad=3 tapChange=0.2812 floor=0.0032 fading=True/True preMse=0.928 energy=0.052/0.124 fresh=False phase=-0.040 anchor=0.065@-0.021 phi=0.013
frame@93264: gain=0.040 ref=0.243 mse=0.470 tau=-0.094 omega=3.23E-005 bad=4 tapChange=0.1732 floor=0.0034 fading=True/True preMse=0.868 energy=0.078/0.124 fresh=False phase=0.140 anchor=0.108@0.091 phi=-0.136
frame@93360: gain=0.051 ref=0.243 mse=0.455 tau=-0.101 omega=-5.56E-005 bad=5 tapChange=0.0787 floor=0.0037 fading=True/True preMse=0.840 energy=0.073/0.124 fresh=False phase=-0.182 anchor=0.121@-0.127 phi=0.169
frame@93456: gain=0.076 ref=0.243 mse=0.410 tau=-0.106 omega=-1.08E-005 bad=6 tapChange=0.0683 floor=0.0040 fading=True/True preMse=0.757 energy=0.093/0.124 fresh=False phase=0.098 anchor=0.180@0.065 phi=-0.086
frame@93552: gain=0.098 ref=0.243 mse=0.381 tau=-0.102 omega=3.94E-005 bad=7 tapChange=0.0439 floor=0.0043 fading=True/True preMse=0.704 energy=0.116/0.124 fresh=False phase=0.097 anchor=0.219@0.076 phi=-0.096
frame@93648: gain=0.122 ref=0.243 mse=0.342 tau=-0.098 omega=2.98E-005 bad=8 tapChange=0.0312 floor=0.0046 fading=True/True preMse=0.632 energy=0.137/0.124 fresh=False phase=-0.023 anchor=0.266@-0.015 phi=0.018
frame@93744: gain=0.131 ref=0.237 mse=0.332 tau=-0.103 omega=2.38E-005 bad=0 tapChange=0.0198 floor=0.0049 fading=True/True preMse=0.613 energy=0.122/0.124 fresh=False phase=-0.012 anchor=0.274@-0.010 phi=0.012
frame@93840: gain=0.161 ref=0.232 mse=0.291 tau=-0.104 omega=5.53E-005 bad=0 tapChange=0.0190 floor=0.0053 fading=True/True preMse=0.537 energy=0.134/0.124 fresh=False phase=0.060 anchor=0.338@0.051 phi=-0.061
frame@93936: gain=0.182 ref=0.228 mse=0.263 tau=-0.101 omega=1.09E-004 bad=0 tapChange=0.0126 floor=0.0056 fading=True/True preMse=0.486 energy=0.145/0.125 fresh=False phase=0.104 anchor=0.372@0.089 phi=-0.103
frame@94032: gain=0.184 ref=0.226 mse=0.261 tau=-0.101 omega=1.30E-004 bad=0 tapChange=0.0095 floor=0.0060 fading=True/True preMse=0.482 energy=0.129/0.126 fresh=False phase=0.043 anchor=0.372@0.036 phi=-0.040
frame@94128: gain=0.183 ref=0.224 mse=0.265 tau=-0.100 omega=1.40E-004 bad=0 tapChange=0.0089 floor=0.0064 fading=True/True preMse=0.489 energy=0.105/0.126 fresh=False phase=0.017 anchor=0.368@0.017 phi=-0.018
frame@94224: gain=0.194 ref=0.222 mse=0.255 tau=-0.089 omega=7.67E-005 bad=0 tapChange=0.0075 floor=0.0068 fading=True/True preMse=0.471 energy=0.122/0.125 fresh=False phase=-0.132 anchor=0.387@-0.108 phi=0.121
frame@94320: gain=0.200 ref=0.221 mse=0.255 tau=-0.087 omega=-1.19E-006 bad=0 tapChange=0.0069 floor=0.0069 fading=True/True preMse=0.471 energy=0.105/0.125 fresh=False phase=-0.155 anchor=0.399@-0.134 phi=0.149
frame@94416: gain=0.187 ref=0.219 mse=0.273 tau=-0.080 omega=8.16E-005 bad=0 tapChange=0.0057 floor=0.0057 fading=True/True preMse=0.504 energy=0.095/0.124 fresh=False phase=0.162 anchor=0.368@0.145 phi=-0.159
frame@94512: gain=0.172 ref=0.218 mse=0.285 tau=-0.068 omega=5.65E-005 bad=0 tapChange=0.0056 floor=0.0056 fading=True/True preMse=0.526 energy=0.102/0.122 fresh=False phase=-0.046 anchor=0.343@-0.044 phi=0.048
frame@94608: gain=0.166 ref=0.216 mse=0.290 tau=-0.058 omega=3.10E-005 bad=0 tapChange=0.0053 floor=0.0053 fading=True/True preMse=0.536 energy=0.083/0.121 fresh=False phase=-0.051 anchor=0.331@-0.046 phi=0.049
frame@94704: gain=0.185 ref=0.213 mse=0.265 tau=-0.055 omega=2.70E-005 bad=0 tapChange=0.0040 floor=0.0040 fading=True/True preMse=0.489 energy=0.086/0.119 fresh=False phase=-0.004 anchor=0.362@-0.007 phi=0.008
frame@94800: gain=0.185 ref=0.212 mse=0.293 tau=-0.050 omega=-4.14E-005 bad=0 tapChange=0.0057 floor=0.0043 fading=True/True preMse=0.541 energy=0.100/0.118 fresh=False phase=-0.128 anchor=0.365@-0.123 phi=0.131
frame@94896: gain=0.216 ref=0.210 mse=0.230 tau=-0.030 omega=-8.08E-005 bad=0 tapChange=0.0040 floor=0.0040 fading=True/True preMse=0.425 energy=0.111/0.117 fresh=False phase=-0.072 anchor=0.425@-0.070 phi=0.075
frame@94992: gain=0.185 ref=0.211 mse=0.270 tau=-0.060 omega=-1.19E-004 bad=0 tapChange=0.0043 floor=0.0043 fading=True/True preMse=0.498 energy=0.096/0.117 fresh=False phase=-0.084 anchor=0.368@-0.069 phi=0.074
frame@95088: gain=0.230 ref=0.209 mse=0.229 tau=-0.073 omega=-1.82E-004 bad=0 tapChange=0.0042 floor=0.0042 fading=True/True preMse=0.423 energy=0.118/0.116 fresh=False phase=-0.124 anchor=0.452@-0.113 phi=0.121
frame@95184: gain=0.218 ref=0.210 mse=0.236 tau=-0.061 omega=-2.58E-004 bad=0 tapChange=0.0040 floor=0.0040 fading=True/True preMse=0.435 energy=0.105/0.116 fresh=False phase=-0.152 anchor=0.432@-0.137 phi=0.145
frame@95280: gain=0.249 ref=0.211 mse=0.192 tau=-0.074 omega=-2.35E-004 bad=0 tapChange=0.0034 floor=0.0034 fading=True/True preMse=0.354 energy=0.112/0.115 fresh=False phase=0.049 anchor=0.489@0.041 phi=-0.044
frame@95376: gain=0.253 ref=0.213 mse=0.200 tau=-0.104 omega=-1.93E-004 bad=0 tapChange=0.0030 floor=0.0030 fading=True/True preMse=0.369 energy=0.126/0.115 fresh=False phase=0.086 anchor=0.492@0.076 phi=-0.081
frame@95472: gain=0.299 ref=0.215 mse=0.157 tau=-0.134 omega=-2.53E-004 bad=0 tapChange=0.0026 floor=0.0026 fading=True/True preMse=0.290 energy=0.135/0.116 fresh=False phase=-0.125 anchor=0.574@-0.108 phi=0.115
frame@95568: gain=0.321 ref=0.219 mse=0.140 tau=-0.128 omega=-2.14E-004 bad=0 tapChange=0.0024 floor=0.0024 fading=True/True preMse=0.259 energy=0.139/0.116 fresh=False phase=0.080 anchor=0.616@0.070 phi=-0.075
frame@95664: gain=0.294 ref=0.224 mse=0.164 tau=-0.139 omega=-3.00E-004 bad=0 tapChange=0.0021 floor=0.0021 fading=True/True preMse=0.302 energy=0.115/0.118 fresh=False phase=-0.170 anchor=0.561@-0.156 phi=0.166
frame@95760: gain=0.277 ref=0.227 mse=0.211 tau=-0.124 omega=-2.05E-004 bad=0 tapChange=0.0027 floor=0.0023 fading=True/True preMse=0.390 energy=0.122/0.117 fresh=False phase=0.191 anchor=0.529@0.173 phi=-0.183
frame@95856: gain=0.366 ref=0.230 mse=0.143 tau=-0.142 omega=-2.59E-004 bad=0 tapChange=0.0027 floor=0.0025 fading=True/True preMse=0.264 energy=0.138/0.118 fresh=False phase=-0.110 anchor=0.686@-0.097 phi=0.104
frame@95952: gain=0.342 ref=0.237 mse=0.158 tau=-0.135 omega=-1.64E-004 bad=0 tapChange=0.0026 floor=0.0026 fading=True/True preMse=0.292 energy=0.117/0.119 fresh=False phase=0.190 anchor=0.646@0.170 phi=-0.181
frame@96048: gain=0.311 ref=0.242 mse=0.182 tau=-0.143 omega=-2.17E-004 bad=0 tapChange=0.0028 floor=0.0028 fading=True/True preMse=0.336 energy=0.128/0.119 fresh=False phase=-0.103 anchor=0.590@-0.095 phi=0.101
frame@96144: gain=0.313 ref=0.245 mse=0.186 tau=-0.145 omega=-9.15E-005 bad=0 tapChange=0.0025 floor=0.0025 fading=True/True preMse=0.343 energy=0.126/0.119 fresh=False phase=0.250 anchor=0.590@0.227 phi=-0.241
frame@96240: gain=0.293 ref=0.249 mse=0.224 tau=-0.143 omega=-6.88E-005 bad=0 tapChange=0.0034 floor=0.0027 fading=True/True preMse=0.414 energy=0.116/0.119 fresh=False phase=0.053 anchor=0.555@0.042 phi=-0.043
frame@96336: gain=0.269 ref=0.251 mse=0.242 tau=-0.153 omega=-7.27E-005 bad=0 tapChange=0.0035 floor=0.0030 fading=True/True preMse=0.447 energy=0.123/0.119 fresh=False phase=-0.002 anchor=0.512@-0.007 phi=0.007
frame@96432: gain=0.317 ref=0.252 mse=0.196 tau=-0.159 omega=-3.38E-005 bad=0 tapChange=0.0027 floor=0.0027 fading=True/True preMse=0.361 energy=0.122/0.119 fresh=False phase=0.090 anchor=0.596@0.071 phi=-0.075
frame@96528: gain=0.331 ref=0.255 mse=0.228 tau=-0.154 omega=8.25E-005 bad=0 tapChange=0.0036 floor=0.0029 fading=True/True preMse=0.421 energy=0.131/0.120 fresh=False phase=0.242 anchor=0.617@0.211 phi=-0.223
frame@96624: gain=0.226 ref=0.259 mse=0.311 tau=-0.155 omega=1.20E-004 bad=0 tapChange=0.0052 floor=0.0032 fading=True/True preMse=0.574 energy=0.110/0.120 fresh=False phase=0.074 anchor=0.447@0.069 phi=-0.072
frame@96720: gain=0.210 ref=0.257 mse=0.273 tau=-0.153 omega=5.66E-005 bad=0 tapChange=0.0029 floor=0.0029 fading=True/True preMse=0.505 energy=0.090/0.120 fresh=False phase=-0.147 anchor=0.410@-0.116 phi=0.121
frame@96816: gain=0.260 ref=0.255 mse=0.249 tau=-0.156 omega=1.98E-004 bad=0 tapChange=0.0030 floor=0.0030 fading=True/True preMse=0.460 energy=0.099/0.118 fresh=False phase=0.310 anchor=0.497@0.260 phi=-0.272
frame@96912: gain=0.187 ref=0.255 mse=0.310 tau=-0.152 omega=1.38E-004 bad=0 tapChange=0.0030 floor=0.0030 fading=True/True preMse=0.573 energy=0.078/0.117 fresh=False phase=-0.115 anchor=0.369@-0.112 phi=0.116
frame@97008: gain=0.168 ref=0.252 mse=0.340 tau=-0.137 omega=1.72E-004 bad=0 tapChange=0.0032 floor=0.0032 fading=False/True preMse=0.627 energy=0.072/0.115 fresh=False phase=0.067 anchor=0.330@0.063 phi=-0.065
frame@97104: gain=0.114 ref=0.248 mse=0.474 tau=-0.134 omega=4.73E-004 bad=0 tapChange=0.0036 floor=0.0034 fading=False/True preMse=0.874 energy=0.066/0.113 fresh=False phase=0.652 anchor=0.225@0.567 phi=-0.578
frame@97200: gain=0.123 ref=0.241 mse=0.449 tau=-0.132 omega=7.00E-004 bad=0 tapChange=0.0042 floor=0.0037 fading=False/True preMse=0.829 energy=0.066/0.111 fresh=False phase=0.470 anchor=0.251@0.425 phi=-0.434
frame@97296: gain=0.155 ref=0.235 mse=0.352 tau=-0.134 omega=8.38E-004 bad=0 tapChange=0.0029 floor=0.0029 fading=False/True preMse=0.650 energy=0.054/0.108 fresh=False phase=0.270 anchor=0.308@0.259 phi=-0.266
frame@97392: gain=0.174 ref=0.231 mse=0.339 tau=-0.119 omega=7.41E-004 bad=0 tapChange=0.0033 floor=0.0031 fading=False/True preMse=0.626 energy=0.054/0.106 fresh=False phase=-0.199 anchor=0.340@-0.180 phi=0.185
frame@97488: gain=0.170 ref=0.228 mse=0.358 tau=-0.113 omega=9.28E-004 bad=0 tapChange=0.0026 floor=0.0026 fading=False/True preMse=0.661 energy=0.052/0.103 fresh=False phase=0.371 anchor=0.327@0.348 phi=-0.358
frame@97584: gain=0.231 ref=0.225 mse=0.262 tau=-0.110 omega=8.54E-004 bad=0 tapChange=0.0024 floor=0.0024 fading=False/True preMse=0.485 energy=0.057/0.101 fresh=False phase=-0.155 anchor=0.435@-0.137 phi=0.142
frame@97680: gain=0.239 ref=0.226 mse=0.247 tau=-0.132 omega=9.28E-004 bad=0 tapChange=0.0024 floor=0.0024 fading=False/True preMse=0.456 energy=0.053/0.098 fresh=False phase=0.143 anchor=0.459@0.136 phi=-0.141
frame@97776: gain=0.279 ref=0.226 mse=0.220 tau=-0.155 omega=8.85E-004 bad=0 tapChange=0.0024 floor=0.0024 fading=False/True preMse=0.407 energy=0.061/0.096 fresh=False phase=-0.091 anchor=0.522@-0.078 phi=0.081
frame@97872: gain=0.275 ref=0.229 mse=0.209 tau=-0.125 omega=8.18E-004 bad=0 tapChange=0.0019 floor=0.0019 fading=False/True preMse=0.385 energy=0.056/0.094 fresh=False phase=-0.136 anchor=0.513@-0.125 phi=0.130
frame@97968: gain=0.177 ref=0.231 mse=0.340 tau=-0.101 omega=6.62E-004 bad=0 tapChange=0.0021 floor=0.0021 fading=False/True preMse=0.627 energy=0.028/0.092 fresh=False phase=-0.318 anchor=0.331@-0.291 phi=0.298
frame@98064: gain=0.217 ref=0.228 mse=0.292 tau=-0.131 omega=5.58E-004 bad=0 tapChange=0.0023 floor=0.0023 fading=False/True preMse=0.538 energy=0.037/0.089 fresh=False phase=-0.203 anchor=0.412@-0.195 phi=0.201
frame@98160: gain=0.187 ref=0.228 mse=0.322 tau=-0.121 omega=4.57E-004 bad=0 tapChange=0.0019 floor=0.0019 fading=False/True preMse=0.595 energy=0.029/0.087 fresh=False phase=-0.183 anchor=0.350@-0.188 phi=0.192
frame@98256: gain=0.113 ref=0.226 mse=0.411 tau=-0.128 omega=4.83E-004 bad=0 tapChange=0.0021 floor=0.0021 fading=False/True preMse=0.759 energy=0.026/0.084 fresh=False phase=0.085 anchor=0.216@0.049 phi=-0.049
frame@98352: gain=0.025 ref=0.220 mse=0.624 tau=-0.098 omega=4.81E-004 bad=0 tapChange=0.0022 floor=0.0022 fading=False/True preMse=1.152 energy=0.023/0.081 fresh=False phase=-1.615 anchor=0.044@-1.391 phi=0.003
frame@98448: gain=0.088 ref=0.220 mse=0.737 tau=-0.094 omega=4.81E-004 bad=1 tapChange=0.0000 floor=0.0022 fading=False/True preMse=1.360 energy=0.034/0.081 fresh=True phase=-2.084 anchor=0.021@0.000 phi=0.000
frame@98544: gain=0.009 ref=0.220 mse=0.525 tau=-0.090 omega=4.97E-004 bad=2 tapChange=0.9014 floor=0.0024 fading=False/True preMse=0.969 energy=0.036/0.081 fresh=False phase=0.059 anchor=0.036@0.025 phi=-0.030
frame@98640: gain=0.019 ref=0.220 mse=0.508 tau=-0.077 omega=4.76E-004 bad=3 tapChange=0.3675 floor=0.0026 fading=True/True preMse=0.937 energy=0.050/0.081 fresh=False phase=-0.103 anchor=0.061@-0.056 phi=0.040
frame@98736: gain=0.039 ref=0.220 mse=0.473 tau=-0.077 omega=4.11E-004 bad=4 tapChange=0.2018 floor=0.0029 fading=True/True preMse=0.873 energy=0.065/0.081 fresh=False phase=-0.124 anchor=0.104@-0.081 phi=0.125
frame@98832: gain=0.059 ref=0.220 mse=0.440 tau=-0.058 omega=3.19E-004 bad=5 tapChange=0.1066 floor=0.0031 fading=True/True preMse=0.812 energy=0.069/0.081 fresh=False phase=-0.173 anchor=0.144@-0.125 phi=0.176
frame@98928: gain=0.064 ref=0.220 mse=0.430 tau=-0.046 omega=2.89E-004 bad=6 tapChange=0.0492 floor=0.0034 fading=True/True preMse=0.793 energy=0.068/0.081 fresh=False phase=-0.050 anchor=0.145@-0.045 phi=0.057
frame@99024: gain=0.097 ref=0.220 mse=0.379 tau=-0.035 omega=2.68E-004 bad=7 tapChange=0.0431 floor=0.0036 fading=True/True preMse=0.700 energy=0.115/0.081 fresh=False phase=-0.043 anchor=0.216@-0.032 phi=0.041
frame@99120: gain=0.115 ref=0.220 mse=0.357 tau=-0.052 omega=2.43E-004 bad=8 tapChange=0.0286 floor=0.0039 fading=True/True preMse=0.658 energy=0.098/0.081 fresh=False phase=-0.042 anchor=0.244@-0.039 phi=0.048
frame@99216: gain=0.129 ref=0.215 mse=0.329 tau=-0.059 omega=2.42E-004 bad=0 tapChange=0.0196 floor=0.0042 fading=True/True preMse=0.608 energy=0.106/0.082 fresh=False phase=-0.001 anchor=0.270@-0.002 phi=0.003
frame@99312: gain=0.129 ref=0.211 mse=0.330 tau=-0.053 omega=2.15E-004 bad=0 tapChange=0.0148 floor=0.0045 fading=True/True preMse=0.609 energy=0.084/0.083 fresh=False phase=-0.051 anchor=0.266@-0.045 phi=0.051
frame@99408: gain=0.136 ref=0.207 mse=0.322 tau=-0.035 omega=2.43E-004 bad=0 tapChange=0.0112 floor=0.0049 fading=True/True preMse=0.594 energy=0.071/0.083 fresh=False phase=0.058 anchor=0.276@0.048 phi=-0.054
frame@99504: gain=0.117 ref=0.203 mse=0.352 tau=-0.035 omega=2.48E-004 bad=0 tapChange=0.0090 floor=0.0052 fading=True/True preMse=0.649 energy=0.068/0.082 fresh=False phase=0.004 anchor=0.238@0.007 phi=-0.008
frame@99600: gain=0.110 ref=0.199 mse=0.363 tau=-0.036 omega=2.17E-004 bad=0 tapChange=0.0086 floor=0.0056 fading=True/True preMse=0.669 energy=0.056/0.082 fresh=False phase=-0.063 anchor=0.227@-0.054 phi=0.059
frame@99696: gain=0.096 ref=0.194 mse=0.404 tau=-0.042 omega=1.12E-004 bad=0 tapChange=0.0082 floor=0.0059 fading=True/True preMse=0.746 energy=0.049/0.080 fresh=False phase=-0.199 anchor=0.195@-0.189 phi=0.202
frame@99792: gain=0.102 ref=0.194 mse=0.397 tau=-0.059 omega=2.42E-004 bad=1 tapChange=0.0065 floor=0.0063 fading=True/True preMse=0.733 energy=0.038/0.080 fresh=False phase=0.284 anchor=0.200@0.233 phi=-0.250
frame@99888: gain=0.118 ref=0.190 mse=0.361 tau=-0.075 omega=2.73E-004 bad=0 tapChange=0.0073 floor=0.0068 fading=True/True preMse=0.666 energy=0.060/0.078 fresh=False phase=0.071 anchor=0.242@0.056 phi=-0.060
frame@99984: gain=0.125 ref=0.186 mse=0.344 tau=-0.083 omega=3.09E-004 bad=0 tapChange=0.0059 floor=0.0059 fading=True/True preMse=0.634 energy=0.059/0.077 fresh=False phase=0.066 anchor=0.253@0.065 phi=-0.069
frame@100080: gain=0.130 ref=0.183 mse=0.357 tau=-0.078 omega=2.36E-004 bad=0 tapChange=0.0064 floor=0.0063 fading=True/True preMse=0.659 energy=0.067/0.076 fresh=False phase=-0.150 anchor=0.258@-0.132 phi=0.141
frame@100176: gain=0.123 ref=0.180 mse=0.356 tau=-0.089 omega=3.31E-004 bad=0 tapChange=0.0057 floor=0.0057 fading=True/True preMse=0.657 energy=0.058/0.076 fresh=False phase=0.198 anchor=0.251@0.171 phi=-0.182
frame@100272: gain=0.141 ref=0.178 mse=0.331 tau=-0.091 omega=2.78E-004 bad=0 tapChange=0.0046 floor=0.0046 fading=True/True preMse=0.611 energy=0.054/0.075 fresh=False phase=-0.116 anchor=0.279@-0.094 phi=0.101
frame@100368: gain=0.137 ref=0.176 mse=0.337 tau=-0.088 omega=1.93E-004 bad=0 tapChange=0.0046 floor=0.0046 fading=True/True preMse=0.622 energy=0.059/0.074 fresh=False phase=-0.177 anchor=0.273@-0.155 phi=0.164
frame@100464: gain=0.119 ref=0.174 mse=0.368 tau=-0.102 omega=6.68E-005 bad=0 tapChange=0.0039 floor=0.0039 fading=True/True preMse=0.679 energy=0.042/0.073 fresh=False phase=-0.252 anchor=0.235@-0.230 phi=0.241
frame@100560: gain=0.127 ref=0.171 mse=0.349 tau=-0.097 omega=4.95E-005 bad=0 tapChange=0.0034 floor=0.0034 fading=True/True preMse=0.644 energy=0.037/0.072 fresh=False phase=-0.030 anchor=0.246@-0.032 phi=0.033
frame@100656: gain=0.099 ref=0.169 mse=0.410 tau=-0.089 omega=-2.22E-005 bad=0 tapChange=0.0036 floor=0.0036 fading=True/True preMse=0.756 energy=0.030/0.070 fresh=False phase=-0.144 anchor=0.192@-0.133 phi=0.138
frame@100752: gain=0.130 ref=0.169 mse=0.363 tau=-0.095 omega=-9.94E-005 bad=1 tapChange=0.0038 floor=0.0038 fading=True/True preMse=0.670 energy=0.036/0.070 fresh=False phase=-0.159 anchor=0.252@-0.142 phi=0.148
frame@100848: gain=0.115 ref=0.167 mse=0.384 tau=-0.082 omega=-1.89E-004 bad=0 tapChange=0.0036 floor=0.0036 fading=True/True preMse=0.709 energy=0.037/0.068 fresh=False phase=-0.183 anchor=0.223@-0.166 phi=0.172
frame@100944: gain=0.140 ref=0.164 mse=0.343 tau=-0.052 omega=-3.36E-004 bad=0 tapChange=0.0030 floor=0.0030 fading=True/True preMse=0.634 energy=0.037/0.067 fresh=False phase=-0.293 anchor=0.272@-0.271 phi=0.283
frame@101040: gain=0.132 ref=0.163 mse=0.363 tau=-0.067 omega=-5.02E-004 bad=0 tapChange=0.0032 floor=0.0032 fading=True/True preMse=0.671 energy=0.035/0.065 fresh=False phase=-0.325 anchor=0.257@-0.306 phi=0.318
frame@101136: gain=0.112 ref=0.162 mse=0.383 tau=-0.059 omega=-4.34E-004 bad=0 tapChange=0.0029 floor=0.0029 fading=True/True preMse=0.708 energy=0.029/0.064 fresh=False phase=0.145 anchor=0.217@0.126 phi=-0.131
frame@101232: gain=0.108 ref=0.159 mse=0.402 tau=-0.084 omega=-4.74E-004 bad=0 tapChange=0.0034 floor=0.0031 fading=True/True preMse=0.742 energy=0.034/0.062 fresh=False phase=-0.061 anchor=0.211@-0.074 phi=0.076
frame@101328: gain=0.113 ref=0.157 mse=0.389 tau=-0.060 omega=-5.79E-004 bad=0 tapChange=0.0024 floor=0.0024 fading=True/True preMse=0.718 energy=0.034/0.061 fresh=False phase=-0.224 anchor=0.217@-0.197 phi=0.203
frame@101424: gain=0.148 ref=0.154 mse=0.341 tau=-0.068 omega=-5.68E-004 bad=0 tapChange=0.0025 floor=0.0025 fading=True/True preMse=0.630 energy=0.034/0.059 fresh=False phase=0.030 anchor=0.279@0.022 phi=-0.023
frame@101520: gain=0.148 ref=0.154 mse=0.347 tau=-0.061 omega=-7.49E-004 bad=0 tapChange=0.0027 floor=0.0027 fading=True/True preMse=0.640 energy=0.037/0.058 fresh=False phase=-0.353 anchor=0.286@-0.335 phi=0.348
frame@101616: gain=0.159 ref=0.154 mse=0.308 tau=-0.057 omega=-6.23E-004 bad=0 tapChange=0.0020 floor=0.0020 fading=True/True preMse=0.568 energy=0.034/0.057 fresh=False phase=0.253 anchor=0.306@0.233 phi=-0.243
frame@101712: gain=0.178 ref=0.154 mse=0.339 tau=-0.041 omega=-7.83E-004 bad=0 tapChange=0.0030 floor=0.0022 fading=True/True preMse=0.626 energy=0.037/0.056 fresh=False phase=-0.315 anchor=0.333@-0.295 phi=0.307
frame@101808: gain=0.187 ref=0.155 mse=0.286 tau=-0.011 omega=-7.10E-004 bad=0 tapChange=0.0022 floor=0.0022 fading=True/True preMse=0.528 energy=0.036/0.055 fresh=False phase=0.147 anchor=0.354@0.134 phi=-0.140
frame@101904: gain=0.170 ref=0.157 mse=0.301 tau=-0.016 omega=-6.03E-004 bad=0 tapChange=0.0021 floor=0.0021 fading=True/True preMse=0.556 energy=0.033/0.054 fresh=False phase=0.214 anchor=0.325@0.197 phi=-0.205
frame@102000: gain=0.210 ref=0.157 mse=0.257 tau=-0.031 omega=-6.13E-004 bad=0 tapChange=0.0023 floor=0.0023 fading=True/True preMse=0.474 energy=0.053/0.053 fresh=False phase=-0.015 anchor=0.398@-0.017 phi=0.019
frame@102096: gain=0.190 ref=0.160 mse=0.274 tau=-0.046 omega=-5.32E-004 bad=0 tapChange=0.0016 floor=0.0016 fading=True/True preMse=0.507 energy=0.043/0.053 fresh=False phase=0.155 anchor=0.364@0.148 phi=-0.154
frame@102192: gain=0.175 ref=0.162 mse=0.358 tau=-0.030 omega=-2.95E-004 bad=0 tapChange=0.0026 floor=0.0017 fading=True/True preMse=0.661 energy=0.029/0.052 fresh=False phase=0.476 anchor=0.329@0.441 phi=-0.456
frame@102288: gain=0.193 ref=0.162 mse=0.287 tau=-0.047 omega=-2.12E-004 bad=0 tapChange=0.0023 floor=0.0019 fading=True/True preMse=0.529 energy=0.040/0.051 fresh=False phase=0.160 anchor=0.366@0.154 phi=-0.159
frame@102384: gain=0.215 ref=0.164 mse=0.276 tau=-0.037 omega=-2.36E-004 bad=0 tapChange=0.0028 floor=0.0021 fading=False/True preMse=0.509 energy=0.049/0.051 fresh=False phase=-0.054 anchor=0.406@-0.045 phi=0.047
frame@102480: gain=0.233 ref=0.166 mse=0.246 tau=-0.023 omega=-1.26E-004 bad=0 tapChange=0.0024 floor=0.0023 fading=False/True preMse=0.453 energy=0.051/0.051 fresh=False phase=0.228 anchor=0.441@0.203 phi=-0.211
frame@102576: gain=0.249 ref=0.170 mse=0.246 tau=-0.017 omega=-6.62E-005 bad=0 tapChange=0.0024 floor=0.0024 fading=False/True preMse=0.455 energy=0.062/0.051 fresh=False phase=0.115 anchor=0.468@0.110 phi=-0.115
frame@102672: gain=0.301 ref=0.174 mse=0.178 tau=-0.024 omega=-4.76E-005 bad=0 tapChange=0.0018 floor=0.0018 fading=False/True preMse=0.330 energy=0.071/0.051 fresh=False phase=0.038 anchor=0.559@0.034 phi=-0.036
frame@102768: gain=0.312 ref=0.180 mse=0.196 tau=-0.013 omega=-3.36E-005 bad=0 tapChange=0.0023 floor=0.0020 fading=False/True preMse=0.363 energy=0.083/0.052 fresh=False phase=0.028 anchor=0.579@0.026 phi=-0.027
frame@102864: gain=0.291 ref=0.187 mse=0.237 tau=-0.031 omega=1.17E-004 bad=0 tapChange=0.0028 floor=0.0022 fading=False/True preMse=0.438 energy=0.061/0.054 fresh=False phase=0.298 anchor=0.548@0.277 phi=-0.290
frame@102960: gain=0.307 ref=0.192 mse=0.179 tau=-0.026 omega=-1.67E-006 bad=0 tapChange=0.0018 floor=0.0018 fading=False/True preMse=0.330 energy=0.066/0.054 fresh=False phase=-0.236 anchor=0.576@-0.218 phi=0.228
frame@103056: gain=0.306 ref=0.198 mse=0.178 tau=-0.031 omega=-2.07E-006 bad=0 tapChange=0.0020 floor=0.0020 fading=False/True preMse=0.329 energy=0.072/0.055 fresh=False phase=-0.002 anchor=0.573@-0.001 phi=0.001
frame@103152: gain=0.265 ref=0.203 mse=0.195 tau=-0.035 omega=3.54E-005 bad=0 tapChange=0.0015 floor=0.0015 fading=False/True preMse=0.359 energy=0.052/0.055 fresh=False phase=0.080 anchor=0.500@0.069 phi=-0.072
frame@103248: gain=0.201 ref=0.206 mse=0.258 tau=-0.065 omega=-1.04E-005 bad=0 tapChange=0.0015 floor=0.0015 fading=False/True preMse=0.475 energy=0.039/0.055 fresh=False phase=-0.095 anchor=0.384@-0.085 phi=0.088
frame@103344: gain=0.207 ref=0.206 mse=0.266 tau=-0.042 omega=-6.80E-005 bad=0 tapChange=0.0016 floor=0.0016 fading=False/True preMse=0.491 energy=0.046/0.054 fresh=False phase=-0.118 anchor=0.394@-0.107 phi=0.111
frame@103440: gain=0.167 ref=0.206 mse=0.334 tau=-0.049 omega=-1.67E-004 bad=0 tapChange=0.0019 floor=0.0017 fading=False/True preMse=0.617 energy=0.040/0.054 fresh=False phase=-0.202 anchor=0.318@-0.186 phi=0.191
frame@103536: gain=0.120 ref=0.204 mse=0.397 tau=-0.079 omega=-1.56E-004 bad=0 tapChange=0.0019 floor=0.0019 fading=False/True preMse=0.733 energy=0.035/0.053 fresh=False phase=0.030 anchor=0.232@0.022 phi=-0.023
frame@103632: gain=0.090 ref=0.200 mse=0.486 tau=-0.080 omega=-2.25E-004 bad=0 tapChange=0.0028 floor=0.0021 fading=False/True preMse=0.897 energy=0.030/0.052 fresh=False phase=-0.136 anchor=0.176@-0.132 phi=0.134
frame@103728: gain=0.087 ref=0.200 mse=0.504 tau=-0.092 omega=-2.25E-004 bad=1 tapChange=0.0000 floor=0.0021 fading=False/True preMse=0.930 energy=0.032/0.052 fresh=True phase=-0.752 anchor=0.019@0.000 phi=0.000
frame@103824: gain=0.008 ref=0.200 mse=0.526 tau=-0.099 omega=-2.13E-004 bad=2 tapChange=0.9643 floor=0.0023 fading=False/True preMse=0.972 energy=0.040/0.052 fresh=False phase=0.033 anchor=0.034@0.020 phi=-0.024
frame@103920: gain=0.018 ref=0.200 mse=0.509 tau=-0.101 omega=-2.36E-004 bad=3 tapChange=0.2665 floor=0.0025 fading=True/True preMse=0.939 energy=0.034/0.052 fresh=False phase=-0.102 anchor=0.052@-0.068 phi=0.044
frame@104016: gain=0.023 ref=0.200 mse=0.503 tau=-0.098 omega=-2.43E-004 bad=4 tapChange=0.0947 floor=0.0027 fading=True/True preMse=0.929 energy=0.027/0.052 fresh=False phase=-0.051 anchor=0.055@-0.036 phi=0.013
frame@104112: gain=0.036 ref=0.200 mse=0.479 tau=-0.103 omega=-2.69E-004 bad=5 tapChange=0.1054 floor=0.0029 fading=True/True preMse=0.884 energy=0.048/0.052 fresh=False phase=-0.195 anchor=0.090@-0.133 phi=0.050
frame@104208: gain=0.043 ref=0.200 mse=0.468 tau=-0.092 omega=-3.95E-004 bad=6 tapChange=0.0572 floor=0.0032 fading=True/True preMse=0.865 energy=0.046/0.052 fresh=False phase=-0.249 anchor=0.100@-0.190 phi=0.242
frame@104304: gain=0.054 ref=0.200 mse=0.450 tau=-0.093 omega=-3.42E-004 bad=7 tapChange=0.0452 floor=0.0034 fading=True/True preMse=0.830 energy=0.057/0.052 fresh=False phase=0.113 anchor=0.121@0.082 phi=-0.101
frame@104400: gain=0.062 ref=0.200 mse=0.435 tau=-0.101 omega=-2.80E-004 bad=8 tapChange=0.0326 floor=0.0037 fading=True/True preMse=0.804 energy=0.049/0.052 fresh=False phase=0.123 anchor=0.137@0.099 phi=-0.119
frame@104496: gain=0.070 ref=0.200 mse=0.421 tau=-0.102 omega=-2.95E-004 bad=9 tapChange=0.0284 floor=0.0040 fading=True/True preMse=0.777 energy=0.058/0.052 fresh=False phase=-0.032 anchor=0.155@-0.024 phi=0.029
frame@104592: gain=0.057 ref=0.200 mse=0.454 tau=-0.082 omega=-3.76E-004 bad=10 tapChange=0.0220 floor=0.0043 fading=True/True preMse=0.838 energy=0.058/0.052 fresh=False phase=-0.179 anchor=0.128@-0.139 phi=0.155
frame@104688: gain=0.090 ref=0.200 mse=0.394 tau=-0.086 omega=-3.10E-004 bad=11 tapChange=0.0207 floor=0.0046 fading=True/True preMse=0.727 energy=0.071/0.052 fresh=False phase=0.133 anchor=0.193@0.111 phi=-0.128
frame@104784: gain=0.099 ref=0.200 mse=0.376 tau=-0.082 omega=-3.04E-004 bad=12 tapChange=0.0170 floor=0.0049 fading=True/True preMse=0.695 energy=0.073/0.052 fresh=False phase=0.008 anchor=0.211@0.009 phi=-0.011
frame@104880: gain=0.098 ref=0.200 mse=0.386 tau=-0.088 omega=-1.70E-004 bad=13 tapChange=0.0127 floor=0.0053 fading=True/True preMse=0.712 energy=0.065/0.052 fresh=False phase=0.272 anchor=0.204@0.231 phi=-0.257
frame@104976: gain=0.094 ref=0.200 mse=0.401 tau=-0.088 omega=-2.92E-004 bad=14 tapChange=0.0112 floor=0.0056 fading=True/True preMse=0.741 energy=0.064/0.052 fresh=False phase=-0.256 anchor=0.194@-0.212 phi=0.233
frame@105072: gain=0.099 ref=0.200 mse=0.388 tau=-0.078 omega=-2.50E-004 bad=15 tapChange=0.0105 floor=0.0060 fading=True/True preMse=0.717 energy=0.065/0.052 fresh=False phase=0.087 anchor=0.206@0.073 phi=-0.080
frame@105168: gain=0.123 ref=0.200 mse=0.347 tau=-0.085 omega=-1.75E-004 bad=16 tapChange=0.0091 floor=0.0064 fading=True/True preMse=0.641 energy=0.063/0.052 fresh=False phase=0.162 anchor=0.251@0.131 phi=-0.144
frame@105264: gain=0.119 ref=0.196 mse=0.386 tau=-0.092 omega=-3.62E-004 bad=0 tapChange=0.0098 floor=0.0068 fading=True/True preMse=0.713 energy=0.089/0.053 fresh=False phase=-0.396 anchor=0.241@-0.330 phi=0.359
frame@105360: gain=0.111 ref=0.192 mse=0.369 tau=-0.085 omega=-3.44E-004 bad=0 tapChange=0.0096 floor=0.0073 fading=True/True preMse=0.682 energy=0.081/0.055 fresh=False phase=0.047 anchor=0.235@0.032 phi=-0.035
frame@105456: gain=0.105 ref=0.188 mse=0.392 tau=-0.085 omega=-4.45E-004 bad=0 tapChange=0.0093 floor=0.0078 fading=True/True preMse=0.724 energy=0.076/0.056 fresh=False phase=-0.210 anchor=0.222@-0.182 phi=0.194
frame@105552: gain=0.135 ref=0.184 mse=0.355 tau=-0.097 omega=-4.81E-004 bad=0 tapChange=0.0085 floor=0.0082 fading=True/True preMse=0.654 energy=0.100/0.057 fresh=False phase=-0.055 anchor=0.274@-0.065 phi=0.070
frame@105648: gain=0.148 ref=0.181 mse=0.316 tau=-0.092 omega=-4.78E-004 bad=0 tapChange=0.0077 floor=0.0077 fading=True/True preMse=0.584 energy=0.095/0.059 fresh=False phase=0.020 anchor=0.305@0.007 phi=-0.007
frame@105744: gain=0.155 ref=0.180 mse=0.306 tau=-0.082 omega=-4.67E-004 bad=0 tapChange=0.0057 floor=0.0057 fading=True/True preMse=0.564 energy=0.089/0.061 fresh=False phase=0.032 anchor=0.310@0.019 phi=-0.021
frame@105840: gain=0.187 ref=0.179 mse=0.258 tau=-0.089 omega=-4.70E-004 bad=0 tapChange=0.0047 floor=0.0047 fading=True/True preMse=0.477 energy=0.101/0.062 fresh=False phase=-0.004 anchor=0.370@-0.006 phi=0.006
frame@105936: gain=0.193 ref=0.179 mse=0.266 tau=-0.090 omega=-5.57E-004 bad=0 tapChange=0.0048 floor=0.0048 fading=True/True preMse=0.492 energy=0.107/0.064 fresh=False phase=-0.168 anchor=0.383@-0.154 phi=0.166
frame@106032: gain=0.220 ref=0.180 mse=0.233 tau=-0.090 omega=-4.86E-004 bad=0 tapChange=0.0046 floor=0.0046 fading=True/True preMse=0.431 energy=0.106/0.067 fresh=False phase=0.154 anchor=0.431@0.125 phi=-0.135
frame@106128: gain=0.184 ref=0.182 mse=0.268 tau=-0.090 omega=-5.04E-004 bad=0 tapChange=0.0041 floor=0.0041 fading=True/True preMse=0.495 energy=0.087/0.068 fresh=False phase=-0.040 anchor=0.365@-0.032 phi=0.035
frame@106224: gain=0.205 ref=0.182 mse=0.262 tau=-0.097 omega=-6.25E-004 bad=0 tapChange=0.0036 floor=0.0036 fading=True/True preMse=0.485 energy=0.110/0.069 fresh=False phase=-0.249 anchor=0.398@-0.218 phi=0.233
frame@106320: gain=0.203 ref=0.183 mse=0.271 tau=-0.099 omega=-4.61E-004 bad=0 tapChange=0.0040 floor=0.0038 fading=True/True preMse=0.500 energy=0.088/0.071 fresh=False phase=0.343 anchor=0.399@0.298 phi=-0.316
frame@106416: gain=0.199 ref=0.184 mse=0.281 tau=-0.103 omega=-6.36E-004 bad=0 tapChange=0.0036 floor=0.0036 fading=True/True preMse=0.519 energy=0.096/0.072 fresh=False phase=-0.343 anchor=0.390@-0.317 phi=0.335
frame@106512: gain=0.218 ref=0.185 mse=0.231 tau=-0.088 omega=-6.46E-004 bad=0 tapChange=0.0034 floor=0.0034 fading=True/True preMse=0.426 energy=0.103/0.073 fresh=False phase=-0.014 anchor=0.430@-0.020 phi=0.020
frame@106608: gain=0.192 ref=0.186 mse=0.288 tau=-0.093 omega=-6.11E-004 bad=0 tapChange=0.0040 floor=0.0036 fading=True/True preMse=0.532 energy=0.088/0.075 fresh=False phase=0.084 anchor=0.375@0.065 phi=-0.068
frame@106704: gain=0.186 ref=0.187 mse=0.301 tau=-0.096 omega=-7.31E-004 bad=0 tapChange=0.0038 floor=0.0038 fading=True/True preMse=0.555 energy=0.087/0.076 fresh=False phase=-0.232 anchor=0.368@-0.220 phi=0.231
frame@106800: gain=0.173 ref=0.187 mse=0.308 tau=-0.096 omega=-7.30E-004 bad=0 tapChange=0.0034 floor=0.0034 fading=True/True preMse=0.569 energy=0.081/0.076 fresh=False phase=0.006 anchor=0.342@0.001 phi=-0.001
frame@106896: gain=0.191 ref=0.186 mse=0.322 tau=-0.097 omega=-6.30E-004 bad=0 tapChange=0.0045 floor=0.0037 fading=True/True preMse=0.595 energy=0.105/0.076 fresh=False phase=0.215 anchor=0.370@0.184 phi=-0.192
frame@106992: gain=0.225 ref=0.186 mse=0.261 tau=-0.099 omega=-7.50E-004 bad=0 tapChange=0.0035 floor=0.0035 fading=True/True preMse=0.481 energy=0.095/0.078 fresh=False phase=-0.236 anchor=0.436@-0.218 phi=0.230
frame@107088: gain=0.200 ref=0.188 mse=0.305 tau=-0.108 omega=-7.28E-004 bad=0 tapChange=0.0043 floor=0.0038 fading=True/True preMse=0.563 energy=0.088/0.079 fresh=False phase=0.046 anchor=0.389@0.040 phi=-0.042
frame@107184: gain=0.188 ref=0.189 mse=0.318 tau=-0.105 omega=-7.13E-004 bad=0 tapChange=0.0042 floor=0.0040 fading=True/True preMse=0.587 energy=0.075/0.079 fresh=False phase=0.028 anchor=0.367@0.028 phi=-0.029
frame@107280: gain=0.176 ref=0.189 mse=0.322 tau=-0.112 omega=-7.16E-004 bad=0 tapChange=0.0036 floor=0.0036 fading=True/True preMse=0.594 energy=0.063/0.079 fresh=False phase=-0.009 anchor=0.342@-0.005 phi=0.005
frame@107376: gain=0.158 ref=0.188 mse=0.335 tau=-0.117 omega=-7.25E-004 bad=0 tapChange=0.0034 floor=0.0034 fading=True/True preMse=0.618 energy=0.055/0.078 fresh=False phase=-0.015 anchor=0.309@-0.018 phi=0.019
frame@107472: gain=0.196 ref=0.187 mse=0.303 tau=-0.095 omega=-7.16E-004 bad=0 tapChange=0.0034 floor=0.0034 fading=True/True preMse=0.559 energy=0.063/0.077 fresh=False phase=0.019 anchor=0.375@0.017 phi=-0.017
frame@107568: gain=0.184 ref=0.187 mse=0.321 tau=-0.091 omega=-7.65E-004 bad=0 tapChange=0.0032 floor=0.0032 fading=True/True preMse=0.593 energy=0.050/0.076 fresh=False phase=-0.102 anchor=0.353@-0.090 phi=0.094
frame@107664: gain=0.182 ref=0.187 mse=0.330 tau=-0.090 omega=-8.93E-004 bad=0 tapChange=0.0030 floor=0.0030 fading=True/True preMse=0.609 energy=0.043/0.075 fresh=False phase=-0.258 anchor=0.348@-0.236 phi=0.245
frame@107760: gain=0.185 ref=0.187 mse=0.324 tau=-0.074 omega=-8.05E-004 bad=0 tapChange=0.0030 floor=0.0030 fading=True/True preMse=0.598 energy=0.050/0.073 fresh=False phase=0.165 anchor=0.350@0.162 phi=-0.168
frame@107856: gain=0.203 ref=0.187 mse=0.318 tau=-0.071 omega=-9.10E-004 bad=0 tapChange=0.0031 floor=0.0031 fading=False/True preMse=0.588 energy=0.047/0.072 fresh=False phase=-0.194 anchor=0.382@-0.193 phi=0.200
frame@107952: gain=0.266 ref=0.187 mse=0.244 tau=-0.074 omega=-9.11E-004 bad=0 tapChange=0.0037 floor=0.0034 fading=False/True preMse=0.451 energy=0.068/0.071 fresh=False phase=0.010 anchor=0.506@-0.003 phi=0.004
frame@108048: gain=0.226 ref=0.191 mse=0.255 tau=-0.076 omega=-9.36E-004 bad=0 tapChange=0.0022 floor=0.0022 fading=False/True preMse=0.470 energy=0.052/0.071 fresh=False phase=-0.047 anchor=0.429@-0.044 phi=0.046
frame@108144: gain=0.277 ref=0.193 mse=0.231 tau=-0.074 omega=-7.93E-004 bad=0 tapChange=0.0024 floor=0.0024 fading=False/True preMse=0.427 energy=0.063/0.070 fresh=False phase=0.286 anchor=0.518@0.262 phi=-0.274
frame@108240: gain=0.307 ref=0.197 mse=0.176 tau=-0.080 omega=-7.39E-004 bad=0 tapChange=0.0018 floor=0.0018 fading=False/True preMse=0.324 energy=0.074/0.069 fresh=False phase=0.103 anchor=0.577@0.098 phi=-0.102
frame@108336: gain=0.284 ref=0.203 mse=0.205 tau=-0.075 omega=-7.73E-004 bad=0 tapChange=0.0024 floor=0.0020 fading=False/True preMse=0.379 energy=0.070/0.070 fresh=False phase=-0.065 anchor=0.534@-0.062 phi=0.065
frame@108432: gain=0.267 ref=0.207 mse=0.215 tau=-0.078 omega=-6.71E-004 bad=0 tapChange=0.0020 floor=0.0020 fading=False/True preMse=0.396 energy=0.062/0.070 fresh=False phase=0.197 anchor=0.505@0.187 phi=-0.195
frame@108528: gain=0.256 ref=0.210 mse=0.213 tau=-0.076 omega=-7.34E-004 bad=0 tapChange=0.0018 floor=0.0018 fading=False/True preMse=0.394 energy=0.047/0.069 fresh=False phase=-0.118 anchor=0.484@-0.116 phi=0.121
frame@108624: gain=0.228 ref=0.212 mse=0.257 tau=-0.081 omega=-6.63E-004 bad=0 tapChange=0.0021 floor=0.0019 fading=False/True preMse=0.474 energy=0.041/0.068 fresh=False phase=0.131 anchor=0.430@0.132 phi=-0.137
frame@108720: gain=0.240 ref=0.213 mse=0.255 tau=-0.081 omega=-5.49E-004 bad=0 tapChange=0.0020 floor=0.0020 fading=False/True preMse=0.470 energy=0.048/0.067 fresh=False phase=0.219 anchor=0.450@0.211 phi=-0.219
frame@108816: gain=0.228 ref=0.214 mse=0.247 tau=-0.080 omega=-5.81E-004 bad=0 tapChange=0.0019 floor=0.0019 fading=False/True preMse=0.456 energy=0.044/0.066 fresh=False phase=-0.062 anchor=0.431@-0.059 phi=0.061
frame@108912: gain=0.208 ref=0.215 mse=0.303 tau=-0.072 omega=-5.62E-004 bad=0 tapChange=0.0026 floor=0.0021 fading=False/True preMse=0.560 energy=0.040/0.065 fresh=False phase=0.039 anchor=0.394@0.034 phi=-0.036
frame@109008: gain=0.262 ref=0.215 mse=0.258 tau=-0.066 omega=-4.80E-004 bad=0 tapChange=0.0026 floor=0.0023 fading=False/True preMse=0.477 energy=0.058/0.064 fresh=False phase=0.151 anchor=0.490@0.153 phi=-0.158
frame@109104: gain=0.223 ref=0.217 mse=0.309 tau=-0.067 omega=-5.46E-004 bad=0 tapChange=0.0029 floor=0.0025 fading=False/True preMse=0.571 energy=0.062/0.063 fresh=False phase=-0.141 anchor=0.415@-0.122 phi=0.126
frame@109200: gain=0.160 ref=0.217 mse=0.406 tau=-0.072 omega=-5.94E-004 bad=0 tapChange=0.0034 floor=0.0027 fading=False/True preMse=0.750 energy=0.051/0.063 fresh=False phase=-0.101 anchor=0.304@-0.092 phi=0.094
frame@109296: gain=0.179 ref=0.214 mse=0.360 tau=-0.071 omega=-3.80E-004 bad=0 tapChange=0.0021 floor=0.0021 fading=False/True preMse=0.664 energy=0.042/0.063 fresh=False phase=0.424 anchor=0.338@0.402 phi=-0.412
frame@109392: gain=0.182 ref=0.213 mse=0.365 tau=-0.066 omega=-4.08E-004 bad=0 tapChange=0.0029 floor=0.0023 fading=False/True preMse=0.674 energy=0.053/0.062 fresh=False phase=-0.059 anchor=0.346@-0.054 phi=0.055
frame@109488: gain=0.163 ref=0.211 mse=0.374 tau=-0.061 omega=-3.11E-004 bad=0 tapChange=0.0026 floor=0.0025 fading=False/True preMse=0.690 energy=0.039/0.061 fresh=False phase=0.210 anchor=0.312@0.184 phi=-0.188
frame@109584: gain=0.239 ref=0.209 mse=0.310 tau=-0.059 omega=-2.24E-004 bad=0 tapChange=0.0032 floor=0.0027 fading=False/True preMse=0.571 energy=0.058/0.060 fresh=False phase=0.172 anchor=0.452@0.160 phi=-0.165
frame@109680: gain=0.189 ref=0.210 mse=0.349 tau=-0.084 omega=-2.43E-004 bad=0 tapChange=0.0032 floor=0.0029 fading=False/True preMse=0.645 energy=0.059/0.060 fresh=False phase=-0.033 anchor=0.366@-0.034 phi=0.035
frame@109776: gain=0.202 ref=0.209 mse=0.310 tau=-0.102 omega=-1.38E-004 bad=0 tapChange=0.0025 floor=0.0025 fading=False/True preMse=0.573 energy=0.048/0.060 fresh=False phase=0.223 anchor=0.386@0.195 phi=-0.200
frame@109872: gain=0.122 ref=0.209 mse=0.446 tau=-0.081 omega=-4.45E-005 bad=0 tapChange=0.0035 floor=0.0027 fading=False/True preMse=0.824 energy=0.032/0.059 fresh=False phase=0.223 anchor=0.242@0.177 phi=-0.180
frame@109968: gain=0.113 ref=0.204 mse=0.459 tau=-0.078 omega=-1.92E-004 bad=0 tapChange=0.0025 floor=0.0025 fading=False/True preMse=0.847 energy=0.036/0.058 fresh=False phase=-0.277 anchor=0.215@-0.280 phi=0.284
frame@110064: gain=0.069 ref=0.200 mse=0.502 tau=-0.048 omega=-3.64E-004 bad=0 tapChange=0.0021 floor=0.0021 fading=False/True preMse=0.927 energy=0.037/0.057 fresh=False phase=-0.350 anchor=0.136@-0.327 phi=0.330
frame@110160: gain=0.067 ref=0.200 mse=0.512 tau=-0.078 omega=-3.64E-004 bad=1 tapChange=0.0000 floor=0.0021 fading=False/True preMse=0.946 energy=0.032/0.057 fresh=True phase=0.155 anchor=0.023@-0.000 phi=0.000
frame@110256: gain=0.006 ref=0.200 mse=0.531 tau=-0.048 omega=-3.42E-004 bad=2 tapChange=0.5085 floor=0.0023 fading=False/True preMse=0.980 energy=0.024/0.057 fresh=False phase=0.101 anchor=0.024@0.049 phi=-0.043
frame@110352: gain=0.010 ref=0.200 mse=0.525 tau=-0.054 omega=-3.99E-004 bad=3 tapChange=0.2103 floor=0.0025 fading=True/True preMse=0.969 energy=0.025/0.057 fresh=False phase=-0.324 anchor=0.031@-0.196 phi=0.109
frame@110448: gain=0.013 ref=0.200 mse=0.522 tau=-0.044 omega=-4.35E-004 bad=4 tapChange=0.1327 floor=0.0027 fading=True/True preMse=0.964 energy=0.026/0.057 fresh=False phase=-0.281 anchor=0.036@-0.171 phi=0.069
frame@110544: gain=0.017 ref=0.200 mse=0.514 tau=-0.058 omega=-4.46E-004 bad=5 tapChange=0.1099 floor=0.0029 fading=True/True preMse=0.950 energy=0.031/0.057 fresh=False phase=-0.109 anchor=0.046@-0.062 phi=0.022
frame@110640: gain=0.024 ref=0.200 mse=0.503 tau=-0.080 omega=-4.64E-004 bad=6 tapChange=0.0571 floor=0.0032 fading=True/True preMse=0.929 energy=0.027/0.057 fresh=False phase=-0.137 anchor=0.054@-0.113 phi=0.034
frame@110736: gain=0.033 ref=0.200 mse=0.490 tau=-0.091 omega=-5.03E-004 bad=7 tapChange=0.0751 floor=0.0035 fading=True/True preMse=0.905 energy=0.038/0.057 fresh=False phase=-0.340 anchor=0.079@-0.249 phi=0.075
frame@110832: gain=0.049 ref=0.200 mse=0.460 tau=-0.087 omega=-5.20E-004 bad=8 tapChange=0.0776 floor=0.0037 fading=True/True preMse=0.848 energy=0.066/0.057 fresh=False phase=-0.033 anchor=0.118@-0.025 phi=0.033
frame@110928: gain=0.058 ref=0.200 mse=0.444 tau=-0.086 omega=-4.70E-004 bad=9 tapChange=0.0419 floor=0.0040 fading=True/True preMse=0.820 energy=0.057/0.057 fresh=False phase=0.105 anchor=0.129@0.078 phi=-0.096
frame@111024: gain=0.077 ref=0.200 mse=0.411 tau=-0.084 omega=-4.21E-004 bad=10 tapChange=0.0417 floor=0.0043 fading=True/True preMse=0.758 energy=0.068/0.057 fresh=False phase=0.100 anchor=0.174@0.077 phi=-0.095
frame@111120: gain=0.096 ref=0.200 mse=0.381 tau=-0.097 omega=-3.97E-004 bad=11 tapChange=0.0272 floor=0.0046 fading=True/True preMse=0.703 energy=0.078/0.057 fresh=False phase=0.042 anchor=0.206@0.038 phi=-0.045
frame@111216: gain=0.126 ref=0.200 mse=0.341 tau=-0.096 omega=-3.31E-004 bad=12 tapChange=0.0222 floor=0.0050 fading=True/True preMse=0.629 energy=0.112/0.057 fresh=False phase=0.124 anchor=0.266@0.106 phi=-0.127
frame@111312: gain=0.134 ref=0.196 mse=0.323 tau=-0.101 omega=-2.70E-004 bad=0 tapChange=0.0170 floor=0.0053 fading=True/True preMse=0.597 energy=0.095/0.060 fresh=False phase=0.123 anchor=0.281@0.100 phi=-0.118
frame@111408: gain=0.143 ref=0.193 mse=0.309 tau=-0.101 omega=-2.35E-004 bad=0 tapChange=0.0119 floor=0.0057 fading=True/True preMse=0.571 energy=0.092/0.061 fresh=False phase=0.071 anchor=0.292@0.058 phi=-0.067
frame@111504: gain=0.175 ref=0.191 mse=0.279 tau=-0.100 omega=-2.84E-004 bad=0 tapChange=0.0108 floor=0.0061 fading=True/True preMse=0.515 energy=0.117/0.063 fresh=False phase=-0.104 anchor=0.352@-0.082 phi=0.094
frame@111600: gain=0.173 ref=0.190 mse=0.277 tau=-0.105 omega=-2.26E-004 bad=0 tapChange=0.0078 floor=0.0065 fading=True/True preMse=0.511 energy=0.099/0.066 fresh=False phase=0.111 anchor=0.345@0.098 phi=-0.112
frame@111696: gain=0.183 ref=0.189 mse=0.256 tau=-0.115 omega=-1.93E-004 bad=0 tapChange=0.0081 floor=0.0069 fading=True/True preMse=0.473 energy=0.108/0.067 fresh=False phase=0.067 anchor=0.372@0.058 phi=-0.064
frame@111792: gain=0.183 ref=0.189 mse=0.262 tau=-0.111 omega=-1.85E-004 bad=0 tapChange=0.0069 floor=0.0069 fading=True/True preMse=0.483 energy=0.092/0.069 fresh=False phase=0.016 anchor=0.365@0.014 phi=-0.015
frame@111888: gain=0.200 ref=0.188 mse=0.250 tau=-0.102 omega=-1.98E-004 bad=0 tapChange=0.0053 floor=0.0053 fading=True/True preMse=0.461 energy=0.097/0.070 fresh=False phase=-0.020 anchor=0.389@-0.023 phi=0.025
frame@111984: gain=0.187 ref=0.189 mse=0.249 tau=-0.097 omega=-1.62E-004 bad=0 tapChange=0.0046 floor=0.0046 fading=True/True preMse=0.460 energy=0.070/0.072 fresh=False phase=0.072 anchor=0.369@0.062 phi=-0.068
frame@112080: gain=0.152 ref=0.189 mse=0.304 tau=-0.103 omega=-1.93E-004 bad=0 tapChange=0.0045 floor=0.0045 fading=True/True preMse=0.561 energy=0.064/0.072 fresh=False phase=-0.057 anchor=0.301@-0.055 phi=0.058
frame@112176: gain=0.149 ref=0.187 mse=0.311 tau=-0.073 omega=-2.39E-004 bad=0 tapChange=0.0039 floor=0.0039 fading=True/True preMse=0.574 energy=0.058/0.071 fresh=False phase=-0.094 anchor=0.293@-0.083 phi=0.089
frame@112272: gain=0.154 ref=0.185 mse=0.301 tau=-0.095 omega=-2.06E-004 bad=0 tapChange=0.0031 floor=0.0031 fading=True/True preMse=0.557 energy=0.053/0.071 fresh=False phase=0.067 anchor=0.300@0.059 phi=-0.063
frame@112368: gain=0.144 ref=0.184 mse=0.340 tau=-0.108 omega=-4.16E-005 bad=0 tapChange=0.0037 floor=0.0034 fading=True/True preMse=0.628 energy=0.045/0.070 fresh=False phase=0.321 anchor=0.283@0.300 phi=-0.316
frame@112464: gain=0.101 ref=0.182 mse=0.405 tau=-0.111 omega=2.67E-005 bad=0 tapChange=0.0038 floor=0.0037 fading=True/True preMse=0.748 energy=0.033/0.069 fresh=False phase=0.135 anchor=0.198@0.127 phi=-0.131
frame@112560: gain=0.090 ref=0.178 mse=0.404 tau=-0.106 omega=7.34E-005 bad=0 tapChange=0.0025 floor=0.0025 fading=True/True preMse=0.746 energy=0.026/0.067 fresh=False phase=0.087 anchor=0.177@0.087 phi=-0.090
frame@112656: gain=0.078 ref=0.178 mse=0.451 tau=-0.079 omega=7.34E-005 bad=1 tapChange=0.0000 floor=0.0025 fading=True/True preMse=0.833 energy=0.024/0.067 fresh=True phase=0.461 anchor=0.017@0.000 phi=0.000
frame@112752: gain=0.005 ref=0.178 mse=0.534 tau=-0.091 omega=1.76E-004 bad=2 tapChange=0.8478 floor=0.0027 fading=True/True preMse=0.986 energy=0.021/0.067 fresh=False phase=0.423 anchor=0.024@0.157 phi=-0.196
frame@112848: gain=0.012 ref=0.178 mse=0.522 tau=-0.097 omega=1.58E-004 bad=3 tapChange=0.3823 floor=0.0030 fading=True/True preMse=0.963 energy=0.033/0.067 fresh=False phase=-0.080 anchor=0.039@-0.045 phi=0.034
frame@112944: gain=0.020 ref=0.178 mse=0.509 tau=-0.091 omega=1.84E-004 bad=4 tapChange=0.2165 floor=0.0032 fading=True/True preMse=0.940 energy=0.048/0.067 fresh=False phase=0.148 anchor=0.056@0.091 phi=-0.050
frame@113040: gain=0.034 ref=0.178 mse=0.485 tau=-0.111 omega=2.27E-004 bad=5 tapChange=0.1570 floor=0.0035 fading=True/True preMse=0.895 energy=0.054/0.067 fresh=False phase=0.252 anchor=0.089@0.170 phi=-0.082
frame@113136: gain=0.044 ref=0.178 mse=0.466 tau=-0.113 omega=2.65E-004 bad=6 tapChange=0.0844 floor=0.0038 fading=True/True preMse=0.861 energy=0.053/0.067 fresh=False phase=0.076 anchor=0.105@0.054 phi=-0.073
frame@113232: gain=0.061 ref=0.178 mse=0.439 tau=-0.108 omega=3.36E-004 bad=7 tapChange=0.0659 floor=0.0040 fading=True/True preMse=0.811 energy=0.073/0.067 fresh=False phase=0.138 anchor=0.143@0.105 phi=-0.137
frame@113328: gain=0.082 ref=0.178 mse=0.403 tau=-0.110 omega=3.97E-004 bad=8 tapChange=0.0469 floor=0.0043 fading=True/True preMse=0.744 energy=0.085/0.067 fresh=False phase=0.114 anchor=0.184@0.091 phi=-0.116
frame@113424: gain=0.098 ref=0.178 mse=0.376 tau=-0.102 omega=3.56E-004 bad=9 tapChange=0.0330 floor=0.0047 fading=True/True preMse=0.693 energy=0.078/0.067 fresh=False phase=-0.089 anchor=0.215@-0.063 phi=0.078
frame@113520: gain=0.120 ref=0.178 mse=0.345 tau=-0.108 omega=3.88E-004 bad=10 tapChange=0.0211 floor=0.0050 fading=True/True preMse=0.636 energy=0.105/0.067 fresh=False phase=0.063 anchor=0.251@0.051 phi=-0.061
frame@113616: gain=0.138 ref=0.175 mse=0.327 tau=-0.112 omega=3.99E-004 bad=0 tapChange=0.0170 floor=0.0054 fading=True/True preMse=0.604 energy=0.122/0.069 fresh=False phase=0.022 anchor=0.283@0.017 phi=-0.021
frame@113712: gain=0.141 ref=0.173 mse=0.316 tau=-0.112 omega=4.05E-004 bad=0 tapChange=0.0116 floor=0.0057 fading=True/True preMse=0.583 energy=0.091/0.071 fresh=False phase=0.010 anchor=0.286@0.011 phi=-0.013
frame@113808: gain=0.179 ref=0.171 mse=0.272 tau=-0.115 omega=3.55E-004 bad=0 tapChange=0.0121 floor=0.0061 fading=True/True preMse=0.502 energy=0.123/0.072 fresh=False phase=-0.111 anchor=0.362@-0.083 phi=0.097
frame@113904: gain=0.194 ref=0.172 mse=0.257 tau=-0.110 omega=3.28E-004 bad=0 tapChange=0.0105 floor=0.0065 fading=True/True preMse=0.474 energy=0.136/0.075 fresh=False phase=-0.053 anchor=0.393@-0.045 phi=0.051
frame@114000: gain=0.183 ref=0.173 mse=0.275 tau=-0.103 omega=4.36E-004 bad=0 tapChange=0.0078 floor=0.0069 fading=True/True preMse=0.507 energy=0.113/0.078 fresh=False phase=0.218 anchor=0.365@0.185 phi=-0.208
frame@114096: gain=0.199 ref=0.173 mse=0.264 tau=-0.096 omega=3.23E-004 bad=0 tapChange=0.0070 floor=0.0070 fading=True/True preMse=0.488 energy=0.131/0.080 fresh=False phase=-0.234 anchor=0.395@-0.194 phi=0.218
frame@114192: gain=0.220 ref=0.175 mse=0.232 tau=-0.094 omega=3.83E-004 bad=0 tapChange=0.0073 floor=0.0073 fading=True/True preMse=0.429 energy=0.130/0.082 fresh=False phase=0.110 anchor=0.439@0.103 phi=-0.115
frame@114288: gain=0.211 ref=0.177 mse=0.233 tau=-0.095 omega=4.51E-004 bad=0 tapChange=0.0062 floor=0.0062 fading=True/True preMse=0.431 energy=0.114/0.085 fresh=False phase=0.136 anchor=0.420@0.120 phi=-0.132
frame@114384: gain=0.184 ref=0.179 mse=0.309 tau=-0.100 omega=2.55E-004 bad=0 tapChange=0.0066 floor=0.0066 fading=True/True preMse=0.570 energy=0.084/0.086 fresh=False phase=-0.412 anchor=0.361@-0.347 phi=0.376
frame@114480: gain=0.173 ref=0.179 mse=0.279 tau=-0.098 omega=2.82E-004 bad=0 tapChange=0.0049 floor=0.0049 fading=True/True preMse=0.515 energy=0.079/0.086 fresh=False phase=0.058 anchor=0.342@0.047 phi=-0.051
frame@114576: gain=0.136 ref=0.179 mse=0.336 tau=-0.119 omega=3.15E-004 bad=0 tapChange=0.0049 floor=0.0049 fading=True/True preMse=0.621 energy=0.055/0.086 fresh=False phase=0.064 anchor=0.273@0.060 phi=-0.064
frame@114672: gain=0.127 ref=0.176 mse=0.349 tau=-0.110 omega=2.30E-004 bad=0 tapChange=0.0039 floor=0.0039 fading=True/True preMse=0.644 energy=0.048/0.084 fresh=False phase=-0.183 anchor=0.252@-0.155 phi=0.163
frame@114768: gain=0.087 ref=0.174 mse=0.423 tau=-0.119 omega=3.23E-004 bad=0 tapChange=0.0039 floor=0.0039 fading=True/True preMse=0.781 energy=0.037/0.082 fresh=False phase=0.205 anchor=0.174@0.171 phi=-0.177
frame@114864: gain=0.021 ref=0.174 mse=0.576 tau=-0.130 omega=3.23E-004 bad=1 tapChange=0.0000 floor=0.0039 fading=True/True preMse=1.063 energy=0.030/0.082 fresh=True phase=1.286 anchor=0.021@0.000 phi=0.000
frame@114960: gain=0.008 ref=0.174 mse=0.526 tau=-0.100 omega=3.51E-004 bad=2 tapChange=0.8449 floor=0.0042 fading=True/True preMse=0.972 energy=0.022/0.082 fresh=False phase=0.109 anchor=0.033@0.049 phi=-0.056
frame@115056: gain=0.015 ref=0.174 mse=0.516 tau=-0.111 omega=3.78E-004 bad=3 tapChange=0.2945 floor=0.0045 fading=True/True preMse=0.952 energy=0.037/0.082 fresh=False phase=0.138 anchor=0.047@0.080 phi=-0.050
frame@115152: gain=0.020 ref=0.174 mse=0.507 tau=-0.111 omega=3.81E-004 bad=4 tapChange=0.1728 floor=0.0048 fading=True/True preMse=0.936 energy=0.047/0.082 fresh=False phase=0.019 anchor=0.059@0.013 phi=-0.006
frame@115248: gain=0.031 ref=0.174 mse=0.488 tau=-0.129 omega=3.71E-004 bad=5 tapChange=0.1319 floor=0.0052 fading=True/True preMse=0.901 energy=0.068/0.082 fresh=False phase=-0.069 anchor=0.086@-0.049 phi=0.019
frame@115344: gain=0.053 ref=0.174 mse=0.453 tau=-0.118 omega=3.13E-004 bad=6 tapChange=0.0966 floor=0.0056 fading=True/True preMse=0.837 energy=0.080/0.082 fresh=False phase=-0.114 anchor=0.130@-0.081 phi=0.111
frame@115440: gain=0.060 ref=0.174 mse=0.442 tau=-0.114 omega=4.19E-004 bad=7 tapChange=0.0589 floor=0.0059 fading=True/True preMse=0.816 energy=0.087/0.082 fresh=False phase=0.229 anchor=0.143@0.159 phi=-0.202
frame@115536: gain=0.075 ref=0.174 mse=0.425 tau=-0.101 omega=2.75E-004 bad=8 tapChange=0.0411 floor=0.0063 fading=True/True preMse=0.785 energy=0.092/0.082 fresh=False phase=-0.302 anchor=0.169@-0.222 phi=0.275
frame@115632: gain=0.105 ref=0.174 mse=0.373 tau=-0.095 omega=2.57E-004 bad=9 tapChange=0.0341 floor=0.0067 fading=True/True preMse=0.689 energy=0.104/0.082 fresh=False phase=-0.036 anchor=0.227@-0.028 phi=0.035
frame@115728: gain=0.121 ref=0.171 mse=0.366 tau=-0.097 omega=4.48E-004 bad=0 tapChange=0.0262 floor=0.0072 fading=True/True preMse=0.676 energy=0.108/0.083 fresh=False phase=0.394 anchor=0.260@0.302 phi=-0.367
frame@115824: gain=0.151 ref=0.168 mse=0.312 tau=-0.093 omega=3.26E-004 bad=0 tapChange=0.0215 floor=0.0076 fading=True/True preMse=0.575 energy=0.123/0.085 fresh=False phase=-0.250 anchor=0.319@-0.193 phi=0.233
frame@115920: gain=0.156 ref=0.167 mse=0.303 tau=-0.098 omega=3.50E-004 bad=0 tapChange=0.0165 floor=0.0081 fading=True/True preMse=0.559 energy=0.115/0.087 fresh=False phase=0.059 anchor=0.324@0.039 phi=-0.045
frame@116016: gain=0.157 ref=0.167 mse=0.298 tau=-0.102 omega=3.31E-004 bad=0 tapChange=0.0133 floor=0.0086 fading=True/True preMse=0.550 energy=0.123/0.088 fresh=False phase=-0.045 anchor=0.325@-0.031 phi=0.036
frame@116112: gain=0.164 ref=0.166 mse=0.286 tau=-0.101 omega=3.43E-004 bad=0 tapChange=0.0105 floor=0.0092 fading=True/True preMse=0.528 energy=0.110/0.090 fresh=False phase=0.025 anchor=0.335@0.020 phi=-0.023
frame@116208: gain=0.168 ref=0.166 mse=0.290 tau=-0.105 omega=3.17E-004 bad=0 tapChange=0.0098 floor=0.0097 fading=True/True preMse=0.535 energy=0.120/0.091 fresh=False phase=-0.060 anchor=0.344@-0.044 phi=0.050
frame@116304: gain=0.191 ref=0.166 mse=0.260 tau=-0.107 omega=3.01E-004 bad=0 tapChange=0.0081 floor=0.0081 fading=True/True preMse=0.481 energy=0.106/0.092 fresh=False phase=-0.032 anchor=0.381@-0.029 phi=0.032
frame@116400: gain=0.148 ref=0.167 mse=0.329 tau=-0.098 omega=4.27E-004 bad=0 tapChange=0.0078 floor=0.0078 fading=True/True preMse=0.608 energy=0.082/0.093 fresh=False phase=0.261 anchor=0.299@0.223 phi=-0.242
frame@116496: gain=0.163 ref=0.166 mse=0.298 tau=-0.102 omega=3.32E-004 bad=0 tapChange=0.0060 floor=0.0060 fading=True/True preMse=0.551 energy=0.079/0.092 fresh=False phase=-0.203 anchor=0.326@-0.167 phi=0.182
frame@116592: gain=0.168 ref=0.166 mse=0.278 tau=-0.093 omega=3.93E-004 bad=0 tapChange=0.0051 floor=0.0051 fading=True/True preMse=0.513 energy=0.077/0.092 fresh=False phase=0.122 anchor=0.335@0.108 phi=-0.117
frame@116688: gain=0.165 ref=0.166 mse=0.299 tau=-0.095 omega=5.14E-004 bad=0 tapChange=0.0048 floor=0.0048 fading=True/True preMse=0.552 energy=0.064/0.091 fresh=False phase=0.246 anchor=0.325@0.216 phi=-0.232
frame@116784: gain=0.186 ref=0.166 mse=0.278 tau=-0.095 omega=3.96E-004 bad=0 tapChange=0.0046 floor=0.0046 fading=True/True preMse=0.513 energy=0.064/0.090 fresh=False phase=-0.241 anchor=0.363@-0.210 phi=0.226
frame@116880: gain=0.169 ref=0.167 mse=0.295 tau=-0.100 omega=2.90E-004 bad=0 tapChange=0.0035 floor=0.0035 fading=True/True preMse=0.545 energy=0.058/0.088 fresh=False phase=-0.211 anchor=0.327@-0.192 phi=0.204
frame@116976: gain=0.152 ref=0.167 mse=0.332 tau=-0.101 omega=2.39E-004 bad=0 tapChange=0.0038 floor=0.0038 fading=True/True preMse=0.613 energy=0.045/0.087 fresh=False phase=-0.087 anchor=0.291@-0.093 phi=0.098
frame@117072: gain=0.174 ref=0.167 mse=0.308 tau=-0.080 omega=1.33E-004 bad=0 tapChange=0.0031 floor=0.0031 fading=True/True preMse=0.569 energy=0.042/0.085 fresh=False phase=-0.207 anchor=0.331@-0.192 phi=0.203
frame@117168: gain=0.153 ref=0.167 mse=0.323 tau=-0.073 omega=5.62E-005 bad=0 tapChange=0.0029 floor=0.0029 fading=True/True preMse=0.597 energy=0.037/0.083 fresh=False phase=-0.143 anchor=0.291@-0.140 phi=0.147
frame@117264: gain=0.118 ref=0.166 mse=0.392 tau=-0.053 omega=1.09E-004 bad=0 tapChange=0.0044 floor=0.0031 fading=True/True preMse=0.723 energy=0.041/0.080 fresh=False phase=0.116 anchor=0.233@0.097 phi=-0.101
frame@117360: gain=0.150 ref=0.164 mse=0.341 tau=-0.023 omega=4.15E-006 bad=0 tapChange=0.0035 floor=0.0034 fading=True/True preMse=0.629 energy=0.045/0.078 fresh=False phase=-0.212 anchor=0.288@-0.192 phi=0.201
frame@117456: gain=0.087 ref=0.163 mse=0.427 tau=-0.038 omega=-1.08E-004 bad=0 tapChange=0.0037 floor=0.0037 fading=True/True preMse=0.789 energy=0.033/0.077 fresh=False phase=-0.247 anchor=0.176@-0.210 phi=0.215
frame@117552: gain=0.107 ref=0.163 mse=0.407 tau=-0.028 omega=-1.44E-004 bad=1 tapChange=0.0044 floor=0.0040 fading=True/True preMse=0.752 energy=0.058/0.077 fresh=False phase=-0.067 anchor=0.217@-0.066 phi=0.069
frame@117648: gain=0.092 ref=0.160 mse=0.410 tau=-0.035 omega=-2.17E-004 bad=0 tapChange=0.0036 floor=0.0036 fading=True/True preMse=0.757 energy=0.054/0.076 fresh=False phase=-0.143 anchor=0.191@-0.136 phi=0.140
frame@117744: gain=0.062 ref=0.160 mse=0.486 tau=-0.042 omega=-2.17E-004 bad=1 tapChange=0.0000 floor=0.0036 fading=True/True preMse=0.897 energy=0.061/0.076 fresh=True phase=0.590 anchor=0.032@-0.000 phi=0.000
frame@117840: gain=0.015 ref=0.160 mse=0.514 tau=-0.053 omega=-1.62E-004 bad=2 tapChange=0.8673 floor=0.0038 fading=True/True preMse=0.950 energy=0.062/0.076 fresh=False phase=0.198 anchor=0.056@0.095 phi=-0.105
frame@117936: gain=0.025 ref=0.160 mse=0.497 tau=-0.077 omega=-1.23E-004 bad=3 tapChange=0.2303 floor=0.0041 fading=True/True preMse=0.917 energy=0.058/0.076 fresh=False phase=0.226 anchor=0.073@0.136 phi=-0.075
frame@118032: gain=0.036 ref=0.160 mse=0.480 tau=-0.081 omega=-9.51E-005 bad=4 tapChange=0.1099 floor=0.0044 fading=True/True preMse=0.887 energy=0.058/0.076 fresh=False phase=0.201 anchor=0.091@0.138 phi=-0.053
frame@118128: gain=0.046 ref=0.160 mse=0.467 tau=-0.076 omega=7.78E-005 bad=5 tapChange=0.0824 floor=0.0048 fading=True/True preMse=0.862 energy=0.065/0.076 fresh=False phase=0.355 anchor=0.116@0.252 phi=-0.332
frame@118224: gain=0.067 ref=0.160 mse=0.429 tau=-0.083 omega=1.46E-004 bad=6 tapChange=0.0561 floor=0.0051 fading=True/True preMse=0.792 energy=0.070/0.076 fresh=False phase=0.124 anchor=0.153@0.102 phi=-0.132
frame@118320: gain=0.075 ref=0.160 mse=0.416 tau=-0.073 omega=2.27E-004 bad=7 tapChange=0.0435 floor=0.0054 fading=True/True preMse=0.768 energy=0.084/0.076 fresh=False phase=0.151 anchor=0.173@0.125 phi=-0.155
frame@118416: gain=0.088 ref=0.160 mse=0.400 tau=-0.059 omega=2.12E-004 bad=8 tapChange=0.0343 floor=0.0058 fading=True/True preMse=0.738 energy=0.089/0.076 fresh=False phase=-0.034 anchor=0.197@-0.024 phi=0.029
frame@118512: gain=0.122 ref=0.160 mse=0.346 tau=-0.072 omega=2.38E-004 bad=9 tapChange=0.0266 floor=0.0062 fading=True/True preMse=0.638 energy=0.123/0.076 fresh=False phase=0.055 anchor=0.264@0.041 phi=-0.049
frame@118608: gain=0.142 ref=0.158 mse=0.324 tau=-0.077 omega=3.12E-004 bad=0 tapChange=0.0212 floor=0.0066 fading=True/True preMse=0.599 energy=0.139/0.078 fresh=False phase=0.145 anchor=0.303@0.120 phi=-0.143
frame@118704: gain=0.161 ref=0.158 mse=0.298 tau=-0.073 omega=2.63E-004 bad=0 tapChange=0.0173 floor=0.0071 fading=True/True preMse=0.550 energy=0.155/0.081 fresh=False phase=-0.108 anchor=0.338@-0.080 phi=0.094
frame@118800: gain=0.155 ref=0.158 mse=0.305 tau=-0.074 omega=2.02E-004 bad=0 tapChange=0.0122 floor=0.0075 fading=True/True preMse=0.562 energy=0.124/0.085 fresh=False phase=-0.127 anchor=0.319@-0.101 phi=0.116
frame@118896: gain=0.164 ref=0.158 mse=0.289 tau=-0.068 omega=2.61E-004 bad=0 tapChange=0.0109 floor=0.0080 fading=True/True preMse=0.534 energy=0.134/0.087 fresh=False phase=0.120 anchor=0.338@0.099 phi=-0.113
frame@118992: gain=0.186 ref=0.158 mse=0.262 tau=-0.077 omega=2.78E-004 bad=0 tapChange=0.0089 floor=0.0085 fading=True/True preMse=0.483 energy=0.119/0.089 fresh=False phase=0.037 anchor=0.375@0.029 phi=-0.033
frame@119088: gain=0.169 ref=0.159 mse=0.286 tau=-0.099 omega=3.07E-004 bad=0 tapChange=0.0084 floor=0.0084 fading=True/True preMse=0.527 energy=0.128/0.091 fresh=False phase=0.060 anchor=0.345@0.050 phi=-0.055
frame@119184: gain=0.137 ref=0.160 mse=0.320 tau=-0.082 omega=3.38E-004 bad=0 tapChange=0.0060 floor=0.0060 fading=True/True preMse=0.591 energy=0.082/0.093 fresh=False phase=0.056 anchor=0.278@0.056 phi=-0.060
frame@119280: gain=0.143 ref=0.159 mse=0.320 tau=-0.082 omega=2.92E-004 bad=0 tapChange=0.0069 floor=0.0064 fading=True/True preMse=0.591 energy=0.094/0.092 fresh=False phase=-0.094 anchor=0.296@-0.080 phi=0.087
frame@119376: gain=0.115 ref=0.158 mse=0.376 tau=-0.093 omega=3.74E-004 bad=0 tapChange=0.0066 floor=0.0066 fading=True/True preMse=0.695 energy=0.061/0.092 fresh=False phase=0.157 anchor=0.234@0.147 phi=-0.156
frame@119472: gain=0.096 ref=0.156 mse=0.402 tau=-0.097 omega=4.54E-004 bad=0 tapChange=0.0061 floor=0.0061 fading=True/True preMse=0.742 energy=0.061/0.090 fresh=False phase=0.154 anchor=0.200@0.147 phi=-0.154
frame@119568: gain=0.078 ref=0.156 mse=0.433 tau=-0.115 omega=4.54E-004 bad=1 tapChange=0.0000 floor=0.0061 fading=True/True preMse=0.799 energy=0.045/0.090 fresh=True phase=0.268 anchor=0.028@0.000 phi=0.000
frame@119664: gain=0.014 ref=0.156 mse=0.516 tau=-0.111 omega=5.05E-004 bad=2 tapChange=1.0341 floor=0.0065 fading=True/True preMse=0.954 energy=0.057/0.090 fresh=False phase=0.186 anchor=0.056@0.080 phi=-0.098
frame@119760: gain=0.022 ref=0.156 mse=0.504 tau=-0.117 omega=4.48E-004 bad=3 tapChange=0.1834 floor=0.0069 fading=True/True preMse=0.931 energy=0.030/0.090 fresh=False phase=-0.328 anchor=0.061@-0.214 phi=0.109
frame@119856: gain=0.028 ref=0.156 mse=0.495 tau=-0.106 omega=4.13E-004 bad=4 tapChange=0.1016 floor=0.0074 fading=True/True preMse=0.914 energy=0.040/0.090 fresh=False phase=-0.274 anchor=0.071@-0.194 phi=0.068
frame@119952: gain=0.041 ref=0.156 mse=0.472 tau=-0.115 omega=3.95E-004 bad=5 tapChange=0.0785 floor=0.0079 fading=True/True preMse=0.871 energy=0.060/0.090 fresh=False phase=-0.151 anchor=0.099@-0.110 phi=0.035
frame@120048: gain=0.042 ref=0.156 mse=0.481 tau=-0.121 omega=3.50E-004 bad=6 tapChange=0.0429 floor=0.0084 fading=True/True preMse=0.888 energy=0.047/0.090 fresh=False phase=-0.505 anchor=0.096@-0.386 phi=0.085
frame@120144: gain=0.054 ref=0.156 mse=0.468 tau=-0.126 omega=7.59E-005 bad=7 tapChange=0.0343 floor=0.0089 fading=True/True preMse=0.864 energy=0.055/0.090 fresh=False phase=-0.561 anchor=0.120@-0.434 phi=0.526
frame@120240: gain=0.059 ref=0.156 mse=0.446 tau=-0.104 omega=5.92E-005 bad=8 tapChange=0.0380 floor=0.0094 fading=True/True preMse=0.824 energy=0.071/0.090 fresh=False phase=0.001 anchor=0.134@-0.027 phi=0.032
frame@120336: gain=0.077 ref=0.156 mse=0.419 tau=-0.096 omega=-8.71E-005 bad=9 tapChange=0.0296 floor=0.0100 fading=True/True preMse=0.773 energy=0.079/0.090 fresh=False phase=-0.288 anchor=0.169@-0.236 phi=0.281
frame@120432: gain=0.103 ref=0.156 mse=0.374 tau=-0.095 omega=-1.01E-004 bad=10 tapChange=0.0253 floor=0.0106 fading=True/True preMse=0.690 energy=0.085/0.090 fresh=False phase=-0.015 anchor=0.221@-0.022 phi=0.026
frame@120528: gain=0.134 ref=0.153 mse=0.329 tau=-0.091 omega=-7.20E-005 bad=0 tapChange=0.0207 floor=0.0112 fading=True/True preMse=0.607 energy=0.119/0.090 fresh=False phase=0.061 anchor=0.284@0.046 phi=-0.055
frame@120624: gain=0.144 ref=0.152 mse=0.311 tau=-0.091 omega=-1.08E-004 bad=0 tapChange=0.0162 floor=0.0119 fading=True/True preMse=0.574 energy=0.113/0.092 fresh=False phase=-0.061 anchor=0.300@-0.060 phi=0.070
frame@120720: gain=0.166 ref=0.152 mse=0.292 tau=-0.085 omega=-1.72E-004 bad=0 tapChange=0.0115 floor=0.0115 fading=True/True preMse=0.538 energy=0.101/0.093 fresh=False phase=-0.128 anchor=0.335@-0.107 phi=0.123
frame@120816: gain=0.167 ref=0.152 mse=0.287 tau=-0.091 omega=-1.53E-004 bad=0 tapChange=0.0091 floor=0.0091 fading=True/True preMse=0.530 energy=0.089/0.093 fresh=False phase=0.041 anchor=0.333@0.033 phi=-0.037
frame@120912: gain=0.192 ref=0.153 mse=0.256 tau=-0.094 omega=-2.30E-004 bad=0 tapChange=0.0083 floor=0.0083 fading=True/True preMse=0.472 energy=0.110/0.093 fresh=False phase=-0.149 anchor=0.383@-0.130 phi=0.147
frame@121008: gain=0.199 ref=0.155 mse=0.239 tau=-0.093 omega=-2.40E-004 bad=0 tapChange=0.0067 floor=0.0067 fading=True/True preMse=0.442 energy=0.109/0.094 fresh=False phase=-0.019 anchor=0.396@-0.019 phi=0.021
frame@121104: gain=0.160 ref=0.157 mse=0.302 tau=-0.096 omega=-2.26E-004 bad=0 tapChange=0.0057 floor=0.0057 fading=True/True preMse=0.558 energy=0.070/0.095 fresh=False phase=0.030 anchor=0.313@0.026 phi=-0.028
frame@121200: gain=0.187 ref=0.157 mse=0.258 tau=-0.101 omega=-2.41E-004 bad=0 tapChange=0.0050 floor=0.0050 fading=True/True preMse=0.476 energy=0.079/0.093 fresh=False phase=-0.027 anchor=0.366@-0.028 phi=0.030
frame@121296: gain=0.182 ref=0.159 mse=0.274 tau=-0.099 omega=-2.44E-004 bad=0 tapChange=0.0053 floor=0.0053 fading=True/True preMse=0.505 energy=0.078/0.093 fresh=False phase=0.008 anchor=0.356@-0.005 phi=0.005
frame@121392: gain=0.189 ref=0.160 mse=0.286 tau=-0.103 omega=-2.61E-004 bad=0 tapChange=0.0054 floor=0.0054 fading=True/True preMse=0.528 energy=0.080/0.092 fresh=False phase=-0.042 anchor=0.368@-0.029 phi=0.032
frame@121488: gain=0.162 ref=0.162 mse=0.288 tau=-0.096 omega=-3.30E-004 bad=0 tapChange=0.0041 floor=0.0041 fading=True/True preMse=0.531 energy=0.066/0.091 fresh=False phase=-0.133 anchor=0.322@-0.124 phi=0.133
frame@121584: gain=0.198 ref=0.162 mse=0.243 tau=-0.086 omega=-3.51E-004 bad=0 tapChange=0.0038 floor=0.0038 fading=True/True preMse=0.449 energy=0.066/0.090 fresh=False phase=-0.035 anchor=0.387@-0.037 phi=0.040
frame@121680: gain=0.167 ref=0.163 mse=0.293 tau=-0.083 omega=-3.37E-004 bad=0 tapChange=0.0030 floor=0.0030 fading=True/True preMse=0.541 energy=0.041/0.089 fresh=False phase=0.023 anchor=0.321@0.025 phi=-0.027
frame@121776: gain=0.161 ref=0.164 mse=0.305 tau=-0.075 omega=-2.17E-004 bad=0 tapChange=0.0027 floor=0.0027 fading=True/True preMse=0.562 energy=0.042/0.086 fresh=False phase=0.235 anchor=0.311@0.218 phi=-0.230
frame@121872: gain=0.172 ref=0.163 mse=0.302 tau=-0.096 omega=-1.13E-004 bad=0 tapChange=0.0034 floor=0.0029 fading=True/True preMse=0.558 energy=0.050/0.084 fresh=False phase=0.204 anchor=0.333@0.189 phi=-0.199
frame@121968: gain=0.179 ref=0.164 mse=0.314 tau=-0.092 omega=-2.28E-004 bad=0 tapChange=0.0034 floor=0.0031 fading=True/True preMse=0.580 energy=0.059/0.083 fresh=False phase=-0.224 anchor=0.344@-0.208 phi=0.219
frame@122064: gain=0.179 ref=0.165 mse=0.303 tau=-0.077 omega=-1.59E-004 bad=0 tapChange=0.0037 floor=0.0034 fading=True/True preMse=0.559 energy=0.052/0.081 fresh=False phase=0.134 anchor=0.347@0.125 phi=-0.131
frame@122160: gain=0.197 ref=0.165 mse=0.328 tau=-0.092 omega=4.96E-005 bad=0 tapChange=0.0031 floor=0.0031 fading=True/True preMse=0.606 energy=0.061/0.080 fresh=False phase=0.401 anchor=0.374@0.381 phi=-0.401
frame@122256: gain=0.193 ref=0.167 mse=0.287 tau=-0.096 omega=1.37E-004 bad=0 tapChange=0.0033 floor=0.0033 fading=True/True preMse=0.530 energy=0.063/0.079 fresh=False phase=0.170 anchor=0.370@0.160 phi=-0.167
frame@122352: gain=0.157 ref=0.168 mse=0.323 tau=-0.094 omega=2.82E-004 bad=0 tapChange=0.0029 floor=0.0029 fading=True/True preMse=0.597 energy=0.049/0.078 fresh=False phase=0.286 anchor=0.306@0.267 phi=-0.278
frame@122448: gain=0.195 ref=0.168 mse=0.268 tau=-0.090 omega=2.19E-004 bad=0 tapChange=0.0029 floor=0.0029 fading=True/True preMse=0.496 energy=0.060/0.077 fresh=False phase=-0.125 anchor=0.378@-0.113 phi=0.119
frame@122544: gain=0.178 ref=0.169 mse=0.283 tau=-0.095 omega=1.38E-004 bad=0 tapChange=0.0026 floor=0.0026 fading=True/True preMse=0.523 energy=0.058/0.076 fresh=False phase=-0.156 anchor=0.347@-0.149 phi=0.156
frame@122640: gain=0.163 ref=0.169 mse=0.302 tau=-0.098 omega=1.13E-004 bad=0 tapChange=0.0021 floor=0.0021 fading=True/True preMse=0.558 energy=0.046/0.075 fresh=False phase=-0.054 anchor=0.316@-0.048 phi=0.050
frame@122736: gain=0.164 ref=0.169 mse=0.343 tau=-0.103 omega=2.96E-004 bad=0 tapChange=0.0030 floor=0.0023 fading=True/True preMse=0.632 energy=0.043/0.074 fresh=False phase=0.373 anchor=0.316@0.340 phi=-0.352
frame@122832: gain=0.148 ref=0.169 mse=0.328 tau=-0.123 omega=2.34E-004 bad=0 tapChange=0.0024 floor=0.0024 fading=True/True preMse=0.605 energy=0.035/0.072 fresh=False phase=-0.129 anchor=0.289@-0.114 phi=0.118
frame@122928: gain=0.111 ref=0.168 mse=0.417 tau=-0.134 omega=1.06E-004 bad=0 tapChange=0.0022 floor=0.0022 fading=True/True preMse=0.770 energy=0.028/0.070 fresh=False phase=-0.276 anchor=0.208@-0.240 phi=0.246
frame@123024: gain=0.064 ref=0.165 mse=0.513 tau=-0.128 omega=4.38E-004 bad=0 tapChange=0.0025 floor=0.0025 fading=True/True preMse=0.947 energy=0.030/0.068 fresh=False phase=0.681 anchor=0.125@0.628 phi=-0.636
frame@123120: gain=0.044 ref=0.165 mse=0.582 tau=-0.151 omega=4.38E-004 bad=1 tapChange=0.0000 floor=0.0025 fading=True/True preMse=1.074 energy=0.023/0.068 fresh=True phase=-1.498 anchor=0.015@-0.000 phi=0.000
frame@123216: gain=0.005 ref=0.165 mse=0.533 tau=-0.181 omega=4.27E-004 bad=2 tapChange=0.8428 floor=0.0027 fading=True/True preMse=0.983 energy=0.018/0.068 fresh=False phase=-0.030 anchor=0.023@-0.016 phi=0.019
frame@123312: gain=0.008 ref=0.165 mse=0.528 tau=-0.151 omega=4.35E-004 bad=3 tapChange=0.2545 floor=0.0029 fading=True/True preMse=0.976 energy=0.021/0.068 fresh=False phase=0.041 anchor=0.027@0.024 phi=-0.015
frame@123408: gain=0.009 ref=0.165 mse=0.529 tau=-0.172 omega=4.22E-004 bad=4 tapChange=0.1330 floor=0.0032 fading=True/True preMse=0.976 energy=0.017/0.068 fresh=False phase=-0.109 anchor=0.026@-0.062 phi=0.025
frame@123504: gain=0.015 ref=0.165 mse=0.518 tau=-0.189 omega=3.91E-004 bad=5 tapChange=0.1219 floor=0.0034 fading=True/True preMse=0.957 energy=0.019/0.068 fresh=False phase=-0.200 anchor=0.039@-0.145 phi=0.060
frame@123600: gain=0.018 ref=0.165 mse=0.516 tau=-0.208 omega=3.56E-004 bad=6 tapChange=0.0686 floor=0.0037 fading=True/True preMse=0.952 energy=0.021/0.068 fresh=False phase=-0.278 anchor=0.042@-0.217 phi=0.068
frame@123696: gain=0.021 ref=0.165 mse=0.511 tau=-0.197 omega=3.64E-004 bad=7 tapChange=0.0555 floor=0.0040 fading=True/True preMse=0.943 energy=0.025/0.068 fresh=False phase=0.070 anchor=0.048@0.060 phi=-0.016
frame@123792: gain=0.025 ref=0.165 mse=0.502 tau=-0.223 omega=3.74E-004 bad=8 tapChange=0.0434 floor=0.0043 fading=True/True preMse=0.927 energy=0.018/0.068 fresh=False phase=0.094 anchor=0.055@0.079 phi=-0.019
frame@123888: gain=0.021 ref=0.165 mse=0.511 tau=-0.213 omega=3.74E-004 bad=9 tapChange=0.0368 floor=0.0046 fading=True/True preMse=0.944 energy=0.025/0.068 fresh=False phase=-0.009 anchor=0.048@-0.001 phi=0.000
frame@123984: gain=0.023 ref=0.165 mse=0.505 tau=-0.210 omega=3.75E-004 bad=10 tapChange=0.0235 floor=0.0049 fading=True/True preMse=0.933 energy=0.022/0.068 fresh=False phase=0.021 anchor=0.050@0.011 phi=-0.002
frame@124080: gain=0.028 ref=0.165 mse=0.498 tau=-0.202 omega=3.83E-004 bad=11 tapChange=0.0313 floor=0.0053 fading=True/True preMse=0.920 energy=0.030/0.068 fresh=False phase=0.115 anchor=0.063@0.098 phi=-0.015
frame@124176: gain=0.037 ref=0.165 mse=0.482 tau=-0.184 omega=3.81E-004 bad=12 tapChange=0.0448 floor=0.0056 fading=True/True preMse=0.891 energy=0.054/0.068 fresh=False phase=-0.038 anchor=0.090@-0.021 phi=0.004
frame@124272: gain=0.042 ref=0.165 mse=0.474 tau=-0.179 omega=3.88E-004 bad=13 tapChange=0.0341 floor=0.0060 fading=True/True preMse=0.875 energy=0.048/0.068 fresh=False phase=0.104 anchor=0.097@0.089 phi=-0.014
frame@124368: gain=0.070 ref=0.165 mse=0.424 tau=-0.170 omega=4.06E-004 bad=14 tapChange=0.0377 floor=0.0064 fading=True/True preMse=0.782 energy=0.073/0.068 fresh=False phase=0.032 anchor=0.159@0.028 phi=-0.033
frame@124464: gain=0.087 ref=0.165 mse=0.394 tau=-0.165 omega=3.75E-004 bad=15 tapChange=0.0266 floor=0.0068 fading=True/True preMse=0.727 energy=0.065/0.068 fresh=False phase=-0.061 anchor=0.188@-0.049 phi=0.058
frame@124560: gain=0.088 ref=0.165 mse=0.401 tau=-0.157 omega=3.47E-004 bad=16 tapChange=0.0221 floor=0.0073 fading=True/True preMse=0.740 energy=0.068/0.068 fresh=False phase=-0.050 anchor=0.189@-0.046 phi=0.053
frame@124656: gain=0.098 ref=0.165 mse=0.379 tau=-0.155 omega=3.07E-004 bad=17 tapChange=0.0169 floor=0.0077 fading=True/True preMse=0.699 energy=0.078/0.068 fresh=False phase=-0.081 anchor=0.208@-0.068 phi=0.078
frame@124752: gain=0.101 ref=0.165 mse=0.379 tau=-0.152 omega=3.23E-004 bad=18 tapChange=0.0133 floor=0.0082 fading=True/True preMse=0.700 energy=0.072/0.068 fresh=False phase=0.036 anchor=0.209@0.027 phi=-0.030
frame@124848: gain=0.114 ref=0.162 mse=0.362 tau=-0.149 omega=2.18E-004 bad=0 tapChange=0.0122 floor=0.0087 fading=True/True preMse=0.668 energy=0.072/0.068 fresh=False phase=-0.205 anchor=0.236@-0.180 phi=0.201
frame@124944: gain=0.121 ref=0.159 mse=0.344 tau=-0.147 omega=1.89E-004 bad=0 tapChange=0.0113 floor=0.0093 fading=True/True preMse=0.636 energy=0.079/0.068 fresh=False phase=-0.059 anchor=0.253@-0.051 phi=0.056
frame@125040: gain=0.100 ref=0.157 mse=0.385 tau=-0.138 omega=2.12E-004 bad=0 tapChange=0.0092 floor=0.0092 fading=True/True preMse=0.711 energy=0.064/0.069 fresh=False phase=0.045 anchor=0.208@0.041 phi=-0.045
frame@125136: gain=0.110 ref=0.155 mse=0.360 tau=-0.134 omega=1.92E-004 bad=0 tapChange=0.0075 floor=0.0075 fading=True/True preMse=0.665 energy=0.052/0.069 fresh=False phase=-0.034 anchor=0.226@-0.036 phi=0.039
frame@125232: gain=0.077 ref=0.152 mse=0.422 tau=-0.139 omega=1.91E-004 bad=0 tapChange=0.0062 floor=0.0062 fading=True/True preMse=0.778 energy=0.039/0.068 fresh=False phase=0.015 anchor=0.158@-0.002 phi=0.002
frame@125328: gain=0.093 ref=0.152 mse=0.390 tau=-0.138 omega=1.91E-004 bad=1 tapChange=0.0000 floor=0.0062 fading=True/True preMse=0.720 energy=0.038/0.068 fresh=True phase=-0.040 anchor=0.026@-0.000 phi=0.000
frame@125424: gain=0.010 ref=0.152 mse=0.524 tau=-0.151 omega=1.24E-004 bad=2 tapChange=0.6230 floor=0.0066 fading=True/True preMse=0.967 energy=0.034/0.068 fresh=False phase=-0.259 anchor=0.036@-0.131 phi=0.129
frame@125520: gain=0.017 ref=0.152 mse=0.512 tau=-0.163 omega=1.23E-004 bad=3 tapChange=0.2330 floor=0.0071 fading=True/True preMse=0.945 energy=0.034/0.068 fresh=False phase=-0.011 anchor=0.050@-0.004 phi=0.002
frame@125616: gain=0.017 ref=0.152 mse=0.512 tau=-0.133 omega=1.40E-004 bad=4 tapChange=0.0801 floor=0.0075 fading=True/True preMse=0.946 energy=0.025/0.068 fresh=False phase=0.152 anchor=0.044@0.108 phi=-0.033
frame@125712: gain=0.017 ref=0.152 mse=0.516 tau=-0.163 omega=1.44E-004 bad=5 tapChange=0.0419 floor=0.0080 fading=True/True preMse=0.952 energy=0.016/0.068 fresh=False phase=0.055 anchor=0.039@0.040 phi=-0.008
frame@125808: gain=0.018 ref=0.152 mse=0.516 tau=-0.193 omega=1.68E-004 bad=6 tapChange=0.0308 floor=0.0085 fading=True/True preMse=0.952 energy=0.021/0.068 fresh=False phase=0.324 anchor=0.041@0.256 phi=-0.046
frame@125904: gain=0.017 ref=0.152 mse=0.517 tau=-0.166 omega=1.78E-004 bad=7 tapChange=0.0316 floor=0.0090 fading=True/True preMse=0.955 energy=0.019/0.068 fresh=False phase=0.171 anchor=0.040@0.134 phi=-0.020
frame@126000: gain=0.017 ref=0.152 mse=0.540 tau=-0.165 omega=2.33E-004 bad=8 tapChange=0.0363 floor=0.0096 fading=True/True preMse=0.997 energy=0.027/0.068 fresh=False phase=1.220 anchor=0.039@0.873 phi=-0.106
frame@126096: gain=0.019 ref=0.152 mse=0.537 tau=-0.171 omega=2.86E-004 bad=9 tapChange=0.0648 floor=0.0101 fading=True/True preMse=0.991 energy=0.045/0.068 fresh=False phase=1.121 anchor=0.048@0.664 phi=-0.102
frame@126192: gain=0.024 ref=0.152 mse=0.517 tau=-0.153 omega=3.27E-004 bad=10 tapChange=0.0409 floor=0.0107 fading=True/True preMse=0.954 energy=0.046/0.068 fresh=False phase=0.620 anchor=0.056@0.459 phi=-0.079
frame@126288: gain=0.035 ref=0.152 mse=0.502 tau=-0.147 omega=3.84E-004 bad=11 tapChange=0.0594 floor=0.0114 fading=True/True preMse=0.928 energy=0.056/0.068 fresh=False phase=0.701 anchor=0.085@0.486 phi=-0.108
frame@126384: gain=0.050 ref=0.152 mse=0.483 tau=-0.132 omega=7.42E-004 bad=12 tapChange=0.0447 floor=0.0121 fading=True/True preMse=0.892 energy=0.069/0.068 fresh=False phase=0.755 anchor=0.115@0.557 phi=-0.688
frame@126480: gain=0.063 ref=0.152 mse=0.441 tau=-0.125 omega=6.91E-004 bad=13 tapChange=0.0607 floor=0.0128 fading=True/True preMse=0.814 energy=0.095/0.068 fresh=False phase=-0.147 anchor=0.152@-0.079 phi=0.098
frame@126576: gain=0.088 ref=0.152 mse=0.391 tau=-0.117 omega=6.87E-004 bad=14 tapChange=0.0404 floor=0.0135 fading=True/True preMse=0.721 energy=0.083/0.068 fresh=False phase=-0.014 anchor=0.197@-0.006 phi=0.008
frame@126672: gain=0.113 ref=0.152 mse=0.356 tau=-0.107 omega=6.75E-004 bad=15 tapChange=0.0275 floor=0.0143 fading=True/True preMse=0.657 energy=0.102/0.068 fresh=False phase=-0.035 anchor=0.242@-0.020 phi=0.024
frame@126768: gain=0.129 ref=0.150 mse=0.331 tau=-0.110 omega=6.15E-004 bad=0 tapChange=0.0198 floor=0.0151 fading=True/True preMse=0.611 energy=0.108/0.070 fresh=False phase=-0.117 anchor=0.272@-0.097 phi=0.115
frame@126864: gain=0.150 ref=0.149 mse=0.316 tau=-0.098 omega=5.70E-004 bad=0 tapChange=0.0187 floor=0.0159 fading=True/True preMse=0.584 energy=0.118/0.072 fresh=False phase=-0.096 anchor=0.312@-0.073 phi=0.086
frame@126960: gain=0.178 ref=0.149 mse=0.264 tau=-0.095 omega=5.46E-004 bad=0 tapChange=0.0128 floor=0.0128 fading=True/True preMse=0.487 energy=0.132/0.074 fresh=False phase=-0.052 anchor=0.365@-0.040 phi=0.047
frame@127056: gain=0.180 ref=0.151 mse=0.271 tau=-0.090 omega=4.70E-004 bad=0 tapChange=0.0090 floor=0.0090 fading=True/True preMse=0.501 energy=0.118/0.077 fresh=False phase=-0.153 anchor=0.358@-0.127 phi=0.145
frame@127152: gain=0.199 ref=0.152 mse=0.247 tau=-0.092 omega=4.64E-004 bad=0 tapChange=0.0088 floor=0.0088 fading=True/True preMse=0.456 energy=0.128/0.079 fresh=False phase=-0.015 anchor=0.397@-0.011 phi=0.011
frame@127248: gain=0.224 ref=0.155 mse=0.232 tau=-0.082 omega=3.54E-004 bad=0 tapChange=0.0074 floor=0.0074 fading=True/True preMse=0.428 energy=0.131/0.081 fresh=False phase=-0.225 anchor=0.443@-0.187 phi=0.211
frame@127344: gain=0.204 ref=0.158 mse=0.251 tau=-0.082 omega=3.69E-004 bad=0 tapChange=0.0069 floor=0.0069 fading=True/True preMse=0.463 energy=0.118/0.084 fresh=False phase=0.026 anchor=0.402@0.025 phi=-0.029
frame@127440: gain=0.206 ref=0.160 mse=0.262 tau=-0.084 omega=3.00E-004 bad=0 tapChange=0.0072 floor=0.0072 fading=True/True preMse=0.484 energy=0.133/0.085 fresh=False phase=-0.141 anchor=0.406@-0.120 phi=0.132
frame@127536: gain=0.206 ref=0.163 mse=0.255 tau=-0.072 omega=3.10E-004 bad=0 tapChange=0.0070 floor=0.0070 fading=True/True preMse=0.471 energy=0.126/0.088 fresh=False phase=0.011 anchor=0.413@0.016 phi=-0.018
frame@127632: gain=0.210 ref=0.165 mse=0.287 tau=-0.060 omega=1.43E-004 bad=0 tapChange=0.0074 floor=0.0074 fading=True/True preMse=0.530 energy=0.117/0.090 fresh=False phase=-0.349 anchor=0.413@-0.295 phi=0.321
frame@127728: gain=0.214 ref=0.167 mse=0.231 tau=-0.047 omega=1.95E-004 bad=0 tapChange=0.0048 floor=0.0048 fading=True/True preMse=0.426 energy=0.109/0.091 fresh=False phase=0.110 anchor=0.424@0.093 phi=-0.101
frame@127824: gain=0.210 ref=0.169 mse=0.230 tau=-0.035 omega=2.04E-004 bad=0 tapChange=0.0048 floor=0.0048 fading=True/True preMse=0.424 energy=0.112/0.092 fresh=False phase=0.016 anchor=0.418@0.016 phi=-0.018
frame@127920: gain=0.199 ref=0.171 mse=0.275 tau=-0.031 omega=9.71E-005 bad=0 tapChange=0.0054 floor=0.0051 fading=True/True preMse=0.507 energy=0.110/0.093 fresh=False phase=-0.226 anchor=0.392@-0.193 phi=0.206
frame@128016: gain=0.200 ref=0.173 mse=0.254 tau=-0.047 omega=8.97E-005 bad=0 tapChange=0.0044 floor=0.0044 fading=True/True preMse=0.469 energy=0.104/0.094 fresh=False phase=-0.012 anchor=0.396@-0.014 phi=0.014
frame@128112: gain=0.222 ref=0.174 mse=0.235 tau=-0.047 omega=1.23E-004 bad=0 tapChange=0.0036 floor=0.0036 fading=True/True preMse=0.434 energy=0.100/0.094 fresh=False phase=0.070 anchor=0.431@0.060 phi=-0.064
frame@128208: gain=0.217 ref=0.177 mse=0.240 tau=-0.017 omega=2.44E-005 bad=0 tapChange=0.0036 floor=0.0036 fading=True/True preMse=0.443 energy=0.106/0.095 fresh=False phase=-0.208 anchor=0.423@-0.178 phi=0.189
frame@128304: gain=0.251 ref=0.179 mse=0.188 tau=-0.012 omega=-5.99E-006 bad=0 tapChange=0.0025 floor=0.0025 fading=True/True preMse=0.346 energy=0.092/0.095 fresh=False phase=-0.057 anchor=0.483@-0.055 phi=0.058
frame@128400: gain=0.253 ref=0.182 mse=0.192 tau=0.018 omega=-3.42E-005 bad=0 tapChange=0.0024 floor=0.0024 fading=True/True preMse=0.354 energy=0.092/0.095 fresh=False phase=-0.056 anchor=0.483@-0.051 phi=0.054
frame@128496: gain=0.249 ref=0.186 mse=0.205 tau=0.010 omega=4.43E-005 bad=0 tapChange=0.0024 floor=0.0024 fading=True/True preMse=0.379 energy=0.078/0.095 fresh=False phase=0.157 anchor=0.476@0.142 phi=-0.151
frame@128592: gain=0.246 ref=0.189 mse=0.195 tau=-0.015 omega=9.15E-005 bad=0 tapChange=0.0022 floor=0.0022 fading=True/True preMse=0.361 energy=0.072/0.094 fresh=False phase=0.098 anchor=0.471@0.086 phi=-0.091
frame@128688: gain=0.275 ref=0.192 mse=0.174 tau=-0.019 omega=1.43E-004 bad=0 tapChange=0.0019 floor=0.0019 fading=True/True preMse=0.321 energy=0.066/0.093 fresh=False phase=0.109 anchor=0.523@0.094 phi=-0.099
frame@128784: gain=0.278 ref=0.196 mse=0.178 tau=-0.013 omega=1.62E-004 bad=0 tapChange=0.0017 floor=0.0017 fading=True/True preMse=0.328 energy=0.068/0.092 fresh=False phase=0.038 anchor=0.524@0.034 phi=-0.035
frame@128880: gain=0.307 ref=0.200 mse=0.153 tau=-0.016 omega=1.18E-004 bad=0 tapChange=0.0018 floor=0.0018 fading=True/True preMse=0.283 energy=0.078/0.090 fresh=False phase=-0.093 anchor=0.579@-0.079 phi=0.085
frame@128976: gain=0.316 ref=0.205 mse=0.181 tau=-0.025 omega=1.97E-004 bad=0 tapChange=0.0020 floor=0.0020 fading=True/True preMse=0.334 energy=0.095/0.090 fresh=False phase=0.158 anchor=0.592@0.144 phi=-0.153
frame@129072: gain=0.321 ref=0.211 mse=0.154 tau=-0.028 omega=2.44E-004 bad=0 tapChange=0.0021 floor=0.0021 fading=True/True preMse=0.285 energy=0.091/0.090 fresh=False phase=0.097 anchor=0.604@0.086 phi=-0.091
frame@129168: gain=0.350 ref=0.216 mse=0.136 tau=-0.035 omega=2.11E-004 bad=0 tapChange=0.0020 floor=0.0020 fading=True/True preMse=0.252 energy=0.091/0.090 fresh=False phase=-0.062 anchor=0.653@-0.060 phi=0.064
frame@129264: gain=0.377 ref=0.223 mse=0.137 tau=-0.037 omega=1.70E-004 bad=0 tapChange=0.0024 floor=0.0022 fading=True/True preMse=0.254 energy=0.125/0.090 fresh=False phase=-0.079 anchor=0.705@-0.073 phi=0.078
frame@129360: gain=0.424 ref=0.231 mse=0.133 tau=-0.052 omega=2.18E-004 bad=0 tapChange=0.0030 floor=0.0024 fading=True/True preMse=0.246 energy=0.127/0.092 fresh=False phase=0.106 anchor=0.783@0.086 phi=-0.092
frame@129456: gain=0.413 ref=0.240 mse=0.127 tau=-0.045 omega=2.13E-004 bad=0 tapChange=0.0023 floor=0.0023 fading=True/True preMse=0.234 energy=0.139/0.094 fresh=False phase=-0.009 anchor=0.761@-0.009 phi=0.010
frame@129552: gain=0.410 ref=0.249 mse=0.114 tau=-0.049 omega=3.21E-004 bad=0 tapChange=0.0017 floor=0.0017 fading=True/True preMse=0.211 energy=0.116/0.096 fresh=False phase=0.221 anchor=0.760@0.195 phi=-0.208
frame@129648: gain=0.496 ref=0.257 mse=0.106 tau=-0.053 omega=2.31E-004 bad=0 tapChange=0.0022 floor=0.0019 fading=False/True preMse=0.196 energy=0.178/0.097 fresh=False phase=-0.178 anchor=0.904@-0.162 phi=0.174
frame@129744: gain=0.447 ref=0.269 mse=0.110 tau=-0.061 omega=2.46E-004 bad=0 tapChange=0.0019 floor=0.0019 fading=False/True preMse=0.203 energy=0.178/0.101 fresh=False phase=0.026 anchor=0.831@0.027 phi=-0.030
frame@129840: gain=0.499 ref=0.278 mse=0.188 tau=-0.064 omega=1.59E-004 bad=0 tapChange=0.0041 floor=0.0021 fading=False/True preMse=0.347 energy=0.201/0.105 fresh=False phase=-0.171 anchor=0.892@-0.156 phi=0.167
frame@129936: gain=0.477 ref=0.289 mse=0.099 tau=-0.062 omega=1.57E-004 bad=0 tapChange=0.0023 floor=0.0023 fading=False/True preMse=0.182 energy=0.203/0.110 fresh=False phase=-0.004 anchor=0.880@-0.004 phi=0.004
frame@130032: gain=0.440 ref=0.298 mse=0.083 tau=-0.061 omega=1.27E-004 bad=0 tapChange=0.0017 floor=0.0017 fading=False/True preMse=0.154 energy=0.180/0.114 fresh=False phase=-0.052 anchor=0.819@-0.053 phi=0.057
frame@130128: gain=0.467 ref=0.305 mse=0.156 tau=-0.072 omega=1.01E-004 bad=0 tapChange=0.0032 floor=0.0019 fading=False/True preMse=0.288 energy=0.216/0.118 fresh=False phase=-0.047 anchor=0.853@-0.048 phi=0.051
frame@130224: gain=0.427 ref=0.314 mse=0.169 tau=-0.078 omega=7.61E-007 bad=0 tapChange=0.0032 floor=0.0021 fading=False/True preMse=0.311 energy=0.189/0.123 fresh=False phase=-0.210 anchor=0.793@-0.180 phi=0.192
frame@130320: gain=0.400 ref=0.319 mse=0.126 tau=-0.075 omega=-8.37E-005 bad=0 tapChange=0.0018 floor=0.0018 fading=False/True preMse=0.233 energy=0.178/0.126 fresh=False phase=-0.169 anchor=0.753@-0.153 phi=0.162
frame@130416: gain=0.439 ref=0.323 mse=0.083 tau=-0.065 omega=-6.17E-005 bad=0 tapChange=0.0015 floor=0.0015 fading=False/True preMse=0.154 energy=0.185/0.128 fresh=False phase=0.039 anchor=0.824@0.039 phi=-0.042
frame@130512: gain=0.449 ref=0.329 mse=0.114 tau=-0.065 omega=-1.50E-004 bad=0 tapChange=0.0023 floor=0.0017 fading=False/True preMse=0.211 energy=0.194/0.131 fresh=False phase=-0.175 anchor=0.833@-0.159 phi=0.170
frame@130608: gain=0.457 ref=0.335 mse=0.108 tau=-0.067 omega=-1.57E-004 bad=0 tapChange=0.0025 floor=0.0019 fading=False/True preMse=0.199 energy=0.206/0.134 fresh=False phase=-0.017 anchor=0.846@-0.011 phi=0.012
frame@130704: gain=0.510 ref=0.341 mse=0.147 tau=-0.067 omega=-1.85E-004 bad=0 tapChange=0.0033 floor=0.0021 fading=False/True preMse=0.272 energy=0.213/0.138 fresh=False phase=-0.061 anchor=0.931@-0.051 phi=0.055
frame@130800: gain=0.527 ref=0.350 mse=0.119 tau=-0.074 omega=-2.86E-004 bad=0 tapChange=0.0025 floor=0.0023 fading=False/True preMse=0.220 energy=0.197/0.142 fresh=False phase=-0.210 anchor=0.962@-0.179 phi=0.194
frame@130896: gain=0.518 ref=0.358 mse=0.077 tau=-0.070 omega=-2.94E-004 bad=0 tapChange=0.0019 floor=0.0019 fading=False/True preMse=0.142 energy=0.204/0.144 fresh=False phase=-0.017 anchor=0.949@-0.014 phi=0.015
frame@130992: gain=0.489 ref=0.366 mse=0.109 tau=-0.069 omega=-1.84E-004 bad=0 tapChange=0.0019 floor=0.0019 fading=False/True preMse=0.202 energy=0.193/0.147 fresh=False phase=0.209 anchor=0.905@0.197 phi=-0.212
frame@131088: gain=0.504 ref=0.373 mse=0.095 tau=-0.073 omega=-2.25E-004 bad=0 tapChange=0.0025 floor=0.0021 fading=False/True preMse=0.176 energy=0.202/0.150 fresh=False phase=-0.091 anchor=0.928@-0.074 phi=0.080
frame@131184: gain=0.459 ref=0.379 mse=0.115 tau=-0.073 omega=-1.66E-004 bad=0 tapChange=0.0024 floor=0.0023 fading=False/True preMse=0.213 energy=0.206/0.152 fresh=False phase=0.112 anchor=0.845@0.106 phi=-0.114
frame@131280: gain=0.469 ref=0.383 mse=0.117 tau=-0.076 omega=-1.75E-004 bad=0 tapChange=0.0028 floor=0.0025 fading=False/True preMse=0.215 energy=0.233/0.155 fresh=False phase=-0.028 anchor=0.863@-0.016 phi=0.017
frame@131376: gain=0.473 ref=0.387 mse=0.102 tau=-0.077 omega=-1.93E-004 bad=0 tapChange=0.0023 floor=0.0023 fading=False/True preMse=0.188 energy=0.198/0.159 fresh=False phase=-0.036 anchor=0.873@-0.032 phi=0.035
frame@131472: gain=0.466 ref=0.392 mse=0.123 tau=-0.083 omega=-1.40E-004 bad=0 tapChange=0.0022 floor=0.0022 fading=False/True preMse=0.226 energy=0.232/0.161 fresh=False phase=0.093 anchor=0.853@0.094 phi=-0.101
frame@131568: gain=0.436 ref=0.395 mse=0.103 tau=-0.078 omega=-1.65E-004 bad=0 tapChange=0.0022 floor=0.0022 fading=False/True preMse=0.189 energy=0.201/0.164 fresh=False phase=-0.041 anchor=0.813@-0.043 phi=0.047
frame@131664: gain=0.400 ref=0.397 mse=0.110 tau=-0.077 omega=-1.41E-004 bad=0 tapChange=0.0016 floor=0.0016 fading=False/True preMse=0.203 energy=0.185/0.166 fresh=False phase=0.050 anchor=0.751@0.043 phi=-0.046
frame@131760: gain=0.408 ref=0.398 mse=0.102 tau=-0.077 omega=-1.35E-004 bad=0 tapChange=0.0015 floor=0.0015 fading=False/True preMse=0.189 energy=0.168/0.167 fresh=False phase=0.013 anchor=0.763@0.011 phi=-0.012
frame@131856: gain=0.366 ref=0.398 mse=0.117 tau=-0.088 omega=-1.29E-004 bad=0 tapChange=0.0020 floor=0.0017 fading=False/True preMse=0.216 energy=0.179/0.167 fresh=False phase=0.012 anchor=0.693@0.011 phi=-0.012
frame@131952: gain=0.337 ref=0.397 mse=0.144 tau=-0.084 omega=-1.36E-004 bad=0 tapChange=0.0021 floor=0.0019 fading=False/True preMse=0.267 energy=0.159/0.168 fresh=False phase=-0.011 anchor=0.640@-0.013 phi=0.014
frame@132048: gain=0.292 ref=0.394 mse=0.174 tau=-0.092 omega=-1.68E-004 bad=0 tapChange=0.0022 floor=0.0021 fading=False/True preMse=0.321 energy=0.129/0.167 fresh=False phase=-0.071 anchor=0.564@-0.059 phi=0.061
frame@132144: gain=0.264 ref=0.388 mse=0.214 tau=-0.111 omega=-1.91E-004 bad=0 tapChange=0.0027 floor=0.0023 fading=False/True preMse=0.395 energy=0.119/0.166 fresh=False phase=-0.049 anchor=0.513@-0.043 phi=0.045
frame@132240: gain=0.237 ref=0.382 mse=0.253 tau=-0.095 omega=-2.26E-004 bad=0 tapChange=0.0030 floor=0.0025 fading=False/True preMse=0.467 energy=0.119/0.163 fresh=False phase=-0.071 anchor=0.460@-0.065 phi=0.067
frame@132336: gain=0.211 ref=0.375 mse=0.267 tau=-0.125 omega=-1.87E-004 bad=0 tapChange=0.0027 floor=0.0027 fading=False/True preMse=0.492 energy=0.097/0.161 fresh=False phase=0.086 anchor=0.416@0.072 phi=-0.075
frame@132432: gain=0.235 ref=0.367 mse=0.248 tau=-0.155 omega=-3.03E-004 bad=0 tapChange=0.0021 floor=0.0021 fading=False/True preMse=0.458 energy=0.087/0.158 fresh=False phase=-0.228 anchor=0.452@-0.214 phi=0.222
frame@132528: gain=0.197 ref=0.360 mse=0.277 tau=-0.177 omega=-3.38E-004 bad=0 tapChange=0.0024 floor=0.0023 fading=False/True preMse=0.511 energy=0.071/0.154 fresh=False phase=-0.068 anchor=0.384@-0.065 phi=0.067
frame@132624: gain=0.220 ref=0.352 mse=0.256 tau=-0.197 omega=-2.97E-004 bad=0 tapChange=0.0023 floor=0.0023 fading=False/True preMse=0.472 energy=0.105/0.150 fresh=False phase=0.090 anchor=0.428@0.076 phi=-0.079
frame@132720: gain=0.254 ref=0.345 mse=0.232 tau=-0.205 omega=-3.83E-004 bad=0 tapChange=0.0024 floor=0.0024 fading=False/True preMse=0.429 energy=0.087/0.148 fresh=False phase=-0.165 anchor=0.487@-0.161 phi=0.167
frame@132816: gain=0.258 ref=0.341 mse=0.201 tau=-0.188 omega=-3.11E-004 bad=0 tapChange=0.0018 floor=0.0018 fading=False/True preMse=0.372 energy=0.096/0.145 fresh=False phase=0.139 anchor=0.497@0.134 phi=-0.139
frame@132912: gain=0.318 ref=0.337 mse=0.166 tau=-0.158 omega=-2.84E-004 bad=0 tapChange=0.0019 floor=0.0019 fading=False/True preMse=0.306 energy=0.108/0.142 fresh=False phase=0.044 anchor=0.599@0.049 phi=-0.051
frame@133008: gain=0.292 ref=0.336 mse=0.184 tau=-0.135 omega=-3.76E-004 bad=0 tapChange=0.0015 floor=0.0015 fading=False/True preMse=0.339 energy=0.072/0.141 fresh=False phase=-0.179 anchor=0.551@-0.169 phi=0.176
frame@133104: gain=0.253 ref=0.334 mse=0.251 tau=-0.111 omega=-3.16E-004 bad=0 tapChange=0.0024 floor=0.0017 fading=False/True preMse=0.464 energy=0.070/0.137 fresh=False phase=0.128 anchor=0.478@0.112 phi=-0.116
frame@133200: gain=0.286 ref=0.330 mse=0.214 tau=-0.112 omega=-1.68E-004 bad=0 tapChange=0.0018 floor=0.0018 fading=False/True preMse=0.395 energy=0.064/0.134 fresh=False phase=0.292 anchor=0.539@0.274 phi=-0.284
frame@133296: gain=0.316 ref=0.327 mse=0.164 tau=-0.082 omega=-1.80E-004 bad=0 tapChange=0.0016 floor=0.0016 fading=False/True preMse=0.302 energy=0.063/0.130 fresh=False phase=-0.021 anchor=0.593@-0.022 phi=0.023
frame@133392: gain=0.362 ref=0.327 mse=0.164 tau=-0.070 omega=-7.13E-005 bad=0 tapChange=0.0020 floor=0.0018 fading=False/True preMse=0.303 energy=0.071/0.127 fresh=False phase=0.218 anchor=0.674@0.200 phi=-0.208
frame@133488: gain=0.333 ref=0.329 mse=0.158 tau=-0.074 omega=-6.93E-005 bad=0 tapChange=0.0017 floor=0.0017 fading=False/True preMse=0.291 energy=0.067/0.124 fresh=False phase=0.009 anchor=0.622@0.004 phi=-0.004
frame@133584: gain=0.328 ref=0.329 mse=0.248 tau=-0.056 omega=3.34E-005 bad=0 tapChange=0.0031 floor=0.0019 fading=False/True preMse=0.457 energy=0.074/0.121 fresh=False phase=0.211 anchor=0.612@0.189 phi=-0.197
frame@133680: gain=0.411 ref=0.329 mse=0.126 tau=-0.057 omega=6.25E-005 bad=0 tapChange=0.0017 floor=0.0017 fading=False/True preMse=0.233 energy=0.087/0.119 fresh=False phase=0.061 anchor=0.764@0.054 phi=-0.056
frame@133776: gain=0.369 ref=0.333 mse=0.171 tau=-0.040 omega=1.06E-004 bad=0 tapChange=0.0022 floor=0.0019 fading=False/True preMse=0.317 energy=0.089/0.117 fresh=False phase=0.085 anchor=0.688@0.079 phi=-0.083
frame@133872: gain=0.411 ref=0.335 mse=0.148 tau=-0.033 omega=1.60E-004 bad=0 tapChange=0.0020 floor=0.0020 fading=False/True preMse=0.273 energy=0.087/0.116 fresh=False phase=0.110 anchor=0.760@0.099 phi=-0.104
frame@133968: gain=0.427 ref=0.338 mse=0.145 tau=-0.042 omega=2.18E-004 bad=0 tapChange=0.0020 floor=0.0020 fading=False/True preMse=0.267 energy=0.101/0.114 fresh=False phase=0.115 anchor=0.786@0.107 phi=-0.112
frame@134064: gain=0.521 ref=0.343 mse=0.156 tau=-0.039 omega=1.63E-004 bad=0 tapChange=0.0027 floor=0.0022 fading=False/True preMse=0.288 energy=0.144/0.114 fresh=False phase=-0.104 anchor=0.950@-0.100 phi=0.106
frame@134160: gain=0.569 ref=0.352 mse=0.136 tau=-0.046 omega=2.20E-004 bad=0 tapChange=0.0022 floor=0.0022 fading=False/True preMse=0.251 energy=0.168/0.115 fresh=False phase=0.114 anchor=1.029@0.102 phi=-0.108
frame@134256: gain=0.517 ref=0.363 mse=0.194 tau=-0.055 omega=1.38E-004 bad=0 tapChange=0.0032 floor=0.0025 fading=False/True preMse=0.358 energy=0.159/0.118 fresh=False phase=-0.152 anchor=0.941@-0.148 phi=0.156
frame@134352: gain=0.531 ref=0.370 mse=0.121 tau=-0.052 omega=2.09E-004 bad=0 tapChange=0.0021 floor=0.0021 fading=False/True preMse=0.223 energy=0.177/0.120 fresh=False phase=0.140 anchor=0.970@0.128 phi=-0.136
frame@134448: gain=0.485 ref=0.378 mse=0.129 tau=-0.049 omega=1.74E-004 bad=0 tapChange=0.0020 floor=0.0020 fading=False/True preMse=0.238 energy=0.164/0.123 fresh=False phase=-0.069 anchor=0.890@-0.062 phi=0.066
frame@134544: gain=0.512 ref=0.384 mse=0.148 tau=-0.053 omega=1.28E-004 bad=0 tapChange=0.0027 floor=0.0022 fading=False/True preMse=0.273 energy=0.175/0.125 fresh=False phase=-0.102 anchor=0.934@-0.084 phi=0.089
frame@134640: gain=0.566 ref=0.390 mse=0.096 tau=-0.055 omega=1.75E-004 bad=0 tapChange=0.0022 floor=0.0022 fading=False/True preMse=0.177 energy=0.168/0.127 fresh=False phase=0.104 anchor=1.031@0.084 phi=-0.090
frame@134736: gain=0.487 ref=0.399 mse=0.096 tau=-0.058 omega=2.22E-004 bad=0 tapChange=0.0018 floor=0.0018 fading=False/True preMse=0.177 energy=0.189/0.129 fresh=False phase=0.098 anchor=0.899@0.084 phi=-0.089
frame@134832: gain=0.381 ref=0.403 mse=0.126 tau=-0.061 omega=1.96E-004 bad=0 tapChange=0.0018 floor=0.0018 fading=False/True preMse=0.234 energy=0.134/0.132 fresh=False phase=-0.059 anchor=0.720@-0.047 phi=0.050
frame@134928: gain=0.406 ref=0.402 mse=0.134 tau=-0.065 omega=2.07E-004 bad=0 tapChange=0.0015 floor=0.0015 fading=False/True preMse=0.247 energy=0.122/0.133 fresh=False phase=0.018 anchor=0.757@0.021 phi=-0.022
frame@135024: gain=0.360 ref=0.402 mse=0.171 tau=-0.066 omega=3.29E-004 bad=0 tapChange=0.0025 floor=0.0017 fading=False/True preMse=0.315 energy=0.134/0.132 fresh=False phase=0.253 anchor=0.682@0.223 phi=-0.233
frame@135120: gain=0.369 ref=0.400 mse=0.095 tau=-0.065 omega=2.70E-004 bad=0 tapChange=0.0010 floor=0.0010 fading=False/True preMse=0.176 energy=0.117/0.132 fresh=False phase=-0.114 anchor=0.696@-0.107 phi=0.112
frame@135216: gain=0.324 ref=0.399 mse=0.217 tau=-0.067 omega=3.85E-004 bad=0 tapChange=0.0029 floor=0.0012 fading=False/True preMse=0.401 energy=0.127/0.131 fresh=False phase=0.245 anchor=0.614@0.211 phi=-0.220
frame@135312: gain=0.308 ref=0.395 mse=0.239 tau=-0.071 omega=2.69E-004 bad=0 tapChange=0.0030 floor=0.0013 fading=False/True preMse=0.440 energy=0.108/0.131 fresh=False phase=-0.236 anchor=0.583@-0.213 phi=0.222
frame@135408: gain=0.281 ref=0.391 mse=0.248 tau=-0.071 omega=2.63E-004 bad=0 tapChange=0.0027 floor=0.0015 fading=False/True preMse=0.458 energy=0.102/0.130 fresh=False phase=-0.006 anchor=0.533@-0.013 phi=0.013
frame@135504: gain=0.250 ref=0.385 mse=0.242 tau=-0.074 omega=3.10E-004 bad=0 tapChange=0.0021 floor=0.0017 fading=False/True preMse=0.446 energy=0.083/0.129 fresh=False phase=0.098 anchor=0.476@0.087 phi=-0.090
frame@135600: gain=0.252 ref=0.378 mse=0.241 tau=-0.068 omega=2.64E-004 bad=0 tapChange=0.0024 floor=0.0019 fading=False/True preMse=0.446 energy=0.113/0.126 fresh=False phase=-0.087 anchor=0.491@-0.085 phi=0.088
frame@135696: gain=0.247 ref=0.372 mse=0.279 tau=-0.071 omega=1.39E-004 bad=0 tapChange=0.0025 floor=0.0021 fading=False/True preMse=0.515 energy=0.092/0.126 fresh=False phase=-0.248 anchor=0.472@-0.233 phi=0.240
frame@135792: gain=0.198 ref=0.366 mse=0.335 tau=-0.078 omega=1.04E-004 bad=0 tapChange=0.0029 floor=0.0023 fading=False/True preMse=0.618 energy=0.075/0.124 fresh=False phase=-0.080 anchor=0.385@-0.065 phi=0.067
frame@135888: gain=0.233 ref=0.357 mse=0.263 tau=-0.091 omega=8.77E-005 bad=0 tapChange=0.0023 floor=0.0023 fading=False/True preMse=0.485 energy=0.080/0.121 fresh=False phase=-0.028 anchor=0.452@-0.031 phi=0.032
frame@135984: gain=0.253 ref=0.351 mse=0.272 tau=-0.111 omega=-5.53E-005 bad=0 tapChange=0.0024 floor=0.0024 fading=False/True preMse=0.502 energy=0.082/0.119 fresh=False phase=-0.296 anchor=0.486@-0.267 phi=0.275
frame@136080: gain=0.243 ref=0.346 mse=0.251 tau=-0.114 omega=-1.72E-004 bad=0 tapChange=0.0017 floor=0.0017 fading=False/True preMse=0.463 energy=0.066/0.118 fresh=False phase=-0.238 anchor=0.465@-0.218 phi=0.224
frame@136176: gain=0.212 ref=0.341 mse=0.273 tau=-0.117 omega=-2.15E-004 bad=0 tapChange=0.0017 floor=0.0017 fading=False/True preMse=0.504 energy=0.066/0.115 fresh=False phase=-0.071 anchor=0.407@-0.081 phi=0.082
frame@136272: gain=0.248 ref=0.335 mse=0.219 tau=-0.118 omega=-2.07E-004 bad=0 tapChange=0.0015 floor=0.0015 fading=False/True preMse=0.404 energy=0.066/0.113 fresh=False phase=0.017 anchor=0.470@0.015 phi=-0.016
frame@136368: gain=0.192 ref=0.330 mse=0.387 tau=-0.114 omega=-4.22E-004 bad=0 tapChange=0.0030 floor=0.0016 fading=False/True preMse=0.715 energy=0.051/0.110 fresh=False phase=-0.451 anchor=0.363@-0.404 phi=0.413
frame@136464: gain=0.258 ref=0.323 mse=0.270 tau=-0.116 omega=-4.61E-004 bad=0 tapChange=0.0025 floor=0.0018 fading=False/True preMse=0.499 energy=0.064/0.107 fresh=False phase=-0.076 anchor=0.486@-0.072 phi=0.074
frame@136560: gain=0.220 ref=0.320 mse=0.296 tau=-0.119 omega=-5.69E-004 bad=0 tapChange=0.0021 floor=0.0020 fading=False/True preMse=0.547 energy=0.043/0.105 fresh=False phase=-0.210 anchor=0.419@-0.203 phi=0.208
frame@136656: gain=0.241 ref=0.315 mse=0.318 tau=-0.135 omega=-3.86E-004 bad=0 tapChange=0.0024 floor=0.0022 fading=False/True preMse=0.587 energy=0.055/0.102 fresh=False phase=0.369 anchor=0.453@0.342 phi=-0.352
frame@136752: gain=0.176 ref=0.311 mse=0.349 tau=-0.132 omega=-4.42E-004 bad=0 tapChange=0.0023 floor=0.0023 fading=False/True preMse=0.645 energy=0.041/0.100 fresh=False phase=-0.123 anchor=0.336@-0.105 phi=0.108
frame@136848: gain=0.256 ref=0.305 mse=0.285 tau=-0.108 omega=-4.79E-004 bad=0 tapChange=0.0026 floor=0.0025 fading=False/True preMse=0.527 energy=0.054/0.097 fresh=False phase=-0.080 anchor=0.478@-0.069 phi=0.071
frame@136944: gain=0.281 ref=0.302 mse=0.224 tau=-0.078 omega=-5.23E-004 bad=0 tapChange=0.0018 floor=0.0018 fading=False/True preMse=0.414 energy=0.068/0.095 fresh=False phase=-0.086 anchor=0.528@-0.082 phi=0.085
frame@137040: gain=0.282 ref=0.301 mse=0.277 tau=-0.091 omega=-3.81E-004 bad=0 tapChange=0.0023 floor=0.0020 fading=False/True preMse=0.512 energy=0.072/0.093 fresh=False phase=0.275 anchor=0.525@0.265 phi=-0.273
frame@137136: gain=0.329 ref=0.300 mse=0.216 tau=-0.109 omega=-4.36E-004 bad=0 tapChange=0.0020 floor=0.0020 fading=False/True preMse=0.399 energy=0.080/0.092 fresh=False phase=-0.107 anchor=0.613@-0.102 phi=0.106
frame@137232: gain=0.290 ref=0.302 mse=0.238 tau=-0.112 omega=-4.15E-004 bad=0 tapChange=0.0020 floor=0.0020 fading=False/True preMse=0.439 energy=0.082/0.092 fresh=False phase=0.038 anchor=0.540@0.039 phi=-0.040
frame@137328: gain=0.392 ref=0.301 mse=0.182 tau=-0.122 omega=-3.14E-004 bad=0 tapChange=0.0021 floor=0.0021 fading=False/True preMse=0.335 energy=0.089/0.091 fresh=False phase=0.211 anchor=0.721@0.186 phi=-0.194
frame@137424: gain=0.401 ref=0.306 mse=0.186 tau=-0.101 omega=-2.15E-004 bad=0 tapChange=0.0020 floor=0.0020 fading=False/True preMse=0.343 energy=0.098/0.091 fresh=False phase=0.197 anchor=0.737@0.183 phi=-0.190
frame@137520: gain=0.455 ref=0.310 mse=0.117 tau=-0.102 omega=-2.69E-004 bad=0 tapChange=0.0014 floor=0.0014 fading=False/True preMse=0.216 energy=0.125/0.091 fresh=False phase=-0.110 anchor=0.836@-0.098 phi=0.102
frame@137616: gain=0.413 ref=0.318 mse=0.186 tau=-0.104 omega=-2.17E-004 bad=0 tapChange=0.0022 floor=0.0015 fading=False/True preMse=0.343 energy=0.125/0.093 fresh=False phase=0.106 anchor=0.765@0.095 phi=-0.098
frame@137712: gain=0.541 ref=0.322 mse=0.284 tau=-0.097 omega=-8.63E-005 bad=0 tapChange=0.0041 floor=0.0017 fading=False/True preMse=0.524 energy=0.184/0.095 fresh=False phase=0.271 anchor=0.961@0.240 phi=-0.252
frame@137808: gain=0.572 ref=0.333 mse=0.197 tau=-0.097 omega=-1.51E-004 bad=0 tapChange=0.0027 floor=0.0019 fading=False/True preMse=0.364 energy=0.235/0.099 fresh=False phase=-0.123 anchor=1.020@-0.118 phi=0.124
frame@137904: gain=0.513 ref=0.345 mse=0.155 tau=-0.090 omega=-1.58E-004 bad=0 tapChange=0.0023 floor=0.0021 fading=False/True preMse=0.286 energy=0.208/0.106 fresh=False phase=-0.012 anchor=0.930@-0.014 phi=0.014
frame@138000: gain=0.525 ref=0.354 mse=0.225 tau=-0.092 omega=-5.70E-005 bad=0 tapChange=0.0033 floor=0.0023 fading=False/True preMse=0.416 energy=0.264/0.111 fresh=False phase=0.223 anchor=0.956@0.186 phi=-0.194
frame@138096: gain=0.512 ref=0.362 mse=0.215 tau=-0.089 omega=-1.92E-004 bad=0 tapChange=0.0027 floor=0.0025 fading=False/True preMse=0.398 energy=0.254/0.119 fresh=False phase=-0.273 anchor=0.926@-0.248 phi=0.260
frame@138192: gain=0.512 ref=0.370 mse=0.148 tau=-0.096 omega=-2.24E-004 bad=0 tapChange=0.0018 floor=0.0018 fading=False/True preMse=0.273 energy=0.274/0.125 fresh=False phase=-0.054 anchor=0.932@-0.059 phi=0.061
frame@138288: gain=0.488 ref=0.377 mse=0.128 tau=-0.099 omega=-2.04E-004 bad=0 tapChange=0.0017 floor=0.0017 fading=False/True preMse=0.237 energy=0.270/0.133 fresh=False phase=0.048 anchor=0.895@0.037 phi=-0.039
frame@138384: gain=0.444 ref=0.382 mse=0.137 tau=-0.100 omega=-1.56E-004 bad=0 tapChange=0.0020 floor=0.0019 fading=False/True preMse=0.253 energy=0.270/0.140 fresh=False phase=0.127 anchor=0.830@0.087 phi=-0.091
frame@138480: gain=0.525 ref=0.385 mse=0.129 tau=-0.102 omega=-1.69E-004 bad=0 tapChange=0.0018 floor=0.0018 fading=False/True preMse=0.238 energy=0.304/0.146 fresh=False phase=-0.007 anchor=0.954@-0.022 phi=0.023
frame@138576: gain=0.436 ref=0.392 mse=0.183 tau=-0.097 omega=-3.46E-004 bad=0 tapChange=0.0019 floor=0.0019 fading=False/True preMse=0.338 energy=0.232/0.154 fresh=False phase=-0.361 anchor=0.810@-0.326 phi=0.340
frame@138672: gain=0.468 ref=0.395 mse=0.139 tau=-0.101 omega=-3.28E-004 bad=0 tapChange=0.0015 floor=0.0015 fading=False/True preMse=0.257 energy=0.287/0.158 fresh=False phase=0.038 anchor=0.873@0.032 phi=-0.033
frame@138768: gain=0.402 ref=0.398 mse=0.209 tau=-0.103 omega=-2.19E-004 bad=0 tapChange=0.0027 floor=0.0017 fading=False/True preMse=0.386 energy=0.213/0.164 fresh=False phase=0.243 anchor=0.755@0.202 phi=-0.211
frame@138864: gain=0.414 ref=0.398 mse=0.212 tau=-0.096 omega=-3.62E-004 bad=0 tapChange=0.0023 floor=0.0018 fading=False/True preMse=0.391 energy=0.207/0.167 fresh=False phase=-0.288 anchor=0.782@-0.264 phi=0.275
frame@138960: gain=0.380 ref=0.399 mse=0.183 tau=-0.097 omega=-2.90E-004 bad=0 tapChange=0.0027 floor=0.0020 fading=False/True preMse=0.338 energy=0.209/0.169 fresh=False phase=0.175 anchor=0.727@0.133 phi=-0.139
frame@139056: gain=0.369 ref=0.398 mse=0.151 tau=-0.104 omega=-2.83E-004 bad=0 tapChange=0.0020 floor=0.0020 fading=False/True preMse=0.278 energy=0.168/0.171 fresh=False phase=0.030 anchor=0.701@0.012 phi=-0.012
frame@139152: gain=0.314 ref=0.397 mse=0.208 tau=-0.101 omega=-2.59E-004 bad=0 tapChange=0.0023 floor=0.0022 fading=False/True preMse=0.385 energy=0.146/0.171 fresh=False phase=0.058 anchor=0.601@0.046 phi=-0.047
frame@139248: gain=0.297 ref=0.393 mse=0.218 tau=-0.109 omega=-2.21E-004 bad=0 tapChange=0.0025 floor=0.0024 fading=False/True preMse=0.403 energy=0.135/0.169 fresh=False phase=0.100 anchor=0.572@0.069 phi=-0.072
frame@139344: gain=0.258 ref=0.388 mse=0.253 tau=-0.113 omega=-2.51E-004 bad=0 tapChange=0.0023 floor=0.0023 fading=False/True preMse=0.467 energy=0.116/0.168 fresh=False phase=-0.054 anchor=0.496@-0.055 phi=0.057
frame@139440: gain=0.320 ref=0.381 mse=0.243 tau=-0.111 omega=-1.80E-004 bad=0 tapChange=0.0029 floor=0.0025 fading=False/True preMse=0.449 energy=0.118/0.165 fresh=False phase=0.146 anchor=0.608@0.132 phi=-0.137
frame@139536: gain=0.254 ref=0.378 mse=0.267 tau=-0.108 omega=-6.54E-005 bad=0 tapChange=0.0026 floor=0.0026 fading=False/True preMse=0.492 energy=0.070/0.163 fresh=False phase=0.236 anchor=0.489@0.213 phi=-0.220
frame@139632: gain=0.248 ref=0.372 mse=0.277 tau=-0.097 omega=8.87E-006 bad=0 tapChange=0.0025 floor=0.0025 fading=False/True preMse=0.511 energy=0.070/0.158 fresh=False phase=0.151 anchor=0.476@0.138 phi=-0.143
frame@139728: gain=0.293 ref=0.366 mse=0.197 tau=-0.104 omega=4.04E-005 bad=0 tapChange=0.0018 floor=0.0018 fading=False/True preMse=0.364 energy=0.083/0.154 fresh=False phase=0.069 anchor=0.558@0.059 phi=-0.061
frame@139824: gain=0.297 ref=0.362 mse=0.229 tau=-0.109 omega=2.15E-004 bad=0 tapChange=0.0020 floor=0.0020 fading=False/True preMse=0.423 energy=0.069/0.150 fresh=False phase=0.352 anchor=0.561@0.324 phi=-0.335
frame@139920: gain=0.290 ref=0.359 mse=0.212 tau=-0.113 omega=2.44E-004 bad=0 tapChange=0.0018 floor=0.0018 fading=False/True preMse=0.392 energy=0.060/0.146 fresh=False phase=0.068 anchor=0.544@0.054 phi=-0.055
frame@140016: gain=0.408 ref=0.356 mse=0.166 tau=-0.104 omega=1.15E-004 bad=0 tapChange=0.0019 floor=0.0019 fading=False/True preMse=0.307 energy=0.084/0.142 fresh=False phase=-0.253 anchor=0.757@-0.237 phi=0.247
frame@140112: gain=0.357 ref=0.358 mse=0.163 tau=-0.107 omega=1.44E-004 bad=0 tapChange=0.0017 floor=0.0017 fading=False/True preMse=0.300 energy=0.075/0.139 fresh=False phase=0.054 anchor=0.671@0.054 phi=-0.056
frame@140208: gain=0.389 ref=0.358 mse=0.127 tau=-0.114 omega=1.83E-004 bad=0 tapChange=0.0015 floor=0.0015 fading=False/True preMse=0.235 energy=0.085/0.136 fresh=False phase=0.074 anchor=0.728@0.072 phi=-0.075
frame@140304: gain=0.404 ref=0.360 mse=0.131 tau=-0.110 omega=1.08E-004 bad=0 tapChange=0.0015 floor=0.0015 fading=False/True preMse=0.241 energy=0.092/0.133 fresh=False phase=-0.153 anchor=0.756@-0.138 phi=0.144
frame@140400: gain=0.391 ref=0.362 mse=0.181 tau=-0.106 omega=1.89E-004 bad=0 tapChange=0.0020 floor=0.0016 fading=False/True preMse=0.334 energy=0.101/0.131 fresh=False phase=0.158 anchor=0.725@0.151 phi=-0.157
frame@140496: gain=0.399 ref=0.363 mse=0.180 tau=-0.107 omega=9.28E-005 bad=0 tapChange=0.0020 floor=0.0018 fading=False/True preMse=0.332 energy=0.101/0.130 fresh=False phase=-0.192 anchor=0.742@-0.178 phi=0.186
frame@140592: gain=0.392 ref=0.365 mse=0.210 tau=-0.111 omega=-6.84E-005 bad=0 tapChange=0.0024 floor=0.0020 fading=False/True preMse=0.387 energy=0.092/0.128 fresh=False phase=-0.327 anchor=0.731@-0.298 phi=0.310
frame@140688: gain=0.441 ref=0.366 mse=0.136 tau=-0.109 omega=-3.07E-005 bad=0 tapChange=0.0018 floor=0.0018 fading=False/True preMse=0.250 energy=0.106/0.126 fresh=False phase=0.073 anchor=0.818@0.069 phi=-0.072
frame@140784: gain=0.475 ref=0.370 mse=0.228 tau=-0.116 omega=-7.56E-005 bad=0 tapChange=0.0034 floor=0.0020 fading=False/True preMse=0.421 energy=0.145/0.125 fresh=False phase=-0.096 anchor=0.873@-0.082 phi=0.086
frame@140880: gain=0.493 ref=0.375 mse=0.128 tau=-0.116 omega=-1.61E-005 bad=0 tapChange=0.0018 floor=0.0018 fading=False/True preMse=0.236 energy=0.148/0.126 fresh=False phase=0.110 anchor=0.909@0.109 phi=-0.114
frame@140976: gain=0.501 ref=0.381 mse=0.182 tau=-0.116 omega=-9.24E-005 bad=0 tapChange=0.0026 floor=0.0020 fading=False/True preMse=0.336 energy=0.152/0.127 fresh=False phase=-0.161 anchor=0.914@-0.139 phi=0.147
frame@141072: gain=0.483 ref=0.387 mse=0.135 tau=-0.112 omega=-1.03E-004 bad=0 tapChange=0.0019 floor=0.0019 fading=False/True preMse=0.250 energy=0.166/0.129 fresh=False phase=-0.023 anchor=0.885@-0.020 phi=0.020
frame@141168: gain=0.472 ref=0.392 mse=0.134 tau=-0.108 omega=-4.92E-005 bad=0 tapChange=0.0019 floor=0.0019 fading=False/True preMse=0.248 energy=0.169/0.131 fresh=False phase=0.118 anchor=0.870@0.099 phi=-0.103
frame@141264: gain=0.539 ref=0.396 mse=0.136 tau=-0.105 omega=-1.19E-004 bad=0 tapChange=0.0021 floor=0.0021 fading=False/True preMse=0.250 energy=0.176/0.133 fresh=False phase=-0.147 anchor=0.982@-0.127 phi=0.134
frame@141360: gain=0.489 ref=0.403 mse=0.105 tau=-0.114 omega=-5.35E-005 bad=0 tapChange=0.0015 floor=0.0015 fading=False/True preMse=0.194 energy=0.165/0.135 fresh=False phase=0.131 anchor=0.904@0.120 phi=-0.126
frame@141456: gain=0.561 ref=0.408 mse=0.123 tau=-0.112 omega=-1.43E-005 bad=0 tapChange=0.0021 floor=0.0017 fading=False/True preMse=0.226 energy=0.185/0.136 fresh=False phase=0.085 anchor=1.018@0.071 phi=-0.075
frame@141552: gain=0.567 ref=0.415 mse=0.110 tau=-0.107 omega=-6.00E-005 bad=0 tapChange=0.0018 floor=0.0018 fading=False/True preMse=0.203 energy=0.188/0.139 fresh=False phase=-0.090 anchor=1.030@-0.083 phi=0.088
frame@141648: gain=0.577 ref=0.423 mse=0.123 tau=-0.110 omega=-2.66E-005 bad=0 tapChange=0.0019 floor=0.0019 fading=False/True preMse=0.227 energy=0.188/0.141 fresh=False phase=0.065 anchor=1.052@0.061 phi=-0.064
frame@141744: gain=0.498 ref=0.430 mse=0.114 tau=-0.103 omega=3.13E-006 bad=0 tapChange=0.0021 floor=0.0021 fading=False/True preMse=0.211 energy=0.151/0.143 fresh=False phase=0.063 anchor=0.915@0.054 phi=-0.057
frame@141840: gain=0.486 ref=0.434 mse=0.143 tau=-0.104 omega=3.81E-005 bad=0 tapChange=0.0026 floor=0.0023 fading=False/True preMse=0.264 energy=0.146/0.144 fresh=False phase=0.079 anchor=0.897@0.064 phi=-0.067
frame@141936: gain=0.399 ref=0.436 mse=0.152 tau=-0.104 omega=1.24E-005 bad=0 tapChange=0.0021 floor=0.0021 fading=False/True preMse=0.280 energy=0.111/0.144 fresh=False phase=-0.054 anchor=0.748@-0.047 phi=0.049
frame@142032: gain=0.411 ref=0.435 mse=0.130 tau=-0.106 omega=3.83E-006 bad=0 tapChange=0.0019 floor=0.0019 fading=False/True preMse=0.239 energy=0.115/0.142 fresh=False phase=-0.006 anchor=0.764@-0.016 phi=0.016
frame@142128: gain=0.288 ref=0.433 mse=0.272 tau=-0.103 omega=-8.14E-005 bad=0 tapChange=0.0031 floor=0.0021 fading=False/True preMse=0.502 energy=0.082/0.141 fresh=False phase=-0.164 anchor=0.546@-0.158 phi=0.164
frame@142224: gain=0.266 ref=0.426 mse=0.263 tau=-0.110 omega=-2.64E-005 bad=0 tapChange=0.0028 floor=0.0023 fading=False/True preMse=0.486 energy=0.080/0.138 fresh=False phase=0.122 anchor=0.507@0.102 phi=-0.106
frame@142320: gain=0.227 ref=0.418 mse=0.341 tau=-0.117 omega=-1.24E-004 bad=0 tapChange=0.0034 floor=0.0026 fading=False/True preMse=0.629 energy=0.079/0.135 fresh=False phase=-0.201 anchor=0.436@-0.182 phi=0.188
frame@142416: gain=0.211 ref=0.409 mse=0.320 tau=-0.119 omega=-1.21E-004 bad=0 tapChange=0.0029 floor=0.0028 fading=False/True preMse=0.590 energy=0.081/0.132 fresh=False phase=0.009 anchor=0.409@0.006 phi=-0.007
frame@142512: gain=0.158 ref=0.399 mse=0.459 tau=-0.123 omega=-2.84E-004 bad=0 tapChange=0.0041 floor=0.0030 fading=False/True preMse=0.848 energy=0.087/0.130 fresh=False phase=-0.339 anchor=0.314@-0.307 phi=0.313
frame@142608: gain=0.152 ref=0.399 mse=0.409 tau=-0.124 omega=-2.84E-004 bad=1 tapChange=0.0000 floor=0.0030 fading=False/True preMse=0.756 energy=0.090/0.130 fresh=True phase=-0.184 anchor=0.047@0.000 phi=0.000
frame@142704: gain=0.024 ref=0.399 mse=0.496 tau=-0.140 omega=-2.94E-004 bad=2 tapChange=0.8830 floor=0.0033 fading=False/True preMse=0.915 energy=0.111/0.130 fresh=False phase=-0.039 anchor=0.089@-0.019 phi=0.021
frame@142800: gain=0.048 ref=0.399 mse=0.454 tau=-0.133 omega=-2.76E-004 bad=3 tapChange=0.2395 floor=0.0035 fading=True/True preMse=0.837 energy=0.106/0.130 fresh=False phase=0.036 anchor=0.133@0.022 phi=-0.036
frame@142896: gain=0.071 ref=0.399 mse=0.415 tau=-0.139 omega=-2.96E-004 bad=4 tapChange=0.1068 floor=0.0038 fading=True/True preMse=0.766 energy=0.097/0.130 fresh=False phase=-0.040 anchor=0.175@-0.028 phi=0.039
frame@142992: gain=0.082 ref=0.399 mse=0.402 tau=-0.142 omega=-2.64E-004 bad=5 tapChange=0.0494 floor=0.0041 fading=True/True preMse=0.742 energy=0.096/0.130 fresh=False phase=0.067 anchor=0.184@0.048 phi=-0.062
frame@143088: gain=0.096 ref=0.399 mse=0.381 tau=-0.144 omega=-1.77E-004 bad=6 tapChange=0.0331 floor=0.0044 fading=True/True preMse=0.704 energy=0.088/0.130 fresh=False phase=0.175 anchor=0.210@0.136 phi=-0.168
frame@143184: gain=0.123 ref=0.399 mse=0.334 tau=-0.155 omega=-1.58E-004 bad=7 tapChange=0.0259 floor=0.0047 fading=True/True preMse=0.617 energy=0.111/0.130 fresh=False phase=0.038 anchor=0.265@0.029 phi=-0.036
frame@143280: gain=0.146 ref=0.399 mse=0.303 tau=-0.157 omega=-1.65E-004 bad=8 tapChange=0.0192 floor=0.0051 fading=True/True preMse=0.560 energy=0.112/0.130 fresh=False phase=-0.015 anchor=0.305@-0.010 phi=0.013
frame@143376: gain=0.147 ref=0.399 mse=0.317 tau=-0.154 omega=-9.51E-005 bad=9 tapChange=0.0132 floor=0.0054 fading=True/True preMse=0.585 energy=0.100/0.130 fresh=False phase=0.139 anchor=0.299@0.116 phi=-0.134
frame@143472: gain=0.149 ref=0.399 mse=0.311 tau=-0.156 omega=-8.28E-005 bad=10 tapChange=0.0106 floor=0.0058 fading=True/True preMse=0.574 energy=0.105/0.130 fresh=False phase=0.025 anchor=0.301@0.021 phi=-0.024
frame@143568: gain=0.169 ref=0.399 mse=0.290 tau=-0.154 omega=-7.60E-005 bad=11 tapChange=0.0091 floor=0.0062 fading=True/True preMse=0.536 energy=0.108/0.130 fresh=False phase=0.012 anchor=0.335@0.012 phi=-0.013
frame@143664: gain=0.188 ref=0.399 mse=0.259 tau=-0.155 omega=-1.01E-004 bad=12 tapChange=0.0094 floor=0.0066 fading=True/True preMse=0.478 energy=0.115/0.130 fresh=False phase=-0.044 anchor=0.383@-0.043 phi=0.048
frame@143760: gain=0.195 ref=0.388 mse=0.257 tau=-0.158 omega=-5.74E-005 bad=0 tapChange=0.0075 floor=0.0070 fading=True/True preMse=0.475 energy=0.111/0.129 fresh=False phase=0.085 anchor=0.387@0.076 phi=-0.084
frame@143856: gain=0.235 ref=0.379 mse=0.204 tau=-0.147 omega=-4.76E-005 bad=0 tapChange=0.0053 floor=0.0053 fading=True/True preMse=0.377 energy=0.126/0.128 fresh=False phase=0.018 anchor=0.459@0.017 phi=-0.019
frame@143952: gain=0.236 ref=0.371 mse=0.203 tau=-0.138 omega=-1.70E-005 bad=0 tapChange=0.0051 floor=0.0051 fading=True/True preMse=0.374 energy=0.127/0.128 fresh=False phase=0.065 anchor=0.463@0.053 phi=-0.059
frame@144048: gain=0.231 ref=0.365 mse=0.215 tau=-0.122 omega=-6.64E-005 bad=0 tapChange=0.0040 floor=0.0040 fading=True/True preMse=0.397 energy=0.101/0.128 fresh=False phase=-0.091 anchor=0.449@-0.086 phi=0.095
frame@144144: gain=0.229 ref=0.358 mse=0.224 tau=-0.121 omega=-2.78E-005 bad=0 tapChange=0.0049 floor=0.0043 fading=True/True preMse=0.414 energy=0.119/0.127 fresh=False phase=0.077 anchor=0.445@0.068 phi=-0.074
frame@144240: gain=0.235 ref=0.351 mse=0.203 tau=-0.110 omega=-1.08E-005 bad=0 tapChange=0.0038 floor=0.0038 fading=True/True preMse=0.375 energy=0.100/0.126 fresh=False phase=0.037 anchor=0.457@0.030 phi=-0.032
frame@144336: gain=0.241 ref=0.346 mse=0.207 tau=-0.107 omega=-2.15E-005 bad=0 tapChange=0.0038 floor=0.0038 fading=True/True preMse=0.383 energy=0.109/0.125 fresh=False phase=-0.019 anchor=0.469@-0.019 phi=0.021
frame@144432: gain=0.228 ref=0.340 mse=0.225 tau=-0.101 omega=-7.11E-005 bad=0 tapChange=0.0040 floor=0.0040 fading=True/True preMse=0.416 energy=0.108/0.124 fresh=False phase=-0.095 anchor=0.444@-0.089 phi=0.095
frame@144528: gain=0.234 ref=0.335 mse=0.220 tau=-0.102 omega=1.12E-005 bad=0 tapChange=0.0036 floor=0.0036 fading=True/True preMse=0.406 energy=0.087/0.123 fresh=False phase=0.163 anchor=0.455@0.147 phi=-0.158
frame@144624: gain=0.225 ref=0.330 mse=0.252 tau=-0.101 omega=-1.34E-004 bad=0 tapChange=0.0031 floor=0.0031 fading=True/True preMse=0.465 energy=0.086/0.121 fresh=False phase=-0.279 anchor=0.433@-0.261 phi=0.278
frame@144720: gain=0.236 ref=0.324 mse=0.249 tau=-0.100 omega=-1.57E-004 bad=0 tapChange=0.0049 floor=0.0034 fading=True/True preMse=0.460 energy=0.118/0.120 fresh=False phase=-0.045 anchor=0.462@-0.041 phi=0.044
frame@144816: gain=0.175 ref=0.320 mse=0.286 tau=-0.096 omega=-1.71E-004 bad=0 tapChange=0.0040 floor=0.0037 fading=True/True preMse=0.528 energy=0.081/0.120 fresh=False phase=-0.020 anchor=0.352@-0.026 phi=0.028
frame@144912: gain=0.240 ref=0.313 mse=0.242 tau=-0.097 omega=-1.17E-004 bad=0 tapChange=0.0042 floor=0.0039 fading=True/True preMse=0.446 energy=0.109/0.118 fresh=False phase=0.115 anchor=0.466@0.098 phi=-0.104
frame@145008: gain=0.257 ref=0.309 mse=0.210 tau=-0.096 omega=-2.12E-004 bad=0 tapChange=0.0030 floor=0.0030 fading=True/True preMse=0.388 energy=0.113/0.117 fresh=False phase=-0.195 anchor=0.495@-0.172 phi=0.183
frame@145104: gain=0.222 ref=0.307 mse=0.261 tau=-0.098 omega=-2.69E-004 bad=0 tapChange=0.0039 floor=0.0032 fading=True/True preMse=0.483 energy=0.087/0.117 fresh=False phase=-0.101 anchor=0.433@-0.103 phi=0.108
frame@145200: gain=0.259 ref=0.302 mse=0.228 tau=-0.099 omega=-3.30E-004 bad=0 tapChange=0.0034 floor=0.0034 fading=True/True preMse=0.420 energy=0.113/0.116 fresh=False phase=-0.119 anchor=0.501@-0.111 phi=0.118
frame@145296: gain=0.300 ref=0.300 mse=0.190 tau=-0.103 omega=-2.71E-004 bad=0 tapChange=0.0035 floor=0.0035 fading=True/True preMse=0.352 energy=0.125/0.115 fresh=False phase=0.123 anchor=0.574@0.106 phi=-0.113
frame@145392: gain=0.305 ref=0.300 mse=0.193 tau=-0.096 omega=-3.73E-004 bad=0 tapChange=0.0028 floor=0.0028 fading=True/True preMse=0.357 energy=0.102/0.116 fresh=False phase=-0.203 anchor=0.574@-0.184 phi=0.195
frame@145488: gain=0.335 ref=0.300 mse=0.133 tau=-0.096 omega=-3.50E-004 bad=0 tapChange=0.0022 floor=0.0022 fading=True/True preMse=0.246 energy=0.107/0.115 fresh=False phase=0.046 anchor=0.636@0.042 phi=-0.045
frame@145584: gain=0.320 ref=0.302 mse=0.170 tau=-0.087 omega=-3.29E-004 bad=0 tapChange=0.0025 floor=0.0024 fading=True/True preMse=0.314 energy=0.095/0.115 fresh=False phase=0.046 anchor=0.603@0.037 phi=-0.039
frame@145680: gain=0.369 ref=0.303 mse=0.114 tau=-0.090 omega=-3.83E-004 bad=0 tapChange=0.0019 floor=0.0019 fading=True/True preMse=0.210 energy=0.115/0.114 fresh=False phase=-0.107 anchor=0.693@-0.097 phi=0.103
frame@145776: gain=0.361 ref=0.306 mse=0.125 tau=-0.098 omega=-3.68E-004 bad=0 tapChange=0.0020 floor=0.0020 fading=True/True preMse=0.230 energy=0.102/0.114 fresh=False phase=0.029 anchor=0.677@0.027 phi=-0.029
frame@145872: gain=0.425 ref=0.309 mse=0.095 tau=-0.095 omega=-4.22E-004 bad=0 tapChange=0.0018 floor=0.0018 fading=True/True preMse=0.176 energy=0.135/0.113 fresh=False phase=-0.105 anchor=0.791@-0.097 phi=0.104
frame@145968: gain=0.395 ref=0.315 mse=0.126 tau=-0.098 omega=-3.69E-004 bad=0 tapChange=0.0022 floor=0.0020 fading=True/True preMse=0.232 energy=0.128/0.114 fresh=False phase=0.104 anchor=0.737@0.095 phi=-0.102
frame@146064: gain=0.421 ref=0.319 mse=0.102 tau=-0.099 omega=-3.25E-004 bad=0 tapChange=0.0017 floor=0.0017 fading=True/True preMse=0.188 energy=0.138/0.115 fresh=False phase=0.085 anchor=0.786@0.079 phi=-0.085
frame@146160: gain=0.454 ref=0.324 mse=0.092 tau=-0.100 omega=-3.71E-004 bad=0 tapChange=0.0020 floor=0.0019 fading=True/True preMse=0.170 energy=0.154/0.116 fresh=False phase=-0.088 anchor=0.839@-0.082 phi=0.088
frame@146256: gain=0.440 ref=0.331 mse=0.070 tau=-0.089 omega=-3.68E-004 bad=0 tapChange=0.0013 floor=0.0013 fading=True/True preMse=0.128 energy=0.149/0.118 fresh=False phase=0.005 anchor=0.818@0.004 phi=-0.005
frame@146352: gain=0.495 ref=0.336 mse=0.063 tau=-0.091 omega=-3.47E-004 bad=0 tapChange=0.0014 floor=0.0014 fading=True/True preMse=0.116 energy=0.169/0.120 fresh=False phase=0.039 anchor=0.911@0.039 phi=-0.042
frame@146448: gain=0.512 ref=0.344 mse=0.082 tau=-0.095 omega=-3.39E-004 bad=0 tapChange=0.0019 floor=0.0016 fading=False/True preMse=0.152 energy=0.177/0.122 fresh=False phase=0.015 anchor=0.937@0.014 phi=-0.015
frame@146544: gain=0.480 ref=0.352 mse=0.044 tau=-0.091 omega=-3.31E-004 bad=0 tapChange=0.0009 floor=0.0009 fading=False/True preMse=0.082 energy=0.169/0.125 fresh=False phase=0.011 anchor=0.890@0.013 phi=-0.014
frame@146640: gain=0.438 ref=0.359 mse=0.070 tau=-0.096 omega=-3.67E-004 bad=0 tapChange=0.0013 floor=0.0011 fading=False/True preMse=0.130 energy=0.154/0.127 fresh=False phase=-0.072 anchor=0.820@-0.065 phi=0.069
frame@146736: gain=0.449 ref=0.363 mse=0.077 tau=-0.091 omega=-3.44E-004 bad=0 tapChange=0.0015 floor=0.0012 fading=False/True preMse=0.143 energy=0.159/0.128 fresh=False phase=0.047 anchor=0.836@0.042 phi=-0.045
frame@146832: gain=0.370 ref=0.367 mse=0.137 tau=-0.094 omega=-3.79E-004 bad=0 tapChange=0.0022 floor=0.0014 fading=False/True preMse=0.253 energy=0.106/0.130 fresh=False phase=-0.065 anchor=0.690@-0.064 phi=0.067
frame@146928: gain=0.366 ref=0.367 mse=0.132 tau=-0.096 omega=-3.88E-004 bad=0 tapChange=0.0020 floor=0.0016 fading=False/True preMse=0.244 energy=0.106/0.129 fresh=False phase=-0.021 anchor=0.684@-0.017 phi=0.018
frame@147024: gain=0.413 ref=0.367 mse=0.101 tau=-0.104 omega=-3.83E-004 bad=0 tapChange=0.0019 floor=0.0017 fading=False/True preMse=0.187 energy=0.137/0.128 fresh=False phase=0.018 anchor=0.771@0.009 phi=-0.010
frame@147120: gain=0.385 ref=0.369 mse=0.124 tau=-0.109 omega=-3.56E-004 bad=0 tapChange=0.0021 floor=0.0019 fading=False/True preMse=0.229 energy=0.125/0.128 fresh=False phase=0.050 anchor=0.724@0.048 phi=-0.051
frame@147216: gain=0.376 ref=0.370 mse=0.117 tau=-0.116 omega=-3.85E-004 bad=0 tapChange=0.0018 floor=0.0018 fading=False/True preMse=0.217 energy=0.122/0.128 fresh=False phase=-0.059 anchor=0.708@-0.051 phi=0.054
frame@147312: gain=0.388 ref=0.371 mse=0.124 tau=-0.116 omega=-4.00E-004 bad=0 tapChange=0.0018 floor=0.0018 fading=False/True preMse=0.230 energy=0.129/0.128 fresh=False phase=-0.033 anchor=0.722@-0.027 phi=0.029
frame@147408: gain=0.335 ref=0.371 mse=0.156 tau=-0.120 omega=-3.86E-004 bad=0 tapChange=0.0021 floor=0.0020 fading=False/True preMse=0.289 energy=0.107/0.128 fresh=False phase=0.029 anchor=0.629@0.026 phi=-0.027
frame@147504: gain=0.305 ref=0.370 mse=0.162 tau=-0.128 omega=-4.20E-004 bad=0 tapChange=0.0014 floor=0.0014 fading=False/True preMse=0.300 energy=0.099/0.127 fresh=False phase=-0.065 anchor=0.574@-0.062 phi=0.066
frame@147600: gain=0.352 ref=0.366 mse=0.123 tau=-0.124 omega=-4.42E-004 bad=0 tapChange=0.0015 floor=0.0015 fading=False/True preMse=0.227 energy=0.105/0.125 fresh=False phase=-0.045 anchor=0.662@-0.040 phi=0.043
frame@147696: gain=0.349 ref=0.366 mse=0.134 tau=-0.133 omega=-4.86E-004 bad=0 tapChange=0.0016 floor=0.0016 fading=False/True preMse=0.247 energy=0.110/0.124 fresh=False phase=-0.090 anchor=0.659@-0.080 phi=0.084
frame@147792: gain=0.323 ref=0.365 mse=0.157 tau=-0.134 omega=-4.73E-004 bad=0 tapChange=0.0016 floor=0.0016 fading=False/True preMse=0.290 energy=0.106/0.124 fresh=False phase=0.026 anchor=0.609@0.023 phi=-0.024
frame@147888: gain=0.303 ref=0.363 mse=0.178 tau=-0.137 omega=-4.69E-004 bad=0 tapChange=0.0019 floor=0.0018 fading=False/True preMse=0.329 energy=0.105/0.123 fresh=False phase=0.012 anchor=0.576@0.008 phi=-0.008
frame@147984: gain=0.301 ref=0.360 mse=0.191 tau=-0.145 omega=-5.31E-004 bad=0 tapChange=0.0020 floor=0.0020 fading=False/True preMse=0.353 energy=0.110/0.122 fresh=False phase=-0.117 anchor=0.572@-0.115 phi=0.119
frame@148080: gain=0.286 ref=0.357 mse=0.194 tau=-0.144 omega=-5.07E-004 bad=0 tapChange=0.0019 floor=0.0019 fading=False/True preMse=0.359 energy=0.104/0.121 fresh=False phase=0.056 anchor=0.548@0.044 phi=-0.046
frame@148176: gain=0.354 ref=0.353 mse=0.143 tau=-0.136 omega=-4.71E-004 bad=0 tapChange=0.0018 floor=0.0018 fading=False/True preMse=0.264 energy=0.122/0.120 fresh=False phase=0.071 anchor=0.667@0.066 phi=-0.069
frame@148272: gain=0.244 ref=0.353 mse=0.250 tau=-0.133 omega=-4.75E-004 bad=0 tapChange=0.0021 floor=0.0020 fading=False/True preMse=0.461 energy=0.088/0.120 fresh=False phase=-0.008 anchor=0.470@-0.007 phi=0.007
frame@148368: gain=0.297 ref=0.348 mse=0.231 tau=-0.118 omega=-5.70E-004 bad=0 tapChange=0.0025 floor=0.0022 fading=False/True preMse=0.427 energy=0.117/0.119 fresh=False phase=-0.194 anchor=0.566@-0.176 phi=0.182
frame@148464: gain=0.293 ref=0.345 mse=0.202 tau=-0.120 omega=-5.55E-004 bad=0 tapChange=0.0021 floor=0.0021 fading=False/True preMse=0.373 energy=0.107/0.119 fresh=False phase=0.028 anchor=0.560@0.028 phi=-0.030
frame@148560: gain=0.298 ref=0.343 mse=0.189 tau=-0.115 omega=-5.15E-004 bad=0 tapChange=0.0018 floor=0.0018 fading=False/True preMse=0.349 energy=0.096/0.118 fresh=False phase=0.083 anchor=0.562@0.073 phi=-0.076
frame@148656: gain=0.331 ref=0.340 mse=0.268 tau=-0.121 omega=-6.10E-004 bad=0 tapChange=0.0032 floor=0.0020 fading=False/True preMse=0.495 energy=0.106/0.117 fresh=False phase=-0.193 anchor=0.610@-0.176 phi=0.182
frame@148752: gain=0.296 ref=0.340 mse=0.264 tau=-0.123 omega=-6.04E-004 bad=0 tapChange=0.0031 floor=0.0022 fading=False/True preMse=0.487 energy=0.080/0.116 fresh=False phase=0.020 anchor=0.558@0.010 phi=-0.011
frame@148848: gain=0.263 ref=0.338 mse=0.336 tau=-0.109 omega=-5.09E-004 bad=0 tapChange=0.0039 floor=0.0024 fading=False/True preMse=0.620 energy=0.073/0.115 fresh=False phase=0.202 anchor=0.490@0.178 phi=-0.184
frame@148944: gain=0.268 ref=0.334 mse=0.280 tau=-0.111 omega=-6.46E-004 bad=0 tapChange=0.0025 floor=0.0025 fading=False/True preMse=0.517 energy=0.061/0.113 fresh=False phase=-0.271 anchor=0.500@-0.255 phi=0.263
frame@149040: gain=0.301 ref=0.331 mse=0.280 tau=-0.111 omega=-7.53E-004 bad=0 tapChange=0.0033 floor=0.0028 fading=False/True preMse=0.518 energy=0.076/0.110 fresh=False phase=-0.205 anchor=0.563@-0.199 phi=0.207
frame@149136: gain=0.240 ref=0.329 mse=0.358 tau=-0.109 omega=-6.99E-004 bad=0 tapChange=0.0039 floor=0.0030 fading=False/True preMse=0.661 energy=0.060/0.108 fresh=False phase=0.124 anchor=0.458@0.100 phi=-0.104
frame@149232: gain=0.232 ref=0.325 mse=0.349 tau=-0.112 omega=-7.38E-004 bad=0 tapChange=0.0035 floor=0.0033 fading=False/True preMse=0.645 energy=0.060/0.106 fresh=False phase=-0.072 anchor=0.444@-0.072 phi=0.074
frame@149328: gain=0.264 ref=0.320 mse=0.320 tau=-0.123 omega=-8.29E-004 bad=0 tapChange=0.0039 floor=0.0035 fading=False/True preMse=0.592 energy=0.066/0.104 fresh=False phase=-0.161 anchor=0.501@-0.170 phi=0.176
frame@149424: gain=0.231 ref=0.317 mse=0.363 tau=-0.130 omega=-8.13E-004 bad=0 tapChange=0.0038 floor=0.0038 fading=False/True preMse=0.670 energy=0.075/0.102 fresh=False phase=0.030 anchor=0.442@0.030 phi=-0.031
frame@149520: gain=0.280 ref=0.313 mse=0.318 tau=-0.138 omega=-7.96E-004 bad=0 tapChange=0.0038 floor=0.0038 fading=False/True preMse=0.587 energy=0.084/0.100 fresh=False phase=0.043 anchor=0.526@0.032 phi=-0.034
frame@149616: gain=0.303 ref=0.311 mse=0.233 tau=-0.149 omega=-7.80E-004 bad=0 tapChange=0.0026 floor=0.0026 fading=False/True preMse=0.430 energy=0.095/0.100 fresh=False phase=0.035 anchor=0.572@0.028 phi=-0.029
frame@149712: gain=0.267 ref=0.311 mse=0.237 tau=-0.147 omega=-8.33E-004 bad=0 tapChange=0.0021 floor=0.0021 fading=False/True preMse=0.437 energy=0.067/0.099 fresh=False phase=-0.098 anchor=0.504@-0.099 phi=0.102
frame@149808: gain=0.258 ref=0.309 mse=0.249 tau=-0.157 omega=-7.46E-004 bad=0 tapChange=0.0023 floor=0.0023 fading=False/True preMse=0.460 energy=0.066/0.098 fresh=False phase=0.182 anchor=0.494@0.163 phi=-0.168
frame@149904: gain=0.227 ref=0.306 mse=0.249 tau=-0.157 omega=-7.62E-004 bad=0 tapChange=0.0015 floor=0.0015 fading=False/True preMse=0.459 energy=0.049/0.096 fresh=False phase=-0.025 anchor=0.430@-0.029 phi=0.030
frame@150000: gain=0.269 ref=0.302 mse=0.235 tau=-0.145 omega=-6.92E-004 bad=0 tapChange=0.0019 floor=0.0017 fading=False/True preMse=0.434 energy=0.055/0.094 fresh=False phase=0.125 anchor=0.507@0.129 phi=-0.133
frame@150096: gain=0.232 ref=0.301 mse=0.279 tau=-0.143 omega=-5.56E-004 bad=0 tapChange=0.0018 floor=0.0018 fading=False/True preMse=0.515 energy=0.048/0.092 fresh=False phase=0.265 anchor=0.439@0.255 phi=-0.261
frame@150192: gain=0.197 ref=0.297 mse=0.306 tau=-0.136 omega=-4.94E-004 bad=0 tapChange=0.0018 floor=0.0018 fading=False/True preMse=0.565 energy=0.035/0.090 fresh=False phase=0.110 anchor=0.374@0.116 phi=-0.119
frame@150288: gain=0.224 ref=0.292 mse=0.308 tau=-0.131 omega=-4.23E-004 bad=0 tapChange=0.0022 floor=0.0020 fading=False/True preMse=0.569 energy=0.036/0.087 fresh=False phase=0.135 anchor=0.422@0.133 phi=-0.136
frame@150384: gain=0.260 ref=0.289 mse=0.308 tau=-0.145 omega=-3.02E-004 bad=0 tapChange=0.0028 floor=0.0022 fading=False/True preMse=0.569 energy=0.048/0.084 fresh=False phase=0.230 anchor=0.487@0.226 phi=-0.232
frame@150480: gain=0.242 ref=0.287 mse=0.270 tau=-0.161 omega=-2.27E-004 bad=0 tapChange=0.0019 floor=0.0019 fading=False/True preMse=0.498 energy=0.035/0.083 fresh=False phase=0.136 anchor=0.454@0.141 phi=-0.144
frame@150576: gain=0.200 ref=0.285 mse=0.311 tau=-0.138 omega=-2.26E-004 bad=0 tapChange=0.0017 floor=0.0017 fading=False/True preMse=0.575 energy=0.026/0.080 fresh=False phase=-0.001 anchor=0.372@0.003 phi=-0.003
frame@150672: gain=0.212 ref=0.281 mse=0.306 tau=-0.134 omega=-2.45E-004 bad=0 tapChange=0.0020 floor=0.0019 fading=False/True preMse=0.566 energy=0.033/0.077 fresh=False phase=-0.047 anchor=0.400@-0.037 phi=0.038
frame@150768: gain=0.274 ref=0.277 mse=0.232 tau=-0.146 omega=-2.13E-004 bad=0 tapChange=0.0018 floor=0.0018 fading=False/True preMse=0.428 energy=0.042/0.075 fresh=False phase=0.067 anchor=0.515@0.061 phi=-0.063
frame@150864: gain=0.296 ref=0.277 mse=0.191 tau=-0.139 omega=-1.86E-004 bad=0 tapChange=0.0016 floor=0.0016 fading=False/True preMse=0.352 energy=0.042/0.074 fresh=False phase=0.045 anchor=0.557@0.050 phi=-0.052
frame@150960: gain=0.227 ref=0.278 mse=0.314 tau=-0.136 omega=-1.24E-004 bad=0 tapChange=0.0023 floor=0.0017 fading=False/True preMse=0.580 energy=0.042/0.072 fresh=False phase=0.104 anchor=0.429@0.116 phi=-0.118
frame@151056: gain=0.202 ref=0.276 mse=0.321 tau=-0.125 omega=-1.28E-004 bad=0 tapChange=0.0017 floor=0.0017 fading=False/True preMse=0.593 energy=0.036/0.071 fresh=False phase=-0.010 anchor=0.379@-0.006 phi=0.007
frame@151152: gain=0.196 ref=0.272 mse=0.304 tau=-0.153 omega=-1.01E-004 bad=0 tapChange=0.0016 floor=0.0016 fading=False/True preMse=0.562 energy=0.034/0.069 fresh=False phase=0.046 anchor=0.371@0.049 phi=-0.050
frame@151248: gain=0.139 ref=0.268 mse=0.404 tau=-0.167 omega=8.08E-005 bad=0 tapChange=0.0017 floor=0.0017 fading=False/True preMse=0.745 energy=0.023/0.067 fresh=False phase=0.377 anchor=0.263@0.345 phi=-0.350
frame@151344: gain=0.136 ref=0.262 mse=0.465 tau=-0.137 omega=-1.76E-004 bad=0 tapChange=0.0024 floor=0.0019 fading=False/True preMse=0.859 energy=0.034/0.065 fresh=False phase=-0.514 anchor=0.257@-0.486 phi=0.492
frame@151440: gain=0.036 ref=0.255 mse=0.551 tau=-0.167 omega=-1.76E-004 bad=0 tapChange=0.0017 floor=0.0017 fading=False/True preMse=1.017 energy=0.021/0.063 fresh=False phase=-0.056 anchor=0.081@-0.046 phi=-0.000
frame@151536: gain=0.033 ref=0.255 mse=0.617 tau=-0.153 omega=-1.76E-004 bad=1 tapChange=0.0000 floor=0.0017 fading=False/True preMse=1.139 energy=0.024/0.063 fresh=True phase=1.011 anchor=0.020@0.000 phi=0.000
frame@151632: gain=0.008 ref=0.255 mse=0.527 tau=-0.134 omega=-1.55E-004 bad=2 tapChange=0.7859 floor=0.0019 fading=False/True preMse=0.973 energy=0.032/0.063 fresh=False phase=0.079 anchor=0.032@0.035 phi=-0.041
frame@151728: gain=0.012 ref=0.255 mse=0.521 tau=-0.132 omega=-1.19E-004 bad=3 tapChange=0.2028 floor=0.0021 fading=True/True preMse=0.962 energy=0.026/0.063 fresh=False phase=0.205 anchor=0.035@0.127 phi=-0.068
frame@151824: gain=0.019 ref=0.255 mse=0.514 tau=-0.130 omega=-3.30E-005 bad=4 tapChange=0.1822 floor=0.0023 fading=True/True preMse=0.950 energy=0.044/0.063 fresh=False phase=0.562 anchor=0.056@0.333 phi=-0.165
frame@151920: gain=0.029 ref=0.255 mse=0.498 tau=-0.134 omega=8.91E-006 bad=5 tapChange=0.1294 floor=0.0025 fading=True/True preMse=0.919 energy=0.054/0.063 fresh=False phase=0.292 anchor=0.075@0.195 phi=-0.080
frame@152016: gain=0.044 ref=0.255 mse=0.468 tau=-0.142 omega=1.04E-004 bad=6 tapChange=0.1035 floor=0.0027 fading=True/True preMse=0.864 energy=0.063/0.063 fresh=False phase=0.195 anchor=0.109@0.132 phi=-0.183
frame@152112: gain=0.053 ref=0.255 mse=0.452 tau=-0.146 omega=2.13E-004 bad=7 tapChange=0.0643 floor=0.0030 fading=True/True preMse=0.834 energy=0.066/0.063 fresh=False phase=0.223 anchor=0.125@0.162 phi=-0.209
frame@152208: gain=0.066 ref=0.255 mse=0.431 tau=-0.145 omega=1.38E-004 bad=8 tapChange=0.0391 floor=0.0032 fading=True/True preMse=0.797 energy=0.080/0.063 fresh=False phase=-0.162 anchor=0.145@-0.116 phi=0.144
frame@152304: gain=0.084 ref=0.255 mse=0.401 tau=-0.148 omega=2.13E-004 bad=9 tapChange=0.0322 floor=0.0035 fading=True/True preMse=0.741 energy=0.083/0.063 fresh=False phase=0.145 anchor=0.183@0.117 phi=-0.143
frame@152400: gain=0.113 ref=0.255 mse=0.354 tau=-0.138 omega=1.87E-004 bad=10 tapChange=0.0287 floor=0.0038 fading=True/True preMse=0.653 energy=0.094/0.063 fresh=False phase=-0.051 anchor=0.244@-0.040 phi=0.049
frame@152496: gain=0.104 ref=0.255 mse=0.367 tau=-0.136 omega=1.50E-004 bad=11 tapChange=0.0165 floor=0.0041 fading=True/True preMse=0.678 energy=0.070/0.063 fresh=False phase=-0.077 anchor=0.217@-0.062 phi=0.072
frame@152592: gain=0.121 ref=0.255 mse=0.345 tau=-0.141 omega=2.42E-004 bad=12 tapChange=0.0145 floor=0.0044 fading=True/True preMse=0.637 energy=0.076/0.063 fresh=False phase=0.190 anchor=0.250@0.153 phi=-0.177
frame@152688: gain=0.134 ref=0.249 mse=0.329 tau=-0.134 omega=1.93E-004 bad=0 tapChange=0.0118 floor=0.0047 fading=True/True preMse=0.606 energy=0.077/0.064 fresh=False phase=-0.101 anchor=0.271@-0.083 phi=0.095
frame@152784: gain=0.124 ref=0.243 mse=0.335 tau=-0.129 omega=2.33E-004 bad=0 tapChange=0.0099 floor=0.0050 fading=True/True preMse=0.619 energy=0.065/0.065 fresh=False phase=0.075 anchor=0.255@0.069 phi=-0.077
frame@152880: gain=0.122 ref=0.237 mse=0.349 tau=-0.148 omega=1.52E-004 bad=0 tapChange=0.0079 floor=0.0054 fading=True/True preMse=0.645 energy=0.071/0.065 fresh=False phase=-0.162 anchor=0.247@-0.142 phi=0.155
frame@152976: gain=0.144 ref=0.231 mse=0.307 tau=-0.147 omega=2.09E-004 bad=0 tapChange=0.0074 floor=0.0057 fading=True/True preMse=0.567 energy=0.071/0.065 fresh=False phase=0.121 anchor=0.292@0.099 phi=-0.110
frame@153072: gain=0.129 ref=0.227 mse=0.345 tau=-0.156 omega=2.03E-004 bad=0 tapChange=0.0063 floor=0.0061 fading=True/True preMse=0.638 energy=0.061/0.065 fresh=False phase=-0.012 anchor=0.254@-0.010 phi=0.011
frame@153168: gain=0.162 ref=0.222 mse=0.292 tau=-0.167 omega=2.19E-004 bad=0 tapChange=0.0067 floor=0.0065 fading=True/True preMse=0.540 energy=0.091/0.065 fresh=False phase=0.035 anchor=0.326@0.028 phi=-0.031
frame@153264: gain=0.179 ref=0.219 mse=0.263 tau=-0.156 omega=2.11E-004 bad=0 tapChange=0.0049 floor=0.0049 fading=True/True preMse=0.486 energy=0.072/0.066 fresh=False phase=-0.016 anchor=0.353@-0.014 phi=0.015
frame@153360: gain=0.185 ref=0.217 mse=0.254 tau=-0.141 omega=2.18E-004 bad=0 tapChange=0.0045 floor=0.0045 fading=True/True preMse=0.470 energy=0.076/0.067 fresh=False phase=0.012 anchor=0.366@0.012 phi=-0.013
frame@153456: gain=0.200 ref=0.215 mse=0.256 tau=-0.145 omega=1.00E-004 bad=0 tapChange=0.0041 floor=0.0041 fading=True/True preMse=0.472 energy=0.107/0.067 fresh=False phase=-0.234 anchor=0.391@-0.209 phi=0.226
frame@153552: gain=0.224 ref=0.215 mse=0.219 tau=-0.170 omega=1.96E-004 bad=0 tapChange=0.0033 floor=0.0033 fading=True/True preMse=0.404 energy=0.071/0.069 fresh=False phase=0.191 anchor=0.433@0.170 phi=-0.185
frame@153648: gain=0.228 ref=0.215 mse=0.222 tau=-0.175 omega=1.07E-004 bad=0 tapChange=0.0037 floor=0.0035 fading=True/True preMse=0.409 energy=0.100/0.069 fresh=False phase=-0.179 anchor=0.443@-0.160 phi=0.172
frame@153744: gain=0.205 ref=0.216 mse=0.254 tau=-0.162 omega=1.77E-004 bad=0 tapChange=0.0037 floor=0.0037 fading=True/True preMse=0.470 energy=0.089/0.071 fresh=False phase=0.141 anchor=0.399@0.126 phi=-0.135
frame@153840: gain=0.199 ref=0.215 mse=0.301 tau=-0.180 omega=-2.19E-005 bad=0 tapChange=0.0033 floor=0.0033 fading=True/True preMse=0.556 energy=0.060/0.072 fresh=False phase=-0.384 anchor=0.378@-0.360 phi=0.382
frame@153936: gain=0.207 ref=0.214 mse=0.264 tau=-0.151 omega=1.45E-004 bad=0 tapChange=0.0036 floor=0.0036 fading=True/True preMse=0.487 energy=0.071/0.071 fresh=False phase=0.340 anchor=0.405@0.302 phi=-0.321
frame@154032: gain=0.175 ref=0.214 mse=0.306 tau=-0.165 omega=-5.74E-006 bad=0 tapChange=0.0033 floor=0.0033 fading=True/True preMse=0.564 energy=0.063/0.071 fresh=False phase=-0.301 anchor=0.340@-0.276 phi=0.290
frame@154128: gain=0.137 ref=0.212 mse=0.331 tau=-0.135 omega=8.33E-006 bad=0 tapChange=0.0032 floor=0.0032 fading=True/True preMse=0.612 energy=0.047/0.071 fresh=False phase=0.044 anchor=0.272@0.026 phi=-0.027
frame@154224: gain=0.133 ref=0.208 mse=0.358 tau=-0.107 omega=6.09E-005 bad=0 tapChange=0.0033 floor=0.0033 fading=True/True preMse=0.661 energy=0.058/0.069 fresh=False phase=0.118 anchor=0.263@0.098 phi=-0.101
frame@154320: gain=0.120 ref=0.205 mse=0.415 tau=-0.099 omega=-1.45E-004 bad=0 tapChange=0.0042 floor=0.0036 fading=True/True preMse=0.766 energy=0.063/0.069 fresh=False phase=-0.438 anchor=0.240@-0.384 phi=0.396
frame@154416: gain=0.078 ref=0.200 mse=0.469 tau=-0.107 omega=-2.79E-004 bad=0 tapChange=0.0043 floor=0.0039 fading=True/True preMse=0.866 energy=0.063/0.069 fresh=False phase=-0.275 anchor=0.162@-0.252 phi=0.257
frame@154512: gain=0.115 ref=0.200 mse=0.415 tau=-0.108 omega=-4.56E-004 bad=1 tapChange=0.0039 floor=0.0039 fading=True/True preMse=0.765 energy=0.052/0.069 fresh=False phase=-0.368 anchor=0.229@-0.329 phi=0.339
frame@154608: gain=0.080 ref=0.196 mse=0.467 tau=-0.098 omega=-4.84E-004 bad=0 tapChange=0.0042 floor=0.0042 fading=True/True preMse=0.862 energy=0.045/0.068 fresh=False phase=-0.020 anchor=0.163@-0.053 phi=0.054
frame@154704: gain=0.127 ref=0.196 mse=0.404 tau=-0.102 omega=-6.43E-004 bad=1 tapChange=0.0042 floor=0.0042 fading=True/True preMse=0.745 energy=0.057/0.068 fresh=False phase=-0.330 anchor=0.253@-0.295 phi=0.304
frame@154800: gain=0.125 ref=0.193 mse=0.401 tau=-0.116 omega=-6.80E-004 bad=0 tapChange=0.0050 floor=0.0045 fading=True/True preMse=0.741 energy=0.054/0.067 fresh=False phase=-0.048 anchor=0.252@-0.070 phi=0.073
frame@154896: gain=0.193 ref=0.189 mse=0.286 tau=-0.121 omega=-6.14E-004 bad=0 tapChange=0.0035 floor=0.0035 fading=True/True preMse=0.527 energy=0.065/0.067 fresh=False phase=0.143 anchor=0.375@0.121 phi=-0.127
frame@154992: gain=0.147 ref=0.189 mse=0.376 tau=-0.125 omega=-6.79E-004 bad=0 tapChange=0.0038 floor=0.0038 fading=True/True preMse=0.694 energy=0.047/0.066 fresh=False phase=-0.131 anchor=0.283@-0.120 phi=0.124
frame@155088: gain=0.166 ref=0.187 mse=0.336 tau=-0.116 omega=-5.23E-004 bad=0 tapChange=0.0026 floor=0.0026 fading=True/True preMse=0.621 energy=0.046/0.066 fresh=False phase=0.301 anchor=0.317@0.288 phi=-0.299
frame@155184: gain=0.137 ref=0.186 mse=0.380 tau=-0.109 omega=-4.23E-004 bad=0 tapChange=0.0035 floor=0.0028 fading=True/True preMse=0.701 energy=0.047/0.065 fresh=False phase=0.197 anchor=0.267@0.186 phi=-0.192
frame@155280: gain=0.153 ref=0.184 mse=0.376 tau=-0.103 omega=-4.40E-004 bad=0 tapChange=0.0042 floor=0.0030 fading=True/True preMse=0.694 energy=0.055/0.064 fresh=False phase=-0.044 anchor=0.297@-0.032 phi=0.033
frame@155376: gain=0.142 ref=0.182 mse=0.353 tau=-0.093 omega=-4.10E-004 bad=0 tapChange=0.0025 floor=0.0025 fading=True/True preMse=0.651 energy=0.044/0.063 fresh=False phase=0.065 anchor=0.273@0.055 phi=-0.058
frame@155472: gain=0.127 ref=0.180 mse=0.387 tau=-0.091 omega=-2.79E-004 bad=0 tapChange=0.0032 floor=0.0027 fading=True/True preMse=0.715 energy=0.054/0.062 fresh=False phase=0.262 anchor=0.253@0.245 phi=-0.252
frame@155568: gain=0.122 ref=0.178 mse=0.413 tau=-0.076 omega=-2.31E-004 bad=0 tapChange=0.0038 floor=0.0030 fading=True/True preMse=0.762 energy=0.053/0.062 fresh=False phase=0.090 anchor=0.245@0.089 phi=-0.092
frame@155664: gain=0.114 ref=0.175 mse=0.426 tau=-0.087 omega=-1.75E-004 bad=0 tapChange=0.0040 floor=0.0032 fading=False/True preMse=0.786 energy=0.054/0.061 fresh=False phase=0.081 anchor=0.226@0.105 phi=-0.108
frame@155760: gain=0.081 ref=0.172 mse=0.496 tau=-0.087 omega=3.17E-005 bad=0 tapChange=0.0047 floor=0.0035 fading=False/True preMse=0.916 energy=0.051/0.061 fresh=False phase=0.492 anchor=0.171@0.391 phi=-0.397
frame@155856: gain=0.083 ref=0.172 mse=0.487 tau=-0.082 omega=3.17E-005 bad=1 tapChange=0.0000 floor=0.0035 fading=False/True preMse=0.899 energy=0.059/0.061 fresh=True phase=-0.380 anchor=0.035@0.000 phi=0.000
frame@155952: gain=0.016 ref=0.172 mse=0.511 tau=-0.083 omega=2.88E-005 bad=2 tapChange=0.8147 floor=0.0038 fading=False/True preMse=0.944 energy=0.053/0.061 fresh=False phase=-0.007 anchor=0.059@-0.005 phi=0.005
frame@156048: gain=0.031 ref=0.172 mse=0.486 tau=-0.072 omega=2.93E-005 bad=3 tapChange=0.2273 floor=0.0041 fading=True/True preMse=0.898 energy=0.057/0.061 fresh=False phase=-0.005 anchor=0.085@0.002 phi=-0.001
frame@156144: gain=0.044 ref=0.172 mse=0.463 tau=-0.059 omega=-5.45E-006 bad=4 tapChange=0.1073 floor=0.0044 fading=True/True preMse=0.854 energy=0.059/0.061 fresh=False phase=-0.069 anchor=0.109@-0.048 phi=0.067
frame@156240: gain=0.053 ref=0.172 mse=0.449 tau=-0.071 omega=-4.72E-005 bad=5 tapChange=0.0542 floor=0.0047 fading=True/True preMse=0.830 energy=0.051/0.061 fresh=False phase=-0.080 anchor=0.120@-0.063 phi=0.080
frame@156336: gain=0.053 ref=0.172 mse=0.449 tau=-0.087 omega=-9.11E-005 bad=6 tapChange=0.0322 floor=0.0050 fading=True/True preMse=0.828 energy=0.052/0.061 fresh=False phase=-0.086 anchor=0.118@-0.070 phi=0.084
frame@156432: gain=0.053 ref=0.172 mse=0.450 tau=-0.090 omega=-7.37E-005 bad=7 tapChange=0.0195 floor=0.0054 fading=True/True preMse=0.831 energy=0.036/0.061 fresh=False phase=0.042 anchor=0.113@0.029 phi=-0.033
frame@156528: gain=0.063 ref=0.172 mse=0.436 tau=-0.082 omega=-5.10E-005 bad=8 tapChange=0.0220 floor=0.0057 fading=True/True preMse=0.804 energy=0.048/0.061 fresh=False phase=0.045 anchor=0.136@0.038 phi=-0.044
frame@156624: gain=0.074 ref=0.172 mse=0.420 tau=-0.052 omega=-9.58E-005 bad=9 tapChange=0.0159 floor=0.0061 fading=True/True preMse=0.775 energy=0.049/0.061 fresh=False phase=-0.086 anchor=0.153@-0.075 phi=0.086
frame@156720: gain=0.073 ref=0.172 mse=0.421 tau=-0.058 omega=-1.57E-004 bad=10 tapChange=0.0152 floor=0.0065 fading=True/True preMse=0.777 energy=0.052/0.061 fresh=False phase=-0.125 anchor=0.155@-0.104 phi=0.117
frame@156816: gain=0.057 ref=0.172 mse=0.458 tau=-0.069 omega=-3.41E-004 bad=11 tapChange=0.0088 floor=0.0070 fading=True/True preMse=0.846 energy=0.037/0.061 fresh=False phase=-0.369 anchor=0.116@-0.327 phi=0.353
frame@156912: gain=0.062 ref=0.172 mse=0.444 tau=-0.047 omega=-3.73E-004 bad=12 tapChange=0.0108 floor=0.0074 fading=True/True preMse=0.819 energy=0.044/0.061 fresh=False phase=-0.050 anchor=0.130@-0.057 phi=0.061
frame@157008: gain=0.072 ref=0.172 mse=0.427 tau=-0.061 omega=-4.86E-004 bad=13 tapChange=0.0124 floor=0.0079 fading=True/True preMse=0.788 energy=0.062/0.061 fresh=False phase=-0.239 anchor=0.156@-0.200 phi=0.217
frame@157104: gain=0.075 ref=0.172 mse=0.422 tau=-0.091 omega=-3.75E-004 bad=14 tapChange=0.0116 floor=0.0084 fading=True/True preMse=0.778 energy=0.055/0.061 fresh=False phase=0.248 anchor=0.162@0.196 phi=-0.212
frame@157200: gain=0.106 ref=0.172 mse=0.369 tau=-0.114 omega=-4.18E-004 bad=15 tapChange=0.0088 floor=0.0088 fading=True/True preMse=0.681 energy=0.059/0.061 fresh=False phase=-0.074 anchor=0.216@-0.075 phi=0.082
frame@157296: gain=0.121 ref=0.169 mse=0.354 tau=-0.144 omega=-5.24E-004 bad=0 tapChange=0.0080 floor=0.0080 fading=True/True preMse=0.654 energy=0.060/0.061 fresh=False phase=-0.218 anchor=0.244@-0.187 phi=0.205
frame@157392: gain=0.144 ref=0.166 mse=0.311 tau=-0.114 omega=-5.15E-004 bad=0 tapChange=0.0078 floor=0.0078 fading=True/True preMse=0.574 energy=0.066/0.061 fresh=False phase=0.026 anchor=0.290@0.016 phi=-0.017
frame@157488: gain=0.152 ref=0.165 mse=0.298 tau=-0.084 omega=-5.19E-004 bad=0 tapChange=0.0058 floor=0.0058 fading=True/True preMse=0.550 energy=0.066/0.061 fresh=False phase=-0.007 anchor=0.301@-0.006 phi=0.007
frame@157584: gain=0.166 ref=0.164 mse=0.280 tau=-0.090 omega=-5.05E-004 bad=0 tapChange=0.0048 floor=0.0048 fading=True/True preMse=0.518 energy=0.064/0.061 fresh=False phase=0.029 anchor=0.326@0.024 phi=-0.026
frame@157680: gain=0.176 ref=0.164 mse=0.280 tau=-0.060 omega=-5.64E-004 bad=0 tapChange=0.0049 floor=0.0049 fading=True/True preMse=0.518 energy=0.074/0.061 fresh=False phase=-0.117 anchor=0.343@-0.104 phi=0.112
frame@157776: gain=0.196 ref=0.165 mse=0.261 tau=-0.045 omega=-5.41E-004 bad=0 tapChange=0.0047 floor=0.0047 fading=True/True preMse=0.483 energy=0.075/0.062 fresh=False phase=0.051 anchor=0.378@0.040 phi=-0.043
frame@157872: gain=0.189 ref=0.167 mse=0.267 tau=-0.052 omega=-4.49E-004 bad=0 tapChange=0.0038 floor=0.0038 fading=True/True preMse=0.493 energy=0.070/0.063 fresh=False phase=0.184 anchor=0.368@0.164 phi=-0.178
frame@157968: gain=0.177 ref=0.168 mse=0.272 tau=-0.070 omega=-5.40E-004 bad=0 tapChange=0.0026 floor=0.0026 fading=True/True preMse=0.502 energy=0.059/0.063 fresh=False phase=-0.181 anchor=0.342@-0.164 phi=0.176
frame@158064: gain=0.162 ref=0.168 mse=0.298 tau=-0.073 omega=-4.86E-004 bad=0 tapChange=0.0032 floor=0.0028 fading=True/True preMse=0.551 energy=0.071/0.063 fresh=False phase=0.100 anchor=0.314@0.098 phi=-0.104
frame@158160: gain=0.233 ref=0.168 mse=0.211 tau=-0.080 omega=-5.36E-004 bad=0 tapChange=0.0027 floor=0.0027 fading=True/True preMse=0.389 energy=0.072/0.063 fresh=False phase=-0.097 anchor=0.447@-0.089 phi=0.096
frame@158256: gain=0.218 ref=0.171 mse=0.233 tau=-0.080 omega=-4.55E-004 bad=0 tapChange=0.0032 floor=0.0030 fading=True/True preMse=0.431 energy=0.073/0.064 fresh=False phase=0.151 anchor=0.420@0.146 phi=-0.156
frame@158352: gain=0.169 ref=0.174 mse=0.302 tau=-0.084 omega=-5.29E-004 bad=0 tapChange=0.0035 floor=0.0032 fading=True/True preMse=0.557 energy=0.056/0.064 fresh=False phase=-0.141 anchor=0.328@-0.136 phi=0.143
frame@158448: gain=0.170 ref=0.173 mse=0.309 tau=-0.110 omega=-5.18E-004 bad=0 tapChange=0.0037 floor=0.0035 fading=True/True preMse=0.571 energy=0.058/0.064 fresh=False phase=0.020 anchor=0.331@0.021 phi=-0.022
frame@158544: gain=0.217 ref=0.173 mse=0.263 tau=-0.096 omega=-4.42E-004 bad=0 tapChange=0.0032 floor=0.0032 fading=True/True preMse=0.485 energy=0.078/0.063 fresh=False phase=0.147 anchor=0.415@0.138 phi=-0.146
frame@158640: gain=0.206 ref=0.175 mse=0.241 tau=-0.105 omega=-4.20E-004 bad=0 tapChange=0.0023 floor=0.0023 fading=True/True preMse=0.444 energy=0.058/0.064 fresh=False phase=0.045 anchor=0.396@0.039 phi=-0.041
frame@158736: gain=0.188 ref=0.177 mse=0.305 tau=-0.120 omega=-4.93E-004 bad=0 tapChange=0.0033 floor=0.0025 fading=True/True preMse=0.563 energy=0.068/0.064 fresh=False phase=-0.152 anchor=0.361@-0.134 phi=0.140
frame@158832: gain=0.206 ref=0.177 mse=0.278 tau=-0.102 omega=-3.84E-004 bad=0 tapChange=0.0034 floor=0.0027 fading=True/True preMse=0.514 energy=0.078/0.064 fresh=False phase=0.212 anchor=0.399@0.200 phi=-0.210
frame@158928: gain=0.198 ref=0.179 mse=0.279 tau=-0.110 omega=-3.91E-004 bad=0 tapChange=0.0031 floor=0.0029 fading=True/True preMse=0.514 energy=0.065/0.065 fresh=False phase=-0.015 anchor=0.381@-0.013 phi=0.014
frame@159024: gain=0.222 ref=0.180 mse=0.221 tau=-0.125 omega=-3.94E-004 bad=0 tapChange=0.0020 floor=0.0020 fading=True/True preMse=0.409 energy=0.065/0.065 fresh=False phase=-0.007 anchor=0.427@-0.005 phi=0.005
frame@159120: gain=0.216 ref=0.182 mse=0.249 tau=-0.115 omega=-4.04E-004 bad=0 tapChange=0.0027 floor=0.0022 fading=True/True preMse=0.460 energy=0.081/0.065 fresh=False phase=-0.027 anchor=0.416@-0.017 phi=0.018
frame@159216: gain=0.223 ref=0.184 mse=0.230 tau=-0.104 omega=-3.55E-004 bad=0 tapChange=0.0021 floor=0.0021 fading=True/True preMse=0.424 energy=0.070/0.066 fresh=False phase=0.090 anchor=0.427@0.089 phi=-0.093
frame@159312: gain=0.231 ref=0.186 mse=0.245 tau=-0.134 omega=-3.80E-004 bad=0 tapChange=0.0026 floor=0.0023 fading=True/True preMse=0.453 energy=0.062/0.066 fresh=False phase=-0.045 anchor=0.441@-0.046 phi=0.048
frame@159408: gain=0.243 ref=0.188 mse=0.216 tau=-0.164 omega=-4.07E-004 bad=0 tapChange=0.0019 floor=0.0019 fading=True/True preMse=0.399 energy=0.051/0.066 fresh=False phase=-0.054 anchor=0.459@-0.049 phi=0.051
frame@159504: gain=0.189 ref=0.191 mse=0.328 tau=-0.161 omega=-2.44E-004 bad=0 tapChange=0.0028 floor=0.0021 fading=True/True preMse=0.606 energy=0.045/0.065 fresh=False phase=0.330 anchor=0.358@0.303 phi=-0.313
frame@159600: gain=0.174 ref=0.190 mse=0.289 tau=-0.191 omega=-2.78E-004 bad=0 tapChange=0.0015 floor=0.0015 fading=True/True preMse=0.533 energy=0.034/0.064 fresh=False phase=-0.064 anchor=0.332@-0.063 phi=0.066
frame@159696: gain=0.164 ref=0.190 mse=0.344 tau=-0.203 omega=-4.03E-004 bad=0 tapChange=0.0025 floor=0.0017 fading=False/True preMse=0.636 energy=0.034/0.062 fresh=False phase=-0.245 anchor=0.315@-0.232 phi=0.239
frame@159792: gain=0.144 ref=0.188 mse=0.352 tau=-0.173 omega=-3.42E-004 bad=0 tapChange=0.0018 floor=0.0018 fading=False/True preMse=0.649 energy=0.023/0.061 fresh=False phase=0.130 anchor=0.271@0.114 phi=-0.117
frame@159888: gain=0.114 ref=0.186 mse=0.424 tau=-0.200 omega=-4.13E-005 bad=0 tapChange=0.0019 floor=0.0019 fading=False/True preMse=0.783 energy=0.020/0.059 fresh=False phase=0.605 anchor=0.219@0.566 phi=-0.577
frame@159984: gain=0.127 ref=0.183 mse=0.422 tau=-0.170 omega=-3.06E-004 bad=0 tapChange=0.0026 floor=0.0020 fading=False/True preMse=0.778 energy=0.024/0.057 fresh=False phase=-0.539 anchor=0.241@-0.498 phi=0.509
frame@160080: gain=0.108 ref=0.180 mse=0.449 tau=-0.142 omega=-1.41E-004 bad=0 tapChange=0.0023 floor=0.0023 fading=False/True preMse=0.829 energy=0.023/0.055 fresh=False phase=0.320 anchor=0.204@0.311 phi=-0.317
frame@160176: gain=0.076 ref=0.176 mse=0.458 tau=-0.148 omega=-1.77E-004 bad=0 tapChange=0.0019 floor=0.0019 fading=False/True preMse=0.846 energy=0.022/0.054 fresh=False phase=-0.057 anchor=0.146@-0.067 phi=0.068
frame@160272: gain=0.077 ref=0.176 mse=0.514 tau=-0.144 omega=-1.77E-004 bad=1 tapChange=0.0000 floor=0.0019 fading=False/True preMse=0.949 energy=0.034/0.054 fresh=True phase=0.758 anchor=0.023@0.000 phi=0.000
frame@160368: gain=0.009 ref=0.176 mse=0.525 tau=-0.122 omega=-1.59E-004 bad=2 tapChange=0.6989 floor=0.0021 fading=False/True preMse=0.968 energy=0.031/0.054 fresh=False phase=0.070 anchor=0.034@0.033 phi=-0.034
frame@160464: gain=0.013 ref=0.176 mse=0.519 tau=-0.111 omega=-1.43E-004 bad=3 tapChange=0.2053 floor=0.0023 fading=True/True preMse=0.958 energy=0.024/0.054 fresh=False phase=0.092 anchor=0.039@0.060 phi=-0.030
frame@160560: gain=0.019 ref=0.176 mse=0.509 tau=-0.099 omega=-1.27E-004 bad=4 tapChange=0.1222 floor=0.0025 fading=True/True preMse=0.940 energy=0.029/0.054 fresh=False phase=0.128 anchor=0.050@0.080 phi=-0.031
frame@160656: gain=0.025 ref=0.176 mse=0.501 tau=-0.092 omega=-1.16E-004 bad=5 tapChange=0.0767 floor=0.0027 fading=True/True preMse=0.924 energy=0.032/0.054 fresh=False phase=0.100 anchor=0.060@0.068 phi=-0.021
frame@160752: gain=0.031 ref=0.176 mse=0.492 tau=-0.096 omega=-9.12E-005 bad=6 tapChange=0.0546 floor=0.0029 fading=True/True preMse=0.907 energy=0.035/0.054 fresh=False phase=0.234 anchor=0.072@0.185 phi=-0.048
frame@160848: gain=0.025 ref=0.176 mse=0.501 tau=-0.100 omega=-7.77E-005 bad=7 tapChange=0.0322 floor=0.0032 fading=True/True preMse=0.925 energy=0.025/0.054 fresh=False phase=0.183 anchor=0.058@0.156 phi=-0.026
frame@160944: gain=0.038 ref=0.176 mse=0.481 tau=-0.126 omega=-5.39E-005 bad=8 tapChange=0.0408 floor=0.0035 fading=True/True preMse=0.888 energy=0.038/0.054 fresh=False phase=0.299 anchor=0.088@0.229 phi=-0.046
frame@161040: gain=0.025 ref=0.176 mse=0.503 tau=-0.096 omega=-4.40E-005 bad=9 tapChange=0.0331 floor=0.0037 fading=True/True preMse=0.928 energy=0.034/0.054 fresh=False phase=0.213 anchor=0.064@0.155 phi=-0.019
frame@161136: gain=0.027 ref=0.176 mse=0.499 tau=-0.126 omega=-3.51E-005 bad=10 tapChange=0.0307 floor=0.0040 fading=True/True preMse=0.921 energy=0.049/0.054 fresh=False phase=0.190 anchor=0.069@0.149 phi=-0.017
frame@161232: gain=0.033 ref=0.176 mse=0.491 tau=-0.110 omega=-2.73E-005 bad=11 tapChange=0.0329 floor=0.0043 fading=True/True preMse=0.907 energy=0.048/0.054 fresh=False phase=0.162 anchor=0.084@0.121 phi=-0.015
frame@161328: gain=0.055 ref=0.176 mse=0.450 tau=-0.112 omega=3.25E-005 bad=12 tapChange=0.0326 floor=0.0046 fading=True/True preMse=0.831 energy=0.077/0.054 fresh=False phase=0.139 anchor=0.129@0.099 phi=-0.115
frame@161424: gain=0.065 ref=0.176 mse=0.442 tau=-0.107 omega=-1.06E-004 bad=13 tapChange=0.0301 floor=0.0050 fading=True/True preMse=0.816 energy=0.084/0.054 fresh=False phase=-0.319 anchor=0.151@-0.232 phi=0.267
frame@161520: gain=0.076 ref=0.176 mse=0.416 tau=-0.084 omega=-5.15E-005 bad=14 tapChange=0.0267 floor=0.0053 fading=True/True preMse=0.767 energy=0.077/0.054 fresh=False phase=0.128 anchor=0.174@0.092 phi=-0.106
frame@161616: gain=0.072 ref=0.176 mse=0.425 tau=-0.081 omega=-9.77E-005 bad=15 tapChange=0.0197 floor=0.0057 fading=True/True preMse=0.785 energy=0.068/0.054 fresh=False phase=-0.097 anchor=0.161@-0.080 phi=0.089
frame@161712: gain=0.093 ref=0.176 mse=0.392 tau=-0.069 omega=-1.82E-004 bad=16 tapChange=0.0175 floor=0.0061 fading=True/True preMse=0.724 energy=0.095/0.054 fresh=False phase=-0.178 anchor=0.204@-0.144 phi=0.162
frame@161808: gain=0.101 ref=0.176 mse=0.377 tau=-0.076 omega=-1.27E-004 bad=17 tapChange=0.0124 floor=0.0065 fading=True/True preMse=0.695 energy=0.078/0.054 fresh=False phase=0.116 anchor=0.211@0.094 phi=-0.105
frame@161904: gain=0.124 ref=0.173 mse=0.341 tau=-0.075 omega=-1.67E-004 bad=0 tapChange=0.0100 floor=0.0069 fading=True/True preMse=0.630 energy=0.059/0.055 fresh=False phase=-0.078 anchor=0.252@-0.068 phi=0.077
frame@162000: gain=0.106 ref=0.170 mse=0.368 tau=-0.083 omega=-1.53E-004 bad=0 tapChange=0.0077 floor=0.0073 fading=True/True preMse=0.679 energy=0.043/0.055 fresh=False phase=0.030 anchor=0.215@0.024 phi=-0.027
frame@162096: gain=0.124 ref=0.167 mse=0.345 tau=-0.079 omega=-1.93E-004 bad=0 tapChange=0.0064 floor=0.0064 fading=True/True preMse=0.638 energy=0.043/0.055 fresh=False phase=-0.073 anchor=0.244@-0.070 phi=0.077
frame@162192: gain=0.126 ref=0.165 mse=0.349 tau=-0.100 omega=-4.55E-005 bad=0 tapChange=0.0053 floor=0.0053 fading=True/True preMse=0.644 energy=0.043/0.054 fresh=False phase=0.294 anchor=0.247@0.262 phi=-0.284
frame@162288: gain=0.115 ref=0.163 mse=0.361 tau=-0.070 omega=-1.41E-004 bad=0 tapChange=0.0049 floor=0.0049 fading=True/True preMse=0.667 energy=0.042/0.054 fresh=False phase=-0.194 anchor=0.227@-0.171 phi=0.183
frame@162384: gain=0.114 ref=0.160 mse=0.363 tau=-0.100 omega=-2.07E-004 bad=0 tapChange=0.0040 floor=0.0040 fading=True/True preMse=0.669 energy=0.035/0.053 fresh=False phase=-0.133 anchor=0.221@-0.118 phi=0.126
frame@162480: gain=0.113 ref=0.158 mse=0.367 tau=-0.117 omega=-1.33E-004 bad=0 tapChange=0.0047 floor=0.0043 fading=True/True preMse=0.677 energy=0.040/0.052 fresh=False phase=0.149 anchor=0.224@0.134 phi=-0.142
frame@162576: gain=0.108 ref=0.156 mse=0.387 tau=-0.135 omega=-2.71E-004 bad=0 tapChange=0.0043 floor=0.0043 fading=True/True preMse=0.714 energy=0.047/0.051 fresh=False phase=-0.278 anchor=0.212@-0.252 phi=0.265
frame@162672: gain=0.100 ref=0.153 mse=0.390 tau=-0.125 omega=-2.21E-004 bad=0 tapChange=0.0040 floor=0.0040 fading=True/True preMse=0.719 energy=0.041/0.051 fresh=False phase=0.103 anchor=0.197@0.092 phi=-0.096
frame@162768: gain=0.087 ref=0.151 mse=0.427 tau=-0.115 omega=-1.79E-004 bad=0 tapChange=0.0041 floor=0.0041 fading=True/True preMse=0.789 energy=0.031/0.051 fresh=False phase=0.078 anchor=0.168@0.078 phi=-0.081
frame@162864: gain=0.130 ref=0.151 mse=0.356 tau=-0.126 omega=-1.47E-004 bad=1 tapChange=0.0049 floor=0.0044 fading=True/True preMse=0.657 energy=0.047/0.051 fresh=False phase=0.067 anchor=0.256@0.058 phi=-0.061
frame@162960: gain=0.137 ref=0.150 mse=0.341 tau=-0.144 omega=-9.09E-005 bad=0 tapChange=0.0043 floor=0.0043 fading=True/True preMse=0.629 energy=0.060/0.051 fresh=False phase=0.109 anchor=0.272@0.102 phi=-0.107
frame@163056: gain=0.126 ref=0.149 mse=0.358 tau=-0.144 omega=-8.72E-005 bad=0 tapChange=0.0051 floor=0.0046 fading=True/True preMse=0.661 energy=0.059/0.051 fresh=False phase=0.004 anchor=0.254@0.007 phi=-0.007
frame@163152: gain=0.105 ref=0.148 mse=0.403 tau=-0.146 omega=1.14E-004 bad=0 tapChange=0.0039 floor=0.0039 fading=True/True preMse=0.744 energy=0.049/0.051 fresh=False phase=0.407 anchor=0.211@0.373 phi=-0.387
frame@163248: gain=0.117 ref=0.146 mse=0.405 tau=-0.144 omega=-1.35E-004 bad=0 tapChange=0.0054 floor=0.0042 fading=True/True preMse=0.748 energy=0.057/0.051 fresh=False phase=-0.549 anchor=0.236@-0.459 phi=0.478
frame@163344: gain=0.118 ref=0.144 mse=0.372 tau=-0.130 omega=-6.30E-005 bad=0 tapChange=0.0042 floor=0.0042 fading=True/True preMse=0.686 energy=0.061/0.052 fresh=False phase=0.151 anchor=0.237@0.132 phi=-0.137
frame@163440: gain=0.120 ref=0.143 mse=0.401 tau=-0.130 omega=-1.72E-005 bad=0 tapChange=0.0049 floor=0.0045 fading=True/True preMse=0.740 energy=0.056/0.052 fresh=False phase=0.103 anchor=0.236@0.085 phi=-0.088
frame@163536: gain=0.097 ref=0.142 mse=0.441 tau=-0.139 omega=1.67E-004 bad=0 tapChange=0.0050 floor=0.0048 fading=True/True preMse=0.814 energy=0.065/0.052 fresh=False phase=0.402 anchor=0.199@0.343 phi=-0.354
frame@163632: gain=0.097 ref=0.142 mse=0.467 tau=-0.127 omega=1.67E-004 bad=1 tapChange=0.0000 floor=0.0048 fading=True/True preMse=0.863 energy=0.066/0.052 fresh=True phase=-0.684 anchor=0.039@0.000 phi=0.000
frame@163728: gain=0.019 ref=0.142 mse=0.505 tau=-0.124 omega=1.45E-004 bad=2 tapChange=0.9576 floor=0.0052 fading=True/True preMse=0.933 energy=0.081/0.052 fresh=False phase=-0.084 anchor=0.075@-0.036 phi=0.042
frame@163824: gain=0.035 ref=0.142 mse=0.479 tau=-0.131 omega=1.29E-004 bad=3 tapChange=0.2246 floor=0.0055 fading=True/True preMse=0.884 energy=0.076/0.052 fresh=False phase=-0.091 anchor=0.098@-0.055 phi=0.031
frame@163920: gain=0.051 ref=0.142 mse=0.450 tau=-0.137 omega=1.61E-004 bad=4 tapChange=0.1004 floor=0.0059 fading=True/True preMse=0.831 energy=0.069/0.052 fresh=False phase=0.061 anchor=0.124@0.044 phi=-0.061
frame@164016: gain=0.065 ref=0.142 mse=0.431 tau=-0.137 omega=2.30E-004 bad=5 tapChange=0.0546 floor=0.0063 fading=True/True preMse=0.795 energy=0.069/0.052 fresh=False phase=0.130 anchor=0.147@0.102 phi=-0.132
frame@164112: gain=0.073 ref=0.142 mse=0.425 tau=-0.127 omega=7.96E-005 bad=6 tapChange=0.0343 floor=0.0067 fading=True/True preMse=0.785 energy=0.066/0.052 fresh=False phase=-0.309 anchor=0.159@-0.235 phi=0.288
frame@164208: gain=0.100 ref=0.142 mse=0.376 tau=-0.131 omega=1.72E-004 bad=7 tapChange=0.0303 floor=0.0072 fading=True/True preMse=0.694 energy=0.082/0.052 fresh=False phase=0.180 anchor=0.216@0.145 phi=-0.178
frame@164304: gain=0.090 ref=0.140 mse=0.390 tau=-0.124 omega=1.04E-004 bad=0 tapChange=0.0188 floor=0.0076 fading=True/True preMse=0.719 energy=0.063/0.054 fresh=False phase=-0.132 anchor=0.190@-0.113 phi=0.131
frame@164400: gain=0.082 ref=0.140 mse=0.405 tau=-0.138 omega=1.04E-004 bad=1 tapChange=0.0000 floor=0.0076 fading=True/True preMse=0.747 energy=0.046/0.054 fresh=True phase=0.087 anchor=0.027@0.000 phi=0.000
frame@164496: gain=0.014 ref=0.140 mse=0.515 tau=-0.129 omega=1.07E-004 bad=2 tapChange=1.0156 floor=0.0081 fading=True/True preMse=0.951 energy=0.053/0.054 fresh=False phase=0.012 anchor=0.055@0.005 phi=-0.006
frame@164592: gain=0.022 ref=0.140 mse=0.503 tau=-0.112 omega=1.18E-004 bad=3 tapChange=0.1923 floor=0.0086 fading=True/True preMse=0.929 energy=0.037/0.054 fresh=False phase=0.058 anchor=0.060@0.040 phi=-0.021
frame@164688: gain=0.033 ref=0.140 mse=0.483 tau=-0.101 omega=1.37E-004 bad=4 tapChange=0.1317 floor=0.0091 fading=True/True preMse=0.891 energy=0.046/0.054 fresh=False phase=0.122 anchor=0.087@0.086 phi=-0.036
frame@164784: gain=0.037 ref=0.140 mse=0.478 tau=-0.131 omega=1.45E-004 bad=5 tapChange=0.0677 floor=0.0097 fading=True/True preMse=0.883 energy=0.045/0.054 fresh=False phase=0.070 anchor=0.089@0.055 phi=-0.015
frame@164880: gain=0.047 ref=0.140 mse=0.461 tau=-0.109 omega=1.26E-004 bad=6 tapChange=0.0439 floor=0.0103 fading=True/True preMse=0.852 energy=0.048/0.054 fresh=False phase=-0.037 anchor=0.106@-0.029 phi=0.036
frame@164976: gain=0.055 ref=0.140 mse=0.450 tau=-0.106 omega=1.93E-004 bad=7 tapChange=0.0350 floor=0.0109 fading=True/True preMse=0.831 energy=0.046/0.054 fresh=False phase=0.137 anchor=0.122@0.106 phi=-0.128
frame@165072: gain=0.056 ref=0.140 mse=0.448 tau=-0.136 omega=2.21E-004 bad=8 tapChange=0.0303 floor=0.0115 fading=True/True preMse=0.827 energy=0.050/0.054 fresh=False phase=0.057 anchor=0.127@0.047 phi=-0.054
frame@165168: gain=0.068 ref=0.140 mse=0.429 tau=-0.130 omega=2.53E-004 bad=9 tapChange=0.0282 floor=0.0122 fading=True/True preMse=0.793 energy=0.071/0.054 fresh=False phase=0.074 anchor=0.152@0.053 phi=-0.062
frame@165264: gain=0.062 ref=0.140 mse=0.435 tau=-0.138 omega=2.56E-004 bad=10 tapChange=0.0171 floor=0.0129 fading=True/True preMse=0.804 energy=0.041/0.054 fresh=False phase=0.000 anchor=0.134@0.005 phi=-0.005
frame@165360: gain=0.090 ref=0.140 mse=0.398 tau=-0.137 omega=1.59E-004 bad=11 tapChange=0.0169 floor=0.0137 fading=True/True preMse=0.735 energy=0.053/0.054 fresh=False phase=-0.201 anchor=0.189@-0.162 phi=0.186
frame@165456: gain=0.056 ref=0.140 mse=0.457 tau=-0.130 omega=2.37E-004 bad=12 tapChange=0.0150 floor=0.0144 fading=True/True preMse=0.843 energy=0.056/0.054 fresh=False phase=0.198 anchor=0.124@0.139 phi=-0.151
frame@165552: gain=0.066 ref=0.140 mse=0.440 tau=-0.127 omega=8.79E-005 bad=13 tapChange=0.0125 floor=0.0125 fading=True/True preMse=0.812 energy=0.056/0.054 fresh=False phase=-0.313 anchor=0.143@-0.264 phi=0.287
frame@165648: gain=0.049 ref=0.140 mse=0.471 tau=-0.119 omega=1.73E-004 bad=14 tapChange=0.0145 floor=0.0132 fading=True/True preMse=0.869 energy=0.056/0.054 fresh=False phase=0.218 anchor=0.115@0.153 phi=-0.163
frame@165744: gain=0.055 ref=0.140 mse=0.466 tau=-0.121 omega=1.39E-005 bad=15 tapChange=0.0104 floor=0.0104 fading=True/True preMse=0.860 energy=0.048/0.054 fresh=False phase=-0.355 anchor=0.119@-0.287 phi=0.305
frame@165840: gain=0.044 ref=0.140 mse=0.476 tau=-0.114 omega=4.25E-005 bad=16 tapChange=0.0173 floor=0.0110 fading=True/True preMse=0.879 energy=0.079/0.054 fresh=False phase=0.099 anchor=0.118@0.052 phi=-0.055
frame@165936: gain=0.042 ref=0.140 mse=0.485 tau=-0.119 omega=-1.01E-004 bad=17 tapChange=0.0136 floor=0.0117 fading=True/True preMse=0.896 energy=0.068/0.054 fresh=False phase=-0.391 anchor=0.106@-0.263 phi=0.276
frame@166032: gain=0.053 ref=0.140 mse=0.460 tau=-0.122 omega=-1.40E-004 bad=18 tapChange=0.0167 floor=0.0124 fading=True/True preMse=0.850 energy=0.087/0.054 fresh=False phase=-0.075 anchor=0.138@-0.071 phi=0.075
frame@166128: gain=0.066 ref=0.140 mse=0.449 tau=-0.126 omega=-3.27E-004 bad=19 tapChange=0.0132 floor=0.0131 fading=True/True preMse=0.829 energy=0.092/0.054 fresh=False phase=-0.435 anchor=0.155@-0.338 phi=0.358
frame@166224: gain=0.091 ref=0.140 mse=0.404 tau=-0.130 omega=-3.47E-004 bad=20 tapChange=0.0110 floor=0.0110 fading=True/True preMse=0.746 energy=0.085/0.054 fresh=False phase=-0.025 anchor=0.197@-0.036 phi=0.038
frame@166320: gain=0.079 ref=0.140 mse=0.428 tau=-0.129 omega=-2.60E-004 bad=21 tapChange=0.0115 floor=0.0115 fading=True/True preMse=0.789 energy=0.088/0.054 fresh=False phase=0.222 anchor=0.176@0.156 phi=-0.166
frame@166416: gain=0.071 ref=0.140 mse=0.447 tau=-0.134 omega=-4.23E-004 bad=22 tapChange=0.0113 floor=0.0113 fading=True/True preMse=0.826 energy=0.064/0.054 fresh=False phase=-0.396 anchor=0.163@-0.296 phi=0.312
frame@166512: gain=0.075 ref=0.140 mse=0.434 tau=-0.132 omega=-2.89E-004 bad=23 tapChange=0.0076 floor=0.0076 fading=True/True preMse=0.801 energy=0.058/0.054 fresh=False phase=0.301 anchor=0.160@0.244 phi=-0.256
frame@166608: gain=0.075 ref=0.140 mse=0.430 tau=-0.128 omega=-3.30E-004 bad=24 tapChange=0.0048 floor=0.0048 fading=True/True preMse=0.793 energy=0.036/0.054 fresh=False phase=-0.075 anchor=0.150@-0.075 phi=0.079
frame@166704: gain=0.060 ref=0.140 mse=0.460 tau=-0.118 omega=-5.07E-004 bad=25 tapChange=0.0038 floor=0.0038 fading=True/True preMse=0.850 energy=0.025/0.054 fresh=False phase=-0.369 anchor=0.119@-0.328 phi=0.339
frame@166800: gain=0.059 ref=0.140 mse=0.462 tau=-0.110 omega=-6.01E-004 bad=26 tapChange=0.0050 floor=0.0041 fading=True/True preMse=0.854 energy=0.037/0.054 fresh=False phase=-0.184 anchor=0.121@-0.174 phi=0.180
frame@166896: gain=0.055 ref=0.140 mse=0.478 tau=-0.097 omega=-7.04E-004 bad=27 tapChange=0.0062 floor=0.0044 fading=True/True preMse=0.882 energy=0.039/0.054 fresh=False phase=-0.165 anchor=0.116@-0.192 phi=0.199
frame@166992: gain=0.068 ref=0.140 mse=0.443 tau=-0.116 omega=-7.49E-004 bad=28 tapChange=0.0053 floor=0.0047 fading=True/True preMse=0.817 energy=0.038/0.054 fresh=False phase=-0.075 anchor=0.142@-0.082 phi=0.086
frame@167088: gain=0.073 ref=0.140 mse=0.472 tau=-0.121 omega=-1.05E-003 bad=29 tapChange=0.0065 floor=0.0051 fading=True/True preMse=0.871 energy=0.045/0.054 fresh=False phase=-0.610 anchor=0.152@-0.556 phi=0.577
frame@167184: gain=0.095 ref=0.140 mse=0.408 tau=-0.134 omega=-9.13E-004 bad=30 tapChange=0.0077 floor=0.0054 fading=True/True preMse=0.753 energy=0.063/0.054 fresh=False phase=0.300 anchor=0.203@0.249 phi=-0.261
frame@167280: gain=0.145 ref=0.140 mse=0.322 tau=-0.131 omega=-9.96E-004 bad=31 tapChange=0.0062 floor=0.0058 fading=True/True preMse=0.594 energy=0.079/0.054 fresh=False phase=-0.165 anchor=0.296@-0.148 phi=0.158
frame@167376: gain=0.152 ref=0.140 mse=0.315 tau=-0.130 omega=-1.01E-003 bad=0 tapChange=0.0065 floor=0.0062 fading=True/True preMse=0.582 energy=0.087/0.055 fresh=False phase=-0.014 anchor=0.312@-0.020 phi=0.021
frame@167472: gain=0.170 ref=0.141 mse=0.301 tau=-0.160 omega=-8.54E-004 bad=0 tapChange=0.0063 floor=0.0063 fading=True/True preMse=0.555 energy=0.106/0.057 fresh=False phase=0.330 anchor=0.349@0.274 phi=-0.292
frame@167568: gain=0.215 ref=0.142 mse=0.234 tau=-0.190 omega=-9.24E-004 bad=0 tapChange=0.0049 floor=0.0049 fading=True/True preMse=0.432 energy=0.110/0.059 fresh=False phase=-0.148 anchor=0.429@-0.124 phi=0.134
frame@167664: gain=0.238 ref=0.146 mse=0.226 tau=-0.160 omega=-8.05E-004 bad=0 tapChange=0.0044 floor=0.0044 fading=True/True preMse=0.418 energy=0.138/0.062 fresh=False phase=0.242 anchor=0.468@0.213 phi=-0.229
frame@167760: gain=0.237 ref=0.150 mse=0.248 tau=-0.155 omega=-7.66E-004 bad=0 tapChange=0.0053 floor=0.0047 fading=True/True preMse=0.459 energy=0.154/0.065 fresh=False phase=0.070 anchor=0.468@0.071 phi=-0.075
frame@167856: gain=0.251 ref=0.155 mse=0.224 tau=-0.158 omega=-6.59E-004 bad=0 tapChange=0.0045 floor=0.0045 fading=True/True preMse=0.413 energy=0.153/0.070 fresh=False phase=0.207 anchor=0.494@0.191 phi=-0.204
frame@167952: gain=0.264 ref=0.160 mse=0.209 tau=-0.128 omega=-5.83E-004 bad=0 tapChange=0.0038 floor=0.0038 fading=True/True preMse=0.385 energy=0.141/0.074 fresh=False phase=0.149 anchor=0.514@0.136 phi=-0.145
frame@168048: gain=0.258 ref=0.165 mse=0.218 tau=-0.110 omega=-5.33E-004 bad=0 tapChange=0.0043 floor=0.0041 fading=False/True preMse=0.402 energy=0.147/0.077 fresh=False phase=0.087 anchor=0.506@0.092 phi=-0.098
frame@168144: gain=0.230 ref=0.169 mse=0.276 tau=-0.108 omega=-3.72E-004 bad=0 tapChange=0.0043 floor=0.0043 fading=False/True preMse=0.510 energy=0.127/0.081 fresh=False phase=0.321 anchor=0.449@0.293 phi=-0.309
frame@168240: gain=0.210 ref=0.173 mse=0.271 tau=-0.131 omega=-3.21E-004 bad=0 tapChange=0.0038 floor=0.0038 fading=False/True preMse=0.499 energy=0.107/0.083 fresh=False phase=0.085 anchor=0.409@0.093 phi=-0.097
frame@168336: gain=0.271 ref=0.174 mse=0.197 tau=-0.122 omega=-2.36E-004 bad=0 tapChange=0.0033 floor=0.0033 fading=False/True preMse=0.364 energy=0.109/0.084 fresh=False phase=0.165 anchor=0.524@0.154 phi=-0.164
frame@168432: gain=0.203 ref=0.179 mse=0.291 tau=-0.121 omega=-1.66E-004 bad=0 tapChange=0.0034 floor=0.0034 fading=False/True preMse=0.537 energy=0.067/0.086 fresh=False phase=0.128 anchor=0.389@0.128 phi=-0.135
frame@168528: gain=0.175 ref=0.180 mse=0.304 tau=-0.145 omega=-1.16E-004 bad=0 tapChange=0.0032 floor=0.0032 fading=False/True preMse=0.561 energy=0.056/0.085 fresh=False phase=0.086 anchor=0.342@0.090 phi=-0.094
frame@168624: gain=0.186 ref=0.180 mse=0.305 tau=-0.135 omega=-4.29E-005 bad=0 tapChange=0.0029 floor=0.0029 fading=False/True preMse=0.563 energy=0.052/0.083 fresh=False phase=0.135 anchor=0.354@0.136 phi=-0.141
frame@168720: gain=0.182 ref=0.180 mse=0.289 tau=-0.165 omega=6.55E-005 bad=0 tapChange=0.0026 floor=0.0026 fading=False/True preMse=0.533 energy=0.054/0.082 fresh=False phase=0.217 anchor=0.354@0.200 phi=-0.208
frame@168816: gain=0.222 ref=0.180 mse=0.287 tau=-0.135 omega=1.96E-004 bad=0 tapChange=0.0029 floor=0.0029 fading=False/True preMse=0.530 energy=0.051/0.080 fresh=False phase=0.250 anchor=0.419@0.239 phi=-0.250
frame@168912: gain=0.198 ref=0.183 mse=0.286 tau=-0.124 omega=2.28E-004 bad=0 tapChange=0.0027 floor=0.0027 fading=False/True preMse=0.529 energy=0.041/0.079 fresh=False phase=0.059 anchor=0.376@0.060 phi=-0.062
frame@169008: gain=0.134 ref=0.183 mse=0.372 tau=-0.115 omega=1.62E-004 bad=0 tapChange=0.0024 floor=0.0024 fading=False/True preMse=0.687 energy=0.027/0.077 fresh=False phase=-0.139 anchor=0.254@-0.123 phi=0.127
frame@169104: gain=0.176 ref=0.181 mse=0.342 tau=-0.095 omega=1.95E-004 bad=0 tapChange=0.0029 floor=0.0026 fading=False/True preMse=0.632 energy=0.046/0.074 fresh=False phase=0.065 anchor=0.333@0.062 phi=-0.064
frame@169200: gain=0.128 ref=0.181 mse=0.420 tau=-0.094 omega=-1.70E-005 bad=0 tapChange=0.0035 floor=0.0028 fading=False/True preMse=0.775 energy=0.046/0.073 fresh=False phase=-0.425 anchor=0.253@-0.397 phi=0.408
frame@169296: gain=0.190 ref=0.178 mse=0.344 tau=-0.100 omega=1.45E-004 bad=0 tapChange=0.0030 floor=0.0030 fading=False/True preMse=0.635 energy=0.052/0.072 fresh=False phase=0.333 anchor=0.363@0.300 phi=-0.311
frame@169392: gain=0.194 ref=0.179 mse=0.354 tau=-0.107 omega=-5.62E-005 bad=0 tapChange=0.0039 floor=0.0033 fading=False/True preMse=0.654 energy=0.056/0.071 fresh=False phase=-0.397 anchor=0.375@-0.372 phi=0.386
frame@169488: gain=0.136 ref=0.179 mse=0.399 tau=-0.105 omega=-6.71E-005 bad=0 tapChange=0.0033 floor=0.0033 fading=False/True preMse=0.737 energy=0.058/0.070 fresh=False phase=-0.000 anchor=0.266@-0.021 phi=0.021
frame@169584: gain=0.184 ref=0.177 mse=0.308 tau=-0.109 omega=-4.43E-006 bad=0 tapChange=0.0032 floor=0.0032 fading=False/True preMse=0.568 energy=0.061/0.069 fresh=False phase=0.137 anchor=0.362@0.116 phi=-0.120
frame@169680: gain=0.182 ref=0.178 mse=0.319 tau=-0.100 omega=4.49E-005 bad=0 tapChange=0.0027 floor=0.0027 fading=False/True preMse=0.589 energy=0.057/0.069 fresh=False phase=0.092 anchor=0.348@0.092 phi=-0.095
frame@169776: gain=0.225 ref=0.178 mse=0.295 tau=-0.099 omega=-8.19E-005 bad=0 tapChange=0.0030 floor=0.0029 fading=False/True preMse=0.544 energy=0.067/0.068 fresh=False phase=-0.259 anchor=0.428@-0.234 phi=0.244
frame@169872: gain=0.163 ref=0.180 mse=0.375 tau=-0.108 omega=2.18E-005 bad=0 tapChange=0.0035 floor=0.0032 fading=False/True preMse=0.692 energy=0.061/0.068 fresh=False phase=0.222 anchor=0.317@0.194 phi=-0.199
frame@169968: gain=0.155 ref=0.179 mse=0.374 tau=-0.116 omega=-1.17E-004 bad=0 tapChange=0.0034 floor=0.0034 fading=False/True preMse=0.691 energy=0.074/0.068 fresh=False phase=-0.299 anchor=0.313@-0.260 phi=0.267
frame@170064: gain=0.150 ref=0.178 mse=0.384 tau=-0.118 omega=8.99E-005 bad=0 tapChange=0.0029 floor=0.0029 fading=False/True preMse=0.710 energy=0.063/0.068 fresh=False phase=0.438 anchor=0.293@0.388 phi=-0.398
frame@170160: gain=0.176 ref=0.177 mse=0.342 tau=-0.119 omega=2.02E-004 bad=0 tapChange=0.0030 floor=0.0030 fading=False/True preMse=0.631 energy=0.066/0.068 fresh=False phase=0.221 anchor=0.344@0.209 phi=-0.215
frame@170256: gain=0.178 ref=0.177 mse=0.345 tau=-0.121 omega=1.11E-004 bad=0 tapChange=0.0035 floor=0.0033 fading=False/True preMse=0.637 energy=0.082/0.068 fresh=False phase=-0.199 anchor=0.354@-0.168 phi=0.174
frame@170352: gain=0.145 ref=0.177 mse=0.420 tau=-0.120 omega=2.21E-004 bad=0 tapChange=0.0041 floor=0.0036 fading=False/True preMse=0.775 energy=0.078/0.069 fresh=False phase=0.224 anchor=0.288@0.205 phi=-0.210
frame@170448: gain=0.110 ref=0.175 mse=0.450 tau=-0.127 omega=2.23E-004 bad=0 tapChange=0.0049 floor=0.0038 fading=False/True preMse=0.831 energy=0.079/0.069 fresh=False phase=-0.003 anchor=0.239@0.004 phi=-0.004
frame@170544: gain=0.182 ref=0.172 mse=0.338 tau=-0.122 omega=2.33E-004 bad=0 tapChange=0.0037 floor=0.0037 fading=False/True preMse=0.624 energy=0.117/0.070 fresh=False phase=0.014 anchor=0.365@0.018 phi=-0.019
frame@170640: gain=0.218 ref=0.172 mse=0.332 tau=-0.118 omega=4.42E-004 bad=0 tapChange=0.0030 floor=0.0030 fading=False/True preMse=0.614 energy=0.092/0.072 fresh=False phase=0.424 anchor=0.423@0.388 phi=-0.401
frame@170736: gain=0.150 ref=0.175 mse=0.375 tau=-0.115 omega=4.30E-004 bad=0 tapChange=0.0033 floor=0.0033 fading=False/True preMse=0.693 energy=0.072/0.073 fresh=False phase=-0.050 anchor=0.300@-0.020 phi=0.022
frame@170832: gain=0.238 ref=0.173 mse=0.275 tau=-0.110 omega=4.26E-004 bad=0 tapChange=0.0023 floor=0.0023 fading=False/True preMse=0.508 energy=0.082/0.073 fresh=False phase=-0.002 anchor=0.456@-0.007 phi=0.008
frame@170928: gain=0.265 ref=0.177 mse=0.233 tau=-0.105 omega=3.78E-004 bad=0 tapChange=0.0021 floor=0.0021 fading=False/True preMse=0.429 energy=0.095/0.073 fresh=False phase=-0.098 anchor=0.504@-0.089 phi=0.092
frame@171024: gain=0.288 ref=0.181 mse=0.200 tau=-0.107 omega=4.72E-004 bad=0 tapChange=0.0017 floor=0.0017 fading=False/True preMse=0.369 energy=0.088/0.074 fresh=False phase=0.186 anchor=0.546@0.172 phi=-0.180
frame@171120: gain=0.273 ref=0.186 mse=0.251 tau=-0.110 omega=3.35E-004 bad=0 tapChange=0.0024 floor=0.0018 fading=False/True preMse=0.463 energy=0.081/0.075 fresh=False phase=-0.276 anchor=0.510@-0.253 phi=0.263
frame@171216: gain=0.256 ref=0.191 mse=0.259 tau=-0.101 omega=2.47E-004 bad=0 tapChange=0.0026 floor=0.0020 fading=False/True preMse=0.477 energy=0.064/0.075 fresh=False phase=-0.175 anchor=0.491@-0.164 phi=0.170
frame@171312: gain=0.256 ref=0.194 mse=0.242 tau=-0.104 omega=2.52E-004 bad=0 tapChange=0.0024 floor=0.0022 fading=False/True preMse=0.447 energy=0.065/0.075 fresh=False phase=0.016 anchor=0.487@0.010 phi=-0.010
frame@171408: gain=0.257 ref=0.197 mse=0.215 tau=-0.098 omega=2.06E-004 bad=0 tapChange=0.0013 floor=0.0013 fading=False/True preMse=0.397 energy=0.064/0.074 fresh=False phase=-0.088 anchor=0.484@-0.085 phi=0.088
frame@171504: gain=0.197 ref=0.200 mse=0.306 tau=-0.098 omega=3.16E-004 bad=0 tapChange=0.0023 floor=0.0015 fading=False/True preMse=0.565 energy=0.046/0.074 fresh=False phase=0.230 anchor=0.379@0.205 phi=-0.211
frame@171600: gain=0.246 ref=0.200 mse=0.232 tau=-0.103 omega=2.11E-004 bad=0 tapChange=0.0015 floor=0.0015 fading=False/True preMse=0.427 energy=0.054/0.072 fresh=False phase=-0.208 anchor=0.465@-0.195 phi=0.201
frame@171696: gain=0.183 ref=0.202 mse=0.339 tau=-0.096 omega=1.69E-004 bad=0 tapChange=0.0027 floor=0.0017 fading=False/True preMse=0.627 energy=0.041/0.071 fresh=False phase=-0.072 anchor=0.354@-0.080 phi=0.082
frame@171792: gain=0.161 ref=0.201 mse=0.360 tau=-0.073 omega=1.80E-004 bad=0 tapChange=0.0027 floor=0.0018 fading=False/True preMse=0.665 energy=0.041/0.070 fresh=False phase=0.031 anchor=0.311@0.021 phi=-0.022
frame@171888: gain=0.143 ref=0.199 mse=0.443 tau=-0.068 omega=2.82E-005 bad=0 tapChange=0.0028 floor=0.0020 fading=False/True preMse=0.818 energy=0.040/0.068 fresh=False phase=-0.296 anchor=0.267@-0.286 phi=0.292
frame@171984: gain=0.052 ref=0.196 mse=0.603 tau=-0.054 omega=3.97E-004 bad=0 tapChange=0.0033 floor=0.0022 fading=False/True preMse=1.113 energy=0.045/0.067 fresh=False phase=0.876 anchor=0.101@0.703 phi=-0.707
frame@172080: gain=0.086 ref=0.196 mse=0.462 tau=-0.067 omega=3.97E-004 bad=1 tapChange=0.0000 floor=0.0022 fading=False/True preMse=0.852 energy=0.038/0.067 fresh=True phase=-0.093 anchor=0.026@0.000 phi=0.000
frame@172176: gain=0.010 ref=0.196 mse=0.523 tau=-0.067 omega=4.03E-004 bad=2 tapChange=0.8048 floor=0.0024 fading=False/True preMse=0.966 energy=0.045/0.067 fresh=False phase=0.034 anchor=0.040@0.012 phi=-0.013
frame@172272: gain=0.025 ref=0.196 mse=0.497 tau=-0.073 omega=4.21E-004 bad=3 tapChange=0.3401 floor=0.0027 fading=True/True preMse=0.918 energy=0.048/0.067 fresh=False phase=0.080 anchor=0.073@0.046 phi=-0.033
frame@172368: gain=0.043 ref=0.196 mse=0.465 tau=-0.084 omega=4.60E-004 bad=4 tapChange=0.1778 floor=0.0029 fading=True/True preMse=0.859 energy=0.074/0.067 fresh=False phase=0.072 anchor=0.114@0.050 phi=-0.076
frame@172464: gain=0.060 ref=0.196 mse=0.442 tau=-0.077 omega=3.51E-004 bad=5 tapChange=0.0899 floor=0.0031 fading=True/True preMse=0.817 energy=0.073/0.067 fresh=False phase=-0.214 anchor=0.144@-0.151 phi=0.208
frame@172560: gain=0.070 ref=0.196 mse=0.420 tau=-0.087 omega=3.52E-004 bad=6 tapChange=0.0542 floor=0.0034 fading=True/True preMse=0.776 energy=0.085/0.067 fresh=False phase=0.003 anchor=0.163@0.001 phi=-0.002
frame@172656: gain=0.106 ref=0.196 mse=0.365 tau=-0.085 omega=3.00E-004 bad=7 tapChange=0.0428 floor=0.0037 fading=True/True preMse=0.674 energy=0.104/0.067 fresh=False phase=-0.105 anchor=0.235@-0.079 phi=0.101
frame@172752: gain=0.120 ref=0.192 mse=0.348 tau=-0.083 omega=2.91E-004 bad=0 tapChange=0.0297 floor=0.0040 fading=True/True preMse=0.642 energy=0.105/0.069 fresh=False phase=-0.011 anchor=0.259@-0.013 phi=0.016
frame@172848: gain=0.146 ref=0.188 mse=0.310 tau=-0.084 omega=2.14E-004 bad=0 tapChange=0.0202 floor=0.0043 fading=True/True preMse=0.572 energy=0.128/0.071 fresh=False phase=-0.151 anchor=0.306@-0.123 phi=0.148
frame@172944: gain=0.159 ref=0.186 mse=0.292 tau=-0.076 omega=1.74E-004 bad=0 tapChange=0.0161 floor=0.0046 fading=True/True preMse=0.538 energy=0.113/0.074 fresh=False phase=-0.073 anchor=0.328@-0.066 phi=0.078
frame@173040: gain=0.173 ref=0.185 mse=0.283 tau=-0.075 omega=1.09E-004 bad=0 tapChange=0.0133 floor=0.0049 fading=True/True preMse=0.522 energy=0.127/0.076 fresh=False phase=-0.128 anchor=0.353@-0.109 phi=0.125
frame@173136: gain=0.221 ref=0.184 mse=0.219 tau=-0.074 omega=1.17E-004 bad=0 tapChange=0.0093 floor=0.0052 fading=True/True preMse=0.404 energy=0.159/0.078 fresh=False phase=0.020 anchor=0.441@0.013 phi=-0.015
frame@173232: gain=0.210 ref=0.186 mse=0.225 tau=-0.063 omega=1.43E-004 bad=0 tapChange=0.0087 floor=0.0056 fading=True/True preMse=0.415 energy=0.148/0.082 fresh=False phase=0.050 anchor=0.424@0.044 phi=-0.050
frame@173328: gain=0.242 ref=0.187 mse=0.193 tau=-0.049 omega=6.12E-005 bad=0 tapChange=0.0062 floor=0.0060 fading=True/True preMse=0.356 energy=0.150/0.085 fresh=False phase=-0.164 anchor=0.479@-0.138 phi=0.157
frame@173424: gain=0.219 ref=0.190 mse=0.212 tau=-0.036 omega=4.76E-005 bad=0 tapChange=0.0055 floor=0.0055 fading=True/True preMse=0.391 energy=0.117/0.089 fresh=False phase=-0.028 anchor=0.433@-0.024 phi=0.026
frame@173520: gain=0.206 ref=0.191 mse=0.230 tau=-0.006 omega=3.37E-005 bad=0 tapChange=0.0055 floor=0.0055 fading=True/True preMse=0.425 energy=0.084/0.090 fresh=False phase=-0.030 anchor=0.408@-0.024 phi=0.027
frame@173616: gain=0.195 ref=0.192 mse=0.248 tau=0.024 omega=6.94E-007 bad=0 tapChange=0.0049 floor=0.0049 fading=True/True preMse=0.457 energy=0.081/0.090 fresh=False phase=-0.065 anchor=0.385@-0.058 phi=0.063
frame@173712: gain=0.168 ref=0.192 mse=0.300 tau=0.054 omega=-1.40E-004 bad=0 tapChange=0.0047 floor=0.0047 fading=True/True preMse=0.553 energy=0.050/0.089 fresh=False phase=-0.278 anchor=0.332@-0.253 phi=0.271
frame@173808: gain=0.145 ref=0.191 mse=0.331 tau=0.033 omega=-2.49E-004 bad=0 tapChange=0.0038 floor=0.0038 fading=True/True preMse=0.612 energy=0.046/0.087 fresh=False phase=-0.215 anchor=0.283@-0.198 phi=0.209
frame@173904: gain=0.098 ref=0.189 mse=0.420 tau=0.003 omega=-4.29E-004 bad=0 tapChange=0.0048 floor=0.0041 fading=True/True preMse=0.776 energy=0.035/0.085 fresh=False phase=-0.367 anchor=0.197@-0.333 phi=0.346
frame@174000: gain=0.087 ref=0.189 mse=0.440 tau=0.001 omega=-4.29E-004 bad=1 tapChange=0.0000 floor=0.0041 fading=True/True preMse=0.811 energy=0.023/0.085 fresh=True phase=-0.412 anchor=0.022@-0.000 phi=0.000
frame@174096: gain=0.007 ref=0.189 mse=0.528 tau=-0.022 omega=-4.56E-004 bad=2 tapChange=0.9346 floor=0.0044 fading=True/True preMse=0.976 energy=0.034/0.085 fresh=False phase=-0.112 anchor=0.035@-0.041 phi=0.051
frame@174192: gain=0.019 ref=0.189 mse=0.509 tau=-0.033 omega=-4.90E-004 bad=3 tapChange=0.3297 floor=0.0047 fading=True/True preMse=0.939 energy=0.040/0.085 fresh=False phase=-0.162 anchor=0.057@-0.095 phi=0.067
frame@174288: gain=0.030 ref=0.189 mse=0.493 tau=-0.042 omega=-5.34E-004 bad=4 tapChange=0.2028 floor=0.0050 fading=True/True preMse=0.909 energy=0.060/0.085 fresh=False phase=-0.267 anchor=0.085@-0.160 phi=0.083
frame@174384: gain=0.050 ref=0.189 mse=0.458 tau=-0.024 omega=-5.97E-004 bad=5 tapChange=0.1175 floor=0.0054 fading=True/True preMse=0.845 energy=0.075/0.085 fresh=False phase=-0.126 anchor=0.124@-0.085 phi=0.121
frame@174480: gain=0.080 ref=0.189 mse=0.414 tau=-0.022 omega=-4.69E-004 bad=6 tapChange=0.0916 floor=0.0058 fading=True/True preMse=0.764 energy=0.116/0.085 fresh=False phase=0.266 anchor=0.192@0.176 phi=-0.245
frame@174576: gain=0.110 ref=0.189 mse=0.364 tau=-0.014 omega=-3.63E-004 bad=7 tapChange=0.0576 floor=0.0062 fading=True/True preMse=0.672 energy=0.148/0.085 fresh=False phase=0.212 anchor=0.253@0.152 phi=-0.203
frame@174672: gain=0.134 ref=0.185 mse=0.324 tau=-0.009 omega=-4.00E-004 bad=0 tapChange=0.0378 floor=0.0066 fading=True/True preMse=0.599 energy=0.163/0.088 fresh=False phase=-0.075 anchor=0.296@-0.055 phi=0.070
frame@174768: gain=0.169 ref=0.182 mse=0.277 tau=0.003 omega=-3.48E-004 bad=0 tapChange=0.0252 floor=0.0070 fading=True/True preMse=0.512 energy=0.187/0.092 fresh=False phase=0.107 anchor=0.359@0.080 phi=-0.099
frame@174864: gain=0.183 ref=0.182 mse=0.256 tau=0.001 omega=-2.78E-004 bad=0 tapChange=0.0181 floor=0.0074 fading=True/True preMse=0.473 energy=0.162/0.097 fresh=False phase=0.138 anchor=0.383@0.112 phi=-0.135
frame@174960: gain=0.180 ref=0.182 mse=0.259 tau=0.007 omega=-2.25E-004 bad=0 tapChange=0.0125 floor=0.0079 fading=True/True preMse=0.477 energy=0.127/0.100 fresh=False phase=0.108 anchor=0.370@0.088 phi=-0.102
frame@175056: gain=0.222 ref=0.182 mse=0.205 tau=-0.005 omega=-1.80E-004 bad=0 tapChange=0.0095 floor=0.0084 fading=True/True preMse=0.379 energy=0.176/0.101 fresh=False phase=0.089 anchor=0.449@0.074 phi=-0.086
frame@175152: gain=0.211 ref=0.184 mse=0.238 tau=-0.006 omega=-4.75E-005 bad=0 tapChange=0.0074 floor=0.0074 fading=True/True preMse=0.439 energy=0.140/0.105 fresh=False phase=0.263 anchor=0.420@0.224 phi=-0.255
frame@175248: gain=0.247 ref=0.185 mse=0.186 tau=0.006 omega=-4.83E-005 bad=0 tapChange=0.0065 floor=0.0065 fading=True/True preMse=0.344 energy=0.138/0.107 fresh=False phase=0.001 anchor=0.488@-0.001 phi=0.002
frame@175344: gain=0.241 ref=0.188 mse=0.196 tau=-0.008 omega=-5.33E-006 bad=0 tapChange=0.0056 floor=0.0056 fading=True/True preMse=0.363 energy=0.135/0.109 fresh=False phase=0.079 anchor=0.472@0.074 phi=-0.083
frame@175440: gain=0.236 ref=0.191 mse=0.204 tau=0.002 omega=1.12E-004 bad=0 tapChange=0.0044 floor=0.0044 fading=True/True preMse=0.376 energy=0.126/0.110 fresh=False phase=0.234 anchor=0.463@0.204 phi=-0.225
frame@175536: gain=0.251 ref=0.193 mse=0.179 tau=0.007 omega=1.14E-004 bad=0 tapChange=0.0043 floor=0.0043 fading=True/True preMse=0.330 energy=0.103/0.111 fresh=False phase=0.006 anchor=0.490@0.004 phi=-0.004
frame@175632: gain=0.220 ref=0.196 mse=0.216 tau=-0.008 omega=1.22E-004 bad=0 tapChange=0.0039 floor=0.0039 fading=True/True preMse=0.398 energy=0.088/0.110 fresh=False phase=0.012 anchor=0.428@0.015 phi=-0.016
frame@175728: gain=0.217 ref=0.197 mse=0.225 tau=-0.017 omega=1.81E-004 bad=0 tapChange=0.0037 floor=0.0037 fading=True/True preMse=0.416 energy=0.087/0.109 fresh=False phase=0.117 anchor=0.423@0.105 phi=-0.113
frame@175824: gain=0.212 ref=0.198 mse=0.235 tau=-0.029 omega=2.18E-004 bad=0 tapChange=0.0034 floor=0.0034 fading=True/True preMse=0.433 energy=0.079/0.108 fresh=False phase=0.070 anchor=0.412@0.066 phi=-0.071
frame@175920: gain=0.177 ref=0.199 mse=0.291 tau=-0.015 omega=3.20E-004 bad=0 tapChange=0.0037 floor=0.0037 fading=True/True preMse=0.538 energy=0.045/0.107 fresh=False phase=0.207 anchor=0.343@0.184 phi=-0.194
frame@176016: gain=0.160 ref=0.198 mse=0.302 tau=-0.031 omega=2.88E-004 bad=0 tapChange=0.0030 floor=0.0030 fading=True/True preMse=0.557 energy=0.056/0.104 fresh=False phase=-0.070 anchor=0.309@-0.057 phi=0.061
frame@176112: gain=0.134 ref=0.196 mse=0.349 tau=-0.044 omega=3.40E-004 bad=0 tapChange=0.0031 floor=0.0031 fading=True/True preMse=0.645 energy=0.039/0.101 fresh=False phase=0.108 anchor=0.259@0.095 phi=-0.099
frame@176208: gain=0.145 ref=0.193 mse=0.347 tau=-0.044 omega=3.46E-004 bad=0 tapChange=0.0030 floor=0.0030 fading=True/True preMse=0.641 energy=0.034/0.098 fresh=False phase=0.006 anchor=0.276@0.012 phi=-0.012
frame@176304: gain=0.081 ref=0.190 mse=0.456 tau=-0.046 omega=6.38E-004 bad=0 tapChange=0.0025 floor=0.0025 fading=True/True preMse=0.841 energy=0.021/0.095 fresh=False phase=0.584 anchor=0.157@0.548 phi=-0.561
frame@176400: gain=0.053 ref=0.190 mse=0.499 tau=-0.016 omega=4.50E-004 bad=1 tapChange=0.0027 floor=0.0027 fading=True/True preMse=0.920 energy=0.018/0.095 fresh=False phase=-0.422 anchor=0.102@-0.357 phi=0.362
frame@176496: gain=0.037 ref=0.190 mse=0.502 tau=-0.027 omega=4.51E-004 bad=2 tapChange=0.0021 floor=0.0021 fading=True/True preMse=0.928 energy=0.015/0.095 fresh=False phase=0.301 anchor=0.076@0.224 phi=-0.003
frame@176592: gain=0.072 ref=0.190 mse=0.485 tau=-0.057 omega=8.41E-004 bad=3 tapChange=0.0018 floor=0.0018 fading=True/True preMse=0.895 energy=0.017/0.095 fresh=False phase=0.777 anchor=0.137@0.735 phi=-0.749
frame@176688: gain=0.052 ref=0.190 mse=0.518 tau=-0.085 omega=1.15E-003 bad=4 tapChange=0.0030 floor=0.0020 fading=True/True preMse=0.956 energy=0.022/0.095 fresh=False phase=0.609 anchor=0.102@0.589 phi=-0.597
frame@176784: gain=0.060 ref=0.190 mse=0.492 tau=-0.084 omega=8.26E-004 bad=5 tapChange=0.0025 floor=0.0022 fading=True/True preMse=0.909 energy=0.016/0.095 fresh=False phase=-0.696 anchor=0.115@-0.616 phi=0.627
frame@176880: gain=0.067 ref=0.190 mse=0.450 tau=-0.054 omega=9.25E-004 bad=6 tapChange=0.0019 floor=0.0019 fading=True/True preMse=0.830 energy=0.020/0.095 fresh=False phase=0.217 anchor=0.129@0.187 phi=-0.190
frame@176976: gain=0.059 ref=0.190 mse=0.523 tau=-0.065 omega=5.83E-004 bad=7 tapChange=0.0029 floor=0.0021 fading=True/True preMse=0.965 energy=0.029/0.095 fresh=False phase=-0.717 anchor=0.108@-0.647 phi=0.656
frame@177072: gain=0.070 ref=0.190 mse=0.441 tau=-0.061 omega=5.07E-004 bad=8 tapChange=0.0025 floor=0.0023 fading=True/True preMse=0.814 energy=0.023/0.095 fresh=False phase=-0.155 anchor=0.141@-0.144 phi=0.147
frame@177168: gain=0.105 ref=0.190 mse=0.403 tau=-0.091 omega=3.66E-004 bad=9 tapChange=0.0024 floor=0.0024 fading=True/True preMse=0.744 energy=0.025/0.095 fresh=False phase=-0.271 anchor=0.201@-0.263 phi=0.270
frame@177264: gain=0.074 ref=0.186 mse=0.454 tau=-0.093 omega=1.84E-004 bad=0 tapChange=0.0024 floor=0.0024 fading=True/True preMse=0.839 energy=0.027/0.091 fresh=False phase=-0.370 anchor=0.146@-0.343 phi=0.350
frame@177360: gain=0.089 ref=0.186 mse=0.429 tau=-0.076 omega=1.84E-004 bad=1 tapChange=0.0000 floor=0.0024 fading=True/True preMse=0.792 energy=0.028/0.091 fresh=True phase=-0.028 anchor=0.019@0.000 phi=0.000
frame@177456: gain=0.008 ref=0.186 mse=0.527 tau=-0.072 omega=1.65E-004 bad=2 tapChange=1.0034 floor=0.0027 fading=True/True preMse=0.973 energy=0.032/0.091 fresh=False phase=-0.064 anchor=0.035@-0.028 phi=0.036
frame@177552: gain=0.017 ref=0.186 mse=0.512 tau=-0.067 omega=1.50E-004 bad=3 tapChange=0.3576 floor=0.0029 fading=True/True preMse=0.944 energy=0.040/0.091 fresh=False phase=-0.070 anchor=0.055@-0.041 phi=0.029
frame@177648: gain=0.026 ref=0.186 mse=0.498 tau=-0.080 omega=1.10E-004 bad=4 tapChange=0.1348 floor=0.0032 fading=True/True preMse=0.920 energy=0.039/0.091 fresh=False phase=-0.252 anchor=0.067@-0.174 phi=0.077
frame@177744: gain=0.035 ref=0.186 mse=0.482 tau=-0.072 omega=1.22E-004 bad=5 tapChange=0.0787 floor=0.0034 fading=True/True preMse=0.891 energy=0.043/0.091 fresh=False phase=0.089 anchor=0.082@0.068 phi=-0.023
frame@177840: gain=0.038 ref=0.186 mse=0.479 tau=-0.086 omega=1.13E-004 bad=6 tapChange=0.0556 floor=0.0037 fading=True/True preMse=0.885 energy=0.052/0.091 fresh=False phase=-0.094 anchor=0.089@-0.068 phi=0.017
frame@177936: gain=0.052 ref=0.186 mse=0.454 tau=-0.093 omega=8.83E-005 bad=7 tapChange=0.0429 floor=0.0040 fading=True/True preMse=0.838 energy=0.053/0.091 fresh=False phase=-0.040 anchor=0.116@-0.038 phi=0.047
frame@178032: gain=0.061 ref=0.186 mse=0.441 tau=-0.096 omega=-4.80E-005 bad=8 tapChange=0.0292 floor=0.0043 fading=True/True preMse=0.814 energy=0.048/0.091 fresh=False phase=-0.262 anchor=0.131@-0.217 phi=0.262
frame@178128: gain=0.080 ref=0.186 mse=0.412 tau=-0.094 omega=7.96E-005 bad=9 tapChange=0.0256 floor=0.0046 fading=True/True preMse=0.760 energy=0.055/0.091 fresh=False phase=0.258 anchor=0.170@0.203 phi=-0.245
frame@178224: gain=0.077 ref=0.186 mse=0.416 tau=-0.093 omega=-8.44E-005 bad=10 tapChange=0.0146 floor=0.0049 fading=True/True preMse=0.768 energy=0.048/0.091 fresh=False phase=-0.321 anchor=0.160@-0.273 phi=0.315
frame@178320: gain=0.079 ref=0.186 mse=0.411 tau=-0.093 omega=-3.14E-005 bad=11 tapChange=0.0131 floor=0.0052 fading=True/True preMse=0.758 energy=0.035/0.091 fresh=False phase=0.106 anchor=0.161@0.090 phi=-0.102
frame@178416: gain=0.078 ref=0.186 mse=0.408 tau=-0.102 omega=-3.75E-005 bad=12 tapChange=0.0102 floor=0.0056 fading=True/True preMse=0.754 energy=0.041/0.091 fresh=False phase=-0.012 anchor=0.159@-0.010 phi=0.012
frame@178512: gain=0.066 ref=0.186 mse=0.447 tau=-0.082 omega=-2.56E-004 bad=13 tapChange=0.0077 floor=0.0060 fading=True/True preMse=0.826 energy=0.033/0.091 fresh=False phase=-0.447 anchor=0.133@-0.388 phi=0.420
frame@178608: gain=0.055 ref=0.186 mse=0.453 tau=-0.103 omega=-1.52E-004 bad=14 tapChange=0.0063 floor=0.0063 fading=True/True preMse=0.836 energy=0.022/0.091 fresh=False phase=0.235 anchor=0.112@0.188 phi=-0.200
frame@178704: gain=0.058 ref=0.186 mse=0.450 tau=-0.131 omega=-2.56E-004 bad=15 tapChange=0.0068 floor=0.0068 fading=True/True preMse=0.831 energy=0.026/0.091 fresh=False phase=-0.217 anchor=0.119@-0.189 phi=0.201
frame@178800: gain=0.080 ref=0.186 mse=0.418 tau=-0.117 omega=-3.55E-004 bad=16 tapChange=0.0070 floor=0.0070 fading=True/True preMse=0.772 energy=0.039/0.091 fresh=False phase=-0.203 anchor=0.159@-0.176 phi=0.189
frame@178896: gain=0.078 ref=0.186 mse=0.426 tau=-0.112 omega=-4.89E-004 bad=17 tapChange=0.0079 floor=0.0075 fading=True/True preMse=0.786 energy=0.040/0.091 fresh=False phase=-0.264 anchor=0.159@-0.241 phi=0.258
frame@178992: gain=0.077 ref=0.186 mse=0.417 tau=-0.097 omega=-5.14E-004 bad=18 tapChange=0.0057 floor=0.0057 fading=True/True preMse=0.769 energy=0.024/0.091 fresh=False phase=-0.021 anchor=0.155@-0.045 phi=0.047
frame@179088: gain=0.100 ref=0.186 mse=0.399 tau=-0.084 omega=-6.81E-004 bad=19 tapChange=0.0059 floor=0.0059 fading=True/True preMse=0.737 energy=0.042/0.091 fresh=False phase=-0.325 anchor=0.197@-0.300 phi=0.322
frame@179184: gain=0.102 ref=0.182 mse=0.385 tau=-0.085 omega=-5.90E-004 bad=0 tapChange=0.0075 floor=0.0063 fading=True/True preMse=0.710 energy=0.055/0.089 fresh=False phase=0.204 anchor=0.207@0.164 phi=-0.176
frame@179280: gain=0.143 ref=0.178 mse=0.329 tau=-0.079 omega=-6.95E-004 bad=0 tapChange=0.0080 floor=0.0068 fading=True/True preMse=0.607 energy=0.075/0.087 fresh=False phase=-0.213 anchor=0.292@-0.187 phi=0.203
frame@179376: gain=0.083 ref=0.176 mse=0.422 tau=-0.104 omega=-5.20E-004 bad=0 tapChange=0.0053 floor=0.0053 fading=True/True preMse=0.779 energy=0.044/0.087 fresh=False phase=0.372 anchor=0.169@0.321 phi=-0.336
frame@179472: gain=0.103 ref=0.176 mse=0.404 tau=-0.122 omega=-7.01E-004 bad=1 tapChange=0.0058 floor=0.0057 fading=True/True preMse=0.747 energy=0.062/0.087 fresh=False phase=-0.370 anchor=0.206@-0.328 phi=0.347
frame@179568: gain=0.133 ref=0.172 mse=0.348 tau=-0.121 omega=-5.96E-004 bad=0 tapChange=0.0056 floor=0.0056 fading=True/True preMse=0.643 energy=0.072/0.085 fresh=False phase=0.212 anchor=0.263@0.189 phi=-0.202
frame@179664: gain=0.107 ref=0.171 mse=0.384 tau=-0.141 omega=-6.05E-004 bad=0 tapChange=0.0070 floor=0.0059 fading=True/True preMse=0.710 energy=0.083/0.085 fresh=False phase=-0.023 anchor=0.227@-0.017 phi=0.018
frame@179760: gain=0.131 ref=0.167 mse=0.358 tau=-0.143 omega=-6.59E-004 bad=0 tapChange=0.0059 floor=0.0059 fading=True/True preMse=0.661 energy=0.078/0.085 fresh=False phase=-0.106 anchor=0.264@-0.098 phi=0.104
frame@179856: gain=0.081 ref=0.165 mse=0.444 tau=-0.141 omega=-6.59E-004 bad=0 tapChange=0.0081 floor=0.0063 fading=True/True preMse=0.820 energy=0.085/0.084 fresh=False phase=-0.002 anchor=0.181@0.000 phi=-0.000
frame@179952: gain=0.109 ref=0.165 mse=0.426 tau=-0.137 omega=-8.63E-004 bad=1 tapChange=0.0074 floor=0.0067 fading=True/True preMse=0.786 energy=0.097/0.084 fresh=False phase=-0.450 anchor=0.227@-0.374 phi=0.391
frame@180048: gain=0.160 ref=0.163 mse=0.323 tau=-0.130 omega=-7.63E-004 bad=0 tapChange=0.0056 floor=0.0056 fading=True/True preMse=0.596 energy=0.093/0.085 fresh=False phase=0.212 anchor=0.316@0.180 phi=-0.192
frame@180144: gain=0.163 ref=0.163 mse=0.361 tau=-0.135 omega=-7.13E-004 bad=0 tapChange=0.0091 floor=0.0060 fading=True/True preMse=0.666 energy=0.145/0.085 fresh=False phase=0.110 anchor=0.335@0.090 phi=-0.095
frame@180240: gain=0.212 ref=0.163 mse=0.258 tau=-0.132 omega=-7.26E-004 bad=0 tapChange=0.0055 floor=0.0055 fading=True/True preMse=0.476 energy=0.125/0.088 fresh=False phase=-0.017 anchor=0.418@-0.022 phi=0.024
frame@180336: gain=0.230 ref=0.165 mse=0.265 tau=-0.132 omega=-6.99E-004 bad=0 tapChange=0.0071 floor=0.0059 fading=True/True preMse=0.489 energy=0.139/0.090 fresh=False phase=0.071 anchor=0.461@0.048 phi=-0.051
frame@180432: gain=0.267 ref=0.168 mse=0.251 tau=-0.132 omega=-5.57E-004 bad=0 tapChange=0.0062 floor=0.0062 fading=True/True preMse=0.462 energy=0.142/0.093 fresh=False phase=0.302 anchor=0.520@0.254 phi=-0.274
frame@180528: gain=0.262 ref=0.173 mse=0.209 tau=-0.130 omega=-5.89E-004 bad=0 tapChange=0.0047 floor=0.0047 fading=True/True preMse=0.385 energy=0.147/0.095 fresh=False phase=-0.057 anchor=0.519@-0.057 phi=0.062
frame@180624: gain=0.320 ref=0.178 mse=0.198 tau=-0.131 omega=-4.36E-004 bad=0 tapChange=0.0045 floor=0.0045 fading=True/True preMse=0.366 energy=0.168/0.098 fresh=False phase=0.308 anchor=0.608@0.271 phi=-0.293
frame@180720: gain=0.303 ref=0.185 mse=0.166 tau=-0.127 omega=-4.82E-004 bad=0 tapChange=0.0034 floor=0.0034 fading=True/True preMse=0.306 energy=0.156/0.101 fresh=False phase=-0.098 anchor=0.583@-0.081 phi=0.088
frame@180816: gain=0.308 ref=0.191 mse=0.198 tau=-0.125 omega=-3.49E-004 bad=0 tapChange=0.0040 floor=0.0036 fading=True/True preMse=0.366 energy=0.144/0.104 fresh=False phase=0.274 anchor=0.585@0.237 phi=-0.256
frame@180912: gain=0.269 ref=0.197 mse=0.223 tau=-0.121 omega=-3.06E-004 bad=0 tapChange=0.0044 floor=0.0039 fading=True/True preMse=0.412 energy=0.115/0.106 fresh=False phase=0.092 anchor=0.518@0.079 phi=-0.083
frame@181008: gain=0.281 ref=0.200 mse=0.204 tau=-0.124 omega=-2.27E-004 bad=0 tapChange=0.0039 floor=0.0039 fading=True/True preMse=0.376 energy=0.116/0.106 fresh=False phase=0.164 anchor=0.536@0.142 phi=-0.152
frame@181104: gain=0.235 ref=0.204 mse=0.220 tau=-0.122 omega=-1.97E-004 bad=0 tapChange=0.0034 floor=0.0034 fading=True/True preMse=0.406 energy=0.094/0.107 fresh=False phase=0.068 anchor=0.461@0.054 phi=-0.057
frame@181200: gain=0.271 ref=0.206 mse=0.218 tau=-0.124 omega=-7.77E-005 bad=0 tapChange=0.0036 floor=0.0036 fading=True/True preMse=0.402 energy=0.105/0.106 fresh=False phase=0.243 anchor=0.522@0.216 phi=-0.229
frame@181296: gain=0.266 ref=0.209 mse=0.206 tau=-0.116 omega=-2.70E-005 bad=0 tapChange=0.0031 floor=0.0031 fading=False/True preMse=0.381 energy=0.088/0.106 fresh=False phase=0.103 anchor=0.508@0.092 phi=-0.097
frame@181392: gain=0.194 ref=0.212 mse=0.283 tau=-0.124 omega=-1.09E-004 bad=0 tapChange=0.0033 floor=0.0033 fading=False/True preMse=0.523 energy=0.066/0.105 fresh=False phase=-0.159 anchor=0.381@-0.151 phi=0.158
frame@181488: gain=0.256 ref=0.211 mse=0.223 tau=-0.124 omega=-5.37E-005 bad=0 tapChange=0.0029 floor=0.0029 fading=False/True preMse=0.412 energy=0.076/0.103 fresh=False phase=0.113 anchor=0.486@0.101 phi=-0.107
frame@181584: gain=0.269 ref=0.213 mse=0.216 tau=-0.126 omega=1.78E-005 bad=0 tapChange=0.0027 floor=0.0027 fading=False/True preMse=0.399 energy=0.077/0.102 fresh=False phase=0.152 anchor=0.512@0.130 phi=-0.137
frame@181680: gain=0.212 ref=0.216 mse=0.248 tau=-0.122 omega=-2.33E-005 bad=0 tapChange=0.0020 floor=0.0020 fading=False/True preMse=0.459 energy=0.064/0.101 fresh=False phase=-0.086 anchor=0.406@-0.076 phi=0.079
frame@181776: gain=0.244 ref=0.216 mse=0.239 tau=-0.137 omega=5.63E-005 bad=0 tapChange=0.0028 floor=0.0022 fading=False/True preMse=0.441 energy=0.081/0.099 fresh=False phase=0.162 anchor=0.468@0.146 phi=-0.153
frame@181872: gain=0.216 ref=0.217 mse=0.306 tau=-0.130 omega=2.79E-005 bad=0 tapChange=0.0037 floor=0.0025 fading=False/True preMse=0.566 energy=0.112/0.098 fresh=False phase=-0.049 anchor=0.418@-0.053 phi=0.055
frame@181968: gain=0.284 ref=0.217 mse=0.194 tau=-0.126 omega=5.95E-005 bad=0 tapChange=0.0025 floor=0.0025 fading=False/True preMse=0.358 energy=0.111/0.099 fresh=False phase=0.059 anchor=0.543@0.058 phi=-0.061
frame@182064: gain=0.269 ref=0.220 mse=0.208 tau=-0.129 omega=3.52E-005 bad=0 tapChange=0.0026 floor=0.0026 fading=False/True preMse=0.383 energy=0.108/0.099 fresh=False phase=-0.054 anchor=0.518@-0.044 phi=0.047
frame@182160: gain=0.316 ref=0.223 mse=0.191 tau=-0.128 omega=7.90E-005 bad=0 tapChange=0.0028 floor=0.0028 fading=False/True preMse=0.353 energy=0.145/0.100 fresh=False phase=0.091 anchor=0.600@0.080 phi=-0.084
frame@182256: gain=0.318 ref=0.228 mse=0.161 tau=-0.122 omega=-2.68E-005 bad=0 tapChange=0.0018 floor=0.0018 fading=False/True preMse=0.298 energy=0.148/0.102 fresh=False phase=-0.218 anchor=0.602@-0.194 phi=0.203
frame@182352: gain=0.332 ref=0.232 mse=0.156 tau=-0.114 omega=2.38E-005 bad=0 tapChange=0.0021 floor=0.0020 fading=False/True preMse=0.289 energy=0.157/0.104 fresh=False phase=0.115 anchor=0.630@0.092 phi=-0.097
frame@182448: gain=0.288 ref=0.237 mse=0.200 tau=-0.111 omega=8.52E-005 bad=0 tapChange=0.0023 floor=0.0022 fading=False/True preMse=0.369 energy=0.127/0.107 fresh=False phase=0.127 anchor=0.549@0.113 phi=-0.118
frame@182544: gain=0.357 ref=0.240 mse=0.137 tau=-0.117 omega=5.70E-005 bad=0 tapChange=0.0020 floor=0.0020 fading=False/True preMse=0.253 energy=0.145/0.108 fresh=False phase=-0.055 anchor=0.678@-0.051 phi=0.054
frame@182640: gain=0.346 ref=0.245 mse=0.163 tau=-0.119 omega=5.32E-005 bad=0 tapChange=0.0022 floor=0.0022 fading=False/True preMse=0.302 energy=0.154/0.110 fresh=False phase=-0.003 anchor=0.653@-0.007 phi=0.007
frame@182736: gain=0.365 ref=0.251 mse=0.126 tau=-0.116 omega=7.16E-005 bad=0 tapChange=0.0017 floor=0.0017 fading=False/True preMse=0.233 energy=0.145/0.112 fresh=False phase=0.041 anchor=0.691@0.034 phi=-0.035
frame@182832: gain=0.322 ref=0.256 mse=0.172 tau=-0.113 omega=8.99E-005 bad=0 tapChange=0.0020 floor=0.0019 fading=False/True preMse=0.318 energy=0.147/0.114 fresh=False phase=0.036 anchor=0.611@0.034 phi=-0.035
frame@182928: gain=0.363 ref=0.260 mse=0.146 tau=-0.113 omega=8.81E-005 bad=0 tapChange=0.0020 floor=0.0020 fading=False/True preMse=0.270 energy=0.150/0.115 fresh=False phase=0.013 anchor=0.683@-0.003 phi=0.003
frame@183024: gain=0.353 ref=0.265 mse=0.180 tau=-0.119 omega=1.79E-004 bad=0 tapChange=0.0025 floor=0.0022 fading=False/True preMse=0.333 energy=0.137/0.117 fresh=False phase=0.186 anchor=0.663@0.167 phi=-0.175
frame@183120: gain=0.326 ref=0.269 mse=0.162 tau=-0.117 omega=8.21E-005 bad=0 tapChange=0.0016 floor=0.0016 fading=False/True preMse=0.299 energy=0.110/0.118 fresh=False phase=-0.195 anchor=0.617@-0.178 phi=0.186
frame@183216: gain=0.313 ref=0.272 mse=0.168 tau=-0.121 omega=1.06E-004 bad=0 tapChange=0.0019 floor=0.0018 fading=False/True preMse=0.309 energy=0.119/0.118 fresh=False phase=0.051 anchor=0.594@0.043 phi=-0.045
frame@183312: gain=0.306 ref=0.274 mse=0.168 tau=-0.125 omega=1.37E-004 bad=0 tapChange=0.0017 floor=0.0017 fading=False/True preMse=0.310 energy=0.106/0.118 fresh=False phase=0.061 anchor=0.583@0.057 phi=-0.059
frame@183408: gain=0.301 ref=0.276 mse=0.181 tau=-0.117 omega=2.11E-004 bad=0 tapChange=0.0016 floor=0.0016 fading=False/True preMse=0.334 energy=0.100/0.117 fresh=False phase=0.148 anchor=0.567@0.137 phi=-0.143
frame@183504: gain=0.204 ref=0.277 mse=0.268 tau=-0.125 omega=2.37E-004 bad=0 tapChange=0.0018 floor=0.0018 fading=False/True preMse=0.495 energy=0.051/0.116 fresh=False phase=0.050 anchor=0.390@0.049 phi=-0.051
frame@183600: gain=0.177 ref=0.273 mse=0.351 tau=-0.103 omega=2.14E-004 bad=0 tapChange=0.0025 floor=0.0020 fading=False/True preMse=0.648 energy=0.049/0.113 fresh=False phase=-0.035 anchor=0.337@-0.045 phi=0.046
frame@183696: gain=0.163 ref=0.268 mse=0.318 tau=-0.096 omega=1.97E-004 bad=0 tapChange=0.0016 floor=0.0016 fading=False/True preMse=0.587 energy=0.027/0.110 fresh=False phase=-0.038 anchor=0.314@-0.031 phi=0.032
frame@183792: gain=0.141 ref=0.263 mse=0.361 tau=-0.126 omega=2.33E-004 bad=0 tapChange=0.0018 floor=0.0018 fading=False/True preMse=0.666 energy=0.026/0.106 fresh=False phase=0.060 anchor=0.271@0.068 phi=-0.069
frame@183888: gain=0.061 ref=0.257 mse=0.584 tau=-0.140 omega=6.07E-004 bad=0 tapChange=0.0029 floor=0.0020 fading=False/True preMse=1.079 energy=0.022/0.102 fresh=False phase=0.750 anchor=0.118@0.712 phi=-0.718
frame@183984: gain=0.082 ref=0.257 mse=0.497 tau=-0.170 omega=3.71E-004 bad=1 tapChange=0.0023 floor=0.0022 fading=False/True preMse=0.917 energy=0.018/0.102 fresh=False phase=-0.507 anchor=0.155@-0.448 phi=0.453
frame@184080: gain=0.049 ref=0.257 mse=0.591 tau=-0.140 omega=3.73E-004 bad=2 tapChange=0.0024 floor=0.0024 fading=False/True preMse=1.092 energy=0.015/0.102 fresh=False phase=0.835 anchor=0.092@0.825 phi=-0.005
frame@184176: gain=0.044 ref=0.257 mse=0.646 tau=-0.125 omega=3.75E-004 bad=3 tapChange=0.0040 floor=0.0026 fading=False/True preMse=1.193 energy=0.031/0.102 fresh=False phase=0.737 anchor=0.085@0.636 phi=-0.004
frame@184272: gain=0.108 ref=0.257 mse=0.499 tau=-0.107 omega=3.75E-004 bad=4 tapChange=0.0000 floor=0.0026 fading=False/True preMse=0.920 energy=0.033/0.102 fresh=True phase=0.498 anchor=0.019@0.000 phi=0.000
frame@184368: gain=0.008 ref=0.257 mse=0.527 tau=-0.096 omega=3.82E-004 bad=5 tapChange=1.0100 floor=0.0028 fading=False/True preMse=0.973 energy=0.038/0.102 fresh=False phase=0.026 anchor=0.035@0.011 phi=-0.014
frame@184464: gain=0.022 ref=0.257 mse=0.502 tau=-0.085 omega=3.81E-004 bad=6 tapChange=0.4390 floor=0.0031 fading=True/True preMse=0.926 energy=0.055/0.102 fresh=False phase=-0.002 anchor=0.069@-0.003 phi=0.002
frame@184560: gain=0.036 ref=0.257 mse=0.477 tau=-0.071 omega=3.69E-004 bad=7 tapChange=0.1853 floor=0.0033 fading=True/True preMse=0.881 energy=0.068/0.102 fresh=False phase=-0.068 anchor=0.097@-0.045 phi=0.023
frame@184656: gain=0.049 ref=0.257 mse=0.457 tau=-0.074 omega=3.12E-004 bad=8 tapChange=0.0830 floor=0.0036 fading=True/True preMse=0.843 energy=0.060/0.102 fresh=False phase=-0.106 anchor=0.117@-0.081 phi=0.109
frame@184752: gain=0.066 ref=0.257 mse=0.426 tau=-0.072 omega=3.24E-004 bad=9 tapChange=0.0591 floor=0.0039 fading=True/True preMse=0.786 energy=0.086/0.102 fresh=False phase=0.021 anchor=0.153@0.016 phi=-0.021
frame@184848: gain=0.086 ref=0.257 mse=0.404 tau=-0.067 omega=1.80E-004 bad=10 tapChange=0.0354 floor=0.0042 fading=True/True preMse=0.745 energy=0.076/0.102 fresh=False phase=-0.273 anchor=0.186@-0.219 phi=0.275
frame@184944: gain=0.095 ref=0.257 mse=0.384 tau=-0.071 omega=1.94E-004 bad=11 tapChange=0.0271 floor=0.0045 fading=True/True preMse=0.709 energy=0.076/0.102 fresh=False phase=0.034 anchor=0.203@0.021 phi=-0.026
frame@185040: gain=0.130 ref=0.257 mse=0.334 tau=-0.073 omega=6.35E-005 bad=12 tapChange=0.0241 floor=0.0048 fading=True/True preMse=0.617 energy=0.105/0.102 fresh=False phase=-0.258 anchor=0.277@-0.206 phi=0.250
frame@185136: gain=0.144 ref=0.251 mse=0.312 tau=-0.080 omega=1.54E-004 bad=0 tapChange=0.0169 floor=0.0051 fading=True/True preMse=0.575 energy=0.106/0.102 fresh=False phase=0.182 anchor=0.299@0.146 phi=-0.173
frame@185232: gain=0.150 ref=0.245 mse=0.315 tau=-0.081 omega=-1.57E-005 bad=0 tapChange=0.0107 floor=0.0055 fading=True/True preMse=0.581 energy=0.091/0.102 fresh=False phase=-0.324 anchor=0.303@-0.281 phi=0.325
frame@185328: gain=0.157 ref=0.241 mse=0.289 tau=-0.079 omega=6.31E-006 bad=0 tapChange=0.0099 floor=0.0059 fading=True/True preMse=0.534 energy=0.086/0.101 fresh=False phase=0.051 anchor=0.316@0.036 phi=-0.042
frame@185424: gain=0.151 ref=0.236 mse=0.307 tau=-0.090 omega=-5.44E-005 bad=0 tapChange=0.0074 floor=0.0063 fading=True/True preMse=0.567 energy=0.074/0.101 fresh=False phase=-0.108 anchor=0.299@-0.104 phi=0.116
frame@185520: gain=0.153 ref=0.232 mse=0.295 tau=-0.088 omega=-3.06E-006 bad=0 tapChange=0.0064 floor=0.0064 fading=True/True preMse=0.545 energy=0.066/0.099 fresh=False phase=0.101 anchor=0.304@0.089 phi=-0.098
frame@185616: gain=0.128 ref=0.228 mse=0.344 tau=-0.089 omega=-3.16E-005 bad=0 tapChange=0.0053 floor=0.0053 fading=True/True preMse=0.634 energy=0.053/0.098 fresh=False phase=-0.052 anchor=0.251@-0.051 phi=0.055
frame@185712: gain=0.132 ref=0.223 mse=0.340 tau=-0.100 omega=-1.25E-004 bad=0 tapChange=0.0053 floor=0.0053 fading=True/True preMse=0.628 energy=0.053/0.096 fresh=False phase=-0.177 anchor=0.261@-0.167 phi=0.179
frame@185808: gain=0.119 ref=0.219 mse=0.356 tau=-0.103 omega=-1.72E-004 bad=0 tapChange=0.0044 floor=0.0044 fading=True/True preMse=0.657 energy=0.042/0.093 fresh=False phase=-0.086 anchor=0.235@-0.085 phi=0.091
frame@185904: gain=0.093 ref=0.214 mse=0.389 tau=-0.108 omega=-2.21E-004 bad=0 tapChange=0.0043 floor=0.0043 fading=True/True preMse=0.719 energy=0.040/0.091 fresh=False phase=-0.096 anchor=0.189@-0.090 phi=0.095
frame@186000: gain=0.093 ref=0.214 mse=0.408 tau=-0.105 omega=-2.21E-004 bad=1 tapChange=0.0000 floor=0.0043 fading=True/True preMse=0.754 energy=0.036/0.091 fresh=True phase=-0.252 anchor=0.019@0.000 phi=0.000
frame@186096: gain=0.008 ref=0.214 mse=0.528 tau=-0.125 omega=-1.53E-004 bad=2 tapChange=0.9955 floor=0.0046 fading=True/True preMse=0.975 energy=0.029/0.091 fresh=False phase=0.254 anchor=0.033@0.103 phi=-0.131
frame@186192: gain=0.015 ref=0.214 mse=0.515 tau=-0.112 omega=-1.82E-004 bad=3 tapChange=0.3011 floor=0.0050 fading=True/True preMse=0.950 energy=0.034/0.091 fresh=False phase=-0.143 anchor=0.047@-0.082 phi=0.054
frame@186288: gain=0.023 ref=0.214 mse=0.502 tau=-0.108 omega=-1.78E-004 bad=4 tapChange=0.1445 floor=0.0053 fading=True/True preMse=0.926 energy=0.034/0.091 fresh=False phase=0.030 anchor=0.060@0.017 phi=-0.008
frame@186384: gain=0.023 ref=0.214 mse=0.504 tau=-0.112 omega=-1.76E-004 bad=5 tapChange=0.0712 floor=0.0057 fading=True/True preMse=0.931 energy=0.032/0.091 fresh=False phase=0.011 anchor=0.057@0.014 phi=-0.004
frame@186480: gain=0.030 ref=0.214 mse=0.493 tau=-0.124 omega=-1.73E-004 bad=6 tapChange=0.0508 floor=0.0060 fading=True/True preMse=0.909 energy=0.039/0.091 fresh=False phase=0.024 anchor=0.068@0.018 phi=-0.004
frame@186576: gain=0.037 ref=0.214 mse=0.480 tau=-0.105 omega=-1.54E-004 bad=7 tapChange=0.0521 floor=0.0065 fading=True/True preMse=0.886 energy=0.044/0.091 fresh=False phase=0.205 anchor=0.088@0.159 phi=-0.037
frame@186672: gain=0.050 ref=0.214 mse=0.456 tau=-0.109 omega=-4.66E-005 bad=8 tapChange=0.0375 floor=0.0069 fading=True/True preMse=0.842 energy=0.036/0.091 fresh=False phase=0.206 anchor=0.111@0.169 phi=-0.206
frame@186768: gain=0.047 ref=0.214 mse=0.462 tau=-0.097 omega=-3.50E-005 bad=9 tapChange=0.0261 floor=0.0073 fading=True/True preMse=0.853 energy=0.046/0.091 fresh=False phase=0.018 anchor=0.104@0.019 phi=-0.022
frame@186864: gain=0.050 ref=0.214 mse=0.456 tau=-0.098 omega=-4.07E-005 bad=10 tapChange=0.0197 floor=0.0078 fading=True/True preMse=0.842 energy=0.032/0.091 fresh=False phase=-0.025 anchor=0.107@-0.009 phi=0.011
frame@186960: gain=0.065 ref=0.214 mse=0.442 tau=-0.100 omega=1.81E-004 bad=11 tapChange=0.0203 floor=0.0083 fading=True/True preMse=0.816 energy=0.051/0.091 fresh=False phase=0.445 anchor=0.141@0.372 phi=-0.425
frame@187056: gain=0.084 ref=0.214 mse=0.410 tau=-0.096 omega=1.30E-004 bad=12 tapChange=0.0205 floor=0.0088 fading=True/True preMse=0.757 energy=0.058/0.091 fresh=False phase=-0.124 anchor=0.176@-0.085 phi=0.098
frame@187152: gain=0.093 ref=0.214 mse=0.386 tau=-0.091 omega=1.95E-004 bad=13 tapChange=0.0175 floor=0.0093 fading=True/True preMse=0.712 energy=0.061/0.091 fresh=False phase=0.121 anchor=0.199@0.110 phi=-0.125
frame@187248: gain=0.116 ref=0.214 mse=0.361 tau=-0.087 omega=2.35E-004 bad=14 tapChange=0.0142 floor=0.0099 fading=True/True preMse=0.667 energy=0.079/0.091 fresh=False phase=0.073 anchor=0.238@0.067 phi=-0.076
frame@187344: gain=0.135 ref=0.209 mse=0.321 tau=-0.100 omega=2.10E-004 bad=0 tapChange=0.0121 floor=0.0105 fading=True/True preMse=0.593 energy=0.082/0.090 fresh=False phase=-0.058 anchor=0.277@-0.042 phi=0.048
frame@187440: gain=0.137 ref=0.205 mse=0.328 tau=-0.100 omega=2.81E-004 bad=0 tapChange=0.0100 floor=0.0100 fading=True/True preMse=0.606 energy=0.076/0.090 fresh=False phase=0.147 anchor=0.279@0.122 phi=-0.137
frame@187536: gain=0.153 ref=0.202 mse=0.301 tau=-0.108 omega=2.95E-004 bad=0 tapChange=0.0080 floor=0.0080 fading=True/True preMse=0.555 energy=0.071/0.089 fresh=False phase=0.027 anchor=0.305@0.025 phi=-0.028
frame@187632: gain=0.175 ref=0.199 mse=0.265 tau=-0.104 omega=2.70E-004 bad=0 tapChange=0.0068 floor=0.0068 fading=True/True preMse=0.489 energy=0.078/0.088 fresh=False phase=-0.045 anchor=0.350@-0.044 phi=0.049
frame@187728: gain=0.160 ref=0.198 mse=0.294 tau=-0.114 omega=2.78E-004 bad=0 tapChange=0.0060 floor=0.0060 fading=True/True preMse=0.543 energy=0.071/0.088 fresh=False phase=0.015 anchor=0.317@0.014 phi=-0.015
frame@187824: gain=0.189 ref=0.196 mse=0.256 tau=-0.108 omega=3.02E-004 bad=0 tapChange=0.0057 floor=0.0057 fading=True/True preMse=0.473 energy=0.077/0.087 fresh=False phase=0.053 anchor=0.373@0.043 phi=-0.047
frame@187920: gain=0.166 ref=0.196 mse=0.295 tau=-0.107 omega=2.11E-004 bad=0 tapChange=0.0045 floor=0.0045 fading=True/True preMse=0.544 energy=0.065/0.086 fresh=False phase=-0.184 anchor=0.322@-0.163 phi=0.176
frame@188016: gain=0.178 ref=0.194 mse=0.283 tau=-0.105 omega=1.50E-004 bad=0 tapChange=0.0055 floor=0.0048 fading=True/True preMse=0.523 energy=0.072/0.085 fresh=False phase=-0.114 anchor=0.350@-0.108 phi=0.116
frame@188112: gain=0.180 ref=0.194 mse=0.296 tau=-0.103 omega=1.38E-004 bad=0 tapChange=0.0050 floor=0.0050 fading=True/True preMse=0.547 energy=0.079/0.085 fresh=False phase=-0.014 anchor=0.348@-0.023 phi=0.024
frame@188208: gain=0.189 ref=0.193 mse=0.269 tau=-0.100 omega=1.03E-004 bad=0 tapChange=0.0048 floor=0.0048 fading=True/True preMse=0.498 energy=0.089/0.084 fresh=False phase=-0.068 anchor=0.373@-0.063 phi=0.067
frame@188304: gain=0.188 ref=0.193 mse=0.282 tau=-0.102 omega=1.36E-004 bad=0 tapChange=0.0050 floor=0.0050 fading=True/True preMse=0.521 energy=0.088/0.085 fresh=False phase=0.083 anchor=0.371@0.059 phi=-0.063
frame@188400: gain=0.190 ref=0.192 mse=0.282 tau=-0.098 omega=2.17E-004 bad=0 tapChange=0.0045 floor=0.0045 fading=True/True preMse=0.521 energy=0.089/0.085 fresh=False phase=0.166 anchor=0.373@0.147 phi=-0.156
frame@188496: gain=0.166 ref=0.192 mse=0.299 tau=-0.098 omega=1.36E-004 bad=0 tapChange=0.0040 floor=0.0040 fading=True/True preMse=0.552 energy=0.072/0.085 fresh=False phase=-0.178 anchor=0.328@-0.147 phi=0.155
frame@188592: gain=0.133 ref=0.191 mse=0.371 tau=-0.103 omega=2.17E-004 bad=0 tapChange=0.0044 floor=0.0043 fading=True/True preMse=0.684 energy=0.074/0.084 fresh=False phase=0.188 anchor=0.263@0.150 phi=-0.156
frame@188688: gain=0.122 ref=0.188 mse=0.382 tau=-0.120 omega=2.02E-004 bad=0 tapChange=0.0045 floor=0.0045 fading=True/True preMse=0.705 energy=0.064/0.084 fresh=False phase=-0.046 anchor=0.244@-0.028 phi=0.030
frame@188784: gain=0.151 ref=0.185 mse=0.350 tau=-0.094 omega=2.68E-004 bad=0 tapChange=0.0051 floor=0.0048 fading=True/True preMse=0.647 energy=0.091/0.083 fresh=False phase=0.135 anchor=0.303@0.121 phi=-0.127
frame@188880: gain=0.171 ref=0.183 mse=0.330 tau=-0.107 omega=3.90E-004 bad=0 tapChange=0.0050 floor=0.0050 fading=True/True preMse=0.609 energy=0.090/0.083 fresh=False phase=0.237 anchor=0.342@0.225 phi=-0.235
frame@188976: gain=0.173 ref=0.182 mse=0.304 tau=-0.104 omega=5.21E-004 bad=0 tapChange=0.0031 floor=0.0031 fading=True/True preMse=0.561 energy=0.076/0.084 fresh=False phase=0.257 anchor=0.339@0.240 phi=-0.251
frame@189072: gain=0.203 ref=0.182 mse=0.261 tau=-0.121 omega=5.18E-004 bad=0 tapChange=0.0032 floor=0.0032 fading=True/True preMse=0.483 energy=0.078/0.083 fresh=False phase=-0.012 anchor=0.395@-0.006 phi=0.006
frame@189168: gain=0.226 ref=0.183 mse=0.253 tau=-0.119 omega=4.64E-004 bad=0 tapChange=0.0035 floor=0.0034 fading=True/True preMse=0.466 energy=0.100/0.083 fresh=False phase=-0.124 anchor=0.437@-0.098 phi=0.104
frame@189264: gain=0.292 ref=0.185 mse=0.172 tau=-0.100 omega=4.03E-004 bad=0 tapChange=0.0026 floor=0.0026 fading=True/True preMse=0.318 energy=0.114/0.084 fresh=False phase=-0.127 anchor=0.557@-0.109 phi=0.116
frame@189360: gain=0.321 ref=0.191 mse=0.179 tau=-0.089 omega=4.89E-004 bad=0 tapChange=0.0030 floor=0.0028 fading=True/True preMse=0.330 energy=0.140/0.085 fresh=False phase=0.163 anchor=0.609@0.155 phi=-0.165
frame@189456: gain=0.375 ref=0.197 mse=0.128 tau=-0.080 omega=4.31E-004 bad=0 tapChange=0.0024 floor=0.0024 fading=True/True preMse=0.236 energy=0.156/0.088 fresh=False phase=-0.115 anchor=0.704@-0.104 phi=0.111
frame@189552: gain=0.384 ref=0.206 mse=0.153 tau=-0.079 omega=3.58E-004 bad=0 tapChange=0.0033 floor=0.0026 fading=True/True preMse=0.283 energy=0.162/0.091 fresh=False phase=-0.156 anchor=0.717@-0.132 phi=0.141
frame@189648: gain=0.426 ref=0.215 mse=0.097 tau=-0.081 omega=3.57E-004 bad=0 tapChange=0.0018 floor=0.0018 fading=True/True preMse=0.178 energy=0.182/0.095 fresh=False phase=-0.009 anchor=0.787@-0.002 phi=0.001
frame@189744: gain=0.452 ref=0.225 mse=0.071 tau=-0.082 omega=2.81E-004 bad=0 tapChange=0.0013 floor=0.0013 fading=True/True preMse=0.131 energy=0.189/0.099 fresh=False phase=-0.154 anchor=0.839@-0.137 phi=0.148
frame@189840: gain=0.452 ref=0.237 mse=0.056 tau=-0.078 omega=2.64E-004 bad=0 tapChange=0.0011 floor=0.0011 fading=True/True preMse=0.104 energy=0.188/0.104 fresh=False phase=-0.037 anchor=0.842@-0.030 phi=0.032
frame@189936: gain=0.477 ref=0.248 mse=0.095 tau=-0.075 omega=2.00E-004 bad=0 tapChange=0.0019 floor=0.0013 fading=False/True preMse=0.175 energy=0.206/0.108 fresh=False phase=-0.132 anchor=0.876@-0.114 phi=0.123
frame@190032: gain=0.473 ref=0.259 mse=0.085 tau=-0.073 omega=2.53E-004 bad=0 tapChange=0.0015 floor=0.0015 fading=False/True preMse=0.157 energy=0.223/0.113 fresh=False phase=0.104 anchor=0.873@0.096 phi=-0.103
frame@190128: gain=0.425 ref=0.270 mse=0.096 tau=-0.084 omega=1.90E-004 bad=0 tapChange=0.0020 floor=0.0016 fading=False/True preMse=0.177 energy=0.170/0.118 fresh=False phase=-0.129 anchor=0.794@-0.114 phi=0.122
frame@190224: gain=0.444 ref=0.278 mse=0.076 tau=-0.078 omega=1.24E-004 bad=0 tapChange=0.0015 floor=0.0015 fading=False/True preMse=0.139 energy=0.172/0.121 fresh=False phase=-0.136 anchor=0.828@-0.118 phi=0.126
frame@190320: gain=0.460 ref=0.286 mse=0.072 tau=-0.077 omega=1.52E-004 bad=0 tapChange=0.0016 floor=0.0016 fading=False/True preMse=0.133 energy=0.178/0.124 fresh=False phase=0.053 anchor=0.859@0.049 phi=-0.054
frame@190416: gain=0.458 ref=0.295 mse=0.067 tau=-0.082 omega=1.55E-004 bad=0 tapChange=0.0013 floor=0.0013 fading=False/True preMse=0.124 energy=0.180/0.126 fresh=False phase=-0.000 anchor=0.848@0.005 phi=-0.005
frame@190512: gain=0.405 ref=0.303 mse=0.118 tau=-0.089 omega=2.32E-004 bad=0 tapChange=0.0017 floor=0.0015 fading=False/True preMse=0.218 energy=0.134/0.129 fresh=False phase=0.148 anchor=0.758@0.138 phi=-0.147
frame@190608: gain=0.400 ref=0.308 mse=0.113 tau=-0.090 omega=1.14E-004 bad=0 tapChange=0.0017 floor=0.0017 fading=False/True preMse=0.209 energy=0.117/0.129 fresh=False phase=-0.233 anchor=0.748@-0.211 phi=0.226
frame@190704: gain=0.402 ref=0.312 mse=0.078 tau=-0.088 omega=2.18E-004 bad=0 tapChange=0.0009 floor=0.0009 fading=False/True preMse=0.143 energy=0.126/0.129 fresh=False phase=0.207 anchor=0.755@0.188 phi=-0.200
frame@190800: gain=0.399 ref=0.317 mse=0.108 tau=-0.084 omega=1.89E-004 bad=0 tapChange=0.0018 floor=0.0011 fading=False/True preMse=0.200 energy=0.119/0.128 fresh=False phase=-0.059 anchor=0.745@-0.053 phi=0.057
frame@190896: gain=0.360 ref=0.321 mse=0.157 tau=-0.078 omega=2.79E-004 bad=0 tapChange=0.0024 floor=0.0012 fading=False/True preMse=0.289 energy=0.097/0.128 fresh=False phase=0.183 anchor=0.673@0.164 phi=-0.174
frame@190992: gain=0.303 ref=0.323 mse=0.173 tau=-0.081 omega=2.48E-004 bad=0 tapChange=0.0019 floor=0.0014 fading=False/True preMse=0.319 energy=0.074/0.126 fresh=False phase=-0.057 anchor=0.570@-0.057 phi=0.060
frame@191088: gain=0.303 ref=0.322 mse=0.199 tau=-0.091 omega=3.50E-004 bad=0 tapChange=0.0020 floor=0.0016 fading=False/True preMse=0.368 energy=0.071/0.124 fresh=False phase=0.208 anchor=0.569@0.186 phi=-0.195
frame@191184: gain=0.324 ref=0.321 mse=0.202 tau=-0.105 omega=2.58E-004 bad=0 tapChange=0.0025 floor=0.0017 fading=False/True preMse=0.373 energy=0.083/0.121 fresh=False phase=-0.176 anchor=0.604@-0.166 phi=0.175
frame@191280: gain=0.262 ref=0.321 mse=0.213 tau=-0.104 omega=3.67E-004 bad=0 tapChange=0.0019 floor=0.0019 fading=False/True preMse=0.393 energy=0.059/0.119 fresh=False phase=0.217 anchor=0.496@0.199 phi=-0.208
frame@191376: gain=0.237 ref=0.318 mse=0.252 tau=-0.095 omega=3.93E-004 bad=0 tapChange=0.0025 floor=0.0021 fading=False/True preMse=0.466 energy=0.062/0.116 fresh=False phase=0.060 anchor=0.453@0.049 phi=-0.051
frame@191472: gain=0.265 ref=0.314 mse=0.216 tau=-0.090 omega=3.59E-004 bad=0 tapChange=0.0022 floor=0.0022 fading=False/True preMse=0.399 energy=0.065/0.114 fresh=False phase=-0.059 anchor=0.501@-0.062 phi=0.065
frame@191568: gain=0.236 ref=0.312 mse=0.241 tau=-0.089 omega=4.16E-004 bad=0 tapChange=0.0021 floor=0.0021 fading=False/True preMse=0.444 energy=0.058/0.111 fresh=False phase=0.114 anchor=0.449@0.105 phi=-0.109
frame@191664: gain=0.248 ref=0.308 mse=0.250 tau=-0.083 omega=4.68E-004 bad=0 tapChange=0.0025 floor=0.0023 fading=False/True preMse=0.462 energy=0.058/0.108 fresh=False phase=0.110 anchor=0.466@0.097 phi=-0.101
frame@191760: gain=0.265 ref=0.305 mse=0.225 tau=-0.088 omega=3.58E-004 bad=0 tapChange=0.0019 floor=0.0019 fading=False/True preMse=0.415 energy=0.077/0.106 fresh=False phase=-0.221 anchor=0.499@-0.204 phi=0.212
frame@191856: gain=0.264 ref=0.303 mse=0.273 tau=-0.079 omega=4.85E-004 bad=0 tapChange=0.0027 floor=0.0021 fading=False/True preMse=0.504 energy=0.095/0.104 fresh=False phase=0.253 anchor=0.501@0.235 phi=-0.244
frame@191952: gain=0.260 ref=0.301 mse=0.222 tau=-0.076 omega=5.14E-004 bad=0 tapChange=0.0022 floor=0.0022 fading=False/True preMse=0.410 energy=0.077/0.104 fresh=False phase=0.044 anchor=0.497@0.053 phi=-0.055
frame@192048: gain=0.233 ref=0.299 mse=0.284 tau=-0.078 omega=4.28E-004 bad=0 tapChange=0.0024 floor=0.0024 fading=False/True preMse=0.525 energy=0.086/0.103 fresh=False phase=-0.181 anchor=0.443@-0.159 phi=0.164
frame@192144: gain=0.286 ref=0.296 mse=0.186 tau=-0.084 omega=4.04E-004 bad=0 tapChange=0.0017 floor=0.0017 fading=False/True preMse=0.343 energy=0.099/0.102 fresh=False phase=-0.057 anchor=0.545@-0.044 phi=0.046
frame@192240: gain=0.288 ref=0.295 mse=0.223 tau=-0.069 omega=4.68E-004 bad=0 tapChange=0.0025 floor=0.0019 fading=False/True preMse=0.412 energy=0.110/0.102 fresh=False phase=0.118 anchor=0.550@0.118 phi=-0.123
frame@192336: gain=0.229 ref=0.295 mse=0.266 tau=-0.070 omega=3.30E-004 bad=0 tapChange=0.0019 floor=0.0019 fading=False/True preMse=0.492 energy=0.082/0.102 fresh=False phase=-0.286 anchor=0.439@-0.258 phi=0.266
frame@192432: gain=0.243 ref=0.291 mse=0.234 tau=-0.057 omega=3.83E-004 bad=0 tapChange=0.0018 floor=0.0018 fading=False/True preMse=0.433 energy=0.075/0.101 fresh=False phase=0.100 anchor=0.466@0.099 phi=-0.102
frame@192528: gain=0.208 ref=0.289 mse=0.275 tau=-0.048 omega=3.58E-004 bad=0 tapChange=0.0020 floor=0.0020 fading=False/True preMse=0.508 energy=0.069/0.100 fresh=False phase=-0.061 anchor=0.406@-0.046 phi=0.048
frame@192624: gain=0.217 ref=0.285 mse=0.370 tau=-0.035 omega=8.35E-005 bad=0 tapChange=0.0027 floor=0.0022 fading=False/True preMse=0.684 energy=0.065/0.098 fresh=False phase=-0.556 anchor=0.410@-0.514 phi=0.528
frame@192720: gain=0.175 ref=0.282 mse=0.430 tau=-0.064 omega=3.61E-004 bad=0 tapChange=0.0035 floor=0.0024 fading=False/True preMse=0.794 energy=0.043/0.097 fresh=False phase=0.579 anchor=0.335@0.521 phi=-0.533
frame@192816: gain=0.171 ref=0.276 mse=0.344 tau=-0.038 omega=5.56E-004 bad=0 tapChange=0.0017 floor=0.0017 fading=False/True preMse=0.636 energy=0.035/0.094 fresh=False phase=0.384 anchor=0.326@0.367 phi=-0.375
frame@192912: gain=0.140 ref=0.271 mse=0.382 tau=-0.008 omega=4.83E-004 bad=0 tapChange=0.0017 floor=0.0017 fading=False/True preMse=0.705 energy=0.036/0.091 fresh=False phase=-0.149 anchor=0.267@-0.138 phi=0.140
frame@193008: gain=0.136 ref=0.264 mse=0.400 tau=0.022 omega=7.37E-004 bad=0 tapChange=0.0018 floor=0.0018 fading=False/True preMse=0.739 energy=0.026/0.088 fresh=False phase=0.532 anchor=0.262@0.478 phi=-0.486
frame@193104: gain=0.153 ref=0.258 mse=0.418 tau=0.006 omega=9.10E-004 bad=0 tapChange=0.0024 floor=0.0020 fading=False/True preMse=0.771 energy=0.037/0.085 fresh=False phase=0.345 anchor=0.289@0.328 phi=-0.333
frame@193200: gain=0.146 ref=0.253 mse=0.383 tau=0.036 omega=9.04E-004 bad=0 tapChange=0.0023 floor=0.0022 fading=False/True preMse=0.708 energy=0.035/0.083 fresh=False phase=-0.022 anchor=0.282@-0.011 phi=0.012
frame@193296: gain=0.180 ref=0.247 mse=0.347 tau=0.061 omega=8.24E-004 bad=0 tapChange=0.0022 floor=0.0022 fading=False/True preMse=0.641 energy=0.060/0.080 fresh=False phase=-0.174 anchor=0.346@-0.150 phi=0.154
frame@193392: gain=0.239 ref=0.244 mse=0.298 tau=0.069 omega=9.28E-004 bad=0 tapChange=0.0024 floor=0.0024 fading=False/True preMse=0.550 energy=0.054/0.079 fresh=False phase=0.216 anchor=0.450@0.195 phi=-0.200
frame@193488: gain=0.336 ref=0.244 mse=0.224 tau=0.058 omega=9.22E-004 bad=0 tapChange=0.0029 floor=0.0026 fading=False/True preMse=0.414 energy=0.095/0.078 fresh=False phase=-0.005 anchor=0.629@-0.011 phi=0.012
frame@193584: gain=0.387 ref=0.248 mse=0.226 tau=0.028 omega=8.10E-004 bad=0 tapChange=0.0028 floor=0.0028 fading=False/True preMse=0.417 energy=0.111/0.079 fresh=False phase=-0.228 anchor=0.718@-0.208 phi=0.216
frame@193680: gain=0.424 ref=0.255 mse=0.185 tau=0.020 omega=7.49E-004 bad=0 tapChange=0.0027 floor=0.0027 fading=False/True preMse=0.342 energy=0.151/0.081 fresh=False phase=-0.135 anchor=0.780@-0.112 phi=0.117
frame@193776: gain=0.488 ref=0.264 mse=0.145 tau=0.016 omega=7.15E-004 bad=0 tapChange=0.0022 floor=0.0022 fading=False/True preMse=0.267 energy=0.180/0.084 fresh=False phase=-0.074 anchor=0.890@-0.063 phi=0.065
frame@193872: gain=0.508 ref=0.275 mse=0.115 tau=0.011 omega=7.16E-004 bad=0 tapChange=0.0018 floor=0.0018 fading=False/True preMse=0.213 energy=0.182/0.089 fresh=False phase=0.001 anchor=0.935@0.002 phi=-0.002
frame@193968: gain=0.448 ref=0.287 mse=0.140 tau=-0.019 omega=7.34E-004 bad=0 tapChange=0.0020 floor=0.0020 fading=False/True preMse=0.258 energy=0.206/0.094 fresh=False phase=0.034 anchor=0.838@0.033 phi=-0.034
frame@194064: gain=0.516 ref=0.295 mse=0.128 tau=0.011 omega=6.88E-004 bad=0 tapChange=0.0018 floor=0.0018 fading=False/True preMse=0.237 energy=0.269/0.099 fresh=False phase=-0.092 anchor=0.947@-0.085 phi=0.089
frame@194160: gain=0.474 ref=0.306 mse=0.095 tau=0.027 omega=6.56E-004 bad=0 tapChange=0.0013 floor=0.0013 fading=False/True preMse=0.175 energy=0.200/0.108 fresh=False phase=-0.067 anchor=0.883@-0.058 phi=0.061
frame@194256: gain=0.471 ref=0.314 mse=0.106 tau=0.057 omega=5.96E-004 bad=0 tapChange=0.0015 floor=0.0014 fading=False/True preMse=0.195 energy=0.192/0.112 fresh=False phase=-0.130 anchor=0.874@-0.111 phi=0.116
frame@194352: gain=0.476 ref=0.322 mse=0.107 tau=0.063 omega=5.81E-004 bad=0 tapChange=0.0015 floor=0.0015 fading=False/True preMse=0.198 energy=0.180/0.116 fresh=False phase=-0.033 anchor=0.883@-0.027 phi=0.028
frame@194448: gain=0.436 ref=0.330 mse=0.079 tau=0.055 omega=5.64E-004 bad=0 tapChange=0.0010 floor=0.0010 fading=False/True preMse=0.145 energy=0.148/0.119 fresh=False phase=-0.036 anchor=0.817@-0.031 phi=0.032
frame@194544: gain=0.433 ref=0.335 mse=0.094 tau=0.032 omega=5.34E-004 bad=0 tapChange=0.0012 floor=0.0012 fading=False/True preMse=0.173 energy=0.171/0.121 fresh=False phase=-0.065 anchor=0.809@-0.056 phi=0.058
frame@194640: gain=0.418 ref=0.340 mse=0.193 tau=0.011 omega=4.28E-004 bad=0 tapChange=0.0026 floor=0.0013 fading=False/True preMse=0.356 energy=0.136/0.123 fresh=False phase=-0.218 anchor=0.781@-0.194 phi=0.203
frame@194736: gain=0.409 ref=0.344 mse=0.116 tau=0.011 omega=3.50E-004 bad=0 tapChange=0.0013 floor=0.0013 fading=False/True preMse=0.214 energy=0.142/0.124 fresh=False phase=-0.157 anchor=0.765@-0.145 phi=0.151
frame@194832: gain=0.385 ref=0.347 mse=0.141 tau=-0.008 omega=3.35E-004 bad=0 tapChange=0.0015 floor=0.0014 fading=False/True preMse=0.260 energy=0.123/0.125 fresh=False phase=-0.023 anchor=0.717@-0.028 phi=0.029
frame@194928: gain=0.384 ref=0.349 mse=0.155 tau=-0.028 omega=3.05E-004 bad=0 tapChange=0.0016 floor=0.0016 fading=False/True preMse=0.285 energy=0.119/0.125 fresh=False phase=-0.053 anchor=0.724@-0.055 phi=0.057
frame@195024: gain=0.330 ref=0.351 mse=0.257 tau=-0.040 omega=2.91E-004 bad=0 tapChange=0.0033 floor=0.0018 fading=False/True preMse=0.474 energy=0.110/0.125 fresh=False phase=-0.009 anchor=0.632@-0.026 phi=0.027
frame@195120: gain=0.291 ref=0.350 mse=0.238 tau=-0.047 omega=1.95E-004 bad=0 tapChange=0.0020 floor=0.0020 fading=False/True preMse=0.440 energy=0.106/0.124 fresh=False phase=-0.183 anchor=0.549@-0.179 phi=0.185
frame@195216: gain=0.262 ref=0.347 mse=0.310 tau=-0.061 omega=5.29E-005 bad=0 tapChange=0.0025 floor=0.0022 fading=False/True preMse=0.573 energy=0.092/0.123 fresh=False phase=-0.282 anchor=0.500@-0.264 phi=0.272
frame@195312: gain=0.255 ref=0.343 mse=0.331 tau=-0.063 omega=6.62E-006 bad=0 tapChange=0.0033 floor=0.0024 fading=False/True preMse=0.611 energy=0.117/0.121 fresh=False phase=-0.078 anchor=0.488@-0.087 phi=0.089
frame@195408: gain=0.199 ref=0.338 mse=0.390 tau=-0.076 omega=-4.36E-005 bad=0 tapChange=0.0035 floor=0.0026 fading=False/True preMse=0.720 energy=0.093/0.121 fresh=False phase=-0.084 anchor=0.395@-0.094 phi=0.096
frame@195504: gain=0.240 ref=0.331 mse=0.402 tau=-0.087 omega=-2.66E-004 bad=0 tapChange=0.0039 floor=0.0028 fading=False/True preMse=0.742 energy=0.095/0.120 fresh=False phase=-0.470 anchor=0.459@-0.417 phi=0.428
frame@195600: gain=0.236 ref=0.327 mse=0.421 tau=-0.084 omega=-3.78E-004 bad=0 tapChange=0.0050 floor=0.0031 fading=False/True preMse=0.777 energy=0.106/0.118 fresh=False phase=-0.207 anchor=0.455@-0.209 phi=0.214
frame@195696: gain=0.236 ref=0.322 mse=0.350 tau=-0.096 omega=-4.06E-004 bad=0 tapChange=0.0040 floor=0.0033 fading=False/True preMse=0.647 energy=0.104/0.118 fresh=False phase=-0.055 anchor=0.460@-0.052 phi=0.054
frame@195792: gain=0.241 ref=0.318 mse=0.331 tau=-0.100 omega=-3.40E-004 bad=0 tapChange=0.0037 floor=0.0036 fading=False/True preMse=0.612 energy=0.105/0.117 fresh=False phase=0.147 anchor=0.473@0.124 phi=-0.127
frame@195888: gain=0.246 ref=0.314 mse=0.354 tau=-0.109 omega=-4.57E-004 bad=0 tapChange=0.0037 floor=0.0037 fading=False/True preMse=0.654 energy=0.098/0.117 fresh=False phase=-0.253 anchor=0.478@-0.220 phi=0.226
frame@195984: gain=0.263 ref=0.311 mse=0.262 tau=-0.108 omega=-4.64E-004 bad=0 tapChange=0.0023 floor=0.0023 fading=False/True preMse=0.484 energy=0.098/0.116 fresh=False phase=-0.010 anchor=0.498@-0.013 phi=0.013
frame@196080: gain=0.333 ref=0.308 mse=0.214 tau=-0.102 omega=-5.00E-004 bad=0 tapChange=0.0024 floor=0.0024 fading=False/True preMse=0.396 energy=0.099/0.115 fresh=False phase=-0.077 anchor=0.625@-0.066 phi=0.068
frame@196176: gain=0.319 ref=0.309 mse=0.273 tau=-0.097 omega=-4.41E-004 bad=0 tapChange=0.0033 floor=0.0026 fading=False/True preMse=0.503 energy=0.111/0.114 fresh=False phase=0.116 anchor=0.600@0.108 phi=-0.112
frame@196272: gain=0.343 ref=0.310 mse=0.209 tau=-0.092 omega=-3.33E-004 bad=0 tapChange=0.0022 floor=0.0022 fading=False/True preMse=0.386 energy=0.117/0.114 fresh=False phase=0.219 anchor=0.640@0.200 phi=-0.207
frame@196368: gain=0.395 ref=0.312 mse=0.174 tau=-0.092 omega=-4.32E-004 bad=0 tapChange=0.0022 floor=0.0022 fading=False/True preMse=0.321 energy=0.106/0.114 fresh=False phase=-0.191 anchor=0.735@-0.182 phi=0.190
frame@196464: gain=0.315 ref=0.316 mse=0.231 tau=-0.104 omega=-3.34E-004 bad=0 tapChange=0.0021 floor=0.0021 fading=False/True preMse=0.426 energy=0.101/0.114 fresh=False phase=0.195 anchor=0.593@0.182 phi=-0.188
frame@196560: gain=0.305 ref=0.316 mse=0.193 tau=-0.098 omega=-3.38E-004 bad=0 tapChange=0.0018 floor=0.0018 fading=False/True preMse=0.356 energy=0.060/0.113 fresh=False phase=0.004 anchor=0.571@-0.006 phi=0.006
frame@196656: gain=0.363 ref=0.315 mse=0.194 tau=-0.100 omega=-2.75E-004 bad=0 tapChange=0.0023 floor=0.0020 fading=False/True preMse=0.359 energy=0.082/0.110 fresh=False phase=0.119 anchor=0.671@0.116 phi=-0.120
frame@196752: gain=0.305 ref=0.318 mse=0.176 tau=-0.088 omega=-2.41E-004 bad=0 tapChange=0.0015 floor=0.0015 fading=False/True preMse=0.325 energy=0.046/0.109 fresh=False phase=0.072 anchor=0.575@0.063 phi=-0.065
frame@196848: gain=0.317 ref=0.317 mse=0.239 tau=-0.091 omega=-7.07E-005 bad=0 tapChange=0.0020 floor=0.0016 fading=False/True preMse=0.442 energy=0.055/0.106 fresh=False phase=0.344 anchor=0.587@0.317 phi=-0.328
frame@196944: gain=0.306 ref=0.317 mse=0.232 tau=-0.099 omega=-5.89E-005 bad=0 tapChange=0.0021 floor=0.0018 fading=False/True preMse=0.429 energy=0.045/0.103 fresh=False phase=0.025 anchor=0.569@0.022 phi=-0.023
frame@197040: gain=0.285 ref=0.316 mse=0.223 tau=-0.099 omega=-1.47E-004 bad=0 tapChange=0.0017 floor=0.0017 fading=False/True preMse=0.411 energy=0.044/0.100 fresh=False phase=-0.164 anchor=0.533@-0.164 phi=0.170
frame@197136: gain=0.283 ref=0.315 mse=0.298 tau=-0.107 omega=-7.34E-005 bad=0 tapChange=0.0029 floor=0.0019 fading=False/True preMse=0.550 energy=0.055/0.097 fresh=False phase=0.139 anchor=0.530@0.137 phi=-0.142
frame@197232: gain=0.236 ref=0.313 mse=0.323 tau=-0.094 omega=1.33E-004 bad=0 tapChange=0.0021 floor=0.0021 fading=False/True preMse=0.596 energy=0.042/0.095 fresh=False phase=0.417 anchor=0.444@0.388 phi=-0.397
frame@197328: gain=0.270 ref=0.309 mse=0.305 tau=-0.082 omega=6.67E-005 bad=0 tapChange=0.0029 floor=0.0023 fading=False/True preMse=0.563 energy=0.058/0.093 fresh=False phase=-0.145 anchor=0.506@-0.124 phi=0.128
frame@197424: gain=0.272 ref=0.307 mse=0.333 tau=-0.074 omega=-3.25E-005 bad=0 tapChange=0.0032 floor=0.0025 fading=False/True preMse=0.615 energy=0.068/0.091 fresh=False phase=-0.191 anchor=0.502@-0.185 phi=0.190
frame@197520: gain=0.265 ref=0.306 mse=0.294 tau=-0.078 omega=8.34E-005 bad=0 tapChange=0.0023 floor=0.0023 fading=False/True preMse=0.543 energy=0.080/0.090 fresh=False phase=0.229 anchor=0.498@0.217 phi=-0.222
frame@197616: gain=0.317 ref=0.304 mse=0.273 tau=-0.096 omega=3.24E-005 bad=0 tapChange=0.0028 floor=0.0025 fading=False/True preMse=0.504 energy=0.106/0.089 fresh=False phase=-0.107 anchor=0.596@-0.095 phi=0.098
frame@197712: gain=0.263 ref=0.304 mse=0.273 tau=-0.083 omega=1.11E-004 bad=0 tapChange=0.0022 floor=0.0022 fading=False/True preMse=0.503 energy=0.106/0.090 fresh=False phase=0.161 anchor=0.495@0.147 phi=-0.151
frame@197808: gain=0.249 ref=0.302 mse=0.279 tau=-0.097 omega=9.96E-005 bad=0 tapChange=0.0024 floor=0.0024 fading=False/True preMse=0.515 energy=0.104/0.091 fresh=False phase=-0.037 anchor=0.485@-0.021 phi=0.022
frame@197904: gain=0.295 ref=0.300 mse=0.267 tau=-0.094 omega=1.49E-004 bad=0 tapChange=0.0024 floor=0.0024 fading=False/True preMse=0.492 energy=0.142/0.092 fresh=False phase=0.101 anchor=0.559@0.092 phi=-0.094
frame@198000: gain=0.267 ref=0.299 mse=0.299 tau=-0.105 omega=3.62E-005 bad=0 tapChange=0.0022 floor=0.0022 fading=False/True preMse=0.552 energy=0.121/0.094 fresh=False phase=-0.227 anchor=0.505@-0.210 phi=0.216
frame@198096: gain=0.181 ref=0.298 mse=0.376 tau=-0.105 omega=7.77E-005 bad=0 tapChange=0.0025 floor=0.0024 fading=False/True preMse=0.693 energy=0.130/0.095 fresh=False phase=0.085 anchor=0.360@0.078 phi=-0.080
frame@198192: gain=0.271 ref=0.292 mse=0.310 tau=-0.108 omega=8.81E-005 bad=0 tapChange=0.0024 floor=0.0024 fading=False/True preMse=0.572 energy=0.165/0.097 fresh=False phase=0.022 anchor=0.518@0.020 phi=-0.020
frame@198288: gain=0.277 ref=0.291 mse=0.235 tau=-0.119 omega=1.46E-004 bad=0 tapChange=0.0018 floor=0.0018 fading=False/True preMse=0.433 energy=0.146/0.101 fresh=False phase=0.120 anchor=0.531@0.109 phi=-0.112
frame@198384: gain=0.234 ref=0.290 mse=0.324 tau=-0.118 omega=1.58E-004 bad=0 tapChange=0.0025 floor=0.0020 fading=False/True preMse=0.599 energy=0.146/0.103 fresh=False phase=0.050 anchor=0.458@0.021 phi=-0.022
frame@198480: gain=0.250 ref=0.287 mse=0.298 tau=-0.125 omega=9.38E-005 bad=0 tapChange=0.0026 floor=0.0022 fading=False/True preMse=0.551 energy=0.130/0.105 fresh=False phase=-0.123 anchor=0.490@-0.120 phi=0.123
frame@198576: gain=0.256 ref=0.285 mse=0.322 tau=-0.123 omega=6.00E-007 bad=0 tapChange=0.0027 floor=0.0024 fading=False/True preMse=0.595 energy=0.150/0.106 fresh=False phase=-0.174 anchor=0.498@-0.175 phi=0.179
frame@198672: gain=0.279 ref=0.284 mse=0.293 tau=-0.124 omega=1.33E-004 bad=0 tapChange=0.0024 floor=0.0024 fading=False/True preMse=0.541 energy=0.136/0.108 fresh=False phase=0.287 anchor=0.533@0.247 phi=-0.254
frame@198768: gain=0.219 ref=0.284 mse=0.287 tau=-0.124 omega=6.11E-005 bad=0 tapChange=0.0016 floor=0.0016 fading=False/True preMse=0.529 energy=0.115/0.110 fresh=False phase=-0.143 anchor=0.430@-0.134 phi=0.137
frame@198864: gain=0.207 ref=0.280 mse=0.375 tau=-0.121 omega=1.73E-004 bad=0 tapChange=0.0030 floor=0.0017 fading=False/True preMse=0.692 energy=0.126/0.110 fresh=False phase=0.258 anchor=0.412@0.210 phi=-0.215
frame@198960: gain=0.252 ref=0.277 mse=0.277 tau=-0.125 omega=2.06E-004 bad=0 tapChange=0.0020 floor=0.0019 fading=False/True preMse=0.512 energy=0.118/0.111 fresh=False phase=0.083 anchor=0.491@0.062 phi=-0.063
frame@199056: gain=0.216 ref=0.276 mse=0.363 tau=-0.126 omega=3.83E-005 bad=0 tapChange=0.0025 floor=0.0021 fading=False/True preMse=0.671 energy=0.115/0.111 fresh=False phase=-0.347 anchor=0.414@-0.315 phi=0.322
frame@199152: gain=0.213 ref=0.273 mse=0.321 tau=-0.125 omega=-3.44E-005 bad=0 tapChange=0.0024 floor=0.0023 fading=False/True preMse=0.592 energy=0.096/0.111 fresh=False phase=-0.149 anchor=0.416@-0.137 phi=0.140
frame@199248: gain=0.208 ref=0.270 mse=0.317 tau=-0.124 omega=3.43E-006 bad=0 tapChange=0.0022 floor=0.0022 fading=False/True preMse=0.585 energy=0.100/0.111 fresh=False phase=0.085 anchor=0.409@0.071 phi=-0.073
frame@199344: gain=0.282 ref=0.267 mse=0.260 tau=-0.131 omega=7.14E-005 bad=0 tapChange=0.0024 floor=0.0024 fading=False/True preMse=0.480 energy=0.089/0.110 fresh=False phase=0.145 anchor=0.542@0.127 phi=-0.131
frame@199440: gain=0.199 ref=0.267 mse=0.385 tau=-0.126 omega=-1.74E-004 bad=0 tapChange=0.0024 floor=0.0024 fading=False/True preMse=0.710 energy=0.076/0.109 fresh=False phase=-0.508 anchor=0.384@-0.463 phi=0.471
frame@199536: gain=0.165 ref=0.264 mse=0.419 tau=-0.129 omega=-2.88E-004 bad=0 tapChange=0.0028 floor=0.0026 fading=False/True preMse=0.773 energy=0.067/0.107 fresh=False phase=-0.243 anchor=0.324@-0.215 phi=0.219
frame@199632: gain=0.182 ref=0.259 mse=0.376 tau=-0.120 omega=-3.96E-004 bad=0 tapChange=0.0025 floor=0.0025 fading=False/True preMse=0.695 energy=0.077/0.105 fresh=False phase=-0.229 anchor=0.359@-0.205 phi=0.208
frame@199728: gain=0.175 ref=0.255 mse=0.438 tau=-0.130 omega=-1.13E-004 bad=0 tapChange=0.0028 floor=0.0028 fading=False/True preMse=0.808 energy=0.052/0.104 fresh=False phase=0.600 anchor=0.340@0.535 phi=-0.544
frame@199824: gain=0.098 ref=0.251 mse=0.531 tau=-0.133 omega=-1.15E-004 bad=0 tapChange=0.0031 floor=0.0030 fading=False/True preMse=0.979 energy=0.046/0.101 fresh=False phase=-0.029 anchor=0.196@-0.004 phi=0.004
frame@199920: gain=0.149 ref=0.251 mse=0.478 tau=-0.120 omega=-4.11E-004 bad=1 tapChange=0.0027 floor=0.0027 fading=False/True preMse=0.882 energy=0.053/0.101 fresh=False phase=-0.615 anchor=0.289@-0.560 phi=0.568
frame@200016: gain=0.085 ref=0.246 mse=0.483 tau=-0.113 omega=-3.09E-004 bad=0 tapChange=0.0017 floor=0.0017 fading=False/True preMse=0.891 energy=0.028/0.099 fresh=False phase=0.223 anchor=0.165@0.194 phi=-0.196
frame@200112: gain=0.126 ref=0.246 mse=0.437 tau=-0.107 omega=-5.40E-004 bad=1 tapChange=0.0016 floor=0.0016 fading=False/True preMse=0.807 energy=0.045/0.099 fresh=False phase=-0.477 anchor=0.241@-0.439 phi=0.445
frame@200208: gain=0.111 ref=0.240 mse=0.435 tau=-0.090 omega=-5.16E-004 bad=0 tapChange=0.0016 floor=0.0016 fading=False/True preMse=0.803 energy=0.027/0.096 fresh=False phase=0.070 anchor=0.214@0.046 phi=-0.047
frame@200304: gain=0.107 ref=0.234 mse=0.573 tau=-0.103 omega=-9.87E-004 bad=0 tapChange=0.0026 floor=0.0017 fading=False/True preMse=1.058 energy=0.028/0.093 fresh=False phase=-0.966 anchor=0.197@-0.896 phi=0.904
frame@200400: gain=0.149 ref=0.227 mse=0.462 tau=-0.110 omega=-7.74E-004 bad=0 tapChange=0.0028 floor=0.0019 fading=False/True preMse=0.854 energy=0.037/0.089 fresh=False phase=0.449 anchor=0.287@0.402 phi=-0.408
frame@200496: gain=0.163 ref=0.223 mse=0.443 tau=-0.132 omega=-9.32E-004 bad=0 tapChange=0.0026 floor=0.0021 fading=False/True preMse=0.818 energy=0.024/0.087 fresh=False phase=-0.300 anchor=0.303@-0.299 phi=0.304
frame@200592: gain=0.156 ref=0.220 mse=0.355 tau=-0.118 omega=-8.35E-004 bad=0 tapChange=0.0015 floor=0.0015 fading=False/True preMse=0.656 energy=0.021/0.084 fresh=False phase=0.187 anchor=0.297@0.184 phi=-0.187
frame@200688: gain=0.143 ref=0.217 mse=0.438 tau=-0.088 omega=-6.77E-004 bad=0 tapChange=0.0021 floor=0.0016 fading=False/True preMse=0.808 energy=0.027/0.081 fresh=False phase=0.331 anchor=0.266@0.299 phi=-0.303
frame@200784: gain=0.189 ref=0.213 mse=0.374 tau=-0.072 omega=-8.68E-004 bad=0 tapChange=0.0021 floor=0.0018 fading=False/True preMse=0.690 energy=0.039/0.078 fresh=False phase=-0.383 anchor=0.357@-0.361 phi=0.367
frame@200880: gain=0.208 ref=0.212 mse=0.355 tau=-0.058 omega=-7.93E-004 bad=0 tapChange=0.0023 floor=0.0020 fading=False/True preMse=0.654 energy=0.036/0.076 fresh=False phase=0.148 anchor=0.389@0.141 phi=-0.144
frame@200976: gain=0.153 ref=0.212 mse=0.392 tau=-0.046 omega=-7.67E-004 bad=0 tapChange=0.0019 floor=0.0019 fading=False/True preMse=0.723 energy=0.033/0.074 fresh=False phase=0.067 anchor=0.290@0.051 phi=-0.052
frame@201072: gain=0.247 ref=0.209 mse=0.297 tau=-0.056 omega=-7.52E-004 bad=0 tapChange=0.0021 floor=0.0021 fading=False/True preMse=0.548 energy=0.052/0.072 fresh=False phase=0.034 anchor=0.465@0.026 phi=-0.027
frame@201168: gain=0.195 ref=0.211 mse=0.363 tau=-0.054 omega=-8.78E-004 bad=0 tapChange=0.0021 floor=0.0021 fading=False/True preMse=0.670 energy=0.030/0.071 fresh=False phase=-0.242 anchor=0.365@-0.237 phi=0.242
frame@201264: gain=0.150 ref=0.210 mse=0.385 tau=-0.084 omega=-8.71E-004 bad=0 tapChange=0.0017 floor=0.0017 fading=False/True preMse=0.710 energy=0.029/0.069 fresh=False phase=0.033 anchor=0.287@0.015 phi=-0.015
frame@201360: gain=0.132 ref=0.207 mse=0.428 tau=-0.065 omega=-9.14E-004 bad=0 tapChange=0.0019 floor=0.0019 fading=False/True preMse=0.791 energy=0.026/0.067 fresh=False phase=-0.086 anchor=0.251@-0.082 phi=0.083
frame@201456: gain=0.144 ref=0.203 mse=0.402 tau=-0.054 omega=-8.03E-004 bad=0 tapChange=0.0015 floor=0.0015 fading=False/True preMse=0.743 energy=0.022/0.065 fresh=False phase=0.212 anchor=0.267@0.210 phi=-0.212
frame@201552: gain=0.140 ref=0.200 mse=0.415 tau=-0.084 omega=-5.28E-004 bad=0 tapChange=0.0012 floor=0.0012 fading=False/True preMse=0.766 energy=0.025/0.063 fresh=False phase=0.535 anchor=0.263@0.521 phi=-0.527
frame@201648: gain=0.171 ref=0.197 mse=0.443 tau=-0.075 omega=-8.80E-004 bad=0 tapChange=0.0020 floor=0.0014 fading=False/True preMse=0.817 energy=0.030/0.061 fresh=False phase=-0.703 anchor=0.322@-0.665 phi=0.675
frame@201744: gain=0.103 ref=0.196 mse=0.461 tau=-0.077 omega=-8.04E-004 bad=0 tapChange=0.0017 floor=0.0016 fading=False/True preMse=0.852 energy=0.025/0.059 fresh=False phase=0.163 anchor=0.198@0.144 phi=-0.146
frame@201840: gain=0.135 ref=0.191 mse=0.409 tau=-0.080 omega=-5.95E-004 bad=0 tapChange=0.0014 floor=0.0014 fading=False/True preMse=0.755 energy=0.025/0.058 fresh=False phase=0.419 anchor=0.257@0.397 phi=-0.402
frame@201936: gain=0.129 ref=0.189 mse=0.439 tau=-0.104 omega=-6.90E-004 bad=0 tapChange=0.0020 floor=0.0016 fading=False/True preMse=0.810 energy=0.032/0.056 fresh=False phase=-0.165 anchor=0.250@-0.180 phi=0.182
frame@202032: gain=0.134 ref=0.186 mse=0.505 tau=-0.074 omega=-2.54E-004 bad=0 tapChange=0.0017 floor=0.0017 fading=False/True preMse=0.931 energy=0.024/0.055 fresh=False phase=0.876 anchor=0.253@0.827 phi=-0.836
frame@202128: gain=0.119 ref=0.183 mse=0.404 tau=-0.049 omega=-1.48E-004 bad=0 tapChange=0.0013 floor=0.0013 fading=False/True preMse=0.745 energy=0.024/0.053 fresh=False phase=0.206 anchor=0.227@0.202 phi=-0.204
frame@202224: gain=0.128 ref=0.180 mse=0.409 tau=-0.019 omega=-2.81E-004 bad=0 tapChange=0.0016 floor=0.0014 fading=False/True preMse=0.755 energy=0.025/0.052 fresh=False phase=-0.280 anchor=0.244@-0.252 phi=0.255
frame@202320: gain=0.180 ref=0.177 mse=0.358 tau=-0.024 omega=-1.38E-004 bad=0 tapChange=0.0016 floor=0.0016 fading=False/True preMse=0.661 energy=0.021/0.050 fresh=False phase=0.281 anchor=0.340@0.269 phi=-0.273
frame@202416: gain=0.223 ref=0.177 mse=0.321 tau=-0.010 omega=3.03E-005 bad=0 tapChange=0.0019 floor=0.0018 fading=False/True preMse=0.593 energy=0.032/0.049 fresh=False phase=0.322 anchor=0.424@0.317 phi=-0.324
frame@202512: gain=0.214 ref=0.180 mse=0.315 tau=-0.010 omega=1.62E-004 bad=0 tapChange=0.0015 floor=0.0015 fading=False/True preMse=0.581 energy=0.030/0.048 fresh=False phase=0.264 anchor=0.400@0.249 phi=-0.253
frame@202608: gain=0.227 ref=0.181 mse=0.341 tau=-0.020 omega=1.72E-004 bad=0 tapChange=0.0021 floor=0.0017 fading=False/True preMse=0.629 energy=0.044/0.047 fresh=False phase=0.022 anchor=0.427@0.019 phi=-0.019
frame@202704: gain=0.278 ref=0.184 mse=0.248 tau=-0.024 omega=1.00E-004 bad=0 tapChange=0.0017 floor=0.0017 fading=False/True preMse=0.457 energy=0.045/0.047 fresh=False phase=-0.149 anchor=0.514@-0.135 phi=0.139
frame@202800: gain=0.330 ref=0.188 mse=0.244 tau=-0.049 omega=2.10E-004 bad=0 tapChange=0.0020 floor=0.0019 fading=False/True preMse=0.451 energy=0.055/0.047 fresh=False phase=0.215 anchor=0.613@0.204 phi=-0.210
frame@202896: gain=0.327 ref=0.195 mse=0.212 tau=-0.052 omega=1.88E-004 bad=0 tapChange=0.0018 floor=0.0018 fading=False/True preMse=0.391 energy=0.043/0.047 fresh=False phase=-0.045 anchor=0.604@-0.041 phi=0.042
frame@202992: gain=0.257 ref=0.202 mse=0.252 tau=-0.066 omega=1.19E-004 bad=0 tapChange=0.0015 floor=0.0015 fading=False/True preMse=0.465 energy=0.040/0.047 fresh=False phase=-0.145 anchor=0.486@-0.130 phi=0.133
frame@203088: gain=0.291 ref=0.205 mse=0.238 tau=-0.057 omega=8.63E-005 bad=0 tapChange=0.0015 floor=0.0015 fading=False/True preMse=0.440 energy=0.051/0.047 fresh=False phase=-0.064 anchor=0.545@-0.061 phi=0.062
frame@203184: gain=0.207 ref=0.209 mse=0.317 tau=-0.069 omega=1.88E-004 bad=0 tapChange=0.0014 floor=0.0014 fading=False/True preMse=0.585 energy=0.043/0.047 fresh=False phase=0.188 anchor=0.392@0.193 phi=-0.196
frame@203280: gain=0.239 ref=0.209 mse=0.237 tau=-0.074 omega=1.82E-004 bad=0 tapChange=0.0012 floor=0.0012 fading=False/True preMse=0.437 energy=0.037/0.047 fresh=False phase=-0.012 anchor=0.455@-0.013 phi=0.013
frame@203376: gain=0.189 ref=0.210 mse=0.341 tau=-0.094 omega=3.05E-004 bad=0 tapChange=0.0015 floor=0.0014 fading=False/True preMse=0.630 energy=0.031/0.046 fresh=False phase=0.257 anchor=0.360@0.232 phi=-0.236
frame@203472: gain=0.261 ref=0.209 mse=0.357 tau=-0.083 omega=7.76E-005 bad=0 tapChange=0.0020 floor=0.0016 fading=False/True preMse=0.659 energy=0.033/0.046 fresh=False phase=-0.437 anchor=0.479@-0.427 phi=0.436
frame@203568: gain=0.220 ref=0.212 mse=0.381 tau=-0.053 omega=1.47E-004 bad=0 tapChange=0.0024 floor=0.0018 fading=False/True preMse=0.704 energy=0.034/0.045 fresh=False phase=0.140 anchor=0.408@0.131 phi=-0.134
frame@203664: gain=0.220 ref=0.212 mse=0.336 tau=-0.059 omega=2.80E-004 bad=0 tapChange=0.0017 floor=0.0017 fading=False/True preMse=0.621 energy=0.027/0.044 fresh=False phase=0.268 anchor=0.413@0.251 phi=-0.256
frame@203760: gain=0.190 ref=0.213 mse=0.417 tau=-0.057 omega=1.77E-005 bad=0 tapChange=0.0020 floor=0.0019 fading=False/True preMse=0.770 energy=0.037/0.044 fresh=False phase=-0.521 anchor=0.357@-0.497 phi=0.504
frame@203856: gain=0.091 ref=0.212 mse=0.528 tau=-0.082 omega=1.39E-004 bad=0 tapChange=0.0025 floor=0.0021 fading=False/True preMse=0.975 energy=0.045/0.043 fresh=False phase=0.273 anchor=0.182@0.230 phi=-0.232
frame@203952: gain=0.028 ref=0.212 mse=0.703 tau=-0.076 omega=1.39E-004 bad=1 tapChange=0.0000 floor=0.0021 fading=False/True preMse=1.297 energy=0.055/0.043 fresh=True phase=-0.615 anchor=0.029@0.000 phi=0.000
frame@204048: gain=0.014 ref=0.212 mse=0.516 tau=-0.101 omega=8.88E-005 bad=2 tapChange=1.1287 floor=0.0023 fading=False/True preMse=0.952 energy=0.064/0.043 fresh=False phase=-0.183 anchor=0.060@-0.074 phi=0.096
frame@204144: gain=0.032 ref=0.212 mse=0.482 tau=-0.100 omega=9.54E-005 bad=3 tapChange=0.2953 floor=0.0025 fading=True/True preMse=0.891 energy=0.071/0.043 fresh=False phase=0.032 anchor=0.093@0.020 phi=-0.013
frame@204240: gain=0.053 ref=0.212 mse=0.446 tau=-0.089 omega=1.34E-004 bad=4 tapChange=0.1472 floor=0.0028 fading=True/True preMse=0.823 energy=0.092/0.043 fresh=False phase=0.078 anchor=0.139@0.050 phi=-0.074
frame@204336: gain=0.066 ref=0.212 mse=0.426 tau=-0.090 omega=7.13E-005 bad=5 tapChange=0.0663 floor=0.0030 fading=True/True preMse=0.787 energy=0.091/0.043 fresh=False phase=-0.128 anchor=0.155@-0.092 phi=0.120
frame@204432: gain=0.091 ref=0.212 mse=0.385 tau=-0.084 omega=1.26E-005 bad=6 tapChange=0.0481 floor=0.0033 fading=True/True preMse=0.710 energy=0.103/0.043 fresh=False phase=-0.115 anchor=0.207@-0.088 phi=0.113
frame@204528: gain=0.119 ref=0.212 mse=0.348 tau=-0.077 omega=7.62E-005 bad=7 tapChange=0.0331 floor=0.0035 fading=True/True preMse=0.643 energy=0.116/0.043 fresh=False phase=0.127 anchor=0.258@0.097 phi=-0.122
frame@204624: gain=0.148 ref=0.207 mse=0.307 tau=-0.086 omega=1.44E-005 bad=0 tapChange=0.0257 floor=0.0038 fading=True/True preMse=0.566 energy=0.125/0.047 fresh=False phase=-0.122 anchor=0.314@-0.096 phi=0.119
frame@204720: gain=0.192 ref=0.204 mse=0.239 tau=-0.091 omega=-1.65E-006 bad=0 tapChange=0.0181 floor=0.0041 fading=True/True preMse=0.441 energy=0.169/0.051 fresh=False phase=-0.031 anchor=0.401@-0.025 phi=0.031
frame@204816: gain=0.206 ref=0.203 mse=0.237 tau=-0.093 omega=2.20E-005 bad=0 tapChange=0.0137 floor=0.0044 fading=True/True preMse=0.437 energy=0.169/0.057 fresh=False phase=0.054 anchor=0.419@0.038 phi=-0.045
frame@204912: gain=0.198 ref=0.204 mse=0.235 tau=-0.094 omega=-2.90E-005 bad=0 tapChange=0.0111 floor=0.0047 fading=True/True preMse=0.434 energy=0.160/0.062 fresh=False phase=-0.103 anchor=0.407@-0.085 phi=0.098
frame@205008: gain=0.253 ref=0.203 mse=0.185 tau=-0.094 omega=-2.56E-005 bad=0 tapChange=0.0084 floor=0.0050 fading=True/True preMse=0.342 energy=0.197/0.067 fresh=False phase=0.003 anchor=0.504@0.006 phi=-0.006
frame@205104: gain=0.249 ref=0.206 mse=0.189 tau=-0.104 omega=-2.09E-006 bad=0 tapChange=0.0074 floor=0.0054 fading=True/True preMse=0.349 energy=0.158/0.074 fresh=False phase=0.053 anchor=0.493@0.040 phi=-0.045
frame@205200: gain=0.256 ref=0.208 mse=0.173 tau=-0.102 omega=-7.69E-005 bad=0 tapChange=0.0051 floor=0.0051 fading=True/True preMse=0.319 energy=0.161/0.078 fresh=False phase=-0.149 anchor=0.504@-0.127 phi=0.144
frame@205296: gain=0.257 ref=0.210 mse=0.170 tau=-0.106 omega=-1.12E-004 bad=0 tapChange=0.0047 floor=0.0047 fading=True/True preMse=0.313 energy=0.136/0.082 fresh=False phase=-0.072 anchor=0.503@-0.061 phi=0.067
frame@205392: gain=0.254 ref=0.213 mse=0.174 tau=-0.108 omega=-7.77E-005 bad=0 tapChange=0.0040 floor=0.0040 fading=True/True preMse=0.322 energy=0.129/0.085 fresh=False phase=0.072 anchor=0.495@0.059 phi=-0.065
frame@205488: gain=0.274 ref=0.215 mse=0.159 tau=-0.107 omega=-6.98E-005 bad=0 tapChange=0.0037 floor=0.0037 fading=True/True preMse=0.293 energy=0.144/0.087 fresh=False phase=0.015 anchor=0.534@0.014 phi=-0.015
frame@205584: gain=0.266 ref=0.218 mse=0.183 tau=-0.110 omega=-1.29E-004 bad=0 tapChange=0.0039 floor=0.0039 fading=True/True preMse=0.337 energy=0.125/0.090 fresh=False phase=-0.112 anchor=0.510@-0.104 phi=0.113
frame@205680: gain=0.278 ref=0.220 mse=0.179 tau=-0.115 omega=-1.39E-004 bad=0 tapChange=0.0037 floor=0.0037 fading=True/True preMse=0.331 energy=0.116/0.092 fresh=False phase=-0.019 anchor=0.533@-0.018 phi=0.020
frame@205776: gain=0.262 ref=0.223 mse=0.233 tau=-0.112 omega=-2.62E-004 bad=0 tapChange=0.0043 floor=0.0039 fading=True/True preMse=0.430 energy=0.122/0.093 fresh=False phase=-0.237 anchor=0.501@-0.218 phi=0.235
frame@205872: gain=0.283 ref=0.225 mse=0.162 tau=-0.112 omega=-2.07E-004 bad=0 tapChange=0.0031 floor=0.0031 fading=True/True preMse=0.299 energy=0.120/0.094 fresh=False phase=0.107 anchor=0.546@0.096 phi=-0.105
frame@205968: gain=0.237 ref=0.228 mse=0.204 tau=-0.117 omega=-1.63E-004 bad=0 tapChange=0.0032 floor=0.0032 fading=True/True preMse=0.376 energy=0.102/0.096 fresh=False phase=0.088 anchor=0.462@0.078 phi=-0.084
frame@206064: gain=0.281 ref=0.228 mse=0.166 tau=-0.117 omega=-1.98E-004 bad=0 tapChange=0.0027 floor=0.0027 fading=True/True preMse=0.306 energy=0.102/0.096 fresh=False phase=-0.065 anchor=0.538@-0.062 phi=0.067
frame@206160: gain=0.268 ref=0.231 mse=0.192 tau=-0.110 omega=-1.05E-004 bad=0 tapChange=0.0030 floor=0.0029 fading=True/True preMse=0.355 energy=0.102/0.096 fresh=False phase=0.185 anchor=0.514@0.168 phi=-0.179
frame@206256: gain=0.257 ref=0.233 mse=0.200 tau=-0.115 omega=-1.30E-004 bad=0 tapChange=0.0032 floor=0.0031 fading=True/True preMse=0.368 energy=0.108/0.096 fresh=False phase=-0.039 anchor=0.496@-0.044 phi=0.048
frame@206352: gain=0.308 ref=0.234 mse=0.139 tau=-0.108 omega=-1.61E-004 bad=0 tapChange=0.0022 floor=0.0022 fading=True/True preMse=0.256 energy=0.113/0.097 fresh=False phase=-0.059 anchor=0.588@-0.056 phi=0.060
frame@206448: gain=0.346 ref=0.238 mse=0.147 tau=-0.112 omega=-4.83E-005 bad=0 tapChange=0.0024 floor=0.0024 fading=True/True preMse=0.271 energy=0.155/0.098 fresh=False phase=0.229 anchor=0.656@0.202 phi=-0.217
frame@206544: gain=0.353 ref=0.243 mse=0.121 tau=-0.108 omega=2.56E-006 bad=0 tapChange=0.0022 floor=0.0022 fading=True/True preMse=0.223 energy=0.145/0.101 fresh=False phase=0.102 anchor=0.669@0.092 phi=-0.098
frame@206640: gain=0.356 ref=0.249 mse=0.141 tau=-0.109 omega=1.53E-005 bad=0 tapChange=0.0029 floor=0.0024 fading=True/True preMse=0.261 energy=0.157/0.103 fresh=False phase=0.025 anchor=0.672@0.023 phi=-0.024
frame@206736: gain=0.408 ref=0.254 mse=0.081 tau=-0.109 omega=1.79E-005 bad=0 tapChange=0.0013 floor=0.0013 fading=True/True preMse=0.149 energy=0.164/0.106 fresh=False phase=0.008 anchor=0.765@0.005 phi=-0.005
frame@206832: gain=0.371 ref=0.262 mse=0.134 tau=-0.105 omega=6.87E-005 bad=0 tapChange=0.0024 floor=0.0015 fading=True/True preMse=0.246 energy=0.164/0.109 fresh=False phase=0.108 anchor=0.701@0.092 phi=-0.097
frame@206928: gain=0.388 ref=0.267 mse=0.095 tau=-0.101 omega=2.89E-005 bad=0 tapChange=0.0016 floor=0.0016 fading=True/True preMse=0.175 energy=0.153/0.111 fresh=False phase=-0.070 anchor=0.729@-0.071 phi=0.076
frame@207024: gain=0.396 ref=0.273 mse=0.095 tau=-0.099 omega=8.67E-005 bad=0 tapChange=0.0016 floor=0.0016 fading=True/True preMse=0.175 energy=0.162/0.113 fresh=False phase=0.118 anchor=0.742@0.104 phi=-0.111
frame@207120: gain=0.405 ref=0.279 mse=0.081 tau=-0.096 omega=9.85E-005 bad=0 tapChange=0.0015 floor=0.0015 fading=True/True preMse=0.150 energy=0.154/0.116 fresh=False phase=0.026 anchor=0.763@0.021 phi=-0.023
frame@207216: gain=0.391 ref=0.286 mse=0.114 tau=-0.100 omega=1.67E-004 bad=0 tapChange=0.0016 floor=0.0016 fading=True/True preMse=0.211 energy=0.154/0.118 fresh=False phase=0.134 anchor=0.730@0.122 phi=-0.131
frame@207312: gain=0.276 ref=0.291 mse=0.173 tau=-0.096 omega=1.16E-004 bad=0 tapChange=0.0019 floor=0.0018 fading=True/True preMse=0.320 energy=0.089/0.120 fresh=False phase=-0.108 anchor=0.527@-0.093 phi=0.098
frame@207408: gain=0.366 ref=0.290 mse=0.130 tau=-0.101 omega=1.97E-004 bad=0 tapChange=0.0020 floor=0.0020 fading=True/True preMse=0.240 energy=0.123/0.118 fresh=False phase=0.161 anchor=0.689@0.147 phi=-0.157
frame@207504: gain=0.352 ref=0.294 mse=0.110 tau=-0.109 omega=1.74E-004 bad=0 tapChange=0.0014 floor=0.0014 fading=True/True preMse=0.202 energy=0.114/0.118 fresh=False phase=-0.049 anchor=0.668@-0.042 phi=0.045
frame@207600: gain=0.337 ref=0.297 mse=0.123 tau=-0.106 omega=1.88E-004 bad=0 tapChange=0.0016 floor=0.0016 fading=True/True preMse=0.227 energy=0.097/0.118 fresh=False phase=0.025 anchor=0.639@0.026 phi=-0.028
frame@207696: gain=0.315 ref=0.299 mse=0.165 tau=-0.113 omega=2.01E-004 bad=0 tapChange=0.0020 floor=0.0018 fading=True/True preMse=0.305 energy=0.091/0.117 fresh=False phase=0.025 anchor=0.594@0.022 phi=-0.024
frame@207792: gain=0.278 ref=0.300 mse=0.186 tau=-0.106 omega=1.86E-004 bad=0 tapChange=0.0018 floor=0.0018 fading=True/True preMse=0.343 energy=0.075/0.116 fresh=False phase=-0.037 anchor=0.526@-0.028 phi=0.029
frame@207888: gain=0.295 ref=0.299 mse=0.196 tau=-0.096 omega=7.16E-005 bad=0 tapChange=0.0021 floor=0.0020 fading=False/True preMse=0.362 energy=0.084/0.114 fresh=False phase=-0.228 anchor=0.555@-0.209 phi=0.219
frame@207984: gain=0.256 ref=0.298 mse=0.232 tau=-0.091 omega=6.16E-005 bad=0 tapChange=0.0024 floor=0.0022 fading=False/True preMse=0.428 energy=0.072/0.112 fresh=False phase=-0.019 anchor=0.489@-0.019 phi=0.019
frame@208080: gain=0.278 ref=0.296 mse=0.202 tau=-0.092 omega=-4.95E-006 bad=0 tapChange=0.0021 floor=0.0021 fading=False/True preMse=0.373 energy=0.073/0.110 fresh=False phase=-0.136 anchor=0.529@-0.123 phi=0.128
