block,symbolInBlock,bitInSymbol
0,186,2
0,198,2
0,199,2
0,206,1
0,234,0
0,245,1
0,250,2
0,251,0
0,272,2
0,278,2
0,298,2
0,299,0
0,319,0
0,324,2
0,327,2
0,332,2
0,333,1
0,336,1
0,339,2
0,341,0
0,344,1
0,346,2
0,347,2
0,348,1
0,352,0
0,357,2
0,368,1
0,374,0
0,376,0
0,380,0
0,382,2
0,383,2
0,385,1
0,388,2
0,390,2
0,391,2
0,393,2
0,400,0
0,402,2
0,403,1
0,406,2
0,412,1
0,415,2
0,419,1
0,423,2
0,427,1
0,428,2
0,434,2
0,436,2
0,441,1
0,444,1
0,446,1
0,449,0
0,454,0
0,455,2
0,457,2
0,460,1
0,468,2
0,472,1
0,474,0
0,486,2
0,494,2
0,498,1
0,502,1
0,506,1
0,516,0
0,523,0
0,524,0
0,528,1
0,537,2
0,542,2
0,548,2
0,551,2
0,553,2
0,556,2
0,559,2
0,561,2
0,565,0
0,566,1
0,569,2
0,570,0
0,577,2
0,585,1
0,588,0
0,589,1
0,591,2
0,594,2
0,595,2
0,596,2
0,599,1
0,599,2
0,600,2
0,602,0
0,604,1
0,604,2
0,605,1
0,610,2
0,619,0
0,623,2
0,626,2
0,628,1
0,629,2
0,630,2
0,631,2
0,633,1
0,638,0
0,646,0
0,648,2
0,653,2
0,660,2
0,662,2
0,665,2
0,668,2
0,669,1
0,673,2
0,676,0
0,680,2
0,685,2
0,689,0
0,690,2
0,691,1
0,694,1
0,697,2
0,706,0
0,709,2
0,715,2
0,717,2
0,718,0
0,720,0
0,720,2
0,721,2
0,722,2
0,723,0
0,725,0
0,725,2
0,727,1
0,738,2
0,741,2
0,742,2
0,744,2
0,746,2
0,747,0
0,747,1
0,751,0
0,751,1
0,751,2
0,757,0
0,757,2
0,758,1
0,758,2
0,759,2
0,760,1
0,761,2
0,762,0
0,764,2
0,767,0
0,769,2
0,770,2
0,771,0
0,771,2
0,772,0
0,772,2
0,778,0
0,780,2
0,784,2
0,785,2
0,788,2
0,789,2
0,790,2
0,794,1
0,795,0
0,795,1
0,795,2
0,796,1
0,799,1
0,800,2
0,801,0
0,805,0
0,806,1
0,807,0
0,807,1
0,807,2
0,809,1
0,809,2
0,815,0
0,817,0
0,819,0
0,820,1
0,820,2
0,827,1
0,830,1
0,837,1
0,839,2
0,842,0
0,848,1
0,849,1
0,849,2
0,850,0
0,852,1
0,853,2
0,856,2
0,858,0
0,868,2
0,872,2
0,873,1
0,876,2
0,877,0
0,877,2
0,879,0
0,880,0
0,881,1
0,885,1
0,888,0
0,890,0
0,892,1
0,894,1
0,898,2
0,903,0
0,904,2
0,907,2
0,908,2
0,909,2
0,914,2
0,917,2
0,920,1
0,921,2
0,923,2
0,924,0
0,924,1
0,925,0
0,925,2
0,926,1
0,927,0
0,928,2
0,930,0
0,931,0
0,932,2
0,935,1
0,935,2
0,936,2
0,937,2
0,938,2
0,941,2
0,943,2
0,944,2
0,946,0
0,947,2
0,951,0
0,955,0
0,960,1
0,962,2
0,967,0
0,971,1
0,972,2
0,974,1
0,975,1
0,976,0
0,976,2
0,977,1
0,978,2
0,979,1
0,979,2
0,981,2
0,982,0
0,983,2
0,984,0
0,988,1
0,989,2
0,991,2
0,993,0
0,993,2
0,995,0
0,996,2
0,998,2
0,999,1
0,1000,2
0,1004,0
0,1006,0
0,1007,2
0,1009,0
0,1009,2
0,1011,0
0,1011,1
0,1012,0
0,1012,2
0,1013,0
0,1014,2
0,1016,2
0,1017,1
0,1017,2
0,1021,2
0,1022,2
0,1023,1
0,1027,2
0,1033,2
0,1043,2
0,1054,2
0,1059,2
0,1068,1
0,1069,2
0,1076,2
0,1081,1
0,1100,1
0,1104,2
0,1107,1
0,1107,2
0,1112,2
0,1113,2
0,1114,2
0,1128,1
0,1136,1
0,1141,2
0,1148,2
0,1151,0
0,1185,0
0,1186,1
0,1197,2
0,1241,2
0,1257,0
0,1268,2
0,1269,2
0,1273,2
0,1274,0
0,1274,2
0,1275,0
0,1276,2
0,1278,2
0,1279,0
0,1279,2
0,1292,2
0,1393,1
0,1398,2
0,1690,2
0,1695,2
0,1717,0
0,1791,2
0,1858,0
0,1863,1
0,1868,2
0,4922,2
0,5029,2
0,5112,0
0,5215,1
0,5248,2
0,5371,1
0,5376,2
0,5416,2
0,5432,0
0,5434,2
0,5619,2
0,5620,2
0,5662,0
0,10297,2
0,10302,2
0,10480,1
0,10487,2
0,10490,0
0,10492,1
0,10492,2
0,10495,1
0,12551,1
0,12697,0
0,12702,2
0,12731,2
0,12736,0
0,12756,2
0,12758,2
0,12763,0
0,12778,2
0,12790,1
0,12791,0
0,12795,2
0,12972,0
0,14432,2
0,14439,2
0,14469,1
0,14581,0
0,14587,2
0,14605,2
0,14617,1
0,14638,0
0,14847,2
1,10,2
1,15,2
1,34,0
1,35,1
1,39,2
1,44,1
1,48,2
1,49,2
1,54,1
1,66,0
1,71,0
1,78,2
1,80,2
1,86,2
1,90,2
1,91,2
1,96,2
1,99,1
1,105,1
1,106,1
1,113,0
1,118,2
1,121,0
1,123,2
1,126,2
1,131,2
1,140,1
1,144,1
1,162,2
1,164,1
1,175,1
1,177,0
1,179,2
1,181,0
1,183,1
1,184,1
1,186,2
1,200,0
1,203,2
1,208,2
1,212,0
1,213,2
1,217,0
1,218,2
1,221,1
1,222,1
1,240,1
1,245,0
1,246,0
1,248,2
1,251,0
1,253,1
1,255,0
1,792,1
1,797,2
1,826,1
1,837,2
1,862,2
1,884,2
1,897,2
1,902,2
1,907,0
1,912,0
1,917,0
1,967,0
1,976,2
1,995,2
1,1002,2
1,1013,1
1,1018,0
1,1021,2
1,1023,1
1,1023,2
1,1024,1
1,1030,1
1,1031,0
1,1067,1
1,1082,2
1,1091,2
1,1121,2
1,1125,0
1,1126,2
1,1193,2
1,1205,2
1,1228,0
1,1235,1
1,1236,0
1,1242,0
1,1258,2
1,1263,2
1,1276,1
1,1277,2
1,1282,1
1,1283,2
1,1287,2
1,1301,0
1,1304,0
1,1310,1
1,1317,2
1,1327,2
1,1329,2
1,1330,1
1,1332,0
1,1333,2
1,1336,0
1,1344,1
1,1347,1
1,1350,1
1,1358,1
1,1363,2
1,1366,2
1,1368,2
1,1371,2
1,1373,0
1,1374,1
1,1377,2
1,1378,2
1,1379,0
1,1384,0
1,1385,2
1,1390,2
1,1391,2
1,1395,2
1,1396,2
1,1398,2
1,1399,2
1,1402,0
1,1403,0
1,1413,2
1,1416,1
1,1419,2
1,1421,2
1,1422,2
1,1423,0
1,1427,2
1,1429,1
1,1430,0
1,1432,0
1,1433,2
1,1434,0
1,1435,1
1,1436,0
1,1438,2
1,1441,0
1,1442,2
1,1443,2
1,1447,0
1,1448,2
1,1449,1
1,1451,0
1,1453,1
1,1455,2
1,1456,0
1,1457,2
1,1459,2
1,1460,2
1,1462,2
1,1464,2
1,1465,0
1,1469,1
1,1471,0
1,1474,0
1,1475,0
1,1479,2
1,1486,1
1,1488,2
1,1491,1
1,1492,2
1,1493,1
1,1495,2
1,1496,2
1,1497,2
1,1499,2
1,1500,1
1,1501,2
1,1504,2
1,1505,0
1,1506,0
1,1507,2
1,1508,2
1,1510,1
1,1516,0
1,1517,0
1,1518,2
1,1520,2
1,1521,2
1,1526,2
1,1527,0
1,1530,2
1,1532,1
1,1532,2
1,1535,0
1,1571,1
1,1700,2
1,1778,2
1,2417,2
1,2476,2
1,2562,2
1,2812,2
1,2929,1
1,2934,2
1,4620,1
1,4624,1
1,4633,1
1,4634,2
1,4637,1
1,4745,2
1,4752,2
1,4848,2
1,4892,2
1,4894,0
1,4917,2
1,4975,0
1,4991,0
1,5026,1
1,5039,0
1,5047,2
1,5067,2
1,5080,0
1,5097,2
1,5101,1
1,5110,1
1,5125,2
1,5136,0
1,5145,2
1,5148,1
1,5165,2
1,5169,2
1,5177,1
1,5180,2
1,5187,2
1,5191,2
1,5192,2
1,5193,1
1,5195,2
1,5198,0
1,5199,0
1,5201,0
1,5209,0
1,5210,2
1,5214,2
1,5217,1
1,5223,1
1,5232,1
1,5240,1
1,5242,1
1,5252,2
1,5255,2
1,5264,2
1,5270,2
1,5272,2
1,5287,0
1,5288,2
1,5293,2
1,5294,2
1,5297,0
1,5298,2
1,5301,2
1,5306,1
1,5307,2
1,5308,0
1,5311,2
1,5312,0
1,5314,2
1,5324,0
1,5325,0
1,5328,0
1,5333,2
1,5347,0
1,5351,2
1,5354,2
1,5358,0
1,5360,2
1,5367,1
1,5370,1
1,5372,2
1,5376,2
1,5380,2
1,5384,2
1,5387,2
1,5392,2
1,5396,2
1,5400,2
1,5404,0
1,5412,1
1,5415,1
1,5416,2
1,5421,1
1,5435,2
1,5442,1
1,5457,1
1,5471,2
1,5473,2
1,5484,1
1,5486,2
1,5489,1
1,5491,0
1,5497,2
1,5513,2
1,5521,0
1,5528,2
1,5535,2
1,5536,1
1,5539,2
1,5541,2
1,5543,2
1,5546,1
1,5551,0
1,5554,2
1,5558,1
1,5559,1
1,5563,0
1,5564,0
1,5565,2
1,5568,0
1,5575,0
1,5583,2
1,5585,2
1,5589,2
1,5590,0
1,5592,2
1,5593,1
1,5595,2
1,5598,0
1,5599,2
1,5604,1
1,5609,0
1,5612,2
1,5616,2
1,5617,2
1,5623,2
1,5626,1
1,5627,2
1,5630,0
1,5631,0
1,5633,1
1,5658,2
1,5670,2
1,5675,2
1,5681,2
1,5685,1
1,5695,2
1,5697,0
1,5703,0
1,5709,1
1,5711,2
1,5720,1
1,5727,2
1,5728,2
1,5729,2
1,5731,2
1,5732,2
1,5734,0
1,5756,0
1,5760,2
1,5765,2
1,5788,1
1,5812,1
1,5813,2
1,5817,2
1,5838,2
1,5851,2
1,5868,2
1,5918,2
1,5923,1
1,5928,1
1,5933,2
1,5942,2
1,5965,2
1,5969,2
1,5970,2
1,5972,0
1,6032,1
1,6035,2
1,6041,0
1,6059,0
1,6068,0
1,6105,2
1,6115,2
1,6132,0
1,6139,0
1,6142,2
1,6143,0
1,6182,0
1,6186,2
1,6191,2
1,6197,2
1,6201,1
1,6204,0
1,6205,2
1,6206,1
1,6209,0
1,6213,0
1,6216,0
1,6221,1
1,6226,2
1,6238,1
1,6241,2
1,6243,2
1,6246,1
1,6248,2
1,6253,2
1,6258,0
1,6260,1
1,6264,0
1,6265,2
1,6269,2
1,6270,1
1,6281,2
1,6286,2
1,6288,0
1,6289,1
1,6291,1
1,6292,1
1,6294,0
1,6296,2
1,6301,1
1,6309,0
1,6316,0
1,6317,0
1,6321,0
1,6322,2
1,6326,2
1,6327,1
1,6332,1
1,6333,2
1,6337,2
1,6338,0
1,6343,2
1,6344,2
1,6345,1
1,6348,2
1,6349,0
1,6353,0
1,6354,2
1,6374,2
1,6377,0
1,6394,1
1,6396,1
1,6399,1
1,6407,1
1,6415,2
1,6433,2
1,6448,1
1,6457,2
1,6462,2
1,6463,2
1,6470,2
1,6491,0
1,6496,0
1,6500,1
1,6511,2
1,6514,2
1,6516,2
1,6519,1
1,6525,2
1,6526,0
1,6538,1
1,6539,0
1,6565,2
1,6571,2
1,6585,1
1,6601,2
1,6604,1
1,6606,2
1,6610,1
1,6613,0
1,6615,2
1,6621,1
1,6624,2
1,6629,1
1,6630,1
1,6633,2
1,6637,2
1,6642,1
1,6644,1
1,6648,1
1,6652,2
1,6653,0
1,6665,2
1,6666,0
1,6668,0
1,6669,0
1,6671,1
1,6672,0
1,6673,2
1,6675,0
1,6677,1
1,6681,1
1,6683,2
1,6684,1
1,6684,2
1,6686,0
1,6689,2
1,6690,2
1,6693,2
1,6694,1
1,6698,1
1,6704,0
1,6707,1
1,6709,1
1,6710,2
1,6712,2
1,6716,2
1,6717,0
1,6718,1
1,6720,0
1,6721,0
1,6726,2
1,6736,1
1,6737,0
1,6739,2
1,6740,2
1,6746,1
1,6747,0
1,6752,2
1,6754,2
1,6764,2
1,6769,2
1,6771,2
1,6779,0
1,6784,2
1,6792,1
1,6803,0
1,6810,2
1,6813,0
1,6818,2
1,6820,2
1,6830,1
1,6830,2
1,6831,2
1,6832,2
1,6835,2
1,6836,2
1,6844,0
1,6844,2
1,6851,2
1,6857,1
1,6861,2
1,6863,2
1,6864,2
1,6867,2
1,6870,2
1,6871,1
1,6871,2
1,6872,2
1,6875,1
1,6876,0
1,6877,1
1,6878,0
1,6880,1
1,6880,2
1,6882,0
1,6882,2
1,6888,0
1,6891,2
1,6892,0
1,6893,0
1,6894,2
1,6895,0
1,6896,2
1,6898,0
1,6898,2
1,6900,0
1,6900,2
1,6901,0
1,6902,2
1,6903,0
1,6905,1
1,6905,2
1,6908,2
1,6909,0
1,6911,1
1,6915,2
1,6916,0
1,6920,0
1,6922,0
1,6924,0
1,6925,2
1,6929,2
1,6931,0
1,6937,1
1,6940,2
1,6941,0
1,6944,2
1,6946,0
1,6946,2
1,6949,2
1,6950,0
1,6951,0
1,6954,2
1,6957,1
1,6958,2
1,6960,2
1,6963,2
1,6964,2
1,6967,0
1,6968,2
1,6969,2
1,6970,2
1,6974,1
1,6975,1
1,6978,2
1,6980,1
1,6981,1
1,6982,1
1,6984,2
1,6986,2
1,6990,2
1,6991,2
1,6994,2
1,6999,0
1,7002,1
1,7007,1
1,7008,0
1,7012,0
1,7014,1
1,7027,1
1,7028,2
1,7035,2
1,7036,2
1,7040,2
1,7041,0
1,7045,2
1,7047,0
1,7056,2
1,7058,1
1,7060,2
1,7061,1
1,7064,1
1,7065,2
1,7077,1
1,7079,2
1,7082,1
1,7083,2
1,7089,1
1,7090,2
1,7093,2
1,7094,2
1,7096,2
1,7099,2
1,7101,0
1,7107,0
1,7109,2
1,7112,2
1,7114,2
1,7115,2
1,7121,0
1,7123,2
1,7128,0
1,7131,1
1,7133,2
1,7144,0
1,7146,0
1,7147,2
1,7148,2
1,7152,2
1,7154,2
1,7156,0
1,7164,0
1,7165,0
1,7187,2
1,7194,1
1,7214,2
1,7218,1
1,7230,0
1,7244,2
1,7297,0
1,7309,2
1,7348,2
1,7350,2
1,7456,2
1,7461,0
1,7466,1
1,7480,2
1,7485,1
1,7675,1
1,8121,1
1,8461,1
1,8466,0
1,8480,2
1,8485,0
1,8591,2
1,8635,2
1,8640,2
1,8645,2
1,8702,2
1,8718,2
1,8723,2
1,8728,0
1,8728,2
1,8733,1
1,8738,2
1,8743,0
1,8746,2
1,8748,2
1,8750,1
1,8753,2
1,8755,0
1,8756,2
1,8758,2
1,8759,2
1,8780,2
1,8785,0
1,8811,1
1,8818,1
1,8823,2
1,8848,2
1,8854,0
1,8880,0
1,8889,2
1,8894,1
1,8902,2
1,8918,0
1,8928,0
1,8934,1
1,8942,2
1,8943,2
1,8947,2
1,8948,1
1,8949,0
1,8951,1
1,8952,2
1,8954,0
1,8954,2
1,8956,2
1,8958,0
1,8959,1
1,8959,2
1,9003,1
1,9014,2
1,9032,0
1,9050,1
1,9060,2
1,9074,2
1,9090,1
1,9118,2
1,9127,2
1,9162,0
1,9167,0
1,9172,1
1,9177,0
1,9182,2
1,9192,2
1,9196,2
1,9201,2
1,9207,2
1,9208,1
1,9212,1
1,9213,2
1,9221,2
1,9232,2
1,9249,2
1,9254,2
1,9260,2
1,9265,2
1,9270,0
1,9283,1
1,9294,2
1,9299,2
1,9416,2
1,9422,0
1,9440,0
1,9445,0
1,9445,2
1,9447,1
1,9450,0
1,9450,2
1,9455,1
1,9455,2
1,9460,2
1,9464,1
1,9465,2
1,9468,2
1,9469,1
1,9469,2
1,9470,2
1,9472,2
1,10113,2
1,10119,0
1,10123,2
1,10144,1
1,10148,2
1,10151,2
1,10154,2
1,10161,2
1,10162,1
1,10166,2
1,10167,2
1,10169,1
1,10173,2
1,10174,0
1,10177,1
1,10182,1
1,10183,2
1,10187,0
1,10191,1
1,10196,2
1,10197,2
1,10199,2
1,10205,2
1,10211,2
1,10214,2
1,10216,2
1,10218,1
1,10219,0
1,10221,2
1,10223,2
1,10226,2
1,10228,1
1,10231,0
1,10232,2
1,10233,1
1,10236,1
1,10237,2
1,10239,2
1,10246,2
1,10254,2
1,10262,2
1,10263,2
1,10274,2
1,10277,0
1,10279,2
1,10280,2
1,10283,2
1,10297,0
1,10298,2
1,10305,2
1,10306,1
1,10307,1
1,10310,2
1,10311,1
1,10313,0
1,10314,2
1,10321,2
1,10326,0
1,10329,2
1,10330,1
1,10331,0
1,10332,2
1,10333,1
1,10339,2
1,10344,1
1,10346,2
1,10348,2
1,10351,2
1,10353,2
1,10356,1
1,10358,0
1,10358,2
1,10362,0
1,10363,2
1,10366,2
1,10368,1
1,10370,0
1,10377,2
1,10383,1
1,10385,2
1,10388,2
1,10390,2
1,10392,2
1,10393,1
1,10397,2
1,10398,2
1,10399,2
1,10400,2
1,10402,1
1,10403,1
1,10404,2
1,10405,2
1,10408,0
1,10409,2
1,10410,0
1,10414,2
1,10416,1
1,10419,1
1,10424,2
1,10425,1
1,10429,0
1,10429,2
1,10431,2
1,10434,2
1,10436,2
1,10442,1
1,10445,2
1,10448,1
1,10449,2
1,10450,1
1,10454,0
1,10455,0
1,10456,1
1,10457,2
1,10461,2
1,10465,2
1,10466,1
1,10466,2
1,10471,0
1,10474,2
1,10475,0
1,10485,0
1,10486,0
1,10488,1
1,10491,2
1,10493,1
1,10494,1
1,10500,2
1,10532,2
1,10534,0
1,10578,0
1,10600,1
1,10602,0
1,10605,0
1,10607,2
1,10610,1
1,10612,2
1,10617,0
1,10619,2
1,10622,1
1,10627,2
1,10633,2
1,10644,1
1,10649,2
1,10667,2
1,10706,0
1,10723,0
1,10724,0
1,10726,2
1,10728,2
1,10731,1
1,10769,0
1,10774,1
1,10796,0
1,10801,0
1,10825,0
1,10830,1
1,10845,0
1,10850,2
1,10875,0
1,10880,2
1,10899,0
1,10904,1
1,10909,1
1,11261,0
1,12489,2
1,12790,0
1,12795,1
1,12808,0
1,12846,1
1,12925,0
1,12926,0
1,12931,0
1,12945,2
1,12950,2
1,12979,2
1,12984,2
1,13041,2
1,13046,2
1,13108,2
1,13118,2
1,13144,1
1,13149,2
1,13156,0
1,13309,2
1,13310,0
1,13338,1
1,13375,0
1,13380,2
1,13385,2
1,13390,1
1,13395,1
1,13407,1
1,13412,1
1,13428,0
1,13433,1
1,13435,2
1,13440,0
1,13444,0
1,13445,2
1,13489,2
1,13494,1
1,13499,2
1,13504,2
1,13541,0
1,13546,2
1,13554,1
1,13558,2
1,13565,2
1,13566,2
1,13569,2
1,13581,2
1,13587,2
1,13591,2
1,13596,2
1,13604,1
1,13605,2
1,13606,2
1,13608,1
1,13610,0
1,13613,2
1,13615,0
1,13616,0
1,13618,1
1,13620,1
1,13621,2
1,13622,0
1,13623,0
1,13624,0
1,13625,2
1,13627,2
1,13628,2
1,13629,0
1,13634,1
1,13635,0
1,13637,2
1,13643,1
1,13648,1
1,13653,2
1,13658,2
1,13663,2
1,13665,1
1,13668,1
1,13672,0
1,13674,1
1,13675,1
1,13681,1
1,13686,0
1,13690,2
1,13694,2
1,13695,2
1,13697,0
1,13699,1
1,13704,2
1,13714,0
1,13764,0
1,13765,2
1,13769,2
1,13771,2
1,13772,0
1,13774,2
1,13781,2
1,13790,0
1,13794,2
1,13799,2
1,13802,0
1,13807,2
1,13812,2
1,13823,2
1,13825,2
1,13827,1
1,13829,0
1,13830,2
1,13833,2
1,13852,2
1,13855,1
1,13859,2
1,13867,1
1,13870,2
1,13881,2
1,13887,1
1,13900,2
1,13906,1
1,13919,1
1,13922,1
1,13932,0
1,13937,1
1,13990,2
1,13997,2
1,14028,2
1,14031,1
1,14032,2
1,14043,2
1,14045,1
1,14048,2
1,14054,0
1,14068,2
1,14070,2
1,14077,2
1,14078,0
1,14079,0
1,14084,2
1,14088,0
1,14089,2
1,14092,1
1,14094,2
1,14095,2
1,14099,2
1,14104,1
1,14119,2
1,14121,1
1,14122,0
1,14123,0
1,14127,2
1,14128,1
1,14129,0
1,14130,2
1,14131,0
1,14132,2
1,14137,2
1,14138,0
1,14139,2
1,14140,1
1,14143,2
1,14144,1
1,14146,0
1,14154,1
1,14161,1
1,14163,2
1,14165,0
1,14166,2
1,14167,0
1,14173,1
1,14176,2
1,14178,2
1,14179,2
1,14184,0
1,14185,1
1,14188,0
1,14190,0
1,14191,1
1,14197,0
1,14198,2
1,14199,2
1,14204,2
1,14207,2
1,14208,2
1,14211,2
1,14212,0
1,14212,2
1,14216,1
1,14216,2
1,14217,2
1,14218,2
1,14222,2
1,14223,2
1,14224,2
1,14226,2
1,14228,2
1,14229,1
1,14232,0
1,14232,2
1,14234,0
1,14236,0
1,14237,2
1,14239,0
1,14242,0
1,14243,2
1,14244,2
1,14246,2
1,14247,2
1,14249,0
1,14251,2
1,14253,0
1,14254,0
1,14257,0
1,14264,0
1,14265,2
1,14266,1
1,14268,0
1,14273,2
1,14274,1
1,14275,2
1,14276,1
1,14280,2
1,14281,1
1,14282,0
1,14283,1
1,14287,1
1,14288,1
1,14289,2
1,14290,0
1,14292,0
1,14294,1
1,14297,1
1,14300,1
1,14300,2
1,14301,2
1,14303,1
1,14304,1
1,14305,1
1,14305,2
1,14306,0
1,14306,2
1,14308,2
1,14310,1
1,14312,2
1,14313,2
1,14314,2
1,14315,1
1,14317,2
1,14319,0
1,14319,2
1,14325,2
1,14326,2
1,14333,2
1,14335,1
1,14351,1
1,14353,0
1,14355,0
1,14358,1
1,14360,2
1,14363,1
1,14364,1
1,14365,2
1,14366,2
1,14369,2
1,14396,1
1,14398,0
1,14399,0
1,14402,0
1,14403,2
1,14404,1
1,14417,1
1,14420,2
1,14422,0
1,14422,2
1,14423,0
1,14427,1
1,14427,2
1,14428,2
1,14429,2
1,14432,0
1,14432,1
1,14435,2
1,14437,2
1,14440,1
1,14442,0
1,14445,2
1,14450,1
1,14452,0
1,14455,1
1,14460,2
1,14474,2
1,14479,2
1,14483,1
1,14499,2
1,14507,1
1,14518,2
1,14519,2
1,14533,2
1,14540,1
1,14552,2
1,14557,1
1,14558,0
1,14566,1
1,14574,0
1,15623,2
1,15631,2
1,15638,0
1,15642,2
1,15660,2
1,15684,2
1,15690,2
1,15705,1
1,15719,2
1,15733,2
1,15738,2
1,15739,2
1,15762,2
1,15765,0
1,15772,0
1,15775,0
1,15775,2
1,15777,0
1,15780,0
1,15781,2
1,15786,1
1,15788,2
1,15789,1
1,15791,2
1,15794,0
1,15794,2
1,15796,1
1,15798,1
1,15799,2
1,15802,2
1,15803,2
1,15805,1
1,15806,0
1,15808,2
1,15809,0
1,15810,0
1,15811,1
1,15813,2
1,15820,0
1,15829,2
1,15831,1
1,15835,1
1,15837,0
1,15839,1
1,15844,1
1,15848,0
1,15850,2
1,15852,0
1,15853,0
1,15853,1
1,15856,2
1,15858,1
1,15859,2
1,15860,2
1,15862,1
1,15865,2
1,15866,1
1,15866,2
1,15867,0
1,15869,2
1,15870,1
1,15871,0
1,15871,1
1,15874,0
1,15882,1
1,15883,2
1,15885,0
1,15893,2
1,15895,1
1,15895,2
1,15896,0
1,15897,2
1,15898,1
1,15898,2
1,15899,2
1,15902,0
1,15903,1
1,15903,2
1,15906,1
1,15907,2
1,15912,2
1,15915,0
1,15916,1
1,15922,0
1,15926,2
1,15928,2
1,15929,2
1,15931,2
1,15934,0
1,15935,1
1,15936,2
1,15937,0
1,15941,1
1,15943,2
1,15949,2
1,15950,2
1,15952,2
1,15953,1
1,15956,0
1,15957,0
1,15962,0
1,15965,1
1,15966,0
1,15969,1
1,15971,2
1,15972,1
1,15973,2
1,15974,1
1,15975,2
1,15978,1
1,15985,0
1,15992,0
1,15993,2
1,15994,0
1,15995,2
1,16000,0
1,16011,1
1,16015,0
1,16023,1
1,16024,1
1,16026,2
1,16028,2
1,16045,0
1,16047,1
1,16051,0
1,16054,0
1,16057,2
1,16068,2
1,16071,2
1,16074,2
1,16076,1
1,16079,2
1,16093,2
1,16104,1
1,16108,1
1,16120,2
1,16121,1
1,16127,0
2,672,0
2,1549,0
2,2013,2
2,2019,0
2,2022,2
2,2032,2
2,2041,1
2,2046,2
2,2454,2
2,3237,2
2,3275,1
2,3280,0
2,3317,2
2,3322,2
2,3329,1
2,3334,2
2,3337,2
2,3347,1
2,3354,1
2,3359,1
2,3362,0
2,3367,2
2,3368,0
2,3372,2
2,3394,0
2,3397,2
2,3398,2
2,3399,2
2,3400,2
2,3401,2
2,3402,0
2,3403,2
2,3404,0
2,3405,0
2,3406,2
2,3410,2
2,3411,2
2,3412,1
2,3416,0
2,3416,2
2,3418,1
2,3421,0
2,3421,2
2,3422,2
2,3426,0
2,3426,2
2,3431,0
2,3431,2
2,3432,0
2,3436,1
2,3439,1
2,3441,2
2,3443,2
2,3446,1
2,3449,1
2,3451,2
2,3453,2
2,3454,1
2,3456,1
2,3457,1
2,3462,1
2,3465,0
2,3467,0
2,3472,0
2,3477,2
2,3481,2
2,3484,0
2,3486,1
2,3491,2
2,3501,2
2,3503,0
2,3513,2
2,3516,1
2,3519,0
2,3520,2
2,3525,0
2,3525,2
2,3526,2
2,3530,0
2,3531,2
2,3534,2
2,3535,1
2,3537,1
2,3538,0
2,3540,0
2,3542,0
2,3543,2
2,3544,0
2,3547,2
2,3549,2
2,3552,1
2,3555,1
2,3555,2
2,3556,2
2,3557,0
2,3558,1
2,3566,2
2,3567,0
2,3571,2
2,3573,2
2,3578,0
2,3580,0
2,3580,2
2,3582,0
2,3583,2
2,3594,0
2,3595,1
2,3596,0
2,3598,0
2,3601,2
2,3606,2
2,3607,0
2,3611,2
2,3614,2
2,3615,2
2,3616,2
2,3619,2
2,3620,1
2,3625,0
2,3631,2
2,3632,1
2,3633,2
2,3634,2
2,3636,0
2,3636,2
2,3638,1
2,3643,2
2,3644,0
2,3646,2
2,3661,1
2,3662,2
2,3663,1
2,3667,2
2,3670,2
2,3672,2
2,3682,1
2,3686,1
2,3696,2
2,3698,2
2,3699,1
2,3701,2
2,3711,0
2,3712,0
2,3715,1
2,3716,1
2,3723,0
2,3724,1
2,3727,1
2,3728,0
2,3742,2
2,3745,2
2,3751,2
2,3758,2
2,3762,2
2,3764,2
2,3765,2
2,3768,2
2,3773,0
2,3775,2
2,3779,2
2,3780,1
2,3782,2
2,3786,0
2,3797,1
2,3802,1
2,3806,2
2,3813,2
2,3819,2
2,3820,2
2,3825,1
2,3832,1
2,3839,0
2,4271,2
2,4594,0
2,5958,2
2,6012,2
2,6014,2
2,6019,1
2,6023,2
2,6024,2
2,6097,2
2,6102,2
2,6106,2
2,6107,2
2,6112,2
2,6119,1
2,6159,2
2,6164,2
2,6169,2
2,6170,2
2,6191,1
2,6193,0
2,6204,2
2,6206,2
2,6225,2
2,6267,2
2,6297,0
2,6330,1
2,6347,2
2,6352,1
2,6353,1
2,6393,0
2,6395,2
2,6407,2
2,6425,2
2,6431,1
2,6435,2
2,6440,0
2,6445,0
2,6466,2
2,6467,1
2,6521,2
2,6531,2
2,6536,1
2,6541,2
2,6585,1
2,6606,2
2,6611,1
2,6740,2
2,7066,2
2,7084,2
2,7137,2
2,7155,2
2,7161,2
2,7166,2
2,7167,0
2,7174,0
2,7195,1
2,7206,2
2,7211,2
2,7221,2
2,7226,1
2,7236,0
2,7268,2
2,7271,2
2,7276,0
2,7277,0
2,7280,2
2,7281,0
2,7286,2
2,7289,2
2,7294,2
2,7299,0
2,7309,2
2,7314,2
2,7317,1
2,7344,1
2,7350,2
2,7351,1
2,7356,2
2,7361,2
2,7377,1
2,7380,2
2,7385,2
2,7390,0
2,7424,2
2,7428,0
2,7430,2
2,7434,2
2,7439,1
2,7440,0
2,7442,2
2,7443,2
2,7446,0
2,7447,1
2,7448,1
2,7453,1
2,7457,2
2,7463,2
2,7468,0
2,7472,0
2,7482,0
2,7487,2
2,7492,2
2,7495,0
2,7539,1
2,7546,2
2,7556,0
2,11256,2
2,11257,0
2,11261,1
2,11279,2
2,11292,1
2,11318,1
2,11342,1
2,11348,0
2,11349,2
2,11353,2
2,11358,2
2,11371,2
2,11377,0
2,11379,2
2,11388,1
2,11391,0
2,11393,2
2,11396,1
2,11401,2
2,11437,2
2,11442,0
2,11447,0
2,11450,2
2,11452,0
2,11455,0
2,11462,1
2,11476,2
2,11479,2
2,11481,1
2,11484,1
2,11484,2
2,11490,2
2,11493,1
2,11495,0
2,11498,2
2,11500,2
2,11505,1
2,11507,0
2,11510,2
2,11511,2
2,11512,2
2,11513,1
2,11516,0
2,11516,2
2,11517,0
2,11583,1
2,11610,0
2,11627,2
2,11676,2
2,11938,1
2,11944,0
2,11965,0
2,12033,0
2,12038,1
2,12043,2
2,12050,2
2,12054,1
2,12055,2
2,12066,2
2,12072,2
2,12082,2
2,12090,0
2,12102,1
2,12110,1
2,12120,2
2,12125,2
2,12130,1
2,12134,2
2,12139,1
2,12143,2
2,12144,0
2,12145,0
2,12148,0
2,12148,2
2,12150,1
2,12155,1
2,12160,2
2,12162,0
2,12164,2
2,12165,2
2,12168,0
2,12170,2
2,12172,2
2,12175,2
2,12176,2
2,12180,2
2,12181,2
2,12187,2
2,12188,2
2,12189,2
2,12191,2
2,12192,2
2,12196,0
2,12201,0
2,12204,1
2,12212,0
2,12214,1
2,12217,2
2,12218,2
2,12219,2
2,12223,2
2,12224,2
2,12228,2
2,12232,2
2,12257,2
2,12262,0
2,12272,1
2,12273,2
2,12277,2
2,12279,2
2,12283,2
2,12299,1
2,12302,1
2,12305,0
2,12310,2
2,12312,2
2,12317,0
2,12320,2
2,12322,2
2,12324,0
2,12331,1
2,12336,1
2,12356,1
2,12357,2
2,12360,2
2,12362,2
2,12366,2
2,12367,2
2,12369,2
2,12372,1
2,12374,1
2,12384,2
2,12389,0
2,12395,2
2,12400,1
2,12409,2
2,12414,2
2,12417,1
2,12426,2
2,12438,2
2,12439,2
2,12440,2
2,12444,1
2,12460,0
2,12470,2
2,12471,0
2,12475,2
2,12492,1
2,12498,0
2,12502,2
2,12503,2
2,12507,2
2,12509,1
2,12515,1
2,12521,2
2,12524,2
2,12528,1
2,12529,2
2,12530,2
2,12542,1
2,12550,1
2,12558,0
2,12576,2
2,12583,1
2,12585,2
2,12607,2
2,12610,0
2,12630,2
2,12641,2
2,12728,0
2,12732,0
2,12737,2
2,12792,2
2,12799,2
2,12830,0
2,13054,2
2,13074,0
2,13079,1
2,13084,2
2,13091,2
2,13171,1
2,13176,2
2,13181,2
2,13186,2
2,13208,2
2,13213,0
2,13310,2
2,14266,1
2,14324,0
2,14391,2
2,14413,1
2,14430,1
2,14565,1
2,14570,1
2,14575,0
2,14577,1
2,15036,2
2,15232,0
2,15364,2
2,15369,0
2,15517,1
2,15522,2
2,15615,2
2,15817,1
2,15987,1
2,16124,2
2,16253,0
2,16291,2
2,16296,0
2,16301,2
2,16304,1
2,16354,1
2,16359,2
2,16371,1
2,16376,0
3,6,2
3,8,2
3,12,2
3,14,2
3,18,2
3,23,2
3,27,2
3,28,1
3,29,1
3,44,1
3,48,2
3,49,2
3,67,1
3,70,2
3,76,2
3,81,1
3,85,0
3,87,2
3,94,1
3,95,2
3,97,1
3,100,1
3,101,0
3,102,2
3,104,2
3,105,2
3,109,0
3,113,0
3,125,0
3,128,2
3,130,1
3,133,2
3,134,0
3,135,2
3,137,2
3,140,2
3,142,1
3,143,2
3,146,2
3,147,0
3,148,1
3,152,2
3,160,1
3,162,2
3,166,1
3,167,2
3,168,1
3,170,1
3,173,2
3,175,0
3,187,1
3,189,0
3,191,2
3,192,0
3,194,1
3,196,2
3,204,2
3,205,1
3,207,2
3,211,1
3,217,1
3,222,0
3,224,2
3,227,2
3,229,0
3,230,2
3,233,2
3,235,0
3,247,0
3,249,1
3,263,1
3,265,1
3,400,2
3,458,2
3,463,2
3,1283,2
3,1296,1
3,1302,2
3,1313,0
3,1660,2
3,1665,1
3,1670,1
3,1704,2
3,1711,0
3,1725,2
3,1745,2
3,1753,2
3,1757,2
3,1761,2
3,1762,1
3,1764,2
3,1767,2
3,1771,1
3,1773,2
3,1776,2
3,1782,2
3,1783,2
3,1786,2
3,1788,0
3,1789,0
3,1835,0
3,1840,2
3,1843,2
3,1845,2
3,1847,1
3,1852,2
3,1853,2
3,1861,1
3,1868,1
3,1877,2
3,1882,1
3,1894,0
3,1899,1
3,1901,2
3,1913,0
3,1916,0
3,1924,0
3,1928,1
3,1930,1
3,1936,0
3,1947,1
3,1959,0
3,1968,2
3,1972,2
3,1973,2
3,1982,2
3,1993,0
3,2003,2
3,2014,2
3,2016,0
3,2040,2
3,2042,2
3,2044,0
3,2047,0
3,2064,2
3,2075,0
3,2080,2
3,2085,2
3,2090,2
3,2096,2
3,2100,1
3,2105,1
3,2136,2
3,2281,2
3,2333,2
3,2375,1
3,2380,0
3,2384,0
3,2466,0
3,2471,2
3,2476,1
3,2519,0
3,2524,2
3,2537,0
3,2542,2
3,2547,1
3,2560,2
3,2562,2
3,2566,1
3,2567,2
3,2569,1
3,2571,2
3,2574,0
3,2575,2
3,2577,0
3,2578,2
3,2579,2
3,2581,2
3,2582,2
3,2584,1
3,2584,2
3,2587,0
3,2593,2
3,2595,0
3,2596,1
3,2597,1
3,2600,0
3,2606,2
3,2611,0
3,2612,2
3,2614,1
3,2617,1
3,2620,2
3,2625,1
3,2627,2
3,2631,0
3,2637,2
3,2638,0
3,2640,2
3,2644,2
3,2645,1
3,2647,2
3,2648,1
3,2649,1
3,2652,1
3,2653,0
3,2655,2
3,2658,2
3,2659,1
3,2660,1
3,2664,2
3,2666,0
3,2669,1
3,2674,2
3,2682,2
3,2684,2
3,2695,0
3,2702,0
3,2704,0
3,2707,2
3,2710,2
3,2712,0
3,2714,0
3,2716,0
3,2719,2
3,2720,1
3,2721,2
3,2725,2
3,2727,0
3,2731,1
3,2732,2
3,2734,2
3,2735,0
3,2746,2
3,2747,1
3,2749,1
3,2751,2
3,2752,2
3,2753,2
3,2754,2
3,2756,1
3,2757,2
3,2758,2
3,2760,2
3,2762,2
3,2763,0
3,2764,1
3,2765,0
3,2765,2
3,2767,2
3,2768,0
3,2769,0
3,2772,1
3,2772,2
3,2776,0
3,2777,0
3,2778,1
3,2780,2
3,2782,2
3,2784,2
3,2785,0
3,2785,2
3,2787,0
3,2788,2
3,2789,0
3,2790,1
3,2790,2
3,2791,1
3,2794,1
3,2795,1
3,2802,2
3,2803,0
3,2804,0
3,2806,2
3,2807,0
3,2811,2
3,2812,2
3,2814,0
3,2815,1
3,2815,2
3,2817,0
3,2821,2
3,2825,0
3,2830,1
3,2837,0
3,2840,2
3,2841,0
3,2842,1
3,2843,0
3,2846,2
3,2847,0
3,2847,2
3,2848,0
3,2850,1
3,2851,2
3,2852,2
3,2854,2
3,2855,0
3,2856,1
3,2859,0
3,2860,0
3,2861,2
3,2862,0
3,2866,0
3,2867,1
3,2870,1
3,2872,1
3,2873,1
3,2874,1
3,2875,2
3,2876,1
3,2878,1
3,2888,2
3,2895,2
3,2896,2
3,2897,0
3,2898,2
3,2902,2
3,2904,2
3,2905,1
3,2908,2
3,2909,0
3,2914,2
3,2918,0
3,2919,1
3,2929,0
3,2932,2
3,2935,2
3,2937,1
3,2939,2
3,2942,2
3,2949,1
3,2950,0
3,2952,1
3,2955,1
3,2958,0
3,2960,1
3,2965,2
3,2970,0
3,2972,0
3,2974,2
3,2976,1
3,2977,1
3,2981,2
3,2982,2
3,2985,2
3,2986,0
3,2991,1
3,2992,2
3,2994,0
3,2995,2
3,2998,2
3,2999,1
3,3000,2
3,3001,0
3,3003,0
3,3004,1
3,3005,0
3,3005,2
3,3007,0
3,3008,2
3,3009,2
3,3010,2
3,3012,2
3,3020,0
3,3023,2
3,3024,2
3,3026,2
3,3027,2
3,3028,0
3,3029,0
3,3030,2
3,3032,0
3,3033,1
3,3034,1
3,3034,2
3,3035,1
3,3037,2
3,3039,2
3,3040,0
3,3043,0
3,3044,2
3,3046,0
3,3047,2
3,3048,2
3,3049,2
3,3052,0
3,3053,2
3,3056,1
3,3058,0
3,3062,0
3,3063,2
3,3064,2
3,3067,2
3,3070,2
3,3071,0
3,3083,2
3,3088,1
3,3175,1
3,3180,0
3,3192,0
3,3197,2
3,3244,0
3,3249,0
3,3329,2
3,3331,0
3,3345,0
3,3356,1
3,3369,2
3,3410,2
3,3413,1
3,3439,0
3,3485,2
3,3688,0
3,3747,0
3,3760,1
3,3763,2
3,3765,2
3,3769,2
3,3775,0
3,3776,1
3,3784,2
3,3800,2
3,3801,1
3,3802,2
3,3805,1
3,3810,2
3,3811,2
3,3813,0
3,3815,2
3,3816,0
3,3817,1
3,3820,2
3,3823,2
3,3828,2
3,3830,2
3,3836,2
3,3837,1
3,3847,0
3,3850,0
3,3852,0
3,3858,0
3,3859,0
3,3870,2
3,3871,2
3,3875,1
3,3888,1
3,3891,2
3,3892,2
3,3893,2
3,3894,1
3,3896,2
3,3899,0
3,3904,2
3,3905,0
3,3908,0
3,3909,2
3,3914,2
3,3916,1
3,3920,1
3,3921,0
3,3922,2
3,3923,1
3,3925,1
3,3926,0
3,3931,2
3,3933,2
3,3937,1
3,3942,0
3,3943,1
3,3944,2
3,3947,2
3,3949,1
3,3952,2
3,3954,1
3,3955,0
3,3957,0
3,3958,2
3,3959,2
3,3963,0
3,3964,2
3,3967,0
3,3973,1
3,3974,2
3,3984,2
3,3988,2
3,3990,2
3,3996,2
3,3999,2
3,4000,2
3,4002,0
3,4003,2
3,4007,0
3,4008,2
3,4009,2
3,4011,2
3,4013,0
3,4017,0
3,4023,2
3,4025,1
3,4027,1
3,4030,2
3,4031,2
3,4036,0
3,4037,2
3,4038,2
3,4041,1
3,4049,1
3,4058,2
3,4059,1
3,4060,2
3,4063,1
3,4064,0
3,4065,1
3,4066,2
3,4067,0
3,4068,2
3,4073,0
3,4075,2
3,4077,1
3,4082,0
3,4087,2
3,4091,2
3,4092,2
3,4094,2
3,4095,0
3,4102,0
3,4105,0
3,4107,2
3,4108,0
3,4110,2
3,4112,0
3,4128,1
3,4183,2
3,4333,2
3,4338,1
3,6910,0
3,6911,0
3,6916,2
3,6948,1
3,6953,0
3,6962,0
3,7016,0
3,7021,0
3,7050,0
3,7055,1
3,7131,1
3,7134,2
3,7136,2
3,7139,0
3,7141,0
3,7155,2
3,7160,0
3,7160,2
3,7165,0
3,7165,1
3,7165,2
3,7174,0
3,7179,2
3,7242,2
3,7247,0
3,7253,1
3,7308,2
3,7323,2
3,7337,2
3,7364,1
3,7368,2
3,7390,1
3,7401,1
3,7414,2
3,7422,1
3,7434,1
3,7436,2
3,7438,2
3,7468,1
3,7471,0
3,7481,1
3,7492,2
3,7508,2
3,7512,2
3,7513,1
3,7514,2
3,7518,0
3,7525,2
3,7530,2
3,7531,0
3,7532,2
3,7533,0
3,7534,0
3,7536,1
3,7549,1
3,7554,1
3,7565,2
3,7568,1
3,7573,2
3,7578,0
3,7582,2
3,7584,2
3,7588,0
3,7589,2
3,7593,1
3,7594,1
3,7595,2
3,7600,1
3,7601,2
3,7606,0
3,7619,2
3,7625,2
3,7633,2
3,7640,0
3,7646,0
3,7656,2
3,7660,2
3,7667,0
3,7699,1
3,7707,0
3,7712,1
3,7741,1
3,7742,2
3,7798,1
3,7803,2
3,7807,0
3,7830,0
3,7862,1
3,7976,2
3,8042,2
3,8123,2
3,8568,2
3,8585,2
3,8589,2
3,8607,0
3,8614,0
3,8644,0
3,8649,0
3,8652,2
3,8664,1
3,8665,2
3,8676,2
3,8691,0
3,8692,1
3,8698,2
3,8702,2
3,8703,0
3,8709,0
3,8713,1
3,8733,2
3,8738,2
3,8739,1
3,8763,1
3,8764,0
3,8768,1
3,8771,1
3,8772,1
3,8780,1
3,8782,0
3,8783,2
3,8785,2
3,8787,2
3,8788,2
3,8791,2
3,8798,0
3,8799,1
3,8803,1
3,8804,2
3,8805,1
3,8812,2
3,8814,2
3,8817,1
3,8819,0
3,8821,1
3,8827,0
3,8829,2
3,8831,2
3,8835,0
3,8837,0
3,8837,2
3,8841,2
3,8846,1
3,8851,2
3,8853,2
3,8856,1
3,8858,1
3,8864,2
3,8866,1
3,8869,1
3,8870,2
3,8872,2
3,8873,2
3,8874,1
3,8875,2
3,8877,2
3,8881,0
3,8882,2
3,8883,2
3,8885,0
3,8886,2
3,8888,2
3,8890,1
3,8891,1
3,8892,1
3,8893,0
3,8895,0
3,8898,2
3,8900,2
3,8904,0
3,8905,0
3,8907,1
3,8909,2
3,8912,1
3,8913,2
3,8914,1
3,8921,2
3,8922,2
3,8925,2
3,8928,1
3,8931,1
3,8932,1
3,8936,2
3,8940,2
3,8948,0
3,8949,2
3,8951,2
3,8953,2
3,8958,0
3,8974,0
3,8976,0
3,8979,1
3,8991,0
3,8993,1
3,8998,2
3,9048,1
3,9053,2
3,9066,0
3,9071,0
3,9072,2
3,9075,2
3,9077,2
3,9099,0
3,9111,1
3,9116,0
3,9118,0
3,9123,0
3,9210,2
3,10706,2
3,10809,1
3,10813,2
3,10950,2
3,10994,2
3,11021,1
3,11042,0
3,11222,1
3,11227,1
3,11232,2
3,11541,2
3,11766,2
3,11777,2
3,12948,2
3,12985,2
3,12990,2
3,12992,0
3,12995,1
3,13054,2
3,13247,2
3,13267,0
3,13270,2
3,13273,1
3,13285,2
3,13298,2
3,13303,0
3,13308,0
3,13313,2
3,13329,2
3,13389,1
3,13394,2
3,13399,1
3,13409,1
3,13414,2
3,13419,2
3,13434,2
3,13448,0
3,13464,0
3,13465,0
3,13467,2
3,13472,0
3,13474,2
3,13479,1
3,13497,2
3,13510,1
3,13513,2
3,13516,1
3,13519,1
3,13521,0
3,13528,2
3,13530,0
3,13531,2
3,13536,1
3,13541,2
3,13542,0
3,13545,2
3,13552,2
3,13554,2
3,13559,0
3,13565,1
3,13567,2
3,13630,2
3,13635,2
3,13640,2
3,13645,2
3,13650,2
3,13669,1
3,13733,2
3,13738,2
3,13780,2
3,13781,2
3,13786,2
3,13791,0
3,13793,1
3,13806,1
3,15878,1
3,15882,2
3,15883,2
3,15888,2
3,15907,2
3,15930,2
3,15935,0
3,15937,0
3,15940,2
3,15945,2
3,15946,2
3,15951,0
3,15952,1
3,15965,2
3,15968,1
3,15970,0
3,15970,2
3,15973,1
3,15975,2
3,15984,2
3,16009,2
3,16012,2
3,16015,0
3,16018,2
3,16023,2
3,16028,0
3,16031,0
3,16033,2
3,16036,1
3,16041,1
3,16041,2
3,16046,1
3,16051,2
3,16055,2
3,16060,2
3,16062,2
3,16063,1
3,16064,1
3,16069,0
3,16071,1
3,16074,0
3,16087,1
3,16087,2
3,16088,1
3,16097,1
3,16099,2
3,16106,1
3,16114,0
3,16121,2
3,16122,1
3,16126,0
3,16133,2
3,16134,2
3,16137,2
3,16138,1
3,16142,2
3,16147,1
3,16150,1
3,16155,1
3,16160,2
3,16163,2
3,16164,0
3,16171,1
3,16172,2
3,16179,2
3,16180,1
3,16188,1
3,16188,2
3,16189,2
3,16196,2
3,16199,2
3,16200,2
3,16203,1
3,16204,2
3,16208,0
3,16209,0
3,16212,2
3,16214,1
3,16226,2
3,16228,1
3,16229,2
3,16231,2
3,16232,2
3,16234,1
3,16237,2
3,16240,1
3,16245,1
3,16247,1
3,16252,2
3,16255,2
3,16266,2
3,16267,1
3,16276,2
3,16277,0
3,16286,2
3,16292,0
3,16297,0
3,16301,2
3,16302,1
3,16304,2
3,16306,1
3,16311,0
3,16317,0
3,16320,2
3,16328,2
3,16332,0
3,16333,1
3,16338,2
3,16341,0
3,16343,1
3,16344,0
3,16348,0
3,16357,2
3,16361,2
3,16362,1
3,16367,2
3,16368,1
3,16371,1
3,16372,2
3,16375,2
3,16379,2
3,16380,2
4,1,2
4,2,2
4,7,2
4,17,2
4,19,2
4,21,1
4,27,0
4,28,0
4,29,1
4,31,2
4,36,2
4,38,1
4,40,2
4,46,0
4,52,0
4,53,0
4,56,1
4,59,2
4,64,2
4,65,2
4,69,0
4,72,0
4,74,2
4,84,2
4,91,2
4,93,0
4,103,1
4,108,2
4,109,1
4,119,1
4,123,2
4,126,1
4,131,0
4,140,2
4,145,0
4,147,2
4,152,0
4,156,2
4,158,1
4,162,2
4,194,2
4,200,1
4,202,2
4,206,1
4,208,2
4,227,0
4,249,0
4,254,1
4,261,2
4,267,2
4,326,2
4,333,2
4,337,2
4,350,1
4,351,0
4,361,1
4,375,2
4,392,2
4,394,1
4,402,1
4,414,2
4,421,2
4,423,2
4,437,0
4,449,2
4,454,2
4,459,2
4,465,0
4,466,2
4,468,0
4,469,2
4,471,2
4,476,1
4,478,2
4,486,2
4,511,2
4,522,2
4,527,1
4,532,0
4,534,2
4,541,2
4,544,2
4,546,2
4,551,2
4,552,2
4,555,0
4,557,0
4,563,2
4,577,2
4,582,2
4,584,2
4,586,0
4,591,2
4,595,1
4,596,2
4,600,1
4,603,2
4,606,2
4,607,0
4,608,2
4,610,2
4,612,2
4,613,1
4,617,1
4,618,2
4,619,2
4,621,1
4,622,0
4,623,0
4,626,0
4,627,2
4,631,0
4,632,0
4,633,2
4,637,2
4,641,1
4,643,0
4,645,2
4,648,2
4,649,2
4,651,2
4,654,1
4,656,0
4,659,0
4,660,2
4,661,1
4,665,1
4,666,0
4,667,0
4,672,2
4,674,2
4,680,2
4,682,0
4,684,0
4,685,0
4,686,0
4,690,0
4,695,2
4,700,0
4,702,0
4,703,2
4,704,2
4,706,0
4,707,2
4,708,2
4,711,2
4,713,0
4,715,2
4,718,0
4,719,2
4,720,2
4,723,0
4,723,2
4,724,2
4,725,1
4,726,2
4,727,0
4,735,2
4,736,2
4,738,2
4,741,2
4,742,2
4,745,0
4,748,1
4,750,0
4,750,2
4,751,0
4,753,1
4,754,2
4,755,1
4,756,0
4,757,2
4,758,2
4,761,2
4,764,2
4,765,1
4,767,2
4,845,2
4,853,1
4,878,2
4,923,2
4,936,0
4,941,1
4,1145,2
4,2097,1
4,2102,2
4,2107,1
4,2529,0
4,2536,2
4,2541,1
4,2554,1
4,2866,2
4,2871,2
4,2993,2
4,2998,2
4,3126,2
4,3654,0
4,3666,1
4,3671,1
4,3676,2
4,3677,2
4,3681,1
4,3686,2
4,4098,0
4,4125,2
4,4195,2
4,4239,2
4,4274,0
4,4277,1
4,4291,0
4,4297,0
4,4308,2
4,4310,2
4,4313,0
4,4329,0
4,4334,2
4,4336,2
4,4340,2
4,4343,2
4,4344,2
4,4345,0
4,4347,2
4,4351,1
4,4352,2
4,4356,2
4,4359,0
4,4361,1
4,4363,2
4,4365,0
4,4370,2
4,4376,2
4,4377,2
4,4379,1
4,4382,2
4,4383,2
4,4385,1
4,4392,2
4,4397,2
4,4400,2
4,4404,0
4,4405,0
4,4406,2
4,4409,2
4,4411,2
4,4413,2
4,4416,1
4,4419,2
4,4421,2
4,4427,1
4,4429,2
4,4435,1
4,4436,2
4,4441,0
4,4444,2
4,4446,2
4,4447,1
4,4465,2
4,4467,2
4,4468,2
4,4469,0
4,4474,1
4,4476,2
4,4477,2
4,4478,0
4,4480,2
4,4483,1
4,4486,0
4,4488,1
4,4493,1
4,4498,0
4,4502,2
4,4503,1
4,4512,1
4,4514,2
4,4525,2
4,4534,0
4,4536,0
4,4538,0
4,4538,2
4,4540,2
4,4542,2
4,4543,0
4,4544,2
4,4546,0
4,4550,2
4,4551,1
4,4552,1
4,4554,2
4,4556,2
4,4557,2
4,4559,1
4,4565,2
4,4568,2
4,4569,2
4,4572,2
4,4575,2
4,4576,2
4,4577,0
4,4578,1
4,4582,0
4,4582,2
4,4583,2
4,4588,2
4,4589,1
4,4594,2
4,4595,0
4,4597,0
4,4599,0
4,4603,0
4,4624,2
4,4645,2
4,4648,0
4,4650,0
4,4655,2
4,4660,2
4,4665,0
4,4666,0
4,4670,2
4,4671,0
4,4677,1
4,4686,2
4,4691,2
4,4709,2
4,4714,2
4,4724,2
4,4749,2
4,4752,1
4,4754,2
4,4757,1
4,4777,1
4,4789,2
4,4801,2
4,4826,2
4,4827,0
4,4832,2
4,4835,0
4,4867,2
4,4872,1
4,4885,2
4,4907,2
4,4925,2
4,4930,0
4,4946,0
4,4993,1
4,5029,1
4,5037,0
4,5041,2
4,5046,1
4,5056,2
4,5062,1
4,5067,1
4,5072,1
4,5077,1
4,5084,1
4,5085,0
4,5086,0
4,5088,0
4,5089,0
4,5090,1
4,5094,1
4,5094,2
4,5095,1
4,5097,1
4,5099,1
4,5099,2
4,5102,2
4,5104,1
4,5104,2
4,5105,2
4,5109,0
4,5109,2
4,5110,2
4,5114,0
4,5114,2
4,5115,0
4,5116,2
4,5117,2
4,5118,1
4,5119,0
4,5119,2
4,5128,2
4,5129,2
4,5131,0
4,5137,2
4,5142,2
4,5153,2
4,5158,2
4,5163,2
4,5164,1
4,5167,2
4,5169,2
4,5172,2
4,5177,0
4,5185,0
4,5189,0
4,5192,0
4,5195,2
4,5197,1
4,5197,2
4,5202,0
4,5202,1
4,5202,2
4,5203,2
4,5207,2
4,5209,2
4,5217,2
4,5222,2
4,5225,1
4,5226,2
4,5229,0
4,5230,2
4,5232,2
4,5234,1
4,5235,2
4,5237,1
4,5239,0
4,5239,1
4,5242,2
4,5244,0
4,5244,1
4,5244,2
4,5249,2
4,5254,2
4,5256,2
4,5257,2
4,5258,2
4,5259,2
4,5261,1
4,5264,1
4,5266,2
4,5272,1
4,5280,1
4,5285,2
4,5289,2
4,5291,1
4,5294,2
4,5297,2
4,5299,0
4,5301,2
4,5302,0
4,5306,2
4,5311,2
4,5312,2
4,5314,1
4,5319,2
4,5320,2
4,5324,1
4,5327,2
4,5338,0
4,5342,2
4,5345,2
4,5346,2
4,5347,1
4,5348,1
4,5350,2
4,5351,2
4,5358,0
4,5360,1
4,5362,2
4,5364,2
4,5372,0
4,6924,2
4,6933,1
4,6959,0
4,6961,0
4,6964,0
4,6972,2
4,6977,1
4,6986,2
4,6993,2
4,6995,2
4,6998,1
4,7000,1
4,7001,2
4,7011,2
4,7012,2
4,7014,0
4,7015,2
4,7018,0
4,7031,2
4,7032,1
4,7035,2
4,7039,0
4,7044,2
4,7049,0
4,7051,2
4,7052,2
4,7054,1
4,7057,2
4,7058,2
4,7059,2
4,7061,1
4,7062,2
4,7063,1
4,7068,1
4,7069,2
4,7073,2
4,7074,2
4,7102,2
4,7103,1
4,7112,1
4,7113,0
4,7117,1
4,7118,2
4,7121,2
4,7139,2
4,7141,1
4,7147,0
4,7150,2
4,7152,2
4,7154,2
4,7156,0
4,7157,2
4,7162,1
4,7162,2
4,7167,1
4,7167,2
4,7169,2
4,7179,1
4,7182,1
4,7184,0
4,7213,1
4,7251,1
4,7268,2
4,7292,2
4,7293,0
4,7294,2
4,7297,1
4,7301,1
4,7304,2
4,7315,0
4,7320,0
4,7321,1
4,7322,1
4,7325,2
4,7339,2
4,7341,2
4,7342,2
4,7343,2
4,7344,1
4,7350,2
4,7352,0
4,7357,2
4,7359,1
4,7363,0
4,7365,1
4,7370,2
4,7371,2
4,7372,2
4,7373,1
4,7375,2
4,7376,2
4,7377,2
4,7380,1
4,7385,2
4,7386,2
4,7391,2
4,7392,1
4,7395,0
4,7396,1
4,7397,0
4,7400,2
4,7403,0
4,7411,2
4,7419,2
4,7420,1
4,7424,2
4,7426,0
4,7429,1
4,7431,2
4,7432,0
4,7436,2
4,7437,1
4,7439,2
4,7441,1
4,7443,2
4,7444,1
4,7446,2
4,7450,0
4,7451,0
4,7453,2
4,7455,1
4,7456,2
4,7457,2
4,7461,1
4,7462,2
4,7463,2
4,7464,2
4,7469,2
4,7470,1
4,7472,2
4,7475,1
4,7476,2
4,7477,2
4,7479,0
4,7480,0
4,7481,2
4,7483,0
4,7485,1
4,7487,2
4,7492,1
4,7493,2
4,7498,2
4,7500,2
4,7503,2
4,7505,1
4,7513,0
4,7517,0
4,7521,2
4,7522,1
4,7524,1
4,7526,2
4,7527,0
4,7532,2
4,7535,2
4,7537,2
4,7540,0
4,7542,2
4,7546,0
4,7548,2
4,7553,1
4,7557,0
4,7559,1
4,7562,2
4,7567,1
4,7568,2
4,7570,1
4,7572,1
4,7573,2
4,7575,1
4,7575,2
4,7580,2
4,7581,1
4,7583,0
4,7584,2
4,7586,2
4,7587,2
4,7588,1
4,7589,0
4,7593,2
4,7596,1
4,7597,2
4,7599,2
4,7600,1
4,7603,2
4,7605,0
4,7606,2
4,7607,0
4,7608,2
4,7609,0
4,7610,1
4,7612,2
4,7614,2
4,7616,2
4,7617,2
4,7618,1
4,7619,0
4,7619,2
4,7622,0
4,7622,2
4,7624,2
4,7625,1
4,7627,2
4,7628,2
4,7629,1
4,7630,0
4,7632,1
4,7633,0
4,7637,2
4,7639,0
4,7640,1
4,7644,1
4,7645,1
4,7645,2
4,7649,0
4,7651,2
4,7652,2
4,7654,2
4,7656,2
4,7662,1
4,7664,0
4,7668,2
4,7672,1
4,7673,2
4,7675,0
4,7676,2
4,7677,2
4,7678,2
4,7680,1
4,7681,0
4,7688,2
4,7690,0
4,7699,0
4,7704,2
4,7728,1
4,7729,2
4,7734,2
4,7737,0
4,7739,2
4,7741,0
4,7744,1
4,7746,2
4,7758,1
4,7763,1
4,7764,0
4,7765,0
4,7768,0
4,7768,2
4,7770,0
4,7770,2
4,7772,1
4,7773,2
4,7774,2
4,7775,1
4,7775,2
4,7778,0
4,7780,2
4,7785,1
4,7788,2
4,7795,2
4,7796,2
4,7800,2
4,7801,1
4,7810,1
4,7813,2
4,7814,2
4,7817,1
4,7835,2
4,7836,1
4,7837,0
4,7841,2
4,7853,2
4,7857,1
4,7858,2
4,7861,2
4,7863,2
4,7864,2
4,7866,1
4,7868,0
4,7871,2
4,7876,1
4,7877,2
4,7881,0
4,7889,0
4,7894,1
4,7899,1
4,7900,0
4,7918,0
4,7919,0
4,7965,2
4,7968,2
4,7972,2
4,7974,1
4,7977,1
4,7979,2
4,7982,2
4,7984,2
4,7988,0
4,7989,2
4,7994,1
4,7996,1
4,7999,0
4,8004,1
4,8006,0
4,8009,2
4,8011,1
4,8016,2
4,8021,0
4,8026,0
4,8031,1
4,8041,1
4,8061,0
4,8066,0
4,8071,2
4,8171,2
4,8172,1
4,8176,2
4,8181,2
4,8231,0
4,8236,1
4,8241,1
4,8246,2
4,8249,1
4,8268,0
4,8291,1
4,8296,2
4,8298,0
4,8353,1
4,8357,2
4,8401,2
4,8420,2
4,8429,2
4,8452,2
4,8455,2
4,8461,2
4,8466,2
4,8471,1
4,8474,1
4,8479,0
4,8484,2
4,8489,2
4,8494,2
4,8496,1
4,8501,0
4,8506,2
4,8511,0
4,8512,2
4,8517,2
4,8520,0
4,8531,1
4,8536,1
4,8540,2
4,8541,2
4,8546,1
4,8551,2
4,8554,2
4,8561,0
4,8562,2
4,8566,2
4,8571,0
4,8572,1
4,8576,2
4,8587,1
4,8602,2
4,8609,2
4,8610,2
4,8612,2
4,8615,1
4,8620,2
4,8624,2
4,8625,0
4,8629,0
4,8632,1
4,8636,2
4,8652,2
4,8657,1
4,8662,1
4,8662,2
4,8667,2
4,8677,0
4,8678,1
4,8685,2
4,8686,2
4,8695,2
4,8699,0
4,8700,0
4,8702,2
4,8710,2
4,8711,1
4,8715,2
4,8717,1
4,8740,2
4,8742,2
4,8743,2
4,8747,0
4,8757,0
4,8759,2
4,8760,2
4,8763,2
4,8764,0
4,8765,1
4,8765,2
4,8766,1
4,8768,2
4,8769,2
4,8770,2
4,8771,0
4,8772,1
4,8775,2
4,8776,2
4,8779,2
4,8803,2
4,8806,2
4,8812,2
4,8853,1
4,8854,2
4,8856,0
4,8857,1
4,8858,1
4,8862,0
4,8867,2
4,8869,2
4,8896,2
4,8901,1
4,8906,2
4,8916,0
4,8919,1
4,8929,2
4,8932,2
4,8935,2
4,8986,2
4,8992,0
4,8996,2
4,9006,1
4,9028,1
4,9036,2
4,9043,2
4,9053,2
4,9075,2
4,9093,0
4,9094,2
4,9106,0
4,9119,0
4,9130,2
4,9143,1
4,9145,2
4,9151,0
4,9153,1
4,9156,2
4,9159,2
4,9164,0
4,9169,2
4,9170,1
4,9172,1
4,9176,0
4,9183,1
4,9191,2
4,9193,2
4,9194,0
4,9195,2
4,9202,2
4,9204,0
4,9207,1
4,9210,1
4,9213,2
4,9219,2
4,9220,0
4,9229,1
4,9232,2
4,9236,2
4,9239,2
4,9242,1
4,9242,2
4,9248,2
4,9252,2
4,9254,2
4,9257,1
4,9259,0
4,9265,1
4,9268,2
4,9269,2
4,9274,2
4,9276,2
4,9278,2
4,9279,1
4,9280,2
4,9285,1
4,9287,0
4,9290,2
4,9293,0
4,9294,2
4,9299,1
4,9300,2
4,9302,2
4,9306,1
4,9309,2
4,9310,2
4,9315,2
4,9317,1
4,9322,0
4,9325,2
4,9326,1
4,9330,2
4,9331,2
4,9334,2
4,9335,0
4,9338,2
4,9339,2
4,9342,0
4,9343,1
4,9345,2
4,9347,2
4,9348,2
4,9349,1
4,9350,0
4,9352,0
4,9354,0
4,9356,0
4,9357,2
4,9358,2
4,9359,0
4,9360,2
4,9361,1
4,9362,1
4,9364,2
4,9366,0
4,9368,1
4,9369,0
4,9371,2
4,9372,1
4,9373,1
4,9374,0
4,9375,1
4,9377,0
4,9378,2
4,9379,1
4,9381,2
4,9391,2
4,9395,0
4,9396,1
4,9397,2
4,9398,0
4,9399,2
4,9400,2
4,9401,0
4,9404,2
4,9405,2
4,9407,0
4,9410,0
4,9412,1
4,9413,1
4,9414,1
4,9415,0
4,9415,2
4,9418,2
4,9420,1
4,9423,2
4,9424,2
4,9426,0
4,9428,1
4,9428,2
4,9429,2
4,9430,0
4,9431,2
4,9432,2
4,9433,2
4,9435,2
4,9436,0
4,9439,2
4,9440,0
4,9440,2
4,9442,2
4,9445,0
4,9445,2
4,9446,1
4,9447,0
4,9448,2
4,9449,2
4,9452,1
4,9452,2
4,9453,2
4,9454,2
4,9455,1
4,9456,1
4,9460,2
4,9461,0
4,9461,2
4,9463,2
4,9465,2
4,9467,2
4,9469,2
4,9470,2
4,9490,2
4,9493,1
4,9494,0
4,9499,1
4,9504,2
4,9515,1
4,9521,1
4,9524,1
4,9526,1
4,9529,2
4,9534,2
4,9539,2
4,9555,1
4,9620,0
4,10764,2
4,10777,2
4,10782,0
4,10784,2
4,10787,2
4,10789,0
4,10791,0
4,10794,2
4,10810,1
4,10813,0
4,10818,2
4,10823,0
4,10828,2
4,10861,0
4,10866,2
4,10871,2
4,10872,2
4,10877,2
4,10889,2
4,10894,2
4,10898,1
4,10944,2
4,10998,0
4,11000,2
4,11003,2
4,11005,0
4,11036,2
4,11080,0
4,11116,2
4,11122,2
4,11149,2
4,11169,0
4,11170,2
4,11176,0
4,11210,0
4,11237,0
4,11247,2
4,11258,0
4,11259,1
4,11261,2
4,11279,1
4,11293,2
4,11296,1
4,11307,1
4,11310,1
4,11311,2
4,11316,2
4,11327,2
4,11334,0
4,11342,0
4,11345,0
4,11347,2
4,11352,1
4,11355,2
4,11363,1
4,11364,2
4,11378,1
4,11388,2
4,11390,1
4,11394,0
4,11401,1
4,11402,2
4,11409,2
4,11410,0
4,11412,1
4,11416,2
4,11418,0
4,11422,2
4,11425,1
4,11427,2
4,11431,0
4,11432,2
4,11441,1
4,11443,1
4,11447,2
4,11454,2
4,11461,2
4,11462,2
4,11464,1
4,11469,0
4,11472,2
4,11475,2
4,11486,0
4,11492,0
4,11513,1
4,11514,1
4,11517,1
4,11520,1
4,11522,0
4,11523,2
4,11525,2
4,11526,2
4,11529,1
4,11530,1
4,11532,0
4,11535,0
4,11539,2
4,11542,2
4,11543,1
4,11546,0
4,11554,0
4,11558,2
4,11559,0
4,11561,0
4,11562,0
4,11563,2
4,11565,0
4,11566,1
4,11568,2
4,11569,1
4,11571,2
4,11573,0
4,11573,2
4,11575,1
4,11577,0
4,11582,0
4,11587,0
4,11601,1
4,11605,1
4,11616,2
4,11622,2
4,11625,2
4,11629,0
4,11631,1
4,11632,0
4,11633,2
4,11636,0
4,11637,0
4,11638,0
4,11639,2
4,11641,2
4,11642,1
4,11647,2
4,11648,2
4,11649,0
4,11649,2
4,11651,2
4,11653,2
4,11655,0
4,11656,2
4,11658,1
4,11659,0
4,11660,1
4,11661,2
4,11664,1
4,11667,1
4,11673,2
4,11674,1
4,11677,1
4,11679,2
4,11680,0
4,11681,0
4,11687,1
4,11688,0
4,11689,1
4,11693,0
4,11699,0
4,11700,1
4,11703,0
4,11705,2
4,11706,2
4,11707,0
4,11709,1
4,11710,1
4,11712,0
4,11719,1
4,11719,2
4,11720,1
4,11722,2
4,11738,2
4,11742,2
4,11744,0
4,11745,0
4,11747,0
4,11749,1
4,11752,1
4,11753,1
4,11754,2
4,11755,0
4,11755,2
4,11757,0
4,11759,0
4,11759,1
4,11761,0
4,11762,2
4,11764,1
4,11766,1
4,11768,1
4,11772,1
4,11773,0
4,11773,1
4,11773,2
4,11774,1
4,11775,1
4,11776,1
4,11779,1
4,11781,0
4,11782,2
4,11788,2
4,11793,0
4,11795,2
4,11797,1
4,11801,0
4,11806,2
4,11811,2
4,11813,0
4,11815,2
4,11817,1
4,11818,2
4,11822,2
4,11824,1
4,11825,0
4,11827,2
4,11829,1
4,11832,2
4,11841,0
4,11843,2
4,11844,0
4,11846,0
4,11849,2
4,11851,2
4,11852,2
4,11854,1
4,11858,0
4,11862,2
4,11868,0
4,11871,2
4,11872,0
4,11875,2
4,11878,1
4,11880,2
4,11882,1
4,11883,0
4,11885,2
4,11887,0
4,11888,2
4,11890,1
4,11892,0
4,11896,1
4,11897,2
4,11898,1
4,11900,2
4,11902,1
4,11903,0
4,11904,2
4,11905,2
4,11907,0
4,11907,2
4,11909,1
4,11909,2
4,11910,2
4,11912,2
4,11914,0
4,11914,2
4,11916,1
4,11918,2
4,11919,0
4,11919,1
4,11920,0
4,11921,0
4,11924,1
4,11924,2
4,11929,1
4,11929,2
4,11933,0
4,11939,2
4,11940,2
4,11941,0
4,11943,2
4,11945,2
4,11947,1
4,11948,2
4,11951,1
4,11953,1
4,11954,0
4,11958,2
4,11959,1
4,11963,0
4,11964,2
4,11965,1
4,11969,2
4,11972,2
4,11974,2
4,11979,0
4,11981,2
4,11984,2
4,11985,1
4,11986,2
4,11987,1
4,11989,1
4,11989,2
4,11990,0
4,11990,2
4,11991,2
4,11992,1
4,11994,0
4,11995,0
4,11996,2
4,11999,0
4,11999,2
4,12001,0
4,12002,0
4,12004,1
4,12009,0
4,12012,1
4,12013,2
4,12014,1
4,12014,2
4,12015,1
4,12016,2
4,12017,1
4,12018,1
4,12019,1
4,12021,1
4,12021,2
4,12023,1
4,12024,0
4,12026,1
4,12027,1
4,12028,1
4,12028,2
4,12029,1
4,12029,2
4,12046,2
4,12051,0
4,12083,2
4,12133,2
4,12140,1
4,12175,2
4,12177,2
4,12180,1
4,12214,2
4,12219,0
4,12269,2
4,12274,2
4,12277,2
4,12286,0
4,12286,2
4,12397,2
4,12438,1
4,12443,0
4,12454,2
4,12475,1
4,12480,2
4,12531,2
4,12536,1
4,12536,2
4,12537,1
4,12541,0
4,12541,1
4,12541,2
4,12542,0
4,12548,1
4,12550,0
4,12551,2
4,12554,2
4,12558,1
4,12563,1
4,12578,0
4,12580,2
4,12582,2
4,12587,0
4,12593,2
4,12602,0
4,12605,0
4,12610,0
4,12616,2
4,12621,1
4,12625,2
4,12630,2
4,12636,1
4,12644,2
4,12654,2
4,12670,0
4,12676,1
4,12686,2
4,12696,2
4,12710,2
4,12712,2
4,12724,2
4,12727,1
4,12730,2
4,12739,2
4,12749,2
4,12767,2
4,12789,0
4,12823,0
4,12829,0
4,12833,2
4,12834,1
4,12848,2
4,12851,2
4,12859,2
4,12877,2
4,12881,2
4,12883,0
4,12895,0
4,12908,1
4,12909,0
4,12915,0
4,12917,0
4,12919,1
4,12923,1
4,12925,2
4,12929,1
4,12931,2
4,12932,1
4,12934,2
4,12935,0
4,12937,1
4,12939,0
4,12941,0
4,12942,2
4,12945,1
4,12954,1
4,12955,2
4,12958,0
4,12962,2
4,12963,2
4,12967,2
4,12968,1
4,12970,1
4,12975,0
4,12981,2
4,12982,1
4,12985,1
4,12986,1
4,12991,1
4,12992,2
4,12993,2
4,12995,2
4,12999,0
4,13001,2
4,13007,1
4,13010,0
4,13012,2
4,13013,1
4,13015,2
4,13016,0
4,13020,0
4,13021,0
4,13022,1
4,13024,2
4,13025,0
4,13026,0
4,13027,2
4,13031,1
4,13035,0
4,13043,0
4,13045,1
4,13047,0
4,13050,0
4,13053,0
4,13060,2
4,13063,2
4,13065,2
4,13067,2
4,13068,1
4,13072,1
4,13073,1
4,13077,2
4,13078,2
4,13079,2
4,13081,1
4,13082,0
4,13086,2
4,13087,2
4,13096,2
4,13098,1
4,13101,2
4,13105,2
4,13106,0
4,13107,2
4,13109,2
4,13110,2
4,13111,2
4,13112,1
4,13113,1
4,13114,1
4,13116,2
4,13117,2
4,13119,0
4,13121,0
4,13124,2
4,13127,1
4,13128,2
4,13129,2
4,13130,1
4,13134,2
4,13136,0
4,13138,0
4,13141,1
4,13144,0
4,13144,2
4,13145,2
4,13148,1
4,13151,1
4,13153,1
4,13153,2
4,13157,1
4,13158,1
4,13158,2
4,13159,2
4,13162,1
4,13162,2
4,13163,2
4,13165,2
4,13168,0
4,13169,2
4,13170,2
4,13177,0
4,13179,0
4,13183,2
4,13186,0
4,13187,2
4,13190,2
4,13191,1
4,13192,1
4,13200,2
4,13201,0
4,13203,1
4,13207,2
4,13208,2
4,13211,0
4,13212,2
4,13215,2
4,13216,1
4,13217,2
4,13221,2
4,13226,0
4,13226,2
4,13227,0
4,13228,2
4,13231,0
4,13231,2
4,13241,2
4,13243,2
4,13244,2
4,13246,0
4,13247,0
4,13250,0
4,13252,2
4,13253,1
4,13255,0
4,13256,2
4,13257,2
4,13258,1
4,13260,1
4,13263,1
4,13265,0
4,13268,0
4,13270,1
4,13276,2
4,13278,1
4,13279,2
4,13281,0
4,13282,2
4,13283,1
4,13284,2
4,13285,0
4,13290,1
4,13291,1
4,13295,1
4,13297,2
4,13298,1
4,13299,2
4,13302,1
4,13303,0
4,13304,0
4,13309,1
4,13310,1
4,13322,2
4,13328,2
4,13332,1
4,13335,2
4,13337,2
4,13360,1
4,13381,2
4,13401,2
4,13455,0
4,13476,2
4,13479,1
4,13484,2
4,13518,0
4,13522,2
4,13527,2
4,13536,2
4,13547,2
4,13549,2
4,13557,0
4,13561,2
4,13562,0
4,13667,2
4,13719,2
4,13750,2
4,13822,2
4,14079,2
4,14152,2
4,14180,1
4,14183,0
4,14192,2
4,14215,1
4,14220,2
4,14329,2
4,14331,1
4,14334,2
4,14383,0
4,14388,2
4,14443,0
4,14448,0
4,14487,1
4,14543,2
4,14562,0
4,14567,0
4,14568,2
4,14573,2
4,14590,2
4,14592,1
4,14595,2
4,14598,1
4,14600,0
4,14608,2
4,14610,1
4,14620,2
4,14622,0
4,14624,0
4,14625,2
4,14648,0
4,14651,2
4,14652,1
4,14655,1
4,14660,0
4,14661,1
4,14664,0
4,14666,1
4,14667,0
4,14670,0
4,14671,2
4,14673,0
4,14675,0
4,14684,1
4,14685,1
4,14686,2
4,14697,1
4,14713,0
4,14720,2
4,14730,0
4,14733,2
4,14736,2
4,14737,1
4,14743,1
4,14756,2
4,14762,2
4,14775,2
4,14787,2
4,14795,2
4,14797,0
4,14798,2
4,14809,1
4,14816,1
4,14824,1
4,14826,2
4,14832,1
4,14837,0
4,14844,1
4,14853,0
4,14856,1
4,14872,2
4,14879,2
4,14883,1
4,14887,2
4,14893,0
4,14894,2
4,14896,2
4,14904,2
4,14914,0
4,14915,1
4,14917,2
4,14918,2
4,14919,2
4,14923,2
4,14927,2
4,14928,2
4,14930,2
4,14933,1
4,14933,2
4,14934,1
4,14935,0
4,14937,2
4,14938,1
4,14941,1
4,14943,2
4,14944,0
4,14947,1
4,14948,2
4,14949,2
4,14951,2
4,14952,2
4,14957,2
4,14958,1
4,14959,2
4,14960,1
4,14961,2
4,14962,2
4,14964,1
4,14967,2
4,14970,0
4,14971,0
4,14973,2
4,14979,2
4,14984,0
4,14989,0
4,14994,2
4,14996,2
4,14997,0
4,15005,2
4,15006,1
4,15011,2
4,15012,1
4,15018,1
4,15021,0
4,15022,1
4,15024,1
4,15025,2
4,15027,2
4,15030,2
4,15032,1
4,15033,1
4,15035,1
4,15037,2
4,15044,1
4,15046,0
4,15051,2
4,15053,1
4,15054,0
4,15055,0
4,15057,2
4,15058,2
4,15061,0
4,15064,1
4,15065,1
4,15069,2
4,15071,2
4,15073,2
4,15074,2
4,15078,2
4,15081,2
4,15083,2
4,15088,2
4,15089,1
4,15090,2
4,15091,2
4,15094,0
4,15095,2
4,15097,0
4,15098,1
4,15126,2
4,15143,0
4,15156,2
4,15171,2
4,15175,2
4,15176,2
4,15178,2
4,15183,0
4,15185,0
4,15204,2
4,15208,2
4,15211,2
4,15216,1
4,15217,1
4,15265,2
4,15270,2
4,15275,0
4,15290,0
4,15291,2
4,15293,2
4,15296,1
4,15304,0
4,15338,0
4,15342,1
4,15343,2
4,15347,0
4,15348,1
4,15353,1
4,15358,0
5,1417,2
5,1422,0
5,1434,2
5,1439,0
5,1442,1
5,1447,2
5,1505,0
5,1523,2
5,1527,2
5,1532,2
5,1533,2
5,1534,2
5,1543,0
5,1569,2
5,1605,0
5,1619,0
5,1677,2
5,1680,1
5,1681,2
5,1687,1
5,1696,0
5,1703,2
5,1706,2
5,1708,2
5,1709,2
5,1731,2
5,1732,2
5,1736,2
5,1739,2
5,1740,1
5,1744,1
5,1745,1
5,1746,0
5,1748,2
5,1751,1
5,1751,2
5,1756,0
5,1756,1
5,1756,2
5,1758,0
5,1761,1
5,1762,0
5,1763,0
5,1764,2
5,1765,1
5,1771,0
5,1772,2
5,1777,0
5,1779,0
5,1781,2
5,1784,1
5,1786,1
5,1789,2
5,1793,2
5,1800,0
5,1805,1
5,1808,2
5,1819,0
5,1825,2
5,1831,2
5,1836,2
5,1844,2
5,1862,0
5,1867,1
5,1869,2
5,1872,1
5,1873,2
5,1876,2
5,1877,0
5,1898,1
5,1902,2
5,1903,2
5,1907,2
5,1914,2
5,1919,2
5,1923,0
5,1928,2
5,1932,1
5,1935,0
5,1937,1
5,1938,0
5,1943,0
5,1946,2
5,1948,1
5,1952,2
5,1984,2
5,1994,2
5,1998,0
5,2003,2
5,2008,2
5,2020,0
5,2042,2
5,2043,0
5,2054,1
5,2055,2
5,2058,2
5,2060,2
5,2061,0
5,2066,2
5,2071,2
5,2083,1
5,2094,0
5,2112,2
5,2113,2
5,2117,2
5,2118,2
5,2134,0
5,2140,2
5,2148,2
5,2153,2
5,2154,2
5,2157,2
5,2158,1
5,2180,2
5,2221,0
5,2228,2
5,2239,2
5,2275,2
5,2302,1
5,2318,1
5,2319,0
5,2324,2
5,2328,1
5,2329,2
5,2331,1
5,2333,1
5,2334,2
5,2335,0
5,2336,1
5,2337,2
5,2341,2
5,2342,1
5,2354,2
5,2356,0
5,2360,1
5,2368,0
5,2373,2
5,2387,2
5,2399,2
5,2410,1
5,2411,2
5,2412,0
5,2423,0
5,2424,1
5,2428,1
5,2433,2
5,2436,0
5,2438,2
5,2453,0
5,2458,2
5,2460,1
5,2461,1
5,2465,2
5,2483,1
5,2484,1
5,2486,1
5,2490,2
5,2492,2
5,2493,2
5,2495,1
5,2497,0
5,2498,1
5,2506,2
5,2507,0
5,2511,0
5,2517,0
5,2530,0
5,2546,0
5,2547,2
5,2550,1
5,2551,0
5,2552,0
5,2555,2
5,2557,0
5,2559,2
5,2569,0
5,2578,2
5,2590,2
5,2597,2
5,2607,0
5,2611,0
5,2613,1
5,2616,0
5,2618,0
5,2621,2
5,2627,1
5,2632,2
5,2639,2
5,2642,0
5,2644,2
5,2649,0
5,2658,2
5,2659,1
5,2664,2
5,2665,2
5,2670,1
5,2673,0
5,2676,2
5,2677,1
5,2682,2
5,2687,2
5,2692,2
5,2697,2
5,2707,1
5,2712,0
5,2717,0
5,2723,1
5,2734,0
5,2739,0
5,2739,2
5,2744,1
5,2744,2
5,2749,2
5,2751,1
5,2754,0
5,2759,1
5,2786,2
5,2791,1
5,2805,1
5,2806,2
5,2810,2
5,2815,1
5,3150,1
5,3155,2
5,3160,2
5,3165,0
5,3204,1
5,3230,1
5,3231,2
5,3236,1
5,3241,1
5,3246,2
5,3265,0
5,3280,1
5,3285,1
5,3315,1
5,3328,2
5,3330,1
5,3331,2
5,3332,1
5,3333,2
5,3336,2
5,3338,0
5,3339,2
5,3341,2
5,3342,1
5,3345,2
5,3346,2
5,3347,2
5,3349,2
5,3350,1
5,3351,2
5,3354,1
5,3358,2
5,3359,2
5,3362,2
5,3363,2
5,3366,2
5,3369,0
5,3372,2
5,3373,1
5,3375,1
5,3379,2
5,3387,2
5,3388,2
5,3390,2
5,3398,2
5,3401,2
5,3404,1
5,3412,1
5,3415,2
5,3420,1
5,3423,2
5,3430,2
5,3432,2
5,3434,1
5,3438,1
5,3443,0
5,3448,1
5,3450,2
5,3451,2
5,3453,0
5,3454,1
5,3458,1
5,3459,2
5,3465,0
5,3466,2
5,3468,0
5,3469,0
5,3475,0
5,3476,2
5,3482,2
5,3483,2
5,3484,1
5,3489,2
5,3490,0
5,3491,0
5,3493,2
5,3494,2
5,3496,1
5,3496,2
5,3500,2
5,3503,0
5,3504,1
5,3506,2
5,3508,0
5,3509,0
5,3515,2
5,3516,1
5,3518,1
5,3520,2
5,3522,2
5,3525,2
5,3526,2
5,3528,2
5,3539,2
5,3543,2
5,3544,2
5,3545,1
5,3546,0
5,3549,2
5,3550,0
5,3550,2
5,3552,2
5,3558,2
5,3559,0
5,3560,2
5,3561,2
5,3564,2
5,3566,0
5,3568,1
5,3568,2
5,3569,0
5,3570,2
5,3571,1
5,3573,0
5,3575,1
5,3577,2
5,3579,2
5,3580,1
5,3580,2
5,3586,2
5,3590,0
5,3592,2
5,3595,2
5,3598,2
5,3600,2
5,3606,1
5,3607,1
5,3616,0
5,3617,1
5,3621,0
5,3627,1
5,3629,2
5,3630,1
5,3642,2
5,3648,2
5,3651,2
5,3657,2
5,3660,2
5,3663,2
5,3665,2
5,3669,1
5,3682,1
5,3688,2
5,3690,1
5,3694,1
5,3697,2
5,3699,2
5,3710,2
5,3714,2
5,3715,0
5,3717,1
5,3724,2
5,3728,0
5,3740,0
5,3741,2
5,3754,0
5,3756,2
5,3759,0
5,3764,2
5,3778,1
5,3783,2
5,3814,2
5,3815,0
5,3818,0
5,3821,2
5,3824,2
5,5015,0
5,6144,0
5,6300,0
5,6305,2
5,6395,1
5,6398,2
5,6405,0
5,6406,2
5,6411,2
5,6412,2
5,6417,0
5,6422,0
5,6424,2
5,6430,2
5,6432,0
5,6437,0
5,6438,2
5,6442,0
5,6442,2
5,6443,2
5,6444,2
5,6447,0
5,6448,0
5,6451,2
5,6455,1
5,6460,1
5,6462,1
5,6465,1
5,6466,1
5,6473,1
5,6474,0
5,6493,2
5,6495,0
5,6498,2
5,6500,2
5,6503,1
5,6504,1
5,6508,0
5,6517,0
5,6518,0
5,6519,0
5,6522,0
5,6524,0
5,6524,2
5,6526,2
5,6529,1
5,6532,0
5,6534,0
5,6541,2
5,6547,2
5,6551,1
5,6552,1
5,6555,2
5,6556,2
5,6560,0
5,6562,2
5,6568,0
5,6574,2
5,6575,0
5,6577,2
5,6580,1
5,6580,2
5,6582,1
5,6583,1
5,6585,0
5,6589,1
5,6594,1
5,6595,2
5,6601,1
5,6603,1
5,6606,2
5,6608,2
5,6611,2
5,6612,0
5,6615,2
5,6617,2
5,6630,1
5,6635,2
5,6636,2
5,6641,0
5,6641,2
5,6643,0
5,6646,2
5,6649,1
5,6649,2
5,6650,0
5,6651,0
5,6651,2
5,6655,2
5,6659,2
5,6661,2
5,6664,2
5,6668,1
5,6669,2
5,6670,2
5,6674,0
5,6675,0
5,6678,2
5,6680,1
5,6681,1
5,6683,1
5,6684,2
5,6687,0
5,6688,1
5,6690,2
5,6692,2
5,6697,2
5,6698,2
5,6699,2
5,6701,0
5,6701,2
5,6703,2
5,6704,2
5,6706,1
5,6709,1
5,6711,0
5,6711,2
5,6714,2
5,6716,2
5,6719,0
5,6722,2
5,6723,0
5,6727,1
5,6731,2
5,6733,0
5,6736,2
5,6741,2
5,6745,2
5,6752,2
5,6756,1
5,6759,2
5,6768,0
5,6771,2
5,6776,2
5,6787,1
5,6788,2
5,6793,1
5,6797,2
5,6798,0
5,6808,0
5,6810,2
5,6813,2
5,6825,0
5,6829,1
5,6831,0
5,6833,2
5,6835,0
5,6838,2
5,6839,2
5,6840,2
5,6843,2
5,6848,2
5,6850,2
5,6852,1
5,6853,0
5,6855,2
5,6857,2
5,6859,1
5,6860,1
5,6862,2
5,6866,1
5,6867,2
5,6871,1
5,6873,0
5,6876,2
5,6881,1
5,6889,0
5,6895,1
5,6900,0
5,6902,1
5,6910,1
5,6914,2
5,6919,2
5,6933,0
5,6954,1
5,6959,2
5,6968,1
5,6972,0
5,6976,2
5,7056,1
5,7057,2
5,7071,1
5,7082,2
5,7087,2
5,7119,2
5,7127,2
5,7167,1
5,7264,1
5,7269,2
5,7392,0
5,7425,2
5,7460,0
5,7490,2
5,7513,1
5,7523,2
5,7543,2
5,7592,2
5,7598,2
5,7605,2
5,7606,2
5,7627,0
5,7641,2
5,7644,0
5,7649,2
5,7660,2
5,7661,2
5,7667,0
5,7668,2
5,7671,1
5,7679,2
5,7682,2
5,7692,1
5,7693,2
5,7694,2
5,7698,2
5,7703,2
5,7706,2
5,7708,0
5,7712,0
5,7721,2
5,7726,1
5,7727,2
5,7730,0
5,7735,2
5,7738,0
5,7747,1
5,7752,1
5,7753,2
5,7755,1
5,7756,2
5,7757,2
5,7758,1
5,7759,1
5,7761,2
5,7762,2
5,7767,2
5,7776,1
5,7779,2
5,7787,0
5,7790,0
5,7792,2
5,7799,1
5,7800,0
5,7804,0
5,7809,2
5,7811,2
5,7815,1
5,7820,2
5,7830,0
5,7833,2
5,7840,1
5,7852,1
5,7872,2
5,7873,0
5,7881,2
5,7883,1
5,7884,1
5,7891,2
5,7892,2
5,7895,1
5,7897,0
5,7899,2
5,7902,2
5,7908,2
5,7912,0
5,7913,1
5,7915,2
5,7917,0
5,7920,0
5,7925,1
5,7926,0
5,7932,1
5,7942,2
5,7944,2
5,7946,2
5,7949,0
5,7952,0
5,7954,2
5,7957,2
5,7959,2
5,7971,0
5,7978,1
5,7980,2
5,7989,2
5,7992,0
5,8001,1
5,8006,2
5,8010,0
5,8011,0
5,8012,2
5,8014,2
5,8015,0
5,8017,2
5,8020,1
5,8022,1
5,8025,2
5,8030,1
5,8034,2
5,8035,1
5,8037,2
5,8039,1
5,8040,2
5,8042,0
5,8043,0
5,8047,2
5,8048,0
5,8052,2
5,8060,1
5,8062,2
5,8068,0
5,8075,2
5,8081,0
5,8088,1
5,8089,2
5,8094,1
5,8096,0
5,8107,2
5,8112,0
5,8116,1
5,8117,0
5,8122,0
5,8125,0
5,8135,2
5,8144,2
5,8152,2
5,8158,2
5,8160,2
5,8163,2
5,8164,0
5,8165,2
5,8168,1
5,8170,2
5,8174,0
5,8179,2
5,8182,2
5,8188,0
5,8190,2
5,8197,2
5,8198,2
5,8207,2
5,8213,2
5,8217,2
5,8219,2
5,8220,0
5,8221,2
5,8225,0
5,8230,1
5,8236,2
5,8238,0
5,8239,2
5,8243,1
5,8248,0
5,8250,0
5,8260,2
5,8270,2
5,8274,0
5,8279,1
5,8284,0
5,8300,2
5,8302,1
5,8304,2
5,8307,2
5,8312,2
5,8314,2
5,8316,2
5,8321,2
5,8332,0
5,8337,2
5,8343,1
5,8352,1
5,8353,1
5,8358,2
5,8360,2
5,8361,2
5,8367,2
5,8374,2
5,8382,2
5,8383,1
5,8386,2
5,8387,2
5,8389,2
5,8390,1
5,8391,2
5,8396,2
5,8397,0
5,8398,0
5,8404,2
5,8408,0
5,8409,2
5,8417,1
5,8422,2
5,8425,1
5,8433,1
5,8440,2
5,8442,2
5,8443,1
5,8448,1
5,8450,0
5,8450,2
5,8451,2
5,8455,2
5,8456,0
5,8457,2
5,8459,0
5,8462,2
5,8464,0
5,8466,2
5,8468,2
5,8474,2
5,8475,2
5,8476,2
5,8477,0
5,8478,2
5,8484,1
5,8485,2
5,8486,2
5,8489,0
5,8491,1
5,8494,2
5,8496,0
5,8497,1
5,8497,2
5,8500,2
5,8501,1
5,8502,0
5,8503,1
5,8504,2
5,8507,2
5,8508,0
5,8512,2
5,8514,0
5,8516,2
5,8522,2
5,8524,0
5,8525,2
5,8528,0
5,8530,2
5,8531,2
5,8532,1
5,8533,1
5,8534,2
5,8536,2
5,8538,1
5,8542,0
5,8543,2
5,8545,0
5,8548,0
5,8549,0
5,8553,0
5,8553,1
5,8553,2
5,8555,0
5,8555,2
5,8556,2
5,8558,1
5,8560,2
5,8561,2
5,8563,2
5,8564,2
5,8567,0
5,8568,1
5,8570,1
5,8570,2
5,8571,0
5,8571,2
5,8572,2
5,8573,2
5,8574,2
5,8576,0
5,8581,0
5,8583,0
5,8585,0
5,8586,2
5,8587,2
5,8589,0
5,8591,2
5,8593,1
5,8594,0
5,8594,1
5,8596,0
5,8597,1
5,8597,2
5,8598,1
5,8599,0
5,8600,1
5,8605,0
5,8605,1
5,8605,2
5,8606,0
5,8609,0
5,8611,1
5,8611,2
5,8613,1
5,8613,2
5,8616,2
5,8617,1
5,8618,1
5,8620,0
5,8621,0
5,8623,2
5,8624,1
5,8624,2
5,8625,0
5,8626,0
5,8628,2
5,8631,1
5,8631,2
5,8632,2
5,8633,2
5,8634,2
5,8637,1
5,8637,2
5,8639,1
5,8640,0
5,8640,2
5,8642,1
5,8642,2
5,8643,0
5,8643,2
5,8644,0
5,8646,0
5,8647,0
5,8649,2
5,8650,0
5,8656,0
5,8657,1
5,8657,2
5,8661,0
5,8665,1
5,8666,2
5,8669,2
5,8670,0
5,8670,2
5,8671,0
5,8672,2
5,8673,2
5,8675,0
5,8677,0
5,8677,2
5,8679,1
5,8680,0
5,8682,1
5,8682,2
5,8683,2
5,8684,2
5,8689,0
5,8690,2
5,8691,2
5,8694,0
5,8696,1
5,8702,0
5,8702,2
5,8703,2
5,8705,2
5,8707,2
5,8714,1
5,8722,1
5,8732,2
5,8733,1
5,8735,1
5,8739,1
5,8747,0
5,8748,2
5,8755,0
5,8760,0
5,8761,1
5,8764,0
5,8774,2
5,8784,0
5,8793,0
5,8799,1
5,8803,2
5,8804,2
5,8805,2
5,8808,1
5,8813,0
5,8819,2
5,8825,1
5,8828,2
5,8829,2
5,8830,2
5,8831,2
5,8832,2
5,8833,0
5,8835,2
5,8837,0
5,8842,2
5,8843,0
5,8853,2
5,8856,1
5,8857,1
5,8858,2
5,8860,2
5,8863,2
5,8876,2
5,8887,1
5,8890,1
5,8892,0
5,8897,2
5,8909,0
5,8911,0
5,8916,2
5,8919,2
5,8921,2
5,8926,0
5,8927,2
5,8929,2
5,8931,2
5,8936,2
5,8939,1
5,8948,2
5,8949,2
5,8950,0
5,8961,0
5,8968,0
5,8973,2
5,8974,0
5,8976,2
5,8979,1
5,8979,2
5,8980,1
5,8984,1
5,8985,1
5,8990,2
5,8993,0
5,9005,2
5,9015,2
5,9023,2
5,9028,2
5,9030,2
5,9035,1
5,9038,2
5,9040,2
5,9043,0
5,9046,2
5,9048,2
5,9057,2
5,9061,1
5,9065,0
5,9066,0
5,9067,2
5,9071,2
5,9083,1
5,9090,2
5,9093,2
5,9113,2
5,9117,2
5,9121,0
5,9124,0
5,9125,1
5,9127,2
5,9129,2
5,9131,1
5,9136,2
5,9141,0
5,9151,2
5,9164,0
5,9170,0
5,9190,0
5,9194,0
5,9199,1
5,9204,2
5,9205,1
5,9207,2
5,9208,0
5,9213,2
5,9216,1
5,9226,2
5,9233,1
5,9234,1
5,9241,2
5,9249,2
5,9250,0
5,9257,1
5,9262,0
5,9267,1
5,9276,2
5,9298,0
5,9299,2
5,9300,1
5,9304,2
5,9318,2
5,9319,1
5,9324,1
5,9332,0
5,9341,2
5,9367,2
5,9370,2
5,9374,1
5,9400,0
5,9418,2
5,9419,1
5,9420,2
5,9427,1
5,9433,1
5,9440,2
5,9442,2
5,9456,2
5,9461,1
5,9465,2
5,9472,2
5,9475,1
5,9482,2
5,9485,0
5,9491,0
5,9492,1
5,9495,2
5,9526,1
5,9528,1
5,9542,0
5,9543,2
5,9547,2
5,9549,2
5,9551,2
5,9566,2
5,9571,2
5,9574,2
5,9601,0
5,9607,0
5,9609,2
5,9650,1
5,9662,0
5,9667,2
5,9668,1
5,9686,0
5,9692,0
5,9694,2
5,9696,0
5,9702,2
5,9704,2
5,9706,2
5,9709,1
5,9717,1
5,9726,2
5,9822,0
5,9877,0
5,9903,2
5,10087,2
5,10238,2
5,10298,0
5,10388,1
5,10441,2
5,10487,1
5,10492,0
5,10492,2
5,10494,0
5,10514,0
5,10703,2
5,10748,2
5,10776,2
5,10847,1
5,10852,2
5,10864,0
5,10868,1
5,10893,2
5,10900,0
5,10908,2
5,10918,1
5,10931,1
5,10946,0
5,10952,1
5,10953,2
5,10956,2
5,10959,2
5,10961,1
5,10967,2
5,10970,2
5,10982,1
5,10990,0
5,10992,2
5,10996,0
5,10998,0
5,11007,1
5,11010,2
5,11019,0
5,11022,1
5,11027,0
5,11044,2
5,11047,2
5,11057,0
5,11062,2
5,11066,0
5,11069,0
5,11070,2
5,11087,0
5,11094,1
5,11095,1
5,11097,0
5,11102,0
5,11104,1
5,11106,2
5,11110,2
5,11114,2
5,11115,2
5,11118,2
5,11121,2
5,11122,2
5,11130,2
5,11132,1
5,11133,2
5,11135,2
5,11137,0
5,11138,0
5,11148,2
5,11149,0
5,11152,2
5,11154,2
5,11165,2
5,11178,1
5,11179,2
5,11180,0
5,11181,2
5,11182,1
5,11183,0
5,11184,0
5,11185,2
5,11187,2
5,11188,1
5,11190,2
5,11191,2
5,11193,1
5,11197,0
5,11198,2
5,11210,0
5,11212,1
5,11220,2
5,11231,2
5,11233,2
5,11239,2
5,11242,2
5,11258,2
5,11290,0
5,11318,0
5,11325,2
5,11382,2
5,11396,1
5,11400,0
5,11411,0
5,11412,1
5,11423,2
5,11424,2
5,11427,1
5,11428,0
5,11453,0
5,11467,1
5,11477,1
5,11491,0
5,11512,0
5,11525,2
5,11530,2
5,11531,2
5,11535,1
5,11537,1
5,11540,0
5,11547,2
5,11552,0
5,11577,0
5,11588,1
5,11614,2
5,11616,0
5,11618,0
5,11623,0
5,11630,1
5,11637,0
5,11654,0
5,11675,2
5,11685,0
5,11690,0
5,11726,2
5,11731,1
5,11732,2
5,11736,2
5,11741,2
5,11746,1
5,11746,2
5,11751,2
5,11756,1
5,11810,1
5,11816,2
5,11821,0
5,11837,2
5,11878,2
5,11965,2
5,11984,2
5,12010,0
5,12013,0
5,12016,2
5,12018,0
5,12021,1
5,12023,0
5,12025,2
5,12026,1
5,12030,0
5,12031,2
5,12037,1
5,12040,2
5,12060,2
5,12063,2
5,12100,2
5,12167,2
5,12172,2
5,12210,0
5,12211,2
5,12216,2
5,12221,2
5,12231,0
5,12236,1
5,12365,2
5,12368,0
5,12496,0
5,12544,0
5,12549,2
5,12610,2
5,12639,2
5,12644,1
5,12649,2
5,12658,2
5,12660,0
5,12663,2
5,12685,0
5,12690,2
5,12696,0
5,12701,2
5,12702,2
5,12706,2
5,12707,0
5,12715,0
5,12720,2
5,12725,0
5,12730,1
5,12747,0
5,12779,2
5,12792,0
5,12797,0
5,12798,2
5,12835,1
5,12840,2
5,12841,1
5,12845,2
5,12850,2
5,12868,1
5,12911,0
5,12916,0
5,12922,0
5,12935,2
5,12940,2
5,12947,2
5,12967,0
5,12972,2
5,12974,2
5,12981,2
5,12983,1
5,12985,2
5,12990,2
5,12995,0
5,12999,2
5,13000,2
5,13001,0
5,13006,1
5,13009,1
5,13011,0
5,13016,1
5,13023,2
5,13031,1
5,13032,1
5,13032,2
5,13036,1
5,13036,2
5,13039,0
5,13041,1
5,13041,2
5,13043,2
5,13044,2
5,13046,1
5,13046,2
5,13049,1
5,13050,2
5,13054,0
5,13055,1
5,13057,1
5,13061,0
5,13064,0
5,13066,1
5,13066,2
5,13067,2
5,13071,1
5,13071,2
5,13074,2
5,13075,2
5,13083,0
5,13087,0
5,13092,2
5,13093,1
5,13095,1
5,13096,2
5,13097,2
5,13098,2
5,13099,0
5,13103,2
5,13104,2
5,13105,2
5,13109,2
5,13112,2
5,13122,0
5,13125,2
5,13127,0
5,13140,2
5,13147,2
5,13149,1
5,13151,1
5,13168,2
5,13171,1
5,13172,2
5,13177,2
5,13178,1
5,13190,2
5,13193,2
5,13211,0
5,13215,0
5,13220,1
5,13229,1
5,13233,2
5,13235,1
5,13238,2
5,13239,2
5,13241,0
5,13241,2
5,13251,1
5,13258,2
5,13262,0
5,13262,2
5,13265,1
5,13267,2
5,13268,2
5,13269,2
5,13270,1
5,13272,2
5,13273,0
5,13278,0
5,13280,1
5,13282,2
5,13290,1
5,13292,0
5,13293,2
5,13294,0
5,13295,0
5,13295,2
5,13298,0
5,13299,1
5,13299,2
5,13300,0
5,13300,1
5,13304,2
5,13307,0
5,13307,1
5,13307,2
5,13309,2
5,13310,1
5,13311,2
5,13312,2
5,13314,0
5,13315,2
5,13316,0
5,13317,2
5,13318,1
5,13318,2
5,13323,2
5,13324,2
5,13326,1
5,13327,1
5,13329,1
5,13330,0
5,13331,2
5,13332,1
5,13333,2
5,13334,1
5,13336,2
5,13337,2
5,13341,1
5,13343,0
5,13347,1
5,13350,2
5,13352,2
5,13357,2
5,13358,2
5,13359,1
5,13360,2
5,13363,0
5,13364,2
5,13365,0
5,13371,2
5,13375,0
5,13379,2
5,13380,0
5,13385,0
5,13387,0
5,13394,2
5,13395,1
5,13397,2
5,13400,2
5,13401,1
5,13403,2
5,13405,2
5,13408,2
5,13409,0
5,13413,2
5,13414,2
5,13419,2
5,13422,2
5,13425,0
5,13429,2
5,13430,0
5,13431,2
5,13433,2
5,13435,1
5,13436,2
5,13441,2
5,13442,1
5,13450,2
5,13452,0
5,13454,0
5,13456,0
5,13458,0
5,13471,0
5,13473,0
5,13506,2
5,13530,2
5,13531,2
5,13536,2
5,13543,1
5,13551,2
5,13567,2
5,13594,2
5,13616,2
5,13656,0
5,13677,2
5,13678,2
5,13730,1
5,13791,2
5,13809,2
5,13821,0
5,13823,1
5,13841,2
5,13893,1
5,13902,0
5,13916,1
5,13930,0
5,13964,2
5,13994,1
5,13998,0
5,14004,1
5,14011,0
5,14013,2
5,14016,0
5,14031,2
5,14038,2
5,14046,2
5,14066,1
5,14068,2
5,14079,1
5,14082,2
5,14102,0
5,14157,2
5,14162,1
5,14173,2
5,14179,0
5,14181,2
5,14197,0
5,14202,2
5,14214,1
5,14217,2
5,14221,2
5,14228,2
5,14229,2
5,14242,0
5,14270,0
5,14282,1
5,14299,2
5,14395,0
5,14400,2
5,14453,0
5,14477,0
5,14478,0
5,14487,2
5,14488,0
5,14547,1
5,14595,2
5,14621,2
5,14683,2
5,14797,0
5,14943,1
5,14985,1
5,15000,2
5,15005,2
5,15008,0
5,15016,0
5,15023,0
5,15031,2
5,15050,1
5,15085,1
5,15088,0
5,15090,2
5,15093,2
5,15096,1
5,15101,1
5,15129,2
5,15132,2
5,15134,1
5,15153,2
5,15154,2
5,15160,0
5,15161,2
5,15173,2
5,15184,0
5,15208,0
5,15233,2
5,15239,2
5,15242,2
5,15244,1
5,15246,1
5,15251,0
5,15257,2
5,15258,2
5,15259,1
5,15261,2
5,15263,2
5,15264,1
5,15266,2
5,15268,1
5,15270,1
5,15271,2
5,15273,1
5,15276,2
5,15277,2
5,15279,2
5,15282,2
5,15284,1
5,15286,1
5,15288,2
5,15289,1
5,15290,0
5,15291,0
5,15293,1
5,15294,0
5,15295,2
5,15296,1
5,15297,2
5,15298,2
5,15300,1
5,15301,1
5,15302,1
5,15303,0
5,15304,0
5,15305,2
5,15306,2
5,15307,2
5,15308,2
5,15310,0
5,15311,0
5,15312,2
5,15314,2
5,15316,2
5,15317,2
5,15322,1
5,15325,2
5,15328,2
5,15329,2
5,15330,2
5,15332,2
5,15333,2
5,15335,0
5,15337,2
5,15338,0
5,15346,2
5,15348,0
5,15350,0
5,15351,2
5,15352,1
5,15355,1
5,15356,1
5,15359,1
5,15362,2
5,15367,1
5,15409,2
5,15423,2
5,15428,0
5,15447,0
5,15486,2
5,15487,1
5,15492,2
5,15497,0
5,15499,1
5,15506,2
5,15511,0
5,15520,2
5,15532,2
5,15537,0
5,15542,1
5,15561,2
5,15569,2
5,15574,1
5,15574,2
5,15579,0
5,15581,2
5,15585,1
5,15602,2
5,15607,2
5,15610,2
5,15611,0
5,15864,0
5,15869,1
5,16121,0
5,16126,2
5,16202,2
5,16215,1
5,16326,2
5,16331,1
5,16356,2
5,16361,2
5,16367,2
5,16369,2
5,16370,2
5,16371,1
5,16372,1
5,16373,1
5,16374,1
5,16374,2
5,16375,2
5,16376,1
5,16376,2
5,16377,1
5,16379,1
5,16379,2
5,16381,1
5,16381,2
5,16383,2
6,4,2
6,11,2
6,37,2
6,42,1
6,47,2
6,52,0
6,56,1
6,57,0
6,59,2
6,61,0
6,65,0
6,66,0
6,67,0
6,69,2
6,70,2
6,72,1
6,74,0
6,75,1
6,80,0
6,83,1
6,88,2
6,91,2
6,96,2
6,99,2
6,100,0
6,101,2
6,106,2
6,110,2
6,120,0
6,123,2
6,127,2
6,131,1
6,134,2
6,137,2
6,139,2
6,145,2
6,146,2
6,152,1
6,165,1
6,171,1
6,174,2
6,194,2
6,197,2
6,205,2
6,217,0
6,219,1
6,229,2
6,233,1
6,242,0
6,243,0
6,255,0
6,317,2
6,322,2
6,327,2
6,348,0
6,395,0
6,402,0
6,407,2
6,481,2
6,761,2
6,766,2
6,875,1
6,894,2
6,899,1
6,903,0
6,904,0
6,909,2
6,915,1
6,927,2
6,942,0
6,947,2
6,952,1
6,963,1
6,965,2
6,968,0
6,970,0
6,975,2
6,980,2
6,985,0
6,1013,1
6,1018,2
6,1023,2
6,1040,2
6,1080,2
6,1085,2
6,1090,2
6,1101,0
6,1123,2
6,1125,2
6,1128,2
6,1174,0
6,1175,1
6,1204,1
6,1211,2
6,1214,2
6,1244,2
6,1264,2
6,1331,1
6,1337,0
6,1445,1
6,1456,1
6,1507,0
6,1515,0
6,1547,2
6,1568,2
6,1594,1
6,1602,1
6,1619,2
6,1694,2
6,1701,1
6,1709,2
6,1739,1
6,1780,0
6,1794,0
6,1796,0
6,1809,1
6,1813,2
6,1814,1
6,1823,2
6,1824,2
6,1825,2
6,1836,1
6,1842,1
6,1845,0
6,1850,1
6,1850,2
6,1852,2
6,1855,2
6,1858,2
6,1859,2
6,1861,1
6,1863,1
6,1866,2
6,1868,0
6,1870,2
6,1871,1
6,1872,0
6,1876,0
6,1876,2
6,1878,2
6,1879,1
6,1880,0
6,1881,0
6,1881,2
6,1882,2
6,1883,2
6,1888,2
6,1889,2
6,1890,1
6,1895,0
6,1896,0
6,1900,2
6,1901,1
6,1904,2
6,1905,2
6,1906,1
6,1908,2
6,1913,2
6,1915,2
6,1916,1
6,1918,1
6,1919,2
6,1922,0
6,1924,1
6,1926,0
6,1928,0
6,1929,1
6,1930,2
6,1931,0
6,1934,2
6,1935,1
6,1937,1
6,1938,1
6,1939,1
6,1942,1
6,1943,0
6,1943,1
6,1945,2
6,1947,0
6,1948,2
6,1949,1
6,1951,2
6,1953,0
6,1955,1
6,1958,0
6,1959,2
6,1961,2
6,1963,1
6,1964,0
6,1964,2
6,1965,0
6,1967,1
6,1968,2
6,1970,2
6,1971,1
6,1972,1
6,1973,1
6,1976,2
6,1977,2
6,1979,1
6,1980,2
6,1981,2
6,1982,0
6,1983,2
6,1986,2
6,1988,2
6,1992,0
6,1993,0
6,1994,2
6,1995,2
6,1996,0
6,1998,0
6,2001,2
6,2002,0
6,2003,1
6,2004,0
6,2005,0
6,2006,2
6,2009,1
6,2011,1
6,2012,2
6,2014,2
6,2015,0
6,2015,2
6,2016,1
6,2017,1
6,2018,0
6,2018,2
6,2024,2
6,2025,2
6,2026,0
6,2029,1
6,2031,2
6,2032,1
6,2032,2
6,2033,2
6,2034,1
6,2035,1
6,2036,0
6,2037,2
6,2038,0
6,2040,1
6,2043,2
6,2044,2
6,2045,1
6,2047,0
6,2047,2
6,2054,2
6,2064,2
6,2065,0
6,2082,0
6,2103,2
6,2104,2
6,2111,0
6,2131,0
6,2467,1
6,2612,0
6,2617,2
6,2621,0
6,2774,0
6,2779,1
6,2965,2
6,2970,2
6,3054,2
6,3227,2
6,3265,2
6,3278,2
6,3289,1
6,3293,2
6,3298,0
6,3303,1
6,3305,1
6,3308,2
6,3310,0
6,3313,1
6,3315,2
6,3316,0
6,3318,0
6,3319,2
6,3320,2
6,3323,2
6,3325,2
6,3466,2
6,3585,0
6,3586,0
6,3593,1
6,3600,1
6,4334,2
6,4339,2
6,4359,1
6,4369,1
6,4389,0
6,4396,2
6,4433,0
6,4435,2
6,4438,0
6,4440,2
6,4443,0
6,4455,2
6,4480,2
6,4495,0
6,4497,0
6,4506,2
6,4559,2
6,4590,2
6,4595,0
6,4604,1
6,4608,2
6,4613,2
6,4616,0
6,4617,1
6,4636,0
6,4638,1
6,4656,2
6,4661,2
6,4673,1
6,4683,1
6,4684,2
6,4694,1
6,4702,2
6,4705,0
6,4712,0
6,4714,0
6,4720,1
6,4724,2
6,4726,0
6,4729,2
6,4732,0
6,4741,2
6,4745,1
6,4746,2
6,4750,2
6,4754,1
6,4756,1
6,4761,0
6,4762,2
6,4766,2
6,4770,1
6,4774,0
6,4777,1
6,4779,1
6,4781,2
6,4787,2
6,4792,2
6,4795,2
6,4804,2
6,4807,0
6,4810,0
6,4814,2
6,4815,2
6,4823,2
6,4827,2
6,4832,2
6,4833,2
6,4837,0
6,4839,2
6,4844,2
6,4852,1
6,4855,0
6,4861,2
6,4868,0
6,4871,1
6,4876,2
6,4881,1
6,4883,2
6,4885,2
6,4888,2
6,4890,1
6,4895,2
6,4897,1
6,4899,2
6,4903,2
6,4906,2
6,4909,2
6,4910,2
6,4911,0
6,4915,1
6,4923,1
6,4925,0
6,4932,2
6,4933,0
6,4937,1
6,4938,1
6,4939,2
6,4941,2
6,4946,2
6,4951,2
6,4954,0
6,4956,0
6,4956,2
6,4959,1
6,4960,2
6,4961,2
6,4962,1
6,4964,0
6,4965,2
6,4967,0
6,4968,1
6,4970,0
6,4971,0
6,4973,0
6,4974,1
6,4976,2
6,4977,2
6,4979,2
6,4983,2
6,4985,2
6,4989,2
6,4991,2
6,4993,2
6,4995,1
6,4997,2
6,4998,1
6,5001,2
6,5003,2
6,5004,0
6,5005,0
6,5006,1
6,5009,0
6,5010,1
6,5011,2
6,5012,1
6,5013,0
6,5014,2
6,5020,2
6,5023,2
6,5027,1
6,5028,2
6,5033,1
6,5034,0
6,5035,0
6,5036,2
6,5037,2
6,5038,0
6,5039,1
6,5041,2
6,5042,0
6,5043,1
6,5044,0
6,5044,2
6,5046,1
6,5047,2
6,5050,1
6,5051,0
6,5051,2
6,5052,2
6,5053,2
6,5055,0
6,5055,2
6,5057,0
6,5061,0
6,5062,1
6,5063,2
6,5065,1
6,5066,1
6,5067,2
6,5068,2
6,5071,0
6,5075,2
6,5076,0
6,5078,0
6,5079,0
6,5079,2
6,5082,2
6,5083,2
6,5086,1
6,5088,1
6,5089,1
6,5090,2
6,5092,0
6,5093,2
6,5094,1
6,5094,2
6,5096,1
6,5097,2
6,5098,0
6,5100,0
6,5101,0
6,5102,1
6,5102,2
6,5103,1
6,5104,2
6,5105,2
6,5107,1
6,5107,2
6,5108,0
6,5108,2
6,5110,2
6,5111,2
6,5113,0
6,5113,1
6,5118,1
6,5118,2
6,5119,2
6,5121,1
6,5124,1
6,5131,1
6,5136,0
6,5145,1
6,5147,0
6,5165,2
6,5170,2
6,5174,2
6,5179,1
6,5182,1
6,5184,0
6,5187,0
6,5208,2
6,5217,2
6,5222,0
6,5227,2
6,5230,2
6,5232,2
6,5251,2
6,5256,2
6,5261,1
6,5278,0
6,5279,1
6,5281,0
6,5282,2
6,5286,1
6,5287,1
6,5291,1
6,5292,2
6,5296,1
6,5320,2
6,5342,2
6,5347,0
6,5376,1
6,5377,2
6,5384,2
6,5427,1
6,5436,2
6,6632,0
6,6637,0
6,6642,0
6,6647,0
6,6652,1
6,6658,2
6,6663,2
6,6669,2
6,6685,0
6,6689,0
6,6694,0
6,6699,2
6,6706,0
6,6711,2
6,6716,1
6,6721,0
6,6723,2
6,6737,1
6,6751,2
6,6759,1
6,6778,1
6,6880,2
6,6889,2
6,6913,2
6,6917,0
6,6919,1
6,6933,2
6,6937,1
6,6968,1
6,6976,0
6,6983,2
6,6984,2
6,6988,2
6,6990,2
6,6991,0
6,6996,2
6,7008,0
6,7026,2
6,7027,1
6,7035,2
6,7049,1
6,7053,1
6,7060,1
6,7062,1
6,7073,0
6,7076,2
6,7077,2
6,7080,2
6,7084,2
6,7093,1
6,7094,0
6,7105,0
6,7113,2
6,7118,1
6,7120,0
6,7121,2
6,7122,1
6,7123,0
6,7124,2
6,7129,2
6,7134,2
6,7136,2
6,7139,1
6,7140,0
6,7142,2
6,7146,1
6,7157,2
6,7160,0
6,7162,0
6,7165,1
6,7166,2
6,7167,2
6,7174,2
6,7181,2
6,7186,2
6,7188,2
6,7189,2
6,7190,0
6,7191,0
6,7194,2
6,7195,2
6,7199,0
6,7201,2
6,7204,2
6,7205,2
6,7207,2
6,7214,2
6,7222,1
6,7224,2
6,7229,2
6,7238,0
6,7243,2
6,7244,2
6,7254,1
6,7258,0
6,7263,1
6,7264,1
6,7270,1
6,7272,0
6,7275,2
6,7280,1
6,7281,2
6,7282,2
6,7285,0
6,7285,1
6,7287,2
6,7289,2
6,7291,2
6,7294,1
6,7301,0
6,7302,2
6,7305,2
6,7310,0
6,7311,0
6,7312,0
6,7315,2
6,7316,2
6,7318,2
6,7321,1
6,7323,1
6,7325,1
6,7326,2
6,7330,0
6,7333,1
6,7335,1
6,7338,0
6,7339,1
6,7340,0
6,7343,0
6,7351,0
6,7355,2
6,7362,2
6,7370,2
6,7372,2
6,7376,1
6,7377,2
6,7380,0
6,7389,0
6,7390,0
6,7392,2
6,7393,0
6,7394,0
6,7395,1
6,7396,0
6,7397,2
6,7399,0
6,7400,2
6,7403,2
6,7404,2
6,7405,1
6,7407,1
6,7409,1
6,7411,0
6,7415,2
6,7416,1
6,7418,1
6,7419,2
6,7423,2
6,7631,2
6,7636,0
6,7641,1
6,9773,2
6,9786,2
6,9833,2
6,9838,0
6,9843,1
6,9854,2
6,9944,0
6,9973,1
6,9978,2
6,9980,0
6,9982,2
6,9983,0
6,9983,1
6,9986,2
6,9990,2
6,9993,0
6,9997,2
6,9998,2
6,9999,0
6,10000,2
6,10001,2
6,10007,2
6,10008,2
6,10011,0
6,10014,2
6,10015,2
6,10016,0
6,10024,1
6,10031,0
6,10032,2
6,10034,2
6,10036,2
6,10038,2
6,10046,2
6,10054,1
6,10068,1
6,10075,2
6,10077,2
6,10086,0
6,10098,2
6,10102,0
6,10111,0
6,10118,0
6,10122,2
6,10131,2
6,10179,0
6,10181,1
6,10184,2
6,10189,0
6,10191,2
6,10198,2
6,10205,0
6,10208,2
6,10211,2
6,10218,2
6,10219,0
6,10222,2
6,10225,2
6,10229,1
6,10231,1
6,10233,1
6,10238,2
6,10240,2
6,10247,2
6,10252,0
6,10254,2
6,10255,2
6,10258,0
6,10259,0
6,10260,2
6,10273,2
6,10274,0
6,10275,2
6,10277,2
6,10278,0
6,10280,1
6,10283,1
6,10284,2
6,10290,1
6,10294,2
6,10296,0
6,10297,2
6,10298,1
6,10299,0
6,10303,2
6,10305,1
6,10306,0
6,10311,2
6,10313,2
6,10316,0
6,10319,2
6,10320,2
6,10323,2
6,10324,1
6,10325,2
6,10326,0
6,10327,1
6,10329,0
6,10331,1
6,10335,1
6,10336,0
6,10338,0
6,10343,1
6,10344,2
6,10346,2
6,10348,1
6,10350,1
6,10352,2
6,10353,1
6,10353,2
6,10356,2
6,10357,0
6,10360,1
6,10361,0
6,10362,2
6,10363,2
6,10365,1
6,10372,1
6,10372,2
6,10373,0
6,10375,2
6,10377,0
6,10378,1
6,10383,0
6,10384,2
6,10386,2
6,10387,1
6,10388,1
6,10390,0
6,10395,0
6,10395,2
6,10399,1
6,10400,2
6,10402,0
6,10403,2
6,10405,1
6,10406,2
6,10407,2
6,10408,0
6,10409,2
6,10410,2
6,10411,0
6,10412,2
6,10414,2
6,10415,0
6,10416,2
6,10417,1
6,10420,1
6,10420,2
6,10422,1
6,10425,0
6,10427,2
6,10429,2
6,10431,2
6,10432,2
6,10434,2
6,10435,2
6,10436,2
6,10440,2
6,10442,0
6,10444,2
6,10445,2
6,10448,2
6,10449,2
6,10450,2
6,10451,1
6,10452,2
6,10454,2
6,10456,2
6,10457,2
6,10459,2
6,10461,1
6,10462,0
6,10463,2
6,10466,2
6,10468,1
6,10469,2
6,10476,2
6,10478,2
6,10479,1
6,10482,2
6,10486,2
6,10487,1
6,10487,2
6,10491,2
6,10492,1
6,10492,2
6,10494,2
6,10495,1
6,12039,1
6,12046,0
6,12061,2
6,12110,2
6,12115,0
6,12144,2
6,12148,0
6,12153,2
6,12191,0
6,12196,2
6,12201,1
6,12202,0
6,12207,1
6,12210,1
6,12213,2
6,12224,2
6,12226,2
6,12229,1
6,12231,1
6,12239,2
6,12241,2
6,12242,2
6,12244,0
6,12246,0
6,12249,1
6,12249,2
6,12252,0
6,12258,0
6,12260,2
6,12267,1
6,12269,0
6,12270,1
6,12274,1
6,12274,2
6,12275,2
6,12277,2
6,12279,1
6,12279,2
6,12280,2
6,12282,1
6,12284,2
6,12287,0
6,12308,2
6,12311,1
6,12320,2
6,12325,2
6,12327,2
6,12328,0
6,12329,2
6,12333,2
6,12334,2
6,12337,2
6,12339,2
6,12344,1
6,12346,0
6,12351,1
6,12356,0
6,12356,2
6,12361,0
6,12361,1
6,12361,2
6,12365,1
6,12366,0
6,12366,1
6,12371,1
6,12374,1
6,12375,1
6,12377,0
6,12382,1
6,12387,2
6,12395,0
6,12408,2
6,12420,2
6,12424,1
6,12425,0
6,12427,2
6,12428,1
6,12432,0
6,12433,1
6,12434,2
6,12435,2
6,12438,2
6,12441,0
6,12443,1
6,12443,2
6,12446,1
6,12447,0
6,12448,0
6,12448,1
6,12448,2
6,12449,2
6,12450,1
6,12451,0
6,12452,2
6,12453,1
6,12457,2
6,12458,2
6,12459,0
6,12462,2
6,12464,2
6,12468,2
6,12469,2
6,12471,0
6,12473,2
6,12477,0
6,12481,0
6,12482,2
6,12484,2
6,12485,0
6,12487,2
6,12488,0
6,12489,1
6,12501,0
6,12503,2
6,12505,2
6,12509,2
6,12511,2
6,12516,1
6,12517,1
6,12518,2
6,12522,1
6,12522,2
6,12527,1
6,12527,2
6,12529,0
6,12530,1
6,12531,2
6,12532,0
6,12532,2
6,12533,2
6,12534,2
6,12535,2
6,12537,0
6,12537,2
6,12539,2
6,12540,1
6,12542,0
6,12542,2
6,12563,2
6,12595,2
6,12600,0
6,12641,2
6,12642,2
6,12646,2
6,12681,1
6,12688,0
6,12693,0
6,12708,2
6,12713,1
6,12733,2
6,12742,2
6,12747,2
6,12752,0
6,12782,0
6,12930,1
6,13045,0
6,13049,1
6,13050,2
6,13055,2
6,13205,1
6,13314,2
6,13319,1
6,15067,2
6,15072,0
6,15393,1
6,15422,2
6,15431,2
6,15447,2
6,15622,2
6,15643,2
6,15645,1
6,15652,2
6,15727,2
6,15738,0
6,15746,2
6,15749,1
6,15768,2
6,15777,0
6,15871,2
6,15946,0
6,15977,1
6,15980,2
6,16012,1
6,16019,0
6,16043,2
6,16051,0
6,16054,1
6,16059,2
6,16060,1
6,16062,2
6,16063,2
6,16081,0
6,16083,2
6,16087,2
6,16090,2
6,16097,2
6,16105,2
6,16109,2
6,16113,1
6,16114,2
6,16116,0
6,16118,2
6,16123,2
6,16125,2
6,16128,2
6,16131,1
6,16135,2
6,16140,0
6,16144,2
6,16149,2
6,16150,0
6,16152,1
6,16154,1
6,16155,2
6,16156,2
6,16159,2
6,16161,1
6,16168,0
6,16172,0
6,16173,2
6,16174,2
6,16179,2
6,16180,1
6,16182,2
6,16183,2
6,16190,0
6,16191,0
6,16192,1
6,16194,2
6,16196,2
6,16201,2
6,16203,0
6,16206,0
6,16207,2
6,16208,1
6,16209,2
6,16214,1
6,16215,2
6,16219,1
6,16220,2
6,16226,0
6,16226,2
6,16229,0
6,16231,0
6,16234,2
6,16238,2
6,16239,1
6,16243,0
6,16248,2
6,16253,2
6,16254,1
6,16254,2
6,16255,1
6,16255,2
6,16263,0
6,16273,0
6,16278,2
6,16281,0
6,16283,2
6,16284,1
6,16286,1
6,16287,2
6,16289,1
6,16290,0
6,16293,1
6,16295,2
6,16296,2
6,16298,0
6,16310,1
6,16311,2
6,16314,0
6,16318,1
6,16318,2
6,16320,1
6,16322,2
6,16323,1
6,16325,2
6,16331,2
6,16336,2
6,16337,0
6,16338,1
6,16339,0
6,16340,2
6,16341,2
6,16343,1
6,16344,1
6,16347,2
6,16349,2
6,16350,2
6,16352,0
6,16352,1
6,16352,2
6,16353,0
6,16354,1
6,16355,0
6,16361,2
6,16362,0
6,16364,0
6,16364,2
6,16368,1
6,16370,2
6,16371,2
6,16372,0
6,16373,2
6,16375,0
6,16380,2
6,16381,2
6,16383,1
7,2,1
7,5,2
7,9,1
7,10,2
7,11,0
7,12,1
7,17,2
7,19,2
7,21,0
7,29,2
7,31,0
7,33,0
7,35,2
7,36,2
7,38,2
7,54,1
7,56,0
7,57,0
7,58,2
7,61,0
7,63,2
7,66,1
7,70,1
7,71,2
7,72,0
7,73,0
7,74,0
7,75,0
7,75,2
7,82,2
7,84,2
7,87,2
7,89,2
7,92,1
7,93,2
7,94,2
7,95,0
7,105,1
7,109,2
7,112,1
7,116,0
7,117,1
7,120,2
7,122,0
7,123,2
7,125,0
7,130,0
7,131,2
7,139,0
7,139,1
7,139,2
7,140,2
7,144,2
7,145,1
7,149,1
7,154,0
7,156,0
7,158,2
7,165,2
7,174,2
7,177,2
7,178,1
7,180,0
7,180,2
7,182,0
7,189,0
7,191,0
7,192,2
7,197,0
7,197,1
7,197,2
7,201,2
7,208,2
7,209,0
7,211,1
7,226,2
7,232,0
7,239,2
7,241,0
7,244,0
7,246,2
7,247,2
7,250,2
7,252,1
7,252,2
7,256,1
7,256,2
7,258,2
7,261,1
7,261,2
7,262,2
7,263,2
7,264,0
7,265,0
7,267,0
7,269,2
7,273,0
7,277,2
7,278,0
7,279,0
7,279,2
7,281,2
7,284,0
7,286,2
7,287,1
7,288,0
7,290,2
7,294,0
7,294,2
7,295,0
7,295,2
7,297,0
7,299,2
7,300,2
7,301,2
7,302,2
7,303,1
7,304,2
7,310,1
7,312,1
7,313,2
7,316,1
7,317,0
7,318,1
7,319,0
7,323,1
7,327,1
7,328,2
7,330,2
7,331,2
7,332,2
7,333,2
7,336,1
7,337,1
7,339,2
7,341,1
7,343,2
7,347,0
7,348,1
7,350,1
7,354,0
7,356,2
7,357,1
7,357,2
7,359,2
7,362,0
7,363,0
7,363,2
7,364,2
7,376,0
7,376,2
7,380,0
7,380,2
7,383,2
7,385,2
7,388,0
7,389,2
7,393,2
7,394,2
7,396,2
7,397,2
7,398,1
7,400,2
7,401,1
7,403,0
7,403,2
7,404,2
7,406,1
7,407,0
7,408,1
7,409,2
7,411,0
7,413,2
7,414,1
7,418,2
7,420,2
7,428,2
7,429,2
7,431,0
7,436,2
7,437,1
7,437,2
7,439,2
7,440,1
7,444,0
7,444,2
7,445,0
7,445,2
7,447,1
7,449,1
7,460,0
7,460,2
7,462,1
7,462,2
7,463,0
7,464,0
7,465,0
7,467,2
7,468,2
7,470,2
7,471,2
7,473,0
7,475,0
7,477,0
7,480,1
7,489,2
7,503,1
7,505,2
7,506,2
7,508,0
7,510,0
7,511,1
7,512,2
7,514,2
7,518,0
7,519,1
7,523,2
7,529,1
7,530,2
7,533,2
7,535,2
7,538,2
7,543,0
7,552,0
7,559,2
7,560,0
7,563,2
7,564,2
7,575,0
7,578,2
7,580,2
7,582,2
7,584,0
7,587,2
7,591,1
7,596,1
7,597,1
7,601,0
7,606,2
7,611,0
7,616,2
7,623,2
7,627,0
7,639,2
7,653,2
7,658,0
7,658,1
7,663,1
7,663,2
7,668,0
7,681,1
7,691,0
7,693,2
7,698,2
7,701,2
7,705,0
7,706,0
7,713,0
7,715,1
7,720,2
7,736,0
7,742,1
7,747,0
7,748,2
7,751,0
7,753,0
7,753,1
7,758,0
7,758,1
7,758,2
7,759,2
7,761,2
7,763,0
7,764,2
7,766,1
7,767,2
7,803,2
7,808,2
7,813,1
7,814,2
7,818,2
7,843,0
7,893,1
7,928,2
7,1019,2
7,1314,2
7,1337,0
7,1348,0
7,1374,0
7,1400,2
7,1412,0
7,1425,2
7,1426,0
7,1434,0
7,1454,1
7,1456,0
7,1464,2
7,1472,2
7,1478,2
7,1479,0
7,1480,2
7,1486,2
7,1494,1
7,1503,2
7,1505,0
7,1510,1
7,1511,2
7,1513,1
7,1516,2
7,1520,1
7,1522,2
7,1528,2
7,1534,0
7,1539,2
7,1547,1
7,1550,1
7,1554,1
7,1558,1
7,1559,2
7,1562,2
7,1567,2
7,1568,0
7,1572,2
7,1577,0
7,1586,0
7,1598,0
7,1605,2
7,1606,1
7,1609,0
7,1610,2
7,1611,0
7,1616,0
7,1618,1
7,1622,0
7,1629,2
7,1630,0
7,1635,1
7,1636,0
7,1637,2
7,1642,2
7,1646,1
7,1648,0
7,1653,0
7,1653,2
7,1658,1
7,1658,2
7,1660,2
7,1665,2
7,1669,2
7,1674,1
7,1679,0
7,1684,0
7,1689,0
7,1700,1
7,1705,0
7,1706,2
7,1707,2
7,1708,2
7,1709,2
7,1710,1
7,1711,2
7,1714,1
7,1716,0
7,1717,0
7,1719,0
7,1722,1
7,1723,0
7,1727,2
7,1728,2
7,1732,2
7,1735,0
7,1737,1
7,1741,0
7,1746,2
7,1748,0
7,1761,0
7,1762,2
7,1764,2
7,1766,1
7,1767,2
7,1778,1
7,1781,2
7,1785,0
7,1789,2
7,1872,2
7,4188,0
7,4349,1
7,4361,0
7,4375,2
7,4392,1
7,4564,0
7,4581,2
7,4608,2
7,4627,0
7,4649,0
7,4666,2
7,4668,2
7,4672,1
7,4687,1
7,4693,2
7,4707,1
7,4739,2
7,4745,0
7,4751,0
7,4754,1
7,4756,1
7,4759,1
7,4763,2
7,4774,2
7,4777,2
7,4779,1
7,4799,2
7,4802,1
7,4820,2
7,4823,0
7,4825,0
7,4831,0
7,4838,2
7,4839,1
7,4842,1
7,4844,2
7,4849,0
7,4852,1
7,4857,0
7,4861,0
7,4863,2
7,4864,2
7,4866,0
7,4867,2
7,4870,0
7,4871,0
7,4872,2
7,4875,1
7,4878,1
7,4883,1
7,4887,2
7,4889,0
7,4890,2
7,4892,0
7,4893,2
7,4897,0
7,4898,1
7,4903,2
7,4906,2
7,4909,2
7,4914,1
7,4919,2
7,4921,2
7,4930,1
7,4935,2
7,4936,2
7,4938,2
7,4940,2
7,4941,0
7,4942,2
7,4944,0
7,4946,0
7,4948,1
7,4949,2
7,4953,2
7,4959,0
7,4961,2
7,4962,2
7,4964,0
7,4968,2
7,4969,1
7,4973,2
7,4977,2
7,4979,0
7,4980,2
7,4981,2
7,4982,2
7,4983,2
7,4984,0
7,4986,0
7,4987,2
7,4988,2
7,4990,0
7,4991,2
7,4992,0
7,4992,2
7,4993,2
7,4995,2
7,4997,1
7,4999,1
7,5002,1
7,5004,1
7,5006,2
7,5008,2
7,5010,2
7,5013,0
7,5015,0
7,5016,2
7,5019,2
7,5025,1
7,5027,0
7,5034,2
7,5036,2
7,5038,2
7,5039,2
7,5040,2
7,5042,2
7,5044,0
7,5046,2
7,5048,2
7,5049,2
7,5050,2
7,5051,2
7,5053,2
7,5054,1
7,5055,1
7,5056,1
7,5056,2
7,5060,2
7,5061,0
7,5061,2
7,5062,2
7,5068,2
7,5072,1
7,5073,1
7,5074,2
7,5075,2
7,5077,1
7,5080,2
7,5084,0
7,5087,2
7,5090,2
7,5096,2
7,5099,2
7,5100,2
7,5109,0
7,5111,1
7,5113,2
7,5121,2
7,5144,1
7,5164,2
7,5176,2
7,5181,2
7,5182,2
7,5187,0
7,5195,2
7,5222,2
7,5265,0
7,5270,1
7,5340,2
7,5345,1
7,5897,2
7,5914,2
7,5931,0
7,6043,1
7,6048,2
7,6053,0
7,6142,2
7,6143,0
7,6157,2
7,6164,0
7,6167,2
7,6172,2
7,6173,1
7,6194,2
7,6319,2
7,6514,1
7,6610,0
7,6617,0
7,6622,2
7,6624,1
7,6626,1
7,6631,0
7,6632,0
7,6637,2
7,6640,2
7,6667,2
7,6668,1
7,6670,1
7,6672,2
7,6675,2
7,6678,2
7,6679,2
7,6683,1
7,6686,1
7,6688,2
7,6692,0
7,6693,2
7,6695,2
7,6696,2
7,6697,2
7,6701,2
7,6708,1
7,6709,0
7,6713,0
7,6721,2
7,6724,0
7,6727,1
7,6733,0
7,6737,1
7,6738,0
7,6739,0
7,6744,2
7,6748,0
7,6749,2
7,6750,2
7,6754,1
7,6755,2
7,6757,0
7,6761,2
7,6764,0
7,6766,1
7,6776,1
7,6779,0
7,6781,2
7,6783,1
7,6784,2
7,6785,2
7,6788,1
7,6792,0
7,6793,1
7,6796,1
7,6798,2
7,6809,1
7,6811,2
7,6815,1
7,6818,1
7,6821,1
7,6823,0
7,6826,2
7,6828,0
7,6828,2
7,6830,1
7,6831,0
7,6831,2
7,6834,1
7,6835,1
7,6836,2
7,6839,0
7,6839,2
7,6844,0
7,6849,0
7,6851,2
7,6853,0
7,6857,2
7,6859,0
7,6863,1
7,6867,0
7,6873,2
7,6874,0
7,6877,2
7,6882,0
7,6885,1
7,6885,2
7,6887,2
7,6889,1
7,6890,2
7,6892,0
7,6896,0
7,6898,2
7,6902,2
7,6903,0
7,6903,2
7,6904,2
7,6905,0
7,6907,2
7,6908,2
7,6909,2
7,6945,0
7,7091,0
7,7125,2
7,7138,2
7,7143,2
7,7616,0
7,7629,1
7,7691,1
7,7696,2
7,7712,0
7,7718,1
7,7736,2
7,7737,0
7,7754,1
7,7761,2
7,7769,2
7,7773,2
7,7780,2
7,7787,2
7,7800,1
7,7805,2
7,7807,2
7,7812,2
7,7823,1
7,7824,0
7,7829,1
7,7831,0
7,7834,0
7,7837,1
7,7838,0
7,7841,0
7,7842,2
7,7850,0
7,7858,2
7,7861,0
7,7864,2
7,7866,0
7,7873,1
7,7877,1
7,7877,2
7,7882,1
7,7883,2
7,7888,0
7,7890,2
7,7891,2
7,7896,0
7,7900,1
7,7910,2
7,7913,2
7,7914,2
7,7917,2
7,7918,2
7,7919,1
7,7923,1
7,7923,2
7,7927,0
7,7928,2
7,7933,0
7,7935,0
7,7937,1
7,7939,2
7,7940,0
7,7940,2
7,7942,2
7,7943,1
7,7944,0
7,7947,2
7,7949,0
7,7950,0
7,7950,1
7,7950,2
7,7952,0
7,7953,2
7,7955,0
7,7955,1
7,7956,2
7,7957,2
7,7959,2
7,7961,0
7,7962,2
7,7963,2
7,7964,2
7,7966,2
7,7968,2
7,7970,2
7,7971,2
7,7972,2
7,7974,2
7,7976,2
7,7978,2
7,7979,1
7,7986,1
7,7989,2
7,7993,1
7,7996,0
7,7998,1
7,7998,2
7,8000,2
7,8001,2
7,8003,2
7,8004,2
7,8005,0
7,8006,2
7,8009,2
7,8011,1
7,8012,2
7,8015,2
7,8017,0
7,8020,1
7,8022,1
7,8024,0
7,8025,2
7,8028,2
7,8036,2
7,8040,0
7,8048,2
7,8052,2
7,8057,0
7,8060,1
7,8062,2
7,8063,1
7,8068,1
7,8072,2
7,8073,1
7,8075,2
7,8078,2
7,8080,1
7,8084,0
7,8089,1
7,8095,2
7,8096,2
7,8097,1
7,8102,1
7,8105,2
7,8112,2
7,8113,2
7,8114,0
7,8117,2
7,8118,2
7,8119,2
7,8121,2
7,8123,2
7,8125,0
7,8127,0
7,8132,0
7,8138,0
7,8143,1
7,8144,2
7,8150,0
7,8151,0
7,8158,1
7,8166,0
7,8170,2
7,8175,2
7,8186,0
7,8188,1
7,8190,2
7,8214,0
7,8232,1
7,8312,1
7,8864,1
7,8883,0
7,8886,2
7,8888,0
7,8894,2
7,8907,2
7,8909,0
7,8917,1
7,8922,1
7,8928,1
7,8930,0
7,8933,0
7,8935,0
7,8938,2
7,8940,0
7,8941,2
7,8943,1
7,8948,2
7,8950,2
7,8973,0
7,8974,2
7,8979,1
7,8984,2
7,8994,0
7,8997,0
7,9038,1
7,9040,1
7,9043,2
7,9054,2
7,9055,2
7,9063,1
7,9073,2
7,9086,0
7,9105,0
7,9131,0
7,9135,2
7,9138,0
7,9148,0
7,9151,1
7,9153,2
7,9156,0
7,9160,0
7,9170,2
7,9171,2
7,9172,2
7,9174,0
7,9176,1
7,9177,0
7,9177,2
7,9179,2
7,9182,1
7,9183,2
7,9188,0
7,9189,0
7,9191,2
7,9199,2
7,9204,1
7,9210,2
7,9215,2
7,11523,2
7,11571,2
7,11608,2
7,11976,0
7,12061,2
7,12193,2
7,12268,2
7,12287,0
7,12302,1
7,12320,2
7,12327,0
7,12329,0
7,12348,1
7,12641,2
7,12710,2
7,12714,0
7,12720,0
7,12735,2
7,12741,1
7,12742,2
7,12779,2
7,12790,2
7,12808,1
7,12811,1
7,12820,1
7,12823,2
7,12826,0
7,12832,1
7,12842,2
7,12866,1
7,12871,2
7,12872,0
7,12873,1
7,12879,0
7,12883,0
7,12886,2
7,12887,1
7,12888,0
7,12896,0
7,12900,1
7,12906,2
7,12910,0
7,12915,2
7,12925,1
7,12926,2
7,12928,2
7,12929,0
7,12931,1
7,12934,2
7,12937,0
7,12939,1
7,12942,1
7,12945,2
7,12948,2
7,12949,1
7,12953,2
7,12954,2
7,12964,1
7,12970,2
7,12971,1
7,12974,2
7,12975,0
7,12977,2
7,12979,1
7,12982,0
7,12983,2
7,12984,2
7,12988,2
7,12989,0
7,12990,2
7,12994,2
7,12998,0
7,13001,2
7,13003,2
7,13005,0
7,13006,2
7,13007,2
7,13010,0
7,13011,1
7,13013,2
7,13017,2
7,13018,1
7,13019,0
7,13021,2
7,13023,2
7,13024,2
7,13025,1
7,13027,0
7,13028,2
7,13034,2
7,13040,0
7,13041,2
7,13042,0
7,13044,1
7,13045,2
7,13046,2
7,13049,2
7,13053,0
7,13053,2
7,13055,2
7,13056,2
7,13057,2
7,13059,0
7,13061,2
7,13062,0
7,13065,2
7,13066,0
7,13067,2
7,13069,2
7,13070,1
7,13071,2
7,13073,2
7,13074,2
7,13075,2
7,13077,1
7,13079,1
7,13080,0
7,13080,2
7,13082,2
7,13088,2
7,13090,0
7,13095,2
7,13099,2
7,13105,0
7,13109,2
7,13117,0
7,13120,2
7,13122,1
7,13122,2
7,13125,2
7,13128,1
7,13129,1
7,13131,1
7,13133,0
7,13134,2
7,13139,1
7,13144,1
7,13146,0
7,13153,2
7,13155,0
7,13160,0
7,13169,2
7,13193,0
7,13198,2
7,13222,1
7,13230,0
7,13231,2
7,13234,1
7,13236,2
7,13248,2
7,13264,2
7,13265,2
7,13268,2
7,13276,1
7,13280,0
7,13284,2
7,13286,2
7,13289,2
7,13293,1
7,13296,2
7,13300,1
7,13311,2
7,13367,2
7,13380,2
7,13385,1
7,13423,2
7,13502,2
7,13517,2
7,13529,2
7,13535,1
7,13540,0
7,13567,1
8,699,0
8,758,2
8,763,2
8,914,0
8,922,1
8,948,2
8,961,1
8,966,0
8,971,0
8,972,1
8,976,0
8,980,1
8,1002,2
8,1007,0
8,1012,2
8,1028,1
8,1029,2
8,1048,1
8,1079,2
8,1096,0
8,1109,1
8,1110,1
8,1157,2
8,1226,1
8,1235,2
8,1271,2
8,1275,2
8,1289,1
8,1298,2
8,1310,2
8,1311,2
8,1315,0
8,1316,2
8,1325,0
8,1328,2
8,1331,0
8,1347,0
8,1348,0
8,1349,1
8,1351,0
8,1353,1
8,1358,0
8,1359,2
8,1361,1
8,1362,0
8,1367,0
8,1372,0
8,1376,0
8,1378,2
8,1379,2
8,1382,0
8,1386,1
8,1389,2
8,1393,2
8,1397,0
8,1400,2
8,1404,2
8,1405,2
8,1407,2
8,1408,2
8,1409,1
8,1416,1
8,1418,1
8,1418,2
8,1419,1
8,1421,0
8,1423,2
8,1426,1
8,1428,0
8,1431,2
8,1432,2
8,1433,2
8,1434,1
8,1435,2
8,1437,1
8,1438,0
8,1439,1
8,1439,2
8,1440,2
8,1441,2
8,1443,1
8,1444,1
8,1445,2
8,1449,0
8,1451,1
8,1452,2
8,1453,1
8,1454,2
8,1455,2
8,1457,2
8,1461,0
8,1462,2
8,1467,2
8,1472,2
8,1474,2
8,1476,2
8,1477,1
8,1478,0
8,1481,0
8,1481,2
8,1482,2
8,1485,2
8,1486,1
8,1487,2
8,1488,2
8,1489,1
8,1492,0
8,1492,1
8,1492,2
8,1494,2
8,1495,1
8,1498,2
8,1499,0
8,1500,0
8,1504,2
8,1505,2
8,1506,1
8,1510,1
8,1513,1
8,1514,2
8,1516,0
8,1517,2
8,1519,2
8,1522,1
8,1523,0
8,1524,0
8,1524,2
8,1525,1
8,1527,2
8,1528,0
8,1530,2
8,1531,2
8,1533,0
8,1534,2
8,1537,0
8,1548,2
8,1549,2
8,1550,0
8,1553,1
8,1554,2
8,1555,2
8,1557,2
8,1563,1
8,1567,0
8,1568,2
8,1570,1
8,1572,1
8,1573,1
8,1580,2
8,1584,1
8,1585,0
8,1585,2
8,1590,0
8,1590,1
8,1601,2
8,1604,1
8,1606,0
8,1609,0
8,1610,2
8,1616,2
8,1621,2
8,1630,1
8,1636,0
8,1638,1
8,1639,1
8,1641,1
8,1644,2
8,1646,2
8,1650,0
8,1651,2
8,1672,2
8,1674,2
8,1690,0
8,1693,0
8,1695,1
8,1698,1
8,1699,2
8,1703,1
8,1715,1
8,1723,2
8,1727,1
8,1728,2
8,1730,1
8,1734,1
8,1735,2
8,1739,2
8,1742,1
8,1747,2
8,1749,1
8,1752,1
8,1754,0
8,1755,1
8,1759,2
8,1760,2
8,1762,2
8,1763,2
8,1767,1
8,1789,2
8,1811,0
8,1816,1
8,1817,2
8,1827,0
8,1832,1
8,1847,0
8,1852,0
8,1862,2
8,1866,2
8,1871,0
8,1883,1
8,1886,0
8,1888,2
8,1891,0
8,1896,0
8,1901,0
8,1915,1
8,1927,2
8,1941,0
8,1949,2
8,1959,2
8,1961,2
8,1964,2
8,1969,0
8,1980,2
8,1988,2
8,1993,0
8,2012,0
8,2017,2
8,2019,2
8,2043,2
8,2045,2
8,2057,1
8,2078,2
8,2081,0
8,2084,0
8,2112,2
8,2117,2
8,2141,1
8,2142,0
8,2151,1
8,2154,1
8,2176,0
8,2178,2
8,2181,0
8,2186,0
8,2195,1
8,2239,2
8,2245,2
8,2266,1
8,2268,2
8,2271,0
8,2289,1
8,2294,2
8,2379,0
8,2384,1
8,3800,1
8,4848,1
8,4902,2
8,4917,2
8,4932,0
8,4937,0
8,4939,1
8,4942,2
8,4943,2
8,4949,2
8,4954,1
8,4969,2
8,5014,0
8,5016,2
8,5019,1
8,5024,1
8,5109,1
8,5114,0
8,5116,2
8,5119,0
8,5132,2
8,5141,2
8,5143,0
8,5146,2
8,5151,0
8,5155,2
8,5156,1
8,5161,2
8,5162,1
8,5175,0
8,5180,2
8,5183,0
8,5185,1
8,5186,2
8,5188,1
8,5190,2
8,5193,2
8,5203,0
8,5210,2
8,5216,0
8,5217,0
8,5218,2
8,5221,2
8,5225,0
8,5230,2
8,5231,1
8,5238,2
8,5247,2
8,5248,2
8,5252,1
8,5257,1
8,5262,1
8,5267,0
8,5267,1
8,5267,2
8,5272,0
8,5272,1
8,5272,2
8,5277,2
8,5282,0
8,5283,2
8,5291,2
8,5293,0
8,5294,0
8,5299,1
8,5306,2
8,5309,2
8,5314,1
8,5315,1
8,5327,0
8,5332,2
8,5342,1
8,5345,1
8,5353,2
8,5360,0
8,5361,1
8,5361,2
8,5363,2
8,5366,0
8,5367,2
8,5371,1
8,5371,2
8,5372,0
8,5372,2
8,5373,2
8,5382,0
8,5385,2
8,5387,0
8,5395,1
8,5397,2
8,5398,0
8,5404,2
8,5407,0
8,5409,2
8,5435,0
8,5439,2
8,5440,0
8,5444,1
8,5453,1
8,5458,2
8,5463,0
8,5468,1
8,5468,2
8,5473,0
8,5473,2
8,5478,1
8,5478,2
8,5483,2
8,5486,2
8,5507,1
8,5525,2
8,5527,2
8,5546,2
8,5551,0
8,5575,2
8,5583,2
8,5584,2
8,5588,2
8,5596,1
8,5597,2
8,5605,1
8,5610,0
8,5613,2
8,5618,1
8,5621,2
8,5623,0
8,5627,2
8,5628,2
8,5629,1
8,5630,2
8,5644,2
8,5664,2
8,5668,2
8,5669,0
8,5674,0
8,5679,2
8,5693,0
8,5698,2
8,5711,1
8,5720,0
8,5743,0
8,5748,0
8,5753,2
8,5779,1
8,5791,0
8,5794,2
8,5796,2
8,5880,0
8,5923,2
8,5928,2
8,5933,2
8,5938,2
8,6025,2
8,6028,0
8,6035,2
8,6108,1
8,6113,1
8,6118,2
8,6122,2
8,6124,2
8,6126,1
8,6129,2
8,6134,2
8,6142,2
8,6224,2
8,6895,2
8,8449,0
8,8452,2
8,8460,1
8,8471,0
8,8473,1
8,8535,2
8,8550,1
8,8607,2
8,8629,2
8,8689,0
8,8697,2
8,8702,2
8,9751,2
8,9985,2
8,10171,1
8,10207,2
8,10212,0
8,10214,2
8,10219,1
8,10224,1
8,10231,0
8,10240,0
8,10309,2
8,10334,1
8,10339,0
8,10344,2
8,10467,2
8,10470,2
8,10472,0
8,10479,1
8,10484,1
8,10484,2
8,10489,0
8,10489,2
8,10494,1
8,10495,2
8,11038,2
8,11043,0
8,11099,1
8,11112,2
8,11251,1
8,11254,2
8,11256,2
8,11259,2
8,11265,1
8,11270,2
8,11272,2
8,11285,1
8,11290,2
8,11337,2
8,11342,2
8,11347,1
8,11347,2
8,11352,0
8,11357,0
8,11357,2
8,11362,0
8,11367,2
8,11372,0
8,11377,2
8,11406,0
8,11478,1
8,11505,2
8,11509,2
8,11514,2
8,11519,0
8,11596,0
8,11601,1
8,11601,2
8,11602,2
8,11603,2
8,11606,1
8,11607,1
8,11608,0
8,11612,1
8,11767,1
8,11768,2
8,11772,2
8,11773,2
8,12396,1
8,12417,2
8,12425,2
8,12430,1
8,12481,0
8,12542,2
8,12543,2
8,12592,1
8,12593,0
8,12755,0
8,12760,2
8,12762,0
8,12765,1
8,12766,2
8,12770,2
8,12771,2
8,12776,2
8,12781,1
8,12798,2
8,13877,2
8,13965,0
8,14013,1
8,14025,1
8,14033,2
8,14038,1
8,14038,2
8,14040,2
8,14043,2
8,14044,2
8,14054,2
8,14055,2
8,14056,1
8,14060,2
8,14061,1
8,14063,0
8,14065,2
8,14067,1
8,14068,2
8,14070,2
8,14072,1
8,14072,2
8,14073,1
8,14075,0
8,14077,0
8,14077,1
8,14078,2
8,14079,0
8,14083,2
8,14087,2
8,14103,0
8,14109,0
8,14115,1
8,14121,2
8,14122,0
8,14133,1
8,14135,1
8,14137,0
8,14143,0
8,14149,2
8,14150,1
8,14154,2
8,14157,2
8,14160,2
8,14166,2
8,14169,2
8,14171,0
8,14177,1
8,14179,0
8,14180,2
8,14182,1
8,14183,2
8,14185,2
8,14187,2
8,14189,2
8,14190,2
8,14192,1
8,14193,1
8,14194,2
8,14195,2
8,14196,2
8,14198,0
8,14199,0
8,14200,0
8,14201,2
8,14204,1
8,14205,2
8,14210,0
8,14211,0
8,14212,1
8,14213,2
8,14215,0
8,14218,2
8,14221,0
8,14222,2
8,14223,2
8,14224,1
8,14224,2
8,14227,0
8,14232,0
8,14233,2
8,14235,1
8,14236,2
8,14237,2
8,14239,0
8,14240,2
8,14242,2
8,14243,1
8,14244,2
8,14245,2
8,14246,2
8,14248,1
8,14250,1
8,14253,1
8,14254,2
8,14255,1
8,14256,0
8,14256,2
8,14257,1
8,14258,2
8,14260,1
8,14261,2
8,14262,0
8,14262,2
8,14263,0
8,14264,1
8,14266,2
8,14267,1
8,14267,2
8,14268,0
8,14269,0
8,14269,2
8,14270,0
8,14270,2
8,14271,0
8,14272,2
8,14273,0
8,14274,1
8,14274,2
8,14275,2
8,14276,0
8,14276,1
8,14278,1
8,14278,2
8,14279,1
8,14279,2
8,14281,1
8,14281,2
8,14282,2
8,14285,2
8,14286,0
8,14287,1
8,14287,2
8,14289,0
8,14290,0
8,14291,0
8,14292,0
8,14292,2
8,14293,2
8,14294,2
8,14295,2
8,14296,0
8,14296,2
8,14297,2
8,14298,1
8,14299,2
8,14300,2
8,14302,0
8,14304,0
8,14304,2
8,14305,1
8,14305,2
8,14306,0
8,14306,2
8,14307,0
8,14308,1
8,14309,0
8,14309,1
8,14309,2
8,14310,2
8,14311,2
8,14312,1
8,14313,2
8,14314,0
8,14315,0
8,14316,2
8,14318,2
8,14319,0
8,14319,1
8,14319,2
8,14322,1
8,14322,2
8,14323,0
8,14325,1
8,14325,2
8,14326,2
8,14327,0
8,14328,1
8,14328,2
8,14329,1
8,14330,2
8,14331,2
8,14332,1
8,14334,1
8,14334,2
8,14335,2
8,14336,2
8,14337,2
8,14338,2
8,14339,1
8,14341,1
8,14350,2
8,14365,2
8,14369,2
8,14374,1
8,14431,0
8,14456,0
8,15560,1
8,15565,1
8,15874,2
8,16192,2
8,16266,1
8,16331,1
8,16333,1
8,16338,2
8,16343,0
8,16351,0
8,16373,2
8,16377,2
8,16378,2
8,16383,2
9,3,0
9,7,1
9,13,0
9,18,2
9,20,2
9,29,0
9,30,0
9,34,2
9,38,0
9,43,2
9,44,0
9,60,0
9,62,1
9,73,2
9,79,0
9,82,0
9,87,2
9,92,2
9,94,0
9,98,0
9,107,0
9,110,2
9,112,2
9,120,0
9,124,2
9,131,2
9,136,2
9,137,1
9,140,1
9,142,0
9,149,2
9,150,2
9,152,1
9,159,2
9,165,2
9,166,2
9,171,0
9,174,2
9,181,2
9,185,0
9,187,2
9,190,0
9,191,2
9,192,1
9,193,0
9,196,1
9,198,2
9,199,1
9,204,0
9,205,2
9,206,0
9,207,0
9,211,2
9,212,1
9,214,1
9,215,2
9,217,1
9,218,0
9,221,2
9,225,0
9,226,1
9,230,2
9,233,0
9,239,0
9,241,2
9,242,1
9,245,2
9,246,2
9,249,1
9,252,2
9,254,2
9,259,2
9,261,2
9,263,2
9,268,0
9,272,0
9,286,2
9,288,2
9,291,1
9,291,2
9,293,2
9,296,0
9,298,2
9,299,1
9,302,1
9,314,2
9,322,1
9,325,2
9,328,1
9,336,2
9,339,1
9,342,0
9,345,2
9,348,0
9,350,0
9,358,2
9,361,2
9,370,2
9,371,1
9,374,0
9,375,0
9,379,0
9,383,2
9,384,2
9,389,2
9,405,0
9,407,0
9,411,0
9,414,0
9,416,0
9,418,2
9,419,0
9,423,1
9,428,1
9,429,1
9,430,2
9,432,2
9,437,2
9,438,1
9,440,2
9,442,0
9,443,2
9,444,0
9,445,2
9,446,0
9,450,0
9,452,1
9,457,2
9,462,0
9,463,2
9,469,0
9,476,2
9,478,1
9,487,2
9,491,0
9,493,1
9,501,1
9,502,0
9,503,2
9,505,2
9,506,2
9,507,1
9,508,1
9,583,0
9,610,2
9,638,2
9,671,1
9,674,2
9,675,0
9,676,2
9,681,0
9,686,0
9,706,2
9,756,2
9,761,2
9,766,0
9,2981,2
9,3061,1
9,3073,2
9,3075,0
9,3194,2
9,3322,1
9,3327,0
9,3568,0
9,3569,1
9,3574,0
9,3579,0
9,4819,2
9,4823,2
9,4828,2
9,4871,1
9,4891,2
9,4899,1
9,4906,0
9,4911,0
9,4922,2
9,4927,0
9,4932,0
9,4937,0
9,4947,2
9,4955,2
9,4962,2
9,4980,0
9,4981,1
9,4986,2
9,4989,1
9,4990,1
9,4995,2
9,5006,1
9,5016,1
9,5017,2
9,5022,1
9,5027,1
9,5027,2
9,5032,0
9,5032,2
9,5037,2
9,5039,2
9,5043,2
9,5044,1
9,5047,2
9,5052,0
9,5061,1
9,5074,0
9,5079,1
9,5080,2
9,5087,2
9,5089,2
9,5092,2
9,5097,0
9,5103,1
9,5107,2
9,5108,2
9,5112,2
9,5114,0
9,5117,0
9,5137,2
9,5142,0
9,5147,2
9,5148,0
9,5192,2
9,5197,2
9,5202,0
9,5207,2
9,5208,2
9,5212,1
9,5216,2
9,5235,0
9,5240,2
9,5257,0
9,5262,1
9,5274,2
9,5279,0
9,5284,2
9,5299,1
9,5312,2
9,5317,2
9,5322,2
9,5353,2
9,5357,1
9,5358,1
9,5363,0
9,5368,2
9,6451,2
9,6456,1
9,6461,0
9,6466,2
9,7364,1
9,7430,2
9,7435,1
9,7466,0
9,7481,2
9,7509,2
9,7516,2
9,7639,0
9,7647,1
9,7650,0
9,7652,0
9,7682,0
9,7683,2
9,7709,0
9,7714,2
9,7719,1
9,7724,1
9,7729,0
9,7734,2
9,7748,0
9,7759,0
9,7766,2
9,7788,2
9,7792,0
9,7792,2
9,7797,2
9,7802,1
9,7803,2
9,7807,2
9,7808,0
9,7809,2
9,7813,1
9,7814,1
9,7816,0
9,7843,1
9,7850,2
9,7855,0
9,7862,2
9,7874,1
9,7884,0
9,7894,2
9,7898,1
9,7902,2
9,7917,2
9,7921,2
9,7929,0
9,7932,2
9,7962,2
9,8114,0
9,8119,2
9,8124,2
9,8731,0
9,8736,2
9,8741,1
9,8746,0
9,9181,1
9,9206,0
9,9211,1
9,9211,2
9,9299,0
9,9330,2
9,9335,2
9,9340,2
9,9403,2
9,9429,2
9,9450,2
9,9456,2
9,9462,1
9,9467,1
9,9467,2
9,9476,2
9,9481,1
9,9524,0
9,9529,1
9,9533,2
9,9534,0
9,9544,0
9,9545,2
9,9550,2
9,9555,2
9,9561,0
9,9615,0
9,9633,2
9,9637,2
9,9640,2
9,9642,2
9,9647,2
9,9648,1
9,9651,1
9,9689,2
9,9698,2
9,9716,0
9,9895,2
9,10331,1
9,10355,1
9,10377,0
9,10393,0
9,10407,0
9,10440,2
9,10445,2
9,10469,2
9,10478,0
9,10481,0
9,10483,2
9,10485,0
9,10488,0
9,10488,2
9,10489,2
9,10490,0
9,10490,2
9,10492,0
9,10493,0
9,10493,2
9,10495,0
9,10495,2
9,10498,2
9,10500,2
9,10503,0
9,10506,0
9,10510,2
9,10515,2
9,10520,0
9,10523,0
9,10530,1
9,10537,1
9,10540,0
9,10545,0
9,10548,2
9,10556,0
9,10558,0
9,10566,1
9,10570,2
9,10588,2
9,10593,1
9,10596,2
9,10601,0
9,10614,2
9,10619,2
9,10621,2
9,10623,0
9,10633,2
9,10635,1
9,10637,2
9,10642,0
9,10644,1
9,10645,2
9,10660,1
9,10661,0
9,10664,2
9,10668,2
9,10669,1
9,10670,0
9,10677,0
9,10680,2
9,10689,0
9,10690,2
9,10693,2
9,10694,2
9,10695,2
9,10696,1
9,10698,2
9,10699,0
9,10700,1
9,10703,1
9,10709,2
9,10710,0
9,10712,2
9,10716,1
9,10717,2
9,10719,0
9,10720,2
9,10722,2
9,10728,2
9,10732,0
9,10733,1
9,10736,2
9,10738,2
9,10740,2
9,10741,2
9,10742,1
9,10743,1
9,10746,0
9,10748,2
9,10750,2
9,10752,2
9,10755,2
9,10757,0
9,10760,2
9,10762,2
9,10764,1
9,10767,1
9,10769,0
9,10772,1
9,10778,1
9,10793,2
9,10796,2
9,10810,0
9,10811,2
9,10813,2
9,10814,2
9,10815,1
9,10815,2
9,10820,1
9,10821,0
9,10825,1
9,10827,2
9,10828,2
9,10837,2
9,10840,0
9,10844,2
9,10852,1
9,10853,1
9,10855,2
9,10858,0
9,10861,2
9,10864,1
9,10865,2
9,10866,2
9,10869,1
9,10870,1
9,10871,2
9,10873,1
9,10875,1
9,10876,1
9,10879,2
9,10880,2
9,10883,0
9,10886,1
9,10888,2
9,10892,1
9,10896,1
9,10900,1
9,10905,2
9,10912,0
9,10913,1
9,10918,1
9,10934,2
9,10944,2
9,10953,2
9,10956,2
9,10957,2
9,10958,2
9,10972,2
9,10973,0
9,10984,0
9,10989,0
9,10998,2
9,11000,1
9,11007,2
9,12024,1
9,12029,0
9,13581,2
9,13610,0
9,13640,2
9,13645,1
9,13647,1
9,13659,1
9,13693,1
9,13698,2
9,13708,2
9,13712,2
9,13717,2
9,13719,1
9,13726,0
9,13740,0
9,13747,0
9,13753,0
9,13756,0
9,13758,0
9,13769,0
9,13774,2
9,13775,1
9,13776,1
9,13779,2
9,13780,1
9,13781,2
9,13782,2
9,13784,2
9,13785,2
9,13786,0
9,13790,2
9,13795,2
9,13797,2
9,13802,0
9,13802,2
9,13804,1
9,13807,0
9,13807,2
9,13812,1
9,13813,2
9,13817,0
9,13822,0
9,13822,2
9,13849,2
9,13900,2
9,13973,0
9,13978,2
9,13993,2
9,14011,2
9,14016,1
9,14077,1
9,14753,1
9,14995,0
9,15000,2
9,15005,1
9,15010,2
9,15036,1
9,15041,2
9,15046,0
9,15065,0
9,15108,0
9,15113,1
9,15118,1
9,15123,2
9,15130,2
9,15133,2
9,15138,2
9,15143,1
9,15206,2
9,15255,1
9,15260,1
9,15265,0
9,15276,0
9,15279,0
9,15281,2
9,15284,1
9,15286,2
9,15288,1
9,15293,2
9,15315,0
9,15325,2
9,15330,2
9,15359,2
9,15467,0
9,16361,2
10,262,1
10,263,2
10,266,0
10,434,2
10,461,0
10,473,0
10,478,2
10,499,2
10,501,2
10,506,0
10,508,1
10,509,0
10,511,2
10,538,1
10,539,0
10,550,2
10,610,1
10,615,2
10,644,2
10,646,2
10,651,1
10,652,0
10,669,1
10,684,1
10,689,2
10,699,2
10,704,0
10,706,2
10,707,0
10,710,1
10,711,2
10,712,2
10,717,0
10,722,0
10,727,0
10,730,1
10,732,2
10,745,2
10,750,1
10,751,2
10,759,1
10,764,1
10,767,2
10,777,2
10,783,2
10,830,1
10,846,2
10,961,2
10,966,1
10,984,0
10,1020,0
10,1177,0
10,1204,2
10,1235,1
10,1240,0
10,1679,2
10,1691,0
10,1696,1
10,1720,2
10,1803,1
10,1808,1
10,1896,2
10,1901,0
10,1903,2
10,1991,1
10,3072,1
10,3075,2
10,3076,0
10,3079,2
10,3083,2
10,3085,2
10,3087,1
10,3088,1
10,3089,1
10,3093,0
10,3094,0
10,3095,2
10,3106,2
10,3107,2
10,3113,0
10,3116,2
10,3117,0
10,3121,1
10,3136,0
10,3147,2
10,3152,1
10,3265,0
10,3275,2
10,3283,0
10,3295,1
10,3316,2
10,3317,2
10,3318,1
10,3320,1
10,3327,1
10,3332,1
10,3337,2
10,3350,1
10,3355,0
10,3363,2
10,3366,2
10,3372,2
10,3377,0
10,3380,2
10,3381,0
10,3383,2
10,3389,2
10,3390,2
10,3391,2
10,3396,2
10,3397,0
10,3403,2
10,3407,2
10,3409,2
10,3412,0
10,3416,1
10,3417,0
10,3418,0
10,3421,2
10,3422,2
10,3427,2
10,3430,2
10,3434,1
10,3438,1
10,3439,2
10,3443,2
10,3444,0
10,3446,1
10,3447,1
10,3451,1
10,3456,1
10,3465,2
10,3478,2
10,3482,2
10,3485,1
10,3486,1
10,3491,2
10,3496,0
10,3496,2
10,3497,0
10,3498,2
10,3499,0
10,3501,2
10,3503,1
10,3506,2
10,3509,2
10,3511,0
10,3516,2
10,3518,0
10,3523,2
10,3525,1
10,3529,2
10,3531,2
10,3535,2
10,3542,1
10,3543,2
10,3544,2
10,3548,1
10,3549,0
10,3551,0
10,3553,2
10,3554,0
10,3555,1
10,3558,1
10,3559,2
10,3560,2
10,3562,2
10,3565,2
10,3566,1
10,3568,0
10,3570,2
10,3571,2
10,3573,2
10,3574,2
10,3579,0
10,3583,2
10,3665,2
10,3669,2
10,4343,1
10,4345,2
10,4348,0
10,4352,1
10,4353,2
10,4354,0
10,4357,1
10,4357,2
10,4360,2
10,4365,1
10,4366,1
10,4367,2
10,4369,1
10,4371,1
10,4371,2
10,4372,2
10,4373,2
10,4375,1
10,4375,2
10,4376,0
10,4377,2
10,4378,2
10,4382,0
10,4382,2
10,4383,0
10,4384,0
10,4385,0
10,4385,2
10,4386,2
10,4391,2
10,4393,0
10,4394,2
10,4395,2
10,4398,0
10,4399,2
10,4401,2
10,4402,1
10,4402,2
10,4405,0
10,4406,0
10,4407,1
10,4407,2
10,4408,2
10,4410,0
10,4410,2
10,4415,2
10,4417,0
10,4418,1
10,4420,1
10,4421,1
10,4423,0
10,4424,0
10,4425,0
10,4425,2
10,4428,0
10,4428,2
10,4429,0
10,4430,2
10,4431,2
10,4433,2
10,4435,1
10,4436,2
10,4438,0
10,4439,2
10,4440,1
10,4440,2
10,4441,0
10,4443,1
10,4444,2
10,4445,1
10,4445,2
10,4447,0
10,4447,1
10,4447,2
10,4448,0
10,4449,1
10,4450,0
10,4451,2
10,4452,1
10,4453,2
10,4454,2
10,4456,0
10,4457,2
10,4460,0
10,4462,1
10,4462,2
10,4465,0
10,4468,1
10,4468,2
10,4469,0
10,4470,2
10,4471,2
10,4472,1
10,4474,2
10,4476,0
10,4476,2
10,4478,0
10,4478,1
10,4478,2
10,4479,2
10,4480,1
10,4484,1
10,4484,2
10,4486,1
10,4486,2
10,4489,2
10,4492,0
10,4492,2
10,4496,2
10,4497,1
10,4498,2
10,4499,1
10,4500,0
10,4504,2
10,4507,0
10,4507,1
10,4507,2
10,4508,0
10,4510,1
10,4510,2
10,4515,1
10,4515,2
10,4516,2
10,4517,1
10,4518,1
10,4519,1
10,4520,1
10,4521,1
10,4522,0
10,4524,1
10,4524,2
10,4527,2
10,4528,1
10,4529,2
10,4531,2
10,4534,2
10,4537,1
10,4537,2
10,4540,1
10,4541,1
10,4542,1
10,4543,0
10,4545,2
10,4547,2
10,4548,1
10,4549,1
10,4550,0
10,4552,0
10,4553,1
10,4553,2
10,4554,0
10,4555,2
10,4557,2
10,4558,0
10,4560,0
10,4561,1
10,4562,0
10,4563,2
10,4565,0
10,4566,0
10,4566,2
10,4571,2
10,4573,0
10,4573,2
10,4574,0
10,4575,1
10,4577,2
10,4579,2
10,4581,1
10,4582,0
10,4582,1
10,4585,0
10,4586,1
10,4586,2
10,4587,1
10,4588,2
10,4589,0
10,4589,2
10,4590,1
10,4590,2
10,4591,2
10,4593,0
10,4596,1
10,4597,0
10,4597,2
10,4599,1
10,4600,0
10,4600,2
10,4602,1
10,4603,0
10,4605,0
10,4607,0
10,4608,1
10,4608,2
10,4610,0
10,4610,2
10,4612,1
10,4612,2
10,4613,0
10,4613,2
10,4615,0
10,4617,2
10,4618,1
10,4619,2
10,4620,1
10,4621,1
10,4622,0
10,4623,1
10,4623,2
10,4624,1
10,4625,1
10,4626,1
10,4626,2
10,4627,1
10,4627,2
10,4628,1
10,4631,0
10,4632,1
10,4632,2
10,4633,2
10,4637,2
10,4638,1
10,4639,1
10,4640,0
10,4642,2
10,4643,2
10,4644,0
10,4646,0
10,4646,1
10,4647,1
10,4648,2
10,4649,2
10,4651,0
10,4653,2
10,4654,1
10,4655,2
10,4656,2
10,4659,0
10,4659,1
10,4659,2
10,4660,2
10,4663,0
10,4664,2
10,4665,0
10,4666,0
10,4667,0
10,4667,2
10,4668,2
10,4669,2
10,4670,1
10,4671,2
10,4674,1
10,4675,0
10,4677,1
10,4680,0
10,4681,1
10,4682,2
10,4683,1
10,4683,2
10,4686,1
10,4688,0
10,4688,1
10,4689,1
10,4689,2
10,4690,0
10,4693,2
10,4694,2
10,4697,1
10,4699,2
10,4700,2
10,4701,0
10,4702,1
10,4703,0
10,4703,2
10,4704,1
10,4705,2
10,4706,1
10,4706,2
10,4707,1
10,4709,2
10,4712,2
10,4716,0
10,4717,0
10,4718,2
10,4721,0
10,4722,2
10,4724,1
10,4726,2
10,4727,0
10,4728,1
10,4728,2
10,4729,2
10,4730,2
10,4731,1
10,4733,0
10,4733,2
10,4734,2
10,4735,2
10,4740,2
10,4743,2
10,4744,0
10,4745,0
10,4745,1
10,4745,2
10,4749,1
10,4750,0
10,4752,2
10,4753,0
10,4753,2
10,4754,1
10,4755,2
10,4757,1
10,4757,2
10,4760,2
10,4761,2
10,4762,2
10,4763,0
10,4763,2
10,4765,1
10,4766,2
10,4769,2
10,4770,2
10,4775,1
10,4779,2
10,4780,1
10,4782,0
10,4783,2
10,4784,1
10,4785,1
10,4786,2
10,4787,2
10,4795,2
10,4797,2
10,4799,1
10,4800,2
10,4801,1
10,4803,0
10,4803,2
10,4804,2
10,4805,0
10,4806,1
10,4808,2
10,4810,2
10,4814,2
10,4815,1
10,4815,2
10,4816,0
10,4817,2
10,4820,2
10,4822,2
10,4824,1
10,4827,1
10,4828,0
10,4829,0
10,4830,2
10,4831,2
10,4835,2
10,4836,2
10,4837,1
10,4840,0
10,4843,2
10,4846,1
10,4847,1
10,4848,2
10,4849,1
10,4851,2
10,4852,2
10,4855,0
10,4855,2
10,4857,2
10,4858,2
10,4860,1
10,4863,0
10,4863,2
10,4864,2
10,4867,2
10,4869,2
10,4870,1
10,4874,1
10,4877,2
10,4879,1
10,4880,2
10,4884,0
10,4884,2
10,4885,0
10,4886,0
10,4887,1
10,4890,1
10,4894,1
10,4899,0
10,4901,2
10,4902,2
10,4903,1
10,4905,2
10,4909,2
10,4910,2
10,4919,2
10,4922,0
10,4927,2
10,4928,0
10,4930,2
10,4933,2
10,4937,2
10,4939,1
10,4942,2
10,4946,2
10,4947,2
10,4949,0
10,4955,2
10,4957,2
10,4962,1
10,4968,2
10,4969,1
10,4970,2
10,4971,1
10,4976,0
10,4977,1
10,4983,1
10,4985,1
10,4991,2
10,4997,2
10,5006,0
10,5010,1
10,5010,2
10,5011,2
10,5018,2
10,5019,0
10,5019,2
10,5025,2
10,5026,0
10,5029,0
10,5029,2
10,5030,1
10,5031,1
10,5031,2
10,5035,2
10,5036,2
10,5037,0
10,5041,2
10,5042,2
10,5043,1
10,5044,1
10,5045,2
10,5047,1
10,5049,1
10,5051,2
10,5053,1
10,5060,2
10,5065,1
10,5066,2
10,5069,1
10,5071,2
10,5076,1
10,5081,2
10,5085,2
10,5089,2
10,5090,0
10,5090,1
10,5090,2
10,5092,0
10,5094,2
10,5096,2
10,5097,2
10,5098,2
10,5099,0
10,5102,1
10,5104,2
10,5105,1
10,5107,1
10,5108,0
10,5108,2
10,5111,2
10,5113,2
10,5115,2
10,5116,0
10,5119,2
10,5120,0
10,5127,0
10,5134,2
10,5135,0
10,5137,0
10,5139,0
10,5142,2
10,5146,1
10,5148,2
10,5152,2
10,5157,0
10,5158,1
10,5159,2
10,5161,1
10,5162,2
10,5163,1
10,5166,2
10,5168,1
10,5169,2
10,5170,0
10,5170,2
10,5171,2
10,5174,0
10,5174,2
10,5175,0
10,5175,1
10,5175,2
10,5177,0
10,5179,2
10,5180,1
10,5181,2
10,5183,0
10,5184,1
10,5189,2
10,5190,1
10,5191,0
10,5200,2
10,5203,2
10,5204,1
10,5210,0
10,5215,1
10,5216,1
10,5222,2
10,5226,2
10,5234,1
10,5239,1
10,5242,1
10,5244,1
10,5245,2
10,5250,0
10,5250,2
10,5252,0
10,5259,1
10,5260,2
10,5262,0
10,5264,2
10,5267,2
10,5269,0
10,5274,2
10,5278,2
10,5279,1
10,5279,2
10,5281,2
10,5283,1
10,5284,2
10,5289,1
10,5291,1
10,5294,0
10,5294,2
10,5296,1
10,5296,2
10,5297,1
10,5298,2
10,5299,2
10,5301,0
10,5302,2
10,5303,2
10,5305,0
10,5306,0
10,5309,2
10,5310,0
10,5313,2
10,5316,1
10,5317,2
10,5320,1
10,5321,0
10,5330,1
10,5333,1
10,5337,0
10,5338,1
10,5341,2
10,5343,1
10,5347,0
10,5348,2
10,5356,0
10,5358,2
10,5359,1
10,5361,1
10,5362,0
10,5363,0
10,5364,1
10,5364,2
10,5366,1
10,5366,2
10,5368,1
10,5369,0
10,5369,2
10,5370,0
10,5371,2
10,5372,0
10,5373,1
10,5374,1
10,5385,2
10,5390,2
10,5402,2
10,5409,1
10,5412,2
10,5415,2
10,5428,0
10,5433,2
10,5444,2
10,5445,2
10,5446,1
10,5450,2
10,5451,2
10,5452,2
10,5460,2
10,5461,1
10,5462,2
10,5466,0
10,5467,1
10,5471,2
10,5485,2
10,5488,2
10,5504,1
10,5506,2
10,5507,2
10,5508,1
10,5513,2
10,5514,0
10,5518,1
10,5523,1
10,5529,0
10,5565,0
10,5570,2
10,5576,1
10,5583,0
10,5591,2
10,5609,2
10,5614,1
10,5623,0
10,5627,0
10,5628,0
10,5628,1
10,5631,2
10,5634,0
10,5639,1
10,5639,2
10,5644,1
10,5735,2
10,5754,2
10,5763,0
10,5810,2
10,5815,2
10,5820,2
10,5822,1
10,5825,1
10,5875,1
10,5880,2
10,5885,2
10,6133,2
10,6138,0
10,6138,2
10,6143,0
10,6583,0
10,6652,2
10,6676,1
10,6679,0
10,6681,0
10,6707,0
10,6774,0
10,6814,1
10,6819,2
10,6824,2
10,6832,2
10,6853,2
10,6860,1
10,6865,1
10,6899,2
10,6906,2
10,6911,0
10,6913,2
10,6933,0
10,6937,2
10,6942,0
10,6968,2
10,6976,0
10,6983,0
10,6992,0
10,7005,0
10,7007,2
10,7015,2
10,7035,2
10,7042,0
10,7048,2
10,7054,0
10,7083,2
10,7088,0
10,7089,2
10,7118,1
10,7137,1
10,7138,1
10,7152,1
10,7157,2
10,7158,1
10,7160,2
10,7169,1
10,7170,2
10,7174,1
10,7175,0
10,7178,2
10,7182,2
10,7183,1
10,7186,2
10,7188,0
10,7190,0
10,7193,2
10,7195,2
10,7196,0
10,7198,0
10,7206,0
10,7208,2
10,7220,2
10,7221,1
10,7222,1
10,7231,2
10,7232,1
10,7236,2
10,7240,1
10,7242,2
10,7246,2
10,7249,2
10,7250,1
10,7253,0
10,7254,2
10,7255,2
10,7256,2
10,7257,1
10,7257,2
10,7258,0
10,7259,1
10,7261,2
10,7262,2
10,7264,2
10,7269,2
10,7277,2
10,7279,2
10,7280,0
10,7282,2
10,7284,1
10,7287,2
10,7291,2
10,7292,0
10,7295,0
10,7296,1
10,7297,2
10,7299,2
10,7300,1
10,7301,2
10,7302,0
10,7305,2
10,7306,2
10,7308,2
10,7309,0
10,7310,2
10,7315,0
10,7317,2
10,7321,0
10,7322,2
10,7324,2
10,7328,0
10,7329,2
10,7330,1
10,7331,2
10,7335,1
10,7337,1
10,7338,1
10,7341,2
10,7342,2
10,7344,0
10,7346,2
10,7347,1
10,7348,2
10,7349,0
10,7350,2
10,7353,2
10,7354,2
10,7355,0
10,7357,0
10,7358,1
10,7358,2
10,7359,2
10,7361,1
10,7363,0
10,7364,2
10,7365,2
10,7368,1
10,7369,2
10,7375,2
10,7376,2
10,7377,1
10,7379,1
10,7379,2
10,7380,2
10,7382,2
10,7384,1
10,7384,2
10,7385,0
10,7386,2
10,7387,2
10,7389,2
10,7391,2
10,7392,2
10,7393,0
10,7393,1
10,7393,2
10,7396,2
10,7399,2
10,7401,0
10,7402,0
10,7404,0
10,7405,2
10,7406,0
10,7407,0
10,7409,2
10,7410,0
10,7411,0
10,7413,2
10,7415,2
10,7416,2
10,7417,1
10,7417,2
10,7420,2
10,7421,0
10,7423,1
10,7430,2
10,7458,2
10,7466,2
10,7517,2
10,9602,0
10,9729,2
10,9744,2
10,9771,0
10,9873,1
10,9905,0
10,9915,0
10,9930,2
10,9959,2
10,9972,2
10,9976,0
10,10023,2
10,10163,2
10,10168,2
10,10222,2
10,10745,0
10,10750,2
10,10975,2
10,10980,2
10,10993,2
10,10994,2
10,10998,0
10,10999,0
10,11001,2
10,11003,2
10,11006,1
10,11041,2
10,11046,2
10,11051,2
10,11056,1
10,11167,0
10,11169,2
10,11172,0
10,11216,0
10,11219,2
10,11236,0
10,11241,2
10,11332,0
10,11333,1
10,11337,0
10,11354,1
10,11359,2
10,11364,1
10,11368,0
10,11374,1
10,11379,2
10,11384,0
10,11385,2
10,11390,2
10,11400,0
10,11408,2
10,11413,1
10,11415,2
10,11418,1
10,11423,2
10,11426,2
10,11428,0
10,11433,2
10,11435,2
10,11444,2
10,11458,1
10,11459,2
10,11464,1
10,11469,1
10,11484,1
10,11489,2
10,11497,0
10,11504,2
10,11511,1
10,11516,2
10,11518,1
10,11519,2
10,11613,2
10,11618,2
10,11623,1
10,11626,2
10,11771,2
10,11912,2
10,11998,0
10,12043,0
10,12044,1
10,12045,2
10,12051,0
10,12060,1
10,12069,2
10,12078,2
10,12101,2
10,12121,0
10,12175,0
10,12201,1
10,12203,1
10,12207,2
10,12235,1
10,12242,0
10,12249,2
10,12254,0
10,12260,2
10,12272,2
10,12285,2
10,12289,2
10,12291,2
10,12293,2
10,12302,0
10,12309,2
10,12317,2
10,12320,1
10,12328,0
10,12331,2
10,12332,2
10,12336,0
10,12338,1
10,12346,1
10,12351,1
10,12355,1
10,12358,1
10,12361,2
10,12366,1
10,12373,0
10,12375,2
10,12377,0
10,12379,2
10,12383,1
10,12384,1
10,12385,0
10,12389,2
10,12390,2
10,12394,2
10,12397,2
10,12398,0
10,12399,1
10,12400,1
10,12402,2
10,12407,2
10,12410,0
10,12412,0
10,12413,2
10,12414,2
10,12415,2
10,12416,0
10,12417,1
10,12417,2
10,12419,1
10,12422,1
10,12423,2
10,12429,0
10,12431,2
10,12436,1
10,12437,1
10,12442,0
10,12446,1
10,12447,2
10,12449,0
10,12451,2
10,12453,0
10,12456,2
10,12461,2
10,12462,1
10,12467,0
10,12468,1
10,12472,1
10,12473,0
10,12475,2
10,12476,2
10,12477,1
10,12478,1
10,12484,2
10,12485,0
10,12489,0
10,12490,1
10,12492,1
10,12496,1
10,12499,0
10,12500,1
10,12501,0
10,12503,0
10,12505,1
10,12506,0
10,12506,2
10,12507,2
10,12509,2
10,12511,0
10,12514,1
10,12516,0
10,12517,2
10,12521,1
10,12522,2
10,12523,2
10,12524,2
10,12525,2
10,12526,1
10,12528,0
10,12529,2
10,12533,1
10,12534,2
10,12538,2
10,12539,2
10,12540,1
10,12541,2
10,12545,1
10,12550,0
10,12568,0
10,12571,1
10,12578,1
10,12584,1
10,12588,2
10,12589,2
10,12600,0
10,12605,0
10,12653,0
10,12658,2
10,12708,1
10,12713,2
10,13304,2
10,13309,2
10,13459,0
10,13464,0
10,13468,1
10,13473,2
10,13547,2
10,13552,2
10,13556,2
10,13557,2
10,13561,0
10,13562,2
10,13564,1
10,13567,2
10,14384,0
10,14518,0
10,14549,1
10,14554,0
10,14559,2
10,14564,1
10,14608,2
10,14706,0
10,14707,1
10,14719,1
10,14745,0
10,14750,2
10,14757,0
10,14764,2
10,14770,2
10,14775,0
10,14795,2
10,14797,2
10,14803,2
10,14812,2
10,14827,2
10,14832,2
10,14835,2
10,14837,2
10,14840,1
10,14842,0
10,14845,0
10,14847,1
10,14854,2
10,14858,1
10,14863,2
10,14882,1
10,14915,0
10,14916,2
10,14920,1
10,14955,1
10,14960,1
10,14965,2
10,14970,0
10,14975,1
10,14980,2
10,14987,0
10,15000,2
10,15003,0
10,15005,0
10,15009,1
10,15012,2
10,15014,2
10,15021,0
10,15046,2
10,15049,2
10,15053,1
10,15065,2
10,15069,1
10,15071,0
10,15074,1
10,15074,2
10,15079,0
10,15083,2
10,15084,0
10,15084,2
10,15089,1
10,15091,2
10,15095,2
10,15096,2
10,15101,2
10,15134,1
10,15139,2
10,15144,1
10,15149,2
10,15154,0
10,15158,2
10,15193,2
10,15198,2
10,15224,2
10,15227,2
10,15232,2
10,15262,1
10,15287,2
10,15292,1
10,15297,2
10,15330,1
10,15335,2
10,15362,2
10,15612,2
10,15930,2
10,16123,2
10,16124,2
10,16182,2
10,16211,2
10,16293,2
10,16308,2
10,16340,1
10,16368,1
10,16371,1
