block,symbolInBlock,bitInSymbol
0,7,1
0,14,0
0,46,0
0,112,1
0,123,1
0,128,1
0,157,1
0,182,0
0,205,1
0,228,1
0,231,0
0,232,0
0,233,0
0,286,0
0,286,1
0,295,1
0,297,1
0,300,1
0,302,1
0,311,0
0,312,0
0,316,0
0,317,1
0,322,1
0,327,1
0,332,0
0,339,0
0,386,1
0,391,1
0,396,0
0,398,1
0,401,0
0,424,0
0,424,1
0,471,0
0,478,0
0,497,0
0,502,1
0,507,0
0,507,1
0,529,0
0,531,0
0,550,0
0,604,0
0,632,1
0,637,0
0,655,1
0,660,1
0,662,1
0,667,1
0,673,1
0,679,1
0,683,0
0,691,1
0,710,1
0,712,0
0,729,0
0,730,0
0,740,0
0,745,0
0,761,0
0,764,0
0,768,1
0,780,0
0,809,0
0,829,1
0,834,1
0,853,0
0,854,0
0,925,1
0,940,0
0,1180,0
0,1197,0
0,1207,0
0,2124,1
0,2224,1
0,2263,1
0,2293,0
0,2297,0
0,2315,1
0,2320,1
0,2325,1
0,2330,1
0,2335,1
0,2340,1
0,2446,1
0,2528,1
0,2544,0
0,2554,0
0,2567,0
0,2568,1
0,2573,0
0,2578,0
0,2578,1
0,2583,1
0,2589,1
0,2604,1
0,2607,0
0,2611,1
0,2612,1
0,2616,1
0,2617,0
0,2621,1
0,2633,0
0,2638,1
0,2646,0
0,2651,0
0,2651,1
0,2652,1
0,2656,1
0,2657,0
0,2657,1
0,2662,1
0,2667,1
0,2680,0
0,2685,0
0,2690,0
0,2695,0
0,2697,1
0,2700,0
0,2703,0
0,2705,0
0,2716,0
0,2725,1
0,2730,1
0,2732,0
0,2737,1
0,2741,0
0,2754,1
0,2782,1
0,2806,1
0,2811,0
0,2812,0
0,2846,1
0,2851,0
0,2851,1
0,2852,1
0,2856,0
0,2856,1
0,2861,0
0,2861,1
0,2912,0
0,2915,0
0,2920,1
0,2934,1
0,2939,0
0,2973,0
0,2978,0
0,2995,0
0,3100,1
0,3128,1
0,3133,1
0,3143,1
0,3170,0
0,3175,1
0,3201,0
0,3255,1
0,3312,1
0,3317,0
0,3442,0
0,3447,1
0,3448,1
0,3620,0
0,3623,1
0,3635,1
0,3639,0
0,3640,1
0,3642,1
0,3655,1
0,3663,0
0,3692,0
0,3692,1
0,3697,0
0,3697,1
0,3702,1
0,3713,0
0,3717,0
0,3720,0
0,3722,0
0,3722,1
0,3724,0
0,3728,0
0,3732,1
0,3734,1
0,3737,1
0,3738,0
0,3739,0
0,3739,1
0,3744,0
0,3744,1
0,3748,1
0,3749,1
0,3753,1
0,3755,1
0,3756,0
0,3758,1
0,3761,0
0,3763,1
0,3764,1
0,3768,1
0,3769,0
0,3773,0
0,3773,1
0,3778,1
0,3779,0
0,3783,1
0,3784,1
0,3787,1
0,3789,1
0,3792,0
0,3793,0
0,3794,1
0,3798,1
0,3799,0
0,3799,1
0,3803,1
0,3804,1
0,3808,0
0,3809,0
0,3809,1
0,3813,0
0,3813,1
0,3824,0
0,3828,0
0,3830,0
0,3833,1
0,3835,1
0,3836,1
0,3841,0
0,3841,1
0,3842,0
0,3844,1
0,3849,1
0,3850,0
0,3856,1
0,3861,1
0,3867,0
0,3872,0
0,3878,1
0,3881,1
0,3886,1
0,3887,1
0,3889,1
0,3891,0
0,3892,1
0,3896,1
0,3897,0
0,3898,1
0,3901,1
0,3903,0
0,3906,0
0,3906,1
0,3911,1
0,3912,0
0,3915,1
0,3916,1
0,3919,0
0,3920,0
0,3924,0
0,3930,1
0,3932,0
0,3938,1
0,3942,0
0,3949,0
0,3951,0
0,3952,1
0,3954,0
0,3954,1
0,3959,1
0,3967,0
0,3970,1
0,3975,0
0,3989,1
0,3994,0
0,4006,0
0,4012,0
0,4020,1
0,4021,1
0,4027,0
0,4030,0
0,4034,0
0,4039,0
0,4053,0
0,4071,1
0,4087,0
0,4091,0
0,4094,0
0,4106,1
0,4127,1
0,4164,1
0,4178,1
0,4183,0
0,4188,0
0,4220,0
0,4251,0
0,4266,1
0,4352,1
0,4355,0
0,4383,1
0,4388,1
0,4411,1
0,4416,1
0,4420,0
0,4421,0
0,4423,0
0,4425,1
0,4428,0
0,4429,0
0,4430,1
0,4434,0
0,4437,0
0,4439,1
0,4444,0
0,4445,0
0,4449,0
0,4450,1
0,4454,1
0,4468,0
0,4471,1
0,4473,1
0,4527,1
0,4532,0
0,4548,1
0,4558,1
0,4562,0
0,4567,1
0,4572,1
0,4608,1
0,4610,0
0,4616,0
0,4631,0
0,4635,0
0,4677,1
0,4779,1
0,4784,0
0,4865,0
0,4867,0
0,4893,1
0,4898,0
0,4899,1
0,4904,0
0,4904,1
0,4909,1
0,4911,1
0,4916,0
0,4921,0
0,4921,1
0,4926,0
0,4926,1
0,4931,0
0,4931,1
0,4933,1
0,4936,0
0,4941,1
0,4946,1
0,4951,1
0,4956,0
0,4961,0
0,4962,1
0,4964,0
0,4966,0
0,4968,0
0,4969,1
0,4984,0
0,5127,1
0,5139,0
0,5139,1
0,5144,0
0,5146,1
0,5149,1
0,5154,0
0,5159,0
0,5164,1
0,5168,0
0,5173,1
0,5196,0
0,5196,1
0,5225,1
0,5230,1
0,5235,0
0,5235,1
0,5244,0
0,5249,1
0,5330,0
0,5335,1
0,5345,0
0,5349,1
0,5350,0
0,5350,1
0,5353,0
0,5354,1
0,5355,0
0,5358,0
0,5359,0
0,5360,0
0,5380,0
0,5385,1
0,5390,0
0,5411,1
0,5413,0
0,5418,0
0,5423,1
0,5424,1
0,5425,1
0,5426,1
0,5427,0
0,5429,0
0,5430,1
0,5431,0
0,5432,0
0,5433,1
0,5434,1
0,5437,0
0,5438,1
0,5442,1
0,5443,1
0,5444,0
0,5446,0
0,5447,0
0,5448,1
0,5449,1
0,5451,0
0,5453,0
0,5454,0
0,5456,0
0,5459,0
0,5459,1
0,5461,1
0,5463,1
0,5464,1
0,5466,0
0,5468,0
0,5473,0
0,5474,1
0,5479,1
0,5484,0
0,5484,1
0,5489,1
0,5494,0
0,5515,1
0,5518,0
0,5523,0
0,5523,1
0,5528,1
0,5533,0
0,5535,0
0,5540,0
0,5542,0
0,5544,1
0,5549,1
0,5553,1
0,5554,0
0,5558,0
0,5559,0
0,5562,0
0,5563,1
0,5564,0
0,5569,1
0,5574,0
0,5581,1
0,5586,1
0,5598,1
0,5604,1
0,5609,1
0,5614,0
0,5614,1
0,5619,0
0,5635,0
0,5640,1
0,5642,0
0,5644,0
0,5645,0
0,5646,0
0,5647,1
0,5649,0
0,5650,1
0,5651,1
0,5655,1
0,5656,0
0,5660,0
0,5661,1
0,5666,0
0,5685,0
0,5690,0
0,5693,1
0,5694,1
0,5699,0
0,5704,0
0,5707,1
0,5708,1
0,5712,0
0,5713,1
0,5717,0
0,5730,0
0,5853,0
0,5856,1
0,5858,1
0,5861,1
0,5866,0
0,5866,1
0,5871,0
0,5871,1
0,5872,1
0,5877,0
0,5882,0
0,5884,0
0,5886,0
0,5901,1
0,5939,1
0,6308,1
0,6408,0
0,6452,0
0,6453,1
0,6457,1
0,6462,1
0,6505,1
0,6547,1
0,6558,1
0,6562,1
0,6568,1
0,6588,1
0,6650,0
0,6657,1
0,6665,0
0,6679,1
0,6684,0
0,6689,0
0,6694,0
0,6696,1
0,6697,0
0,6699,0
0,6700,1
0,6703,1
0,6709,1
0,6714,0
0,6716,1
0,6717,1
0,6721,1
0,6723,0
0,6724,1
0,6735,1
0,6738,0
0,6744,1
0,6747,0
0,6749,1
0,6752,0
0,6754,0
0,6757,0
0,6757,1
0,6760,1
0,6762,1
0,6763,1
0,6766,1
0,6771,1
0,6773,1
0,6778,0
0,6781,1
0,6790,0
0,6793,0
0,6802,1
0,6803,0
0,6804,0
0,6806,1
0,6807,1
0,6812,0
0,6813,1
0,6814,1
0,6820,1
0,6821,0
0,6822,1
0,6828,0
0,6831,0
0,6831,1
0,6834,0
0,6834,1
0,6836,0
0,6836,1
0,6841,0
0,6843,1
0,6853,0
0,6860,1
0,6865,1
0,6866,1
0,6868,0
0,6871,0
0,6875,1
0,6878,1
0,6879,0
0,6880,0
0,6880,1
0,6882,0
0,6892,1
0,6893,0
0,6894,0
0,6897,1
0,6900,0
0,6905,1
0,6912,1
0,6914,1
0,6915,0
0,6916,1
0,6919,0
0,6922,0
0,6927,0
0,6930,0
0,6932,1
0,6934,1
0,6935,0
0,6937,0
0,6939,1
0,6943,0
0,6944,0
0,6946,0
0,6947,0
0,6948,0
0,6953,0
0,6954,0
0,6956,1
0,6958,0
0,6958,1
0,6963,0
0,6963,1
0,6966,0
0,6968,0
0,6969,1
0,6972,0
0,6973,0
0,6974,1
0,6976,1
0,6977,0
0,6983,0
0,6993,1
0,7000,0
0,7003,0
0,7004,1
0,7006,1
0,7008,0
0,7008,1
0,7009,1
0,7011,0
0,7011,1
0,7023,0
0,7024,1
0,7026,0
0,7029,1
0,7033,0
0,7036,0
0,7039,0
0,7042,1
0,7044,1
0,7045,0
0,7047,1
0,7049,1
0,7050,1
0,7051,0
0,7051,1
0,7054,1
0,7056,0
0,7058,0
0,7059,0
0,7061,0
0,7063,1
0,7066,0
0,7073,0
0,7074,1
0,7075,0
0,7076,0
0,7077,0
0,7079,0
0,7086,0
0,7091,1
0,7101,0
0,7106,1
0,7107,1
0,7109,1
0,7110,1
0,7112,0
0,7114,0
0,7116,1
0,7119,1
0,7120,0
0,7122,1
0,7123,1
0,7124,1
0,7125,0
0,7125,1
0,7127,0
0,7128,1
0,7131,1
0,7134,1
0,7135,1
0,7138,1
0,7140,0
0,7146,1
0,7148,0
0,7151,1
0,7160,0
0,7163,0
0,7168,1
0,7170,1
0,7171,0
0,7175,0
0,7178,1
0,7180,0
0,7182,1
0,7183,0
0,7185,1
0,7189,1
0,7191,0
0,7196,0
0,7196,1
0,7198,0
0,7200,0
0,7205,0
0,7211,1
0,7216,1
0,7217,1
0,7218,0
0,7219,0
0,7221,0
0,7225,0
0,7226,0
0,7227,1
0,7228,0
0,7229,0
0,7230,1
0,7231,1
0,7235,1
0,7238,0
0,7241,1
0,7242,0
0,7248,1
0,7251,1
0,7252,0
0,7253,0
0,7259,1
0,7263,0
0,7264,0
0,7264,1
0,7267,0
0,7268,0
0,7268,1
0,7269,0
0,7271,0
0,7273,0
0,7276,0
0,7279,0
0,7281,1
0,7282,1
0,7284,0
0,7288,1
0,7289,1
0,7292,0
0,7295,0
0,7296,0
0,7300,0
0,7305,1
0,7308,0
0,7310,1
0,7313,0
0,7313,1
0,7314,1
0,7317,1
0,7318,1
0,7320,0
0,7322,0
0,7324,1
0,7328,1
0,7330,0
0,7333,0
0,7333,1
0,7336,1
0,7337,1
0,7338,0
0,7339,0
0,7341,0
0,7342,1
0,7347,0
0,7348,1
0,7349,0
0,7351,1
0,7353,1
0,7355,0
0,7358,1
0,7361,1
0,7363,1
0,7364,1
0,7365,1
0,7366,1
0,7368,1
0,7370,0
0,7371,0
0,7372,1
0,7376,1
0,7377,1
0,7379,1
0,7381,0
0,7388,0
0,7388,1
0,7390,1
0,7392,0
0,7393,0
0,7397,1
0,7398,0
0,7399,0
0,7402,0
0,7404,1
0,7407,0
0,7409,0
0,7411,0
0,7412,0
0,7413,1
0,7414,0
0,7416,0
0,7417,0
0,7420,1
0,7427,0
0,7428,0
0,7439,1
0,7440,1
0,7445,1
0,7446,0
0,7446,1
0,7451,0
0,7451,1
0,7461,0
0,7462,0
0,7468,1
0,7472,1
0,7474,0
0,7475,1
0,7478,1
0,7480,1
0,7484,1
0,7485,1
0,7488,0
0,7488,1
0,7493,0
0,7494,1
0,7508,0
0,7517,0
0,7522,1
0,7524,0
0,7524,1
0,7527,0
0,7529,1
0,7530,0
0,7533,0
0,7534,1
0,7535,1
0,7536,0
0,7538,0
0,7539,0
0,7540,1
0,7541,0
0,7545,0
0,7548,1
0,7549,1
0,7553,1
0,7557,0
0,7562,0
0,7576,1
0,7580,1
0,7583,1
0,7585,0
0,7585,1
0,7587,0
0,7590,0
0,7590,1
0,7592,1
0,7595,0
0,7597,0
0,7603,0
0,7607,0
0,7608,0
0,7609,0
0,7610,0
0,7612,1
0,7613,0
0,7613,1
0,7616,1
0,7618,0
0,7618,1
0,7619,0
0,7620,1
0,7627,0
0,7633,1
0,7634,1
0,7638,0
0,7640,1
0,7643,1
0,7646,1
0,7647,1
0,7656,1
0,7661,0
0,7666,1
0,7678,0
0,7684,0
0,7684,1
0,7686,0
0,7691,0
0,7696,1
0,7700,1
0,7704,0
0,7709,0
0,7711,0
0,7722,1
0,7723,0
0,7725,0
0,7732,1
0,7743,0
0,7746,1
0,7753,0
0,7759,1
0,7782,1
0,7785,0
0,7792,1
0,7850,1
0,7866,0
0,7936,1
0,7952,0
0,7954,0
0,7966,0
0,7998,1
0,8198,0
0,8201,0
0,8206,0
0,8229,1
0,8234,0
0,8485,0
0,8506,1
0,8537,1
0,8538,0
0,8543,0
0,8588,0
0,8593,1
0,8612,0
0,8641,0
0,8668,0
0,8690,0
0,8693,0
0,8698,1
0,8699,1
0,8709,0
0,8710,0
0,8711,1
0,8717,1
0,8721,0
0,8725,1
0,8727,0
0,8727,1
0,8735,0
0,8736,1
0,8737,1
0,8738,0
0,8741,0
0,8746,0
0,8748,0
0,8755,0
0,8756,0
0,8756,1
0,8763,0
0,8767,1
0,8768,0
0,8773,1
0,8774,0
0,8775,1
0,8783,0
0,8785,0
0,8788,0
0,8789,0
0,8791,1
0,8795,1
0,8798,1
0,8809,1
0,8812,1
0,8813,0
0,8822,0
0,8823,0
0,8825,0
0,8825,1
0,8826,0
0,8827,1
0,8829,0
0,8830,1
0,8835,0
0,8836,1
0,8842,0
0,8847,0
0,8851,1
0,8853,0
0,8858,0
0,8861,0
0,8866,1
0,8875,1
0,8879,1
0,8883,0
0,8886,0
0,8888,1
0,8891,1
0,8895,0
0,8902,1
0,8908,1
0,8912,1
0,8915,0
0,8917,0
0,8923,0
0,8930,1
0,8933,0
0,8944,0
0,8945,0
0,8945,1
0,8946,1
0,8952,1
0,8954,0
0,8960,1
0,8970,0
0,8975,0
0,8992,0
0,8997,1
0,9009,0
0,9013,1
0,9028,1
0,9032,1
0,9035,1
0,9043,0
0,9046,0
0,9047,0
0,9056,0
0,9058,0
0,9059,0
0,9059,1
0,9073,0
0,9075,1
0,9081,0
0,9092,1
0,9099,1
0,9100,1
0,9104,0
0,9109,1
0,9116,1
0,9119,1
0,9127,0
0,9127,1
0,9128,0
0,9142,0
0,9149,0
0,9158,0
0,9159,1
0,9172,0
0,9176,0
0,9178,0
0,9190,1
0,9192,1
0,9198,1
0,9200,0
0,9215,1
0,9217,0
0,9218,0
0,9223,0
0,9228,1
0,9232,0
0,9233,1
0,9234,1
0,9237,1
0,9242,0
0,9243,0
0,9244,1
0,9245,0
0,9246,1
0,9248,1
0,9250,0
0,9255,0
0,9265,1
0,9266,1
0,9268,1
0,9270,0
0,9270,1
0,9271,1
0,9274,0
0,9275,0
0,9277,0
0,9278,0
0,9280,0
0,9282,0
0,9282,1
0,9283,1
0,9284,0
0,9285,1
0,9286,0
0,9286,1
0,9289,0
0,9295,1
0,9298,1
0,9300,0
0,9300,1
0,9302,0
0,9303,1
0,9309,1
0,9318,0
0,9321,1
0,9327,0
0,9329,1
0,9332,1
0,9341,1
0,9346,1
0,9347,0
0,9352,1
0,9354,1
0,9358,0
0,9360,1
0,9361,0
0,9363,0
0,9364,0
0,9367,1
0,9372,0
0,9376,1
0,9377,0
0,9377,1
0,9381,1
0,9382,0
0,9390,0
0,9392,1
0,9393,0
0,9394,0
0,9395,1
0,9403,0
0,9405,0
0,9412,0
0,9416,1
0,9418,0
0,9424,1
0,9425,0
0,9427,1
0,9428,0
0,9428,1
0,9431,1
0,9435,1
0,9441,0
0,9442,0
0,9443,0
0,9446,0
0,9447,1
0,9449,1
0,9450,0
0,9453,1
0,9454,0
0,9455,1
0,9458,0
0,9458,1
0,9463,0
0,9470,1
0,9474,1
0,9478,0
0,9481,0
0,9482,0
0,9483,1
0,9485,1
0,9486,0
0,9487,0
0,9490,0
0,9490,1
0,9492,1
0,9502,0
0,9505,0
0,9505,1
0,9506,1
0,9507,0
0,9507,1
0,9509,0
0,9510,1
0,9511,0
0,9513,0
0,9514,0
0,9517,1
0,9518,0
0,9521,0
0,9525,0
0,9527,0
0,9528,1
0,9530,0
0,9535,1
0,9538,1
0,9544,0
0,9545,1
0,9548,0
0,9550,0
0,9551,0
0,9554,1
0,9555,0
0,9557,0
0,9558,0
0,9560,0
0,9564,0
0,9569,1
0,9571,1
0,9573,0
0,9579,1
0,9586,0
0,9587,1
0,9589,1
0,9592,0
0,9595,0
0,9596,0
0,9597,1
0,9598,0
0,9598,1
0,9599,0
0,9602,1
0,9603,0
0,9603,1
0,9610,1
0,9611,1
0,9625,0
0,9636,1
0,9638,0
0,9638,1
0,9643,1
0,9644,0
0,9648,0
0,9652,0
0,9653,1
0,9654,0
0,9655,1
0,9657,0
0,9658,0
0,9658,1
0,9659,1
0,9662,0
0,9668,0
0,9669,0
0,9674,0
0,9674,1
0,9676,1
0,9677,1
0,9678,0
0,9679,0
0,9682,1
0,9687,0
0,9689,0
0,9690,0
0,9697,1
0,9699,0
0,9699,1
0,9702,0
0,9702,1
0,9715,0
0,9715,1
0,9717,1
0,9720,0
0,9731,1
0,9732,1
0,9733,1
0,9736,1
0,9743,0
0,9748,0
0,9749,0
0,9751,1
0,9753,1
0,9756,0
0,9756,1
0,9758,1
0,9761,1
0,9762,1
0,9763,0
0,9767,1
0,9768,1
0,9769,0
0,9773,1
0,9776,0
0,9778,0
0,9778,1
0,9782,1
0,9783,0
0,9786,0
0,9787,0
0,9792,1
0,9796,1
0,9797,1
0,9801,0
0,9813,1
0,9818,1
0,9819,1
0,9820,1
0,9823,1
0,9826,0
0,9827,0
0,9828,1
0,9831,1
0,9833,1
0,9841,0
0,9841,1
0,9842,0
0,9842,1
0,9844,0
0,9845,0
0,9846,1
0,9847,0
0,9849,0
0,9850,0
0,9850,1
0,9855,1
0,9858,1
0,9861,0
0,9862,1
0,9866,0
0,9871,0
0,9872,1
0,9874,1
0,9876,1
0,9881,1
0,9884,1
0,9886,1
0,9888,1
0,9889,1
0,9894,0
0,9899,1
0,9901,0
0,9909,1
0,9911,1
0,9913,0
0,9914,0
0,9917,1
0,9919,0
0,9921,1
0,9922,0
0,9922,1
0,9927,0
0,9928,0
0,9931,1
0,9932,0
0,9933,1
0,9935,1
0,9936,1
0,9942,0
0,9943,0
0,9943,1
0,9947,0
0,9948,1
0,9949,1
0,9950,1
0,9951,1
0,9952,0
0,9953,0
0,9954,1
0,9956,1
0,9958,0
0,9958,1
0,9959,0
0,9960,0
0,9961,1
0,9962,1
0,9963,0
0,9966,0
0,9971,1
0,9972,0
0,9975,1
0,9984,1
0,9988,0
0,9998,0
0,9999,0
0,10002,0
0,10004,0
0,10006,0
0,10007,0
0,10010,0
0,10010,1
0,10011,0
0,10014,0
0,10015,0
0,10015,1
0,10019,0
0,10020,1
0,10025,1
0,10031,1
0,10034,0
0,10035,0
0,10036,1
0,10048,1
0,10056,0
0,10061,1
0,10063,0
0,10067,1
0,10068,0
0,10072,0
0,10072,1
0,10077,1
0,10080,0
0,10104,1
0,10107,1
0,10109,0
0,10112,0
0,10115,1
0,10134,1
0,10139,0
0,10144,1
0,10151,0
0,10169,1
0,10170,1
0,10172,0
0,10176,1
0,10177,0
0,10181,1
0,10217,0
0,10217,1
0,10219,0
0,10222,0
0,10224,1
0,10226,1
0,10228,1
0,10230,1
0,10231,0
0,10232,1
0,10236,0
0,10237,0
0,10245,0
0,10247,0
0,10253,1
0,10255,1
0,10256,1
0,10261,0
0,10265,0
0,10276,1
0,10281,0
0,10310,1
0,10318,0
0,10341,0
0,10431,0
0,10433,0
0,10444,1
0,10449,1
0,10454,1
0,10491,1
0,10492,0
0,10493,1
0,10506,0
0,10510,1
0,10515,0
0,10515,1
0,10517,0
0,10520,1
0,10522,1
0,10536,1
0,10565,0
0,10567,0
0,10569,1
0,10581,0
0,10585,1
0,10587,1
0,10592,0
0,10592,1
0,10593,1
0,10598,1
0,10613,0
0,10618,0
0,10623,1
0,10628,0
0,10631,0
0,10633,0
0,10634,0
0,10637,0
0,10642,0
0,10655,0
0,10656,1
0,10660,1
0,10676,0
0,10680,0
0,10686,0
0,10691,0
0,10696,0
0,10699,1
0,10703,0
0,10704,1
0,10718,0
0,10723,0
0,10727,0
0,10728,0
0,10729,1
0,10731,1
0,10732,0
0,10732,1
0,10734,0
0,10737,0
0,10742,1
0,10753,1
0,10762,1
0,10767,1
0,10796,1
0,10799,0
0,10804,0
0,10808,0
0,10809,0
0,10814,1
0,10818,0
0,10819,0
0,10820,1
0,10823,0
0,10828,1
0,10829,0
0,10833,0
0,10833,1
0,10838,0
0,10843,1
0,10848,0
0,10848,1
0,10849,0
0,10853,0
0,10854,1
0,10859,0
0,10879,0
0,10883,0
0,10888,1
0,10893,1
0,10953,1
0,10954,1
0,10955,0
0,10958,0
0,10964,0
0,10969,0
0,10974,1
0,10983,1
0,10985,1
0,11000,0
0,11015,1
0,11025,0
0,11026,0
0,11030,0
0,11030,1
0,11031,1
0,11032,1
0,11035,1
0,11037,1
0,11042,0
0,11044,1
0,11049,0
0,11050,0
0,11051,0
0,11055,0
0,11056,0
0,11061,0
0,11067,0
0,11073,1
0,11077,1
0,11086,0
0,11100,1
0,11104,1
0,11108,0
0,11113,1
0,11158,0
0,11172,0
0,11177,1
0,11179,1
0,11181,1
0,11182,1
0,11195,1
0,11198,0
0,11200,1
0,11246,0
0,11249,0
0,11251,0
0,11251,1
0,11256,0
0,11256,1
0,11270,0
0,11278,0
0,11283,0
0,11285,1
0,11286,0
0,11293,0
0,11297,0
0,11302,1
0,11311,0
0,11338,1
0,11379,1
0,11381,1
0,11383,0
0,11384,1
0,11386,1
0,11388,0
0,11403,0
0,11407,1
0,11412,1
0,11471,0
0,11475,0
0,11476,0
0,11481,0
0,11486,0
0,11494,0
0,11495,1
0,11506,0
0,11511,1
0,11516,0
0,11516,1
0,11539,1
0,11543,1
0,11544,1
0,11548,0
0,11552,1
0,11553,1
0,11559,1
0,11564,1
0,11580,0
0,11630,1
0,11635,0
0,11640,0
0,11644,1
0,11653,0
0,11658,1
0,11724,0
0,11729,0
0,11792,1
0,11793,1
0,11797,1
0,11801,0
0,11806,1
0,11810,1
0,11815,0
0,11820,0
0,11828,0
0,11836,1
0,11837,1
0,11841,0
0,11862,1
0,11900,0
0,11906,0
0,11913,1
0,11915,0
0,11919,1
0,11941,0
0,11945,1
0,11951,1
0,11973,1
0,11974,0
0,11980,0
0,11981,1
0,11991,0
0,11995,0
0,12008,0
0,12013,1
0,12016,0
0,12020,0
0,12024,1
0,12026,1
0,12027,1
0,12028,0
0,12032,1
0,12033,0
0,12040,0
0,12046,0
0,12046,1
0,12047,0
0,12050,1
0,12052,1
0,12053,0
0,12054,0
0,12056,0
0,12057,0
0,12057,1
0,12058,0
0,12060,1
0,12063,1
0,12064,1
0,12073,0
0,12073,1
0,12075,0
0,12078,0
0,12081,0
0,12085,0
0,12087,0
0,12088,1
0,12094,0
0,12095,1
0,12096,0
0,12099,0
0,12100,0
0,12101,0
0,12106,1
0,12107,1
0,12110,0
0,12112,1
0,12114,0
0,12116,1
0,12118,1
0,12122,0
0,12122,1
0,12124,1
0,12130,0
0,12132,0
0,12133,1
0,12137,1
0,12138,1
0,12139,1
0,12141,0
0,12144,0
0,12145,1
0,12146,0
0,12146,1
0,12148,0
0,12149,1
0,12152,0
0,12153,0
0,12153,1
0,12156,1
0,12158,0
0,12159,1
0,12160,0
0,12160,1
0,12162,1
0,12164,0
0,12165,1
0,12166,1
0,12168,0
0,12168,1
0,12169,0
0,12170,0
0,12170,1
0,12171,1
0,12172,0
0,12173,1
0,12179,1
0,12181,1
0,12182,1
0,12183,1
0,12184,1
0,12185,1
0,12188,0
0,12190,0
0,12191,0
0,12191,1
0,12197,1
0,12198,0
0,12203,0
0,12204,0
0,12205,0
0,12207,0
0,12207,1
0,12209,1
0,12210,0
0,12211,1
0,12212,1
0,12220,0
0,12221,1
0,12222,0
0,12222,1
0,12224,1
0,12226,0
0,12226,1
0,12228,1
0,12230,1
0,12233,1
0,12235,1
0,12237,0
0,12237,1
0,12238,0
0,12239,0
0,12241,0
0,12241,1
0,12242,0
0,12242,1
0,12243,0
0,12245,0
0,12246,1
0,12247,1
0,12248,0
0,12249,0
0,12250,0
0,12250,1
0,12252,0
0,12254,0
0,12256,0
0,12257,0
0,12258,0
0,12258,1
0,12259,0
0,12261,1
0,12262,1
0,12263,1
0,12265,1
0,12266,1
0,12269,1
0,12270,0
0,12271,1
0,12277,0
0,12279,1
0,12280,0
0,12281,1
0,12282,1
0,12283,0
0,12284,0
0,12287,1
0,12288,0
0,12290,0
0,12292,0
0,12292,1
0,12293,0
0,12294,1
0,12296,0
0,12300,0
0,12301,0
0,12302,1
0,12303,0
0,12304,0
0,12305,1
0,12306,1
0,12308,1
0,12309,0
0,12309,1
0,12310,1
0,12312,0
0,12314,1
0,12316,0
0,12317,1
0,12319,0
0,12320,0
0,12320,1
0,12322,0
0,12322,1
0,12326,0
0,12327,0
0,12328,1
0,12329,1
0,12330,1
0,12332,0
0,12332,1
0,12337,0
0,12337,1
0,12338,0
0,12340,0
0,12340,1
0,12341,1
0,12343,0
0,12348,0
0,12348,1
0,12351,0
0,12352,1
0,12354,1
0,12355,0
0,12355,1
0,12356,0
0,12357,1
0,12358,1
0,12359,1
0,12361,1
0,12364,1
0,12365,1
0,12367,0
0,12367,1
0,12369,0
0,12369,1
0,12372,1
0,12375,0
0,12375,1
0,12376,0
0,12378,0
0,12378,1
0,12380,1
0,12382,1
0,12383,0
0,12383,1
0,12384,0
0,12385,1
0,12386,0
0,12386,1
0,12388,1
0,12389,1
0,12393,0
0,12396,0
0,12397,0
0,12398,0
0,12400,0
0,12405,1
0,12406,1
0,12407,1
0,12408,1
0,12409,0
0,12410,1
0,12411,1
0,12412,0
0,12413,1
0,12416,0
0,12419,0
0,12422,0
0,12424,1
0,12425,1
0,12426,1
0,12429,0
0,12429,1
0,12431,1
0,12433,0
0,12435,1
0,12436,0
0,12436,1
0,12437,1
0,12439,1
0,12440,1
0,12444,0
0,12444,1
0,12453,1
0,12454,0
0,12455,0
0,12456,0
0,12459,0
0,12459,1
0,12460,0
0,12462,0
0,12468,0
0,12468,1
0,12469,1
0,12471,1
0,12473,1
0,12474,0
0,12478,0
0,12480,1
0,12481,1
0,12482,0
0,12482,1
0,12483,0
0,12483,1
0,12484,0
0,12484,1
0,12485,1
0,12487,0
0,12491,0
0,12494,1
0,12495,1
0,12497,0
0,12498,1
0,12501,0
0,12502,0
0,12502,1
0,12503,0
0,12503,1
0,12505,1
0,12510,1
0,12511,0
0,12512,1
0,12514,0
0,12520,0
0,12522,0
0,12526,1
0,12528,0
0,12531,0
0,12535,1
0,12536,1
0,12537,1
0,12539,0
0,12540,0
0,12541,0
0,12542,0
0,12543,0
0,12544,0
0,12545,1
0,12546,1
0,12547,1
0,12551,1
0,12553,0
0,12553,1
0,12554,1
0,12556,0
0,12557,0
0,12560,1
0,12561,1
0,12562,1
0,12563,1
0,12564,0
0,12564,1
0,12566,0
0,12568,0
0,12568,1
0,12569,0
0,12572,0
0,12572,1
0,12575,1
0,12577,0
0,12582,0
0,12582,1
0,12585,1
0,12586,1
0,12587,1
0,12588,0
0,12588,1
0,12589,1
0,12591,0
0,12594,0
0,12597,0
0,12600,1
0,12602,0
0,12603,1
0,12604,1
0,12605,0
0,12606,0
0,12606,1
0,12607,1
0,12608,0
0,12609,0
0,12609,1
0,12610,0
0,12610,1
0,12612,0
0,12613,0
0,12614,0
0,12615,0
0,12618,0
0,12619,0
0,12620,0
0,12622,0
0,12623,1
0,12626,0
0,12626,1
0,12627,0
0,12628,0
0,12628,1
0,12630,0
0,12631,0
0,12632,0
0,12632,1
0,12635,1
0,12636,0
0,12637,0
0,12638,0
0,12639,0
0,12639,1
0,12641,1
0,12642,0
0,12643,0
0,12646,1
0,12649,0
0,12650,1
0,12652,1
0,12655,0
0,12659,1
0,12661,0
0,12664,0
0,12664,1
0,12669,0
0,12669,1
0,12671,1
0,12677,1
0,12682,0
0,12685,0
0,12686,0
0,12687,0
0,12687,1
0,12689,0
0,12691,0
0,12692,1
0,12696,0
0,12698,1
0,12701,0
0,12701,1
0,12702,1
0,12705,1
0,12706,1
0,12707,0
0,12709,0
0,12713,1
0,12714,0
0,12716,1
0,12717,1
0,12719,0
0,12722,1
0,12724,0
0,12724,1
0,12730,0
0,12730,1
0,12731,1
0,12733,1
0,12734,0
0,12738,1
0,12741,0
0,12741,1
0,12744,1
0,12745,0
0,12749,1
0,12753,1
0,12755,0
0,12760,1
0,12761,1
0,12764,1
0,12767,1
0,12770,1
0,12771,0
0,12772,1
0,12775,0
0,12779,1
0,12782,1
0,12785,1
0,12786,0
0,12788,1
0,12791,0
0,12792,1
0,12793,0
0,12794,1
0,12796,0
0,12809,0
0,12810,0
0,12811,1
0,12815,1
0,12819,1
0,12820,1
0,12823,1
0,12824,0
0,12828,1
0,12830,1
0,12833,1
0,12834,0
0,12835,1
0,12840,0
0,12840,1
0,12842,1
0,12843,0
0,12844,1
0,12847,0
0,12848,0
0,12849,1
0,12851,1
0,12853,1
0,12857,1
0,12858,1
0,12859,1
0,12860,1
0,12861,0
0,12862,0
0,12862,1
0,12864,0
0,12868,1
0,12872,1
0,12873,0
0,12874,0
0,12876,0
0,12881,0
0,12881,1
0,12882,1
0,12883,0
0,12884,1
0,12886,1
0,12887,0
0,12889,0
0,12890,1
0,12891,1
0,12893,0
0,12896,1
0,12897,0
0,12897,1
0,12898,0
0,12898,1
0,12908,0
0,12913,1
0,12914,1
0,12915,1
0,12916,0
0,12917,1
0,12919,1
0,12921,0
0,12922,0
0,12925,0
0,12926,0
0,12929,1
0,12933,1
0,12939,0
0,12944,0
0,12946,0
0,12948,0
0,12954,0
0,12954,1
0,12960,0
0,12962,0
0,12966,0
0,12970,0
0,12973,1
0,12975,1
0,12978,1
0,12979,1
0,12980,1
0,12985,0
0,12987,1
0,12994,1
0,12997,1
0,13001,1
0,13002,1
0,13003,1
0,13005,0
0,13006,0
0,13011,0
0,13013,1
0,13014,0
0,13015,0
0,13018,1
0,13019,0
0,13023,0
0,13024,0
0,13026,0
0,13028,1
0,13029,1
0,13031,1
0,13032,0
0,13034,1
0,13041,0
0,13042,0
0,13046,1
0,13047,1
0,13052,1
0,13053,1
0,13055,0
0,13056,0
0,13059,0
0,13060,1
0,13065,1
0,13068,1
0,13072,1
0,13075,1
0,13079,1
0,13085,0
0,13103,0
0,13107,1
0,13108,1
0,13109,0
0,13111,0
0,13112,0
0,13112,1
0,13113,0
0,13118,1
0,13126,1
0,13127,0
0,13131,0
0,13135,1
0,13136,1
0,13137,1
0,13140,1
0,13141,0
0,13143,1
0,13146,0
0,13146,1
0,13151,0
0,13151,1
0,13153,0
0,13153,1
0,13158,0
0,13160,0
0,13161,1
0,13163,1
0,13166,0
0,13167,1
0,13168,0
0,13171,0
0,13175,1
0,13176,0
0,13180,1
0,13185,0
0,13186,0
0,13186,1
0,13192,0
0,13195,0
0,13206,1
0,13209,0
0,13212,1
0,13221,1
0,13223,0
0,13224,1
0,13230,0
0,13235,1
0,13239,0
0,13241,0
0,13242,1
0,13247,0
0,13247,1
0,13249,1
0,13251,1
0,13252,1
0,13257,1
0,13262,0
0,13265,0
0,13273,0
0,13278,0
0,13281,0
0,13287,0
0,13290,1
0,13295,1
0,13296,0
0,13299,1
0,13300,0
0,13301,0
0,13304,1
0,13312,0
0,13315,1
0,13316,1
0,13319,0
0,13321,0
0,13323,0
0,13323,1
0,13331,1
0,13332,0
0,13332,1
0,13335,1
0,13337,0
0,13339,1
0,13340,1
0,13342,1
0,13343,1
0,13345,1
0,13347,0
0,13350,0
0,13353,0
0,13358,0
0,13360,1
0,13361,1
0,13364,1
0,13365,1
0,13366,0
0,13367,0
0,13368,1
0,13371,0
0,13372,0
0,13376,1
0,13380,0
0,13384,1
0,13388,1
0,13394,0
0,13394,1
0,13400,0
0,13401,1
0,13403,0
0,13404,1
0,13406,0
0,13407,1
0,13408,1
0,13410,0
0,13411,1
0,13412,0
0,13416,0
0,13419,0
0,13420,0
0,13420,1
0,13427,1
0,13429,0
0,13431,1
0,13433,0
0,13433,1
0,13440,0
0,13441,0
0,13443,0
0,13443,1
0,13445,1
0,13446,0
0,13447,1
0,13448,1
0,13450,0
0,13451,0
0,13453,1
0,13454,1
0,13455,1
0,13457,0
0,13462,0
0,13462,1
0,13463,0
0,13463,1
0,13465,0
0,13466,0
0,13468,0
0,13468,1
0,13471,1
0,13472,1
0,13473,1
0,13474,0
0,13474,1
0,13475,1
0,13477,1
0,13478,1
0,13481,0
0,13482,0
0,13488,0
0,13488,1
0,13495,1
0,13498,1
0,13499,0
0,13500,1
0,13501,0
0,13502,1
0,13503,0
0,13507,0
0,13507,1
0,13508,1
0,13509,0
0,13510,1
0,13512,1
0,13516,1
0,13521,1
0,13524,1
0,13525,0
0,13525,1
0,13527,0
0,13532,0
0,13535,0
0,13536,0
0,13538,1
0,13539,0
0,13541,1
0,13543,0
0,13544,1
0,13545,0
0,13546,1
0,13547,0
0,13547,1
0,13549,1
0,13550,0
0,13551,0
0,13551,1
0,13552,1
0,13554,0
0,13558,1
0,13563,1
0,13564,0
0,13565,0
0,13566,0
0,13568,0
0,13568,1
0,13570,0
0,13570,1
0,13571,0
0,13572,1
0,13574,1
0,13575,0
0,13578,0
0,13578,1
0,13580,1
0,13581,1
0,13584,0
0,13584,1
0,13585,0
0,13587,1
0,13589,0
0,13589,1
0,13592,0
0,13592,1
0,13594,0
0,13595,0
0,13597,1
0,13599,0
0,13600,0
0,13601,1
0,13602,0
0,13604,0
0,13606,0
0,13608,1
0,13610,0
0,13611,0
0,13612,1
0,13613,0
0,13614,0
0,13615,0
0,13615,1
0,13616,0
0,13616,1
0,13617,0
0,13618,0
0,13618,1
0,13620,1
0,13621,0
0,13622,0
0,13623,0
0,13625,0
0,13625,1
0,13627,0
0,13628,1
0,13633,1
0,13635,0
0,13635,1
0,13636,0
0,13638,0
0,13640,1
0,13642,0
0,13643,1
0,13645,1
0,13646,0
0,13646,1
0,13648,1
0,13649,0
0,13650,0
0,13650,1
0,13654,0
0,13654,1
0,13657,1
0,13659,0
0,13659,1
0,13661,0
0,13662,0
0,13663,1
0,13667,1
0,13668,0
0,13669,0
0,13670,0
0,13671,0
0,13672,0
0,13672,1
0,13673,0
0,13674,0
0,13674,1
0,13675,0
0,13676,0
0,13679,0
0,13679,1
0,13680,0
0,13682,0
0,13682,1
0,13684,0
0,13684,1
0,13685,1
0,13686,1
0,13687,0
0,13687,1
0,13688,0
0,13688,1
0,13689,0
0,13689,1
0,13690,1
0,13696,0
0,13698,1
0,13700,0
0,13700,1
0,13701,0
0,13701,1
0,13705,0
0,13706,1
0,13707,1
0,13709,1
0,13710,0
0,13711,1
0,13713,0
0,13714,0
0,13716,0
0,13717,0
0,13718,0
0,13719,1
0,13721,0
0,13722,0
0,13722,1
0,13724,0
0,13727,1
0,13728,1
0,13729,1
0,13730,0
0,13739,1
0,13740,1
0,13741,0
0,13744,0
0,13745,0
0,13746,1
0,13749,1
0,13751,0
0,13752,0
0,13752,1
0,13753,1
0,13754,1
0,13755,1
0,13757,0
0,13759,0
0,13759,1
0,13761,1
0,13764,1
0,13765,1
0,13773,1
0,13775,1
0,13776,0
0,13776,1
0,13777,0
0,13778,0
0,13779,0
0,13780,0
0,13782,0
0,13783,0
0,13783,1
0,13784,1
0,13787,0
0,13789,0
0,13793,1
0,13797,0
0,13797,1
0,13798,0
0,13799,1
0,13801,0
0,13803,0
0,13804,0
0,13805,1
0,13807,0
0,13808,1
0,13809,0
0,13813,0
0,13813,1
0,13815,1
0,13816,0
0,13817,0
0,13818,1
0,13819,1
0,13820,0
0,13822,0
0,13822,1
0,13823,0
0,13824,0
0,13824,1
0,13825,1
0,13828,1
0,13829,0
0,13831,0
0,13832,1
0,13837,1
0,13841,0
0,13843,0
0,13844,1
0,13846,0
0,13852,1
0,13854,1
0,13855,0
0,13857,0
0,13857,1
0,13858,0
0,13861,0
0,13863,1
0,13865,1
0,13866,1
0,13868,1
0,13869,0
0,13870,0
0,13873,0
0,13874,1
0,13878,1
0,13879,1
0,13882,1
0,13885,1
0,13887,1
0,13896,0
0,13897,0
0,13897,1
0,13898,0
0,13899,0
0,13899,1
0,13900,1
0,13901,0
0,13901,1
0,13904,0
0,13904,1
0,13905,0
0,13907,1
0,13911,1
0,13915,0
0,13919,1
0,13920,1
0,13921,1
0,13922,1
0,13928,0
0,13931,0
0,13931,1
0,13933,0
0,13934,0
0,13942,0
0,13943,1
0,13945,0
0,13945,1
0,13946,0
0,13947,1
0,13948,0
0,13950,0
0,13951,1
0,13952,1
0,13954,0
0,13954,1
0,13957,0
0,13958,1
0,13960,0
0,13963,1
0,13964,0
0,13968,1
0,13971,0
0,13972,1
0,13973,0
0,13974,1
0,13976,1
0,13977,1
0,13980,1
0,13983,0
0,13984,0
0,13985,0
0,13985,1
0,13986,0
0,13992,0
0,13996,1
0,13997,1
0,13999,1
0,14001,0
0,14004,0
0,14004,1
0,14006,1
0,14007,0
0,14010,0
0,14013,0
0,14015,1
0,14016,1
0,14019,0
0,14019,1
0,14025,0
0,14027,1
0,14030,0
0,14033,0
0,14035,1
0,14037,0
0,14037,1
0,14038,1
0,14039,1
0,14041,1
0,14042,0
0,14043,1
0,14045,0
0,14045,1
0,14046,0
0,14050,1
0,14056,1
0,14058,0
0,14060,0
0,14064,1
0,14067,1
0,14068,0
0,14069,0
0,14070,0
0,14071,1
0,14076,0
0,14081,0
0,14081,1
0,14085,1
0,14088,0
0,14095,1
0,14097,0
0,14098,1
0,14099,1
0,14100,1
0,14103,0
0,14104,0
0,14111,0
0,14111,1
0,14112,0
0,14113,1
0,14117,0
0,14119,1
0,14121,1
0,14124,0
0,14128,0
0,14129,1
0,14131,0
0,14132,0
0,14134,1
0,14143,0
0,14143,1
0,14149,0
0,14151,1
0,14152,1
0,14153,1
0,14159,1
0,14164,0
0,14164,1
0,14166,0
0,14170,1
0,14172,1
0,14175,0
0,14175,1
0,14176,0
0,14180,0
0,14186,0
0,14193,0
0,14193,1
0,14202,1
0,14209,0
0,14219,1
0,14221,1
0,14222,0
0,14230,0
0,14233,0
0,14240,0
0,14241,0
0,14242,1
0,14244,1
0,14246,0
0,14247,1
0,14249,1
0,14250,1
0,14254,0
0,14257,1
0,14260,1
0,14261,0
0,14265,1
0,14269,0
0,14271,1
0,14275,1
0,14276,0
0,14280,1
0,14281,1
0,14283,0
0,14290,0
0,14290,1
0,14293,0
0,14295,1
0,14299,0
0,14303,1
0,14304,1
0,14306,1
0,14312,1
0,14313,0
0,14315,0
0,14316,1
0,14317,1
0,14331,0
0,14332,1
0,14333,1
0,14335,1
0,14338,1
0,14344,0
0,14344,1
0,14346,1
0,14354,0
0,14357,1
0,14361,0
0,14365,0
0,14368,0
0,14372,0
0,14373,0
0,14376,0
0,14378,0
0,14379,0
0,14380,0
0,14380,1
0,14381,0
0,14382,1
0,14383,0
0,14383,1
0,14390,0
0,14395,1
0,14397,0
0,14397,1
0,14400,1
0,14401,0
0,14401,1
0,14402,0
0,14402,1
0,14403,0
0,14404,0
0,14409,0
0,14409,1
0,14412,0
0,14413,1
0,14417,1
0,14418,0
0,14419,1
0,14420,0
0,14424,1
0,14426,0
0,14429,0
0,14430,1
0,14432,0
0,14433,1
0,14438,1
0,14439,0
0,14440,1
0,14442,1
0,14443,0
0,14443,1
0,14445,1
0,14448,0
0,14449,0
0,14452,0
0,14453,1
0,14457,1
0,14460,0
0,14460,1
0,14464,0
0,14465,0
0,14466,1
0,14468,1
0,14471,1
0,14473,1
0,14476,0
0,14476,1
0,14477,0
0,14478,1
0,14480,0
0,14481,0
0,14482,1
0,14483,0
0,14488,0
0,14491,1
0,14492,0
0,14492,1
0,14493,1
0,14501,0
0,14501,1
0,14502,1
0,14505,1
0,14506,1
0,14511,1
0,14512,0
0,14513,1
0,14516,0
0,14521,1
0,14523,0
0,14523,1
0,14524,1
0,14529,1
0,14534,0
0,14534,1
0,14535,0
0,14536,1
0,14540,1
0,14544,1
0,14545,1
0,14546,0
0,14546,1
0,14547,1
0,14548,1
0,14550,1
0,14551,0
0,14552,0
0,14554,1
0,14562,1
0,14564,0
0,14568,0
0,14570,0
0,14572,0
0,14572,1
0,14573,0
0,14573,1
0,14574,0
0,14575,0
0,14575,1
0,14576,0
0,14579,0
0,14580,0
0,14581,0
0,14581,1
0,14582,0
0,14583,1
0,14585,1
0,14586,1
0,14587,0
0,14587,1
0,14588,0
0,14592,0
0,14592,1
0,14593,0
0,14594,0
0,14594,1
0,14596,1
0,14598,0
0,14602,0
0,14603,0
0,14606,0
0,14610,1
0,14611,1
0,14616,0
0,14620,0
0,14622,1
0,14623,0
0,14624,1
0,14628,0
0,14629,0
0,14629,1
0,14630,1
0,14631,1
0,14632,1
0,14633,0
0,14634,0
0,14635,1
0,14636,0
0,14638,0
0,14639,1
0,14641,1
0,14642,0
0,14642,1
0,14648,0
0,14648,1
0,14651,1
0,14653,0
0,14654,1
0,14655,1
0,14657,0
0,14657,1
0,14659,0
0,14659,1
0,14660,1
0,14662,1
0,14663,1
0,14672,1
0,14673,0
0,14673,1
0,14675,0
0,14678,0
0,14682,0
0,14683,0
0,14683,1
0,14685,1
0,14686,0
0,14687,0
0,14687,1
0,14688,1
0,14689,1
0,14692,0
0,14692,1
0,14694,1
0,14696,1
0,14699,0
0,14700,0
0,14701,0
0,14702,1
0,14704,0
0,14706,0
0,14706,1
0,14707,1
0,14712,1
0,14713,0
0,14714,0
0,14716,0
0,14716,1
0,14717,1
0,14718,1
0,14722,1
0,14723,0
0,14723,1
0,14724,0
0,14724,1
0,14725,1
0,14726,0
0,14726,1
0,14728,0
0,14731,0
0,14731,1
0,14732,1
0,14734,1
0,14736,0
0,14736,1
0,14737,1
0,14739,1
0,14741,0
0,14741,1
0,14745,0
0,14745,1
0,14746,0
0,14747,0
0,14748,0
0,14748,1
0,14750,0
0,14750,1
0,14752,0
0,14752,1
0,14753,0
0,14754,0
0,14755,1
0,14760,1
0,14763,1
0,14764,0
0,14764,1
0,14766,1
0,14768,0
0,14769,0
0,14769,1
0,14770,1
0,14773,0
0,14776,1
0,14777,1
0,14779,1
0,14780,0
0,14782,1
0,14783,1
0,14784,1
0,14787,0
0,14788,1
0,14789,1
0,14790,0
0,14790,1
0,14791,0
0,14791,1
0,14795,0
0,14795,1
0,14796,0
0,14797,1
0,14798,0
0,14800,0
0,14801,0
0,14803,1
0,14805,1
0,14807,1
0,14808,0
0,14808,1
0,14809,1
0,14810,1
0,14811,0
0,14813,1
0,14814,0
0,14814,1
0,14815,1
0,14816,1
0,14818,1
0,14819,1
0,14820,0
0,14820,1
0,14823,0
0,14825,1
0,14827,0
0,14831,0
0,14831,1
0,14834,0
0,14834,1
0,14838,0
0,14841,1
0,14842,0
0,14844,1
0,14845,0
0,14845,1
0,14846,1
0,14847,0
0,14847,1
0,14848,0
0,14849,1
0,14851,0
0,14852,0
0,14852,1
0,14853,0
0,14854,0
0,14855,1
0,14858,1
0,14859,0
0,14860,1
0,14861,0
0,14862,0
0,14862,1
0,14863,1
0,14864,1
0,14869,0
0,14871,1
0,14874,1
0,14875,1
0,14876,1
0,14877,0
0,14877,1
0,14878,1
0,14879,0
0,14879,1
0,14881,0
0,14882,1
0,14884,0
0,14885,0
0,14886,0
0,14887,0
0,14889,0
0,14890,0
0,14891,0
0,14894,0
0,14894,1
0,14897,1
0,14898,0
0,14899,1
0,14900,0
0,14902,1
0,14903,0
0,14905,1
0,14907,1
0,14908,0
0,14908,1
0,14909,0
0,14911,0
0,14915,0
0,14916,1
0,14919,1
0,14920,1
0,14922,1
0,14924,1
0,14925,1
0,14926,0
0,14926,1
0,14927,0
0,14928,0
0,14929,0
0,14932,0
0,14932,1
0,14933,1
0,14934,0
0,14934,1
0,14935,0
0,14936,0
0,14937,0
0,14937,1
0,14938,1
0,14939,0
0,14939,1
0,14940,0
0,14940,1
0,14941,0
0,14941,1
0,14942,0
0,14944,1
0,14946,0
0,14947,0
0,14949,0
0,14949,1
0,14950,0
0,14950,1
0,14952,1
0,14954,1
0,14955,1
0,14956,1
0,14957,0
0,14957,1
0,14958,1
0,14959,0
0,14960,1
0,14961,1
0,14962,1
0,14963,1
0,14965,0
0,14966,1
0,14967,1
0,14968,0
0,14968,1
0,14969,0
0,14970,1
0,14971,0
0,14974,0
0,14974,1
0,14975,0
0,14977,0
0,14978,1
0,14979,0
0,14979,1
0,14980,1
0,14981,1
0,14983,0
0,14983,1
0,14984,0
0,14984,1
0,14985,0
0,14985,1
0,14986,0
0,14986,1
0,14987,0
0,14988,0
0,14988,1
0,14989,1
0,14990,0
0,14993,0
0,14993,1
0,14996,1
0,14997,1
0,14999,1
0,15000,0
0,15002,0
0,15003,1
0,15004,0
0,15005,0
0,15007,0
0,15008,1
0,15009,1
0,15010,0
0,15011,0
0,15012,0
0,15014,1
0,15016,1
0,15021,0
0,15024,0
0,15026,0
0,15026,1
0,15027,0
0,15030,0
0,15032,0
0,15033,0
0,15034,0
0,15034,1
0,15035,0
0,15037,0
0,15040,1
0,15041,1
0,15043,1
0,15044,0
0,15045,0
0,15045,1
0,15046,0
0,15048,0
0,15049,1
0,15050,0
0,15050,1
0,15051,0
0,15052,1
0,15053,0
0,15053,1
0,15055,0
0,15057,0
0,15059,1
0,15060,1
0,15061,1
0,15062,1
0,15063,1
0,15064,1
0,15065,0
0,15066,0
0,15067,0
0,15068,1
0,15072,0
0,15073,1
0,15074,0
0,15074,1
0,15076,0
0,15076,1
0,15077,1
0,15078,0
0,15079,1
0,15080,1
0,15081,0
0,15082,1
0,15083,0
0,15084,0
0,15085,0
0,15086,1
0,15087,0
0,15087,1
0,15088,1
0,15090,1
0,15091,1
0,15092,0
0,15092,1
0,15093,1
0,15095,1
0,15096,0
0,15097,0
0,15097,1
0,15100,0
0,15100,1
0,15102,0
0,15105,1
0,15106,0
0,15106,1
0,15107,1
0,15108,1
0,15109,0
0,15110,0
0,15112,1
0,15113,0
0,15113,1
0,15114,0
0,15115,1
0,15117,0
0,15118,1
0,15119,0
0,15121,0
0,15123,0
0,15123,1
0,15124,0
0,15125,0
0,15126,0
0,15129,0
0,15129,1
0,15130,0
0,15131,0
0,15133,0
0,15133,1
0,15134,1
0,15135,1
0,15136,0
0,15138,0
0,15138,1
0,15139,0
0,15140,0
0,15140,1
0,15142,1
0,15143,0
0,15145,1
0,15148,1
0,15149,0
0,15150,0
0,15151,0
0,15154,0
0,15154,1
0,15155,0
0,15156,0
0,15157,0
0,15159,0
0,15162,1
0,15163,0
0,15164,1
0,15165,0
0,15166,1
0,15167,0
0,15167,1
0,15169,0
0,15171,1
0,15172,0
0,15172,1
0,15174,1
0,15176,0
0,15176,1
0,15179,1
0,15180,1
0,15181,0
0,15181,1
0,15184,0
0,15184,1
0,15185,1
0,15186,0
0,15187,0
0,15189,1
0,15192,1
0,15194,1
0,15198,1
0,15200,0
0,15202,1
0,15203,0
0,15203,1
0,15204,1
0,15206,1
0,15207,1
0,15209,0
0,15210,0
0,15211,0
0,15212,0
0,15212,1
0,15214,0
0,15214,1
0,15218,1
0,15222,0
0,15222,1
0,15223,1
0,15224,0
0,15227,1
0,15228,0
0,15228,1
0,15229,0
0,15229,1
0,15230,0
0,15233,0
0,15233,1
0,15234,0
0,15235,1
0,15236,0
0,15238,0
0,15239,0
0,15239,1
0,15240,1
0,15242,1
0,15243,0
0,15244,1
0,15245,1
0,15246,1
0,15248,1
0,15250,1
0,15251,0
0,15251,1
0,15252,0
0,15253,0
0,15253,1
0,15255,0
0,15255,1
0,15256,1
0,15257,0
0,15258,1
0,15260,1
0,15261,1
0,15262,0
0,15265,0
0,15265,1
0,15266,0
0,15267,1
0,15268,0
0,15270,0
0,15271,0
0,15272,0
0,15276,1
0,15277,0
0,15277,1
0,15281,0
0,15281,1
0,15282,0
0,15286,1
0,15287,0
0,15288,1
0,15289,0
0,15290,1
0,15292,0
0,15293,0
0,15296,1
0,15297,1
0,15298,0
0,15301,1
0,15302,0
0,15303,0
0,15304,0
0,15305,1
0,15306,1
0,15307,0
0,15307,1
0,15310,1
0,15312,0
0,15312,1
0,15314,0
0,15316,1
0,15317,0
0,15317,1
0,15321,0
0,15324,0
0,15326,1
0,15328,0
0,15329,0
0,15329,1
0,15333,0
0,15334,1
0,15335,0
0,15335,1
0,15336,0
0,15340,0
0,15340,1
0,15341,0
0,15345,0
0,15346,0
0,15350,1
0,15351,0
0,15353,1
0,15354,1
0,15355,0
0,15356,1
0,15358,1
0,15359,1
0,15369,0
0,15378,0
0,15381,0
0,15383,0
0,15384,1
0,15388,1
0,15389,0
0,15389,1
0,15390,1
0,15391,1
0,15393,0
0,15394,0
0,15395,1
0,15396,1
0,15398,0
0,15399,1
0,15400,0
0,15404,0
0,15404,1
0,15407,0
0,15408,0
0,15409,0
0,15410,1
0,15412,1
0,15413,1
0,15414,0
0,15414,1
0,15415,0
0,15416,1
0,15417,0
0,15417,1
0,15419,0
0,15420,0
0,15420,1
0,15421,1
0,15422,1
0,15423,1
0,15425,0
0,15426,0
0,15426,1
0,15428,0
0,15428,1
0,15433,0
0,15437,0
0,15438,1
0,15439,0
0,15441,1
0,15442,0
0,15442,1
0,15443,1
0,15445,0
0,15446,0
0,15446,1
0,15447,0
0,15448,0
0,15448,1
0,15451,0
0,15453,1
0,15454,0
0,15456,1
0,15459,0
0,15460,1
0,15461,0
0,15464,0
0,15464,1
0,15467,1
0,15469,1
0,15470,1
0,15472,1
0,15474,1
0,15477,0
0,15477,1
0,15479,1
0,15483,0
0,15484,1
0,15488,1
0,15493,0
0,15493,1
0,15495,1
0,15498,0
0,15499,1
0,15503,1
0,15504,0
0,15507,1
0,15508,0
0,15509,1
0,15510,0
0,15510,1
0,15511,0
0,15515,1
0,15520,1
0,15521,0
0,15525,0
0,15526,0
0,15528,1
0,15529,0
0,15530,1
0,15531,1
0,15533,1
0,15535,0
0,15535,1
0,15540,0
0,15541,1
0,15543,1
0,15544,0
0,15546,0
0,15546,1
0,15547,1
0,15549,0
0,15549,1
0,15551,1
0,15554,1
0,15555,0
0,15556,0
0,15556,1
0,15558,1
0,15560,1
0,15561,0
0,15564,1
0,15565,1
0,15570,0
0,15570,1
0,15575,0
0,15582,0
0,15583,1
0,15584,1
0,15585,1
0,15590,1
0,15592,1
0,15595,0
0,15595,1
0,15597,1
0,15600,0
0,15602,0
0,15602,1
0,15603,0
0,15603,1
0,15604,1
0,15605,1
0,15606,1
0,15608,0
0,15608,1
0,15609,0
0,15609,1
0,15610,1
0,15613,1
0,15614,1
0,15615,0
0,15620,1
0,15625,1
0,15628,0
0,15632,0
0,15634,1
0,15639,0
0,15639,1
0,15641,0
0,15643,0
0,15644,0
0,15644,1
0,15647,1
0,15648,0
0,15648,1
0,15652,0
0,15652,1
0,15657,0
0,15671,1
0,15672,0
0,15676,0
0,15681,0
0,15686,1
0,15687,1
0,15690,0
0,15697,1
0,15713,1
0,15714,0
0,15718,1
0,15730,0
0,15734,0
0,15739,0
0,15744,0
0,15744,1
0,15746,1
0,15748,0
0,15751,1
0,15758,1
0,15760,0
0,15763,0
0,15779,1
0,15780,1
0,15792,0
0,15795,1
0,15797,0
0,15838,0
0,15848,1
0,15851,1
0,15853,1
0,15856,1
0,15857,0
0,15862,0
0,15862,1
0,15867,0
0,15868,0
0,15887,0
0,15895,1
0,15899,1
0,15902,1
0,15903,0
0,15903,1
0,15908,0
0,15909,1
0,15913,0
0,15914,0
0,15914,1
0,15918,0
0,15918,1
0,15921,0
0,15923,1
0,15929,1
0,15934,0
0,15943,1
0,15944,1
0,15949,0
0,15952,1
0,15954,0
0,15959,0
0,15968,0
0,15979,0
0,15984,0
0,15987,0
0,15991,0
0,15992,0
0,15997,0
0,16010,0
0,16018,1
0,16020,1
0,16021,1
0,16026,0
0,16028,1
0,16030,0
0,16031,0
0,16040,1
0,16041,0
0,16045,0
0,16046,0
0,16046,1
0,16050,0
0,16055,0
0,16056,0
0,16063,0
0,16070,0
0,16072,0
0,16076,1
0,16078,1
0,16084,0
0,16084,1
0,16085,0
0,16089,0
0,16091,1
0,16093,0
0,16094,0
0,16102,1
0,16118,1
0,16123,1
0,16128,0
0,16131,0
0,16136,0
0,16141,1
0,16145,1
0,16150,0
0,16159,1
0,16163,1
0,16166,0
0,16168,0
0,16169,0
0,16171,0
0,16179,1
0,16181,0
0,16183,0
0,16188,0
0,16191,0
0,16193,1
0,16196,0
0,16198,1
0,16199,0
0,16199,1
0,16209,1
0,16211,1
0,16214,1
0,16215,0
0,16218,1
0,16219,0
0,16220,0
0,16223,1
0,16224,1
0,16240,1
0,16244,1
0,16249,1
0,16251,1
0,16256,1
0,16261,0
0,16266,1
0,16269,0
0,16274,1
0,16283,0
0,16286,1
0,16288,0
0,16289,1
0,16317,1
0,16319,0
0,16325,0
0,16326,1
0,16335,0
0,16340,0
0,16345,1
0,16356,1
0,16357,1
0,16361,0
0,16363,1
0,16366,0
0,16373,0
0,16382,0
1,4,1
1,9,0
1,13,0
1,25,0
1,30,1
1,34,0
1,39,1
1,42,0
1,64,1
1,72,1
1,73,0
1,77,0
1,77,1
1,80,0
1,82,0
1,85,0
1,85,1
1,87,0
1,90,0
1,92,1
1,119,1
1,123,0
1,124,1
1,128,0
1,128,1
1,133,0
1,138,1
1,143,0
1,148,0
1,153,0
1,153,1
1,156,1
1,158,0
1,160,1
1,161,0
1,165,0
1,166,0
1,166,1
1,168,1
1,170,0
1,171,0
1,173,0
1,173,1
1,176,1
1,178,0
1,205,0
1,210,1
1,215,0
1,219,1
1,228,1
1,237,1
1,240,1
1,242,0
1,288,0
1,293,0
1,301,0
1,305,1
1,308,0
1,310,0
1,310,1
1,313,0
1,315,1
1,316,0
1,320,0
1,321,0
1,326,0
1,330,1
1,344,0
1,349,0
1,383,0
1,388,1
1,393,1
1,413,0
1,417,0
1,418,1
1,423,0
1,428,1
1,433,1
1,438,0
1,441,1
1,443,0
1,446,0
1,446,1
1,451,1
1,456,0
1,461,0
1,466,0
1,466,1
1,471,1
1,530,0
1,531,1
1,536,0
1,544,1
1,546,0
1,549,1
1,551,1
1,552,1
1,557,1
1,561,0
1,562,1
1,566,0
1,567,0
1,570,0
1,571,1
1,575,0
1,575,1
1,581,1
1,586,1
1,588,0
1,591,1
1,593,0
1,595,1
1,596,0
1,598,1
1,599,0
1,600,0
1,601,0
1,603,0
1,603,1
1,605,0
1,606,0
1,607,1
1,608,0
1,612,0
1,613,0
1,636,0
1,641,1
1,646,0
1,646,1
1,654,0
1,654,1
1,655,0
1,660,0
1,660,1
1,662,0
1,667,0
1,672,0
1,680,0
1,685,0
1,764,1
1,779,1
1,784,1
1,789,0
1,791,1
1,796,0
1,798,0
1,800,1
1,801,1
1,803,0
1,805,1
1,806,1
1,808,0
1,808,1
1,810,1
1,813,0
1,815,0
1,820,1
1,825,0
1,825,1
1,830,0
1,839,1
1,840,1
1,844,1
1,845,0
1,849,1
1,850,1
1,855,1
1,883,1
1,887,1
1,888,0
1,888,1
1,890,1
1,893,0
1,893,1
1,895,1
1,898,1
1,900,1
1,903,1
1,905,0
1,906,1
1,908,1
1,910,1
1,913,1
1,918,1
1,923,1
1,978,1
1,983,0
1,1062,0
1,1070,0
1,1075,0
1,1076,1
1,1080,0
1,1081,1
1,1082,1
1,1085,0
1,1086,1
1,1087,0
1,1090,0
1,1091,1
1,1092,0
1,1095,1
1,1096,0
1,1097,1
1,1102,0
1,1104,1
1,1107,0
1,1123,0
1,1249,1
1,1335,1
1,1406,0
1,1427,1
1,1432,1
1,1438,1
1,1439,1
1,1445,0
1,1450,1
1,1459,0
1,1484,1
1,1509,0
1,1525,1
1,1538,1
1,1543,1
1,1545,1
1,1548,1
1,1549,1
1,1554,0
1,1556,0
1,1559,0
1,1566,1
1,1574,1
1,1579,0
1,1582,0
1,1584,0
1,1589,0
1,1592,1
1,1593,0
1,1594,0
1,1598,1
1,1601,1
1,1603,0
1,1608,0
1,1612,0
1,1613,0
1,1615,0
1,1620,0
1,1620,1
1,1625,0
1,1630,1
1,1637,0
1,1646,0
1,1657,0
1,1668,0
1,1671,1
1,1674,0
1,1688,0
1,1689,0
1,1693,1
1,1695,0
1,1698,1
1,1699,1
1,1702,1
1,1704,1
1,1712,0
1,1717,1
1,1729,0
1,1729,1
1,1731,1
1,1733,1
1,1734,1
1,1736,0
1,1739,1
1,1740,0
1,1741,0
1,1744,1
1,1753,0
1,1772,0
1,1785,1
1,1790,1
1,1809,0
1,1810,1
1,1813,0
1,1814,0
1,1818,1
1,1819,1
1,1820,1
1,1821,1
1,1825,0
1,1834,1
1,1837,0
1,1844,0
1,1848,1
1,1849,0
1,1854,0
1,1857,0
1,1859,1
1,1864,0
1,1869,1
1,1870,0
1,1877,0
1,1882,1
1,1886,0
1,1888,1
1,1889,1
1,1891,0
1,1894,0
1,1899,0
1,1907,1
1,1940,0
1,1948,0
1,1953,1
1,1960,1
1,1961,1
1,1964,0
1,1967,1
1,1970,1
1,1971,0
1,1972,0
1,1982,1
1,1990,0
1,2000,0
1,2001,0
1,2005,0
1,2010,0
1,2011,1
1,2022,0
1,2030,1
1,2033,1
1,2035,1
1,2036,1
1,2038,0
1,2040,0
1,2044,0
1,2050,1
1,2052,1
1,2055,0
1,2057,0
1,2059,0
1,2062,1
1,2064,0
1,2064,1
1,2066,0
1,2069,1
1,2074,1
1,2078,0
1,2084,1
1,2088,0
1,2093,0
1,2098,0
1,2099,0
1,2101,0
1,2102,0
1,2103,1
1,2106,1
1,2107,0
1,2108,1
1,2109,1
1,2113,0
1,2116,0
1,2116,1
1,2118,1
1,2128,0
1,2135,0
1,2135,1
1,2137,0
1,2138,1
1,2139,1
1,2140,0
1,2142,1
1,2144,0
1,2149,1
1,2150,0
1,2154,0
1,2154,1
1,2155,1
1,2156,1
1,2157,0
1,2157,1
1,2161,1
1,2162,1
1,2163,0
1,2166,1
1,2167,0
1,2167,1
1,2168,0
1,2170,1
1,2171,0
1,2175,0
1,2177,1
1,2178,0
1,2180,0
1,2180,1
1,2182,0
1,2185,1
1,2186,0
1,2187,1
1,2190,0
1,2192,1
1,2204,1
1,2210,0
1,2211,1
1,2212,0
1,2212,1
1,2231,1
1,2234,1
1,2243,1
1,2245,1
1,2248,1
1,2250,0
1,2253,0
1,2255,1
1,2256,0
1,2259,1
1,2260,1
1,2261,1
1,2262,1
1,2263,0
1,2267,0
1,2268,0
1,2268,1
1,2271,1
1,2272,0
1,2273,1
1,2274,1
1,2277,1
1,2279,0
1,2285,0
1,2286,1
1,2290,0
1,2293,0
1,2293,1
1,2294,1
1,2295,0
1,2296,0
1,2298,1
1,2301,0
1,2302,1
1,2303,0
1,2303,1
1,2305,1
1,2306,0
1,2306,1
1,2307,0
1,2307,1
1,2309,0
1,2311,0
1,2317,1
1,2318,0
1,2319,0
1,2320,0
1,2326,0
1,2327,0
1,2330,0
1,2330,1
1,2331,0
1,2336,1
1,2341,0
1,2343,0
1,2344,1
1,2347,1
1,2348,0
1,2349,1
1,2353,1
1,2356,0
1,2356,1
1,2360,0
1,2362,0
1,2363,0
1,2364,0
1,2364,1
1,2366,1
1,2367,1
1,2369,1
1,2370,0
1,2371,1
1,2372,0
1,2374,1
1,2375,0
1,2378,0
1,2382,0
1,2384,0
1,2387,1
1,2390,0
1,2390,1
1,2391,0
1,2391,1
1,2394,0
1,2396,1
1,2397,1
1,2399,0
1,2400,1
1,2401,0
1,2402,0
1,2402,1
1,2405,1
1,2406,1
1,2407,0
1,2410,0
1,2410,1
1,2411,0
1,2412,0
1,2412,1
1,2414,0
1,2415,0
1,2417,1
1,2420,0
1,2421,1
1,2424,0
1,2424,1
1,2425,0
1,2425,1
1,2426,1
1,2427,1
1,2428,0
1,2429,0
1,2430,0
1,2431,0
1,2432,0
1,2435,0
1,2435,1
1,2436,0
1,2437,1
1,2439,0
1,2440,1
1,2441,0
1,2442,1
1,2446,1
1,2448,1
1,2451,0
1,2452,1
1,2454,1
1,2459,0
1,2461,0
1,2461,1
1,2463,1
1,2465,1
1,2466,0
1,2469,1
1,2473,0
1,2475,1
1,2477,0
1,2477,1
1,2478,1
1,2479,1
1,2480,0
1,2480,1
1,2481,0
1,2481,1
1,2482,0
1,2482,1
1,2483,1
1,2484,0
1,2485,0
1,2485,1
1,2486,0
1,2487,0
1,2487,1
1,2488,1
1,2490,1
1,2491,0
1,2492,0
1,2492,1
1,2493,1
1,2497,0
1,2500,0
1,2501,1
1,2506,1
1,2509,1
1,2510,0
1,2512,1
1,2513,0
1,2514,1
1,2515,0
1,2515,1
1,2516,1
1,2517,0
1,2517,1
1,2518,1
1,2519,0
1,2520,1
1,2521,0
1,2521,1
1,2524,1
1,2525,1
1,2526,0
1,2526,1
1,2528,1
1,2529,1
1,2530,0
1,2531,0
1,2532,0
1,2532,1
1,2534,0
1,2535,1
1,2536,0
1,2537,0
1,2537,1
1,2539,0
1,2539,1
1,2542,1
1,2543,1
1,2544,1
1,2545,0
1,2545,1
1,2546,0
1,2546,1
1,2547,0
1,2549,0
1,2550,0
1,2551,0
1,2553,1
1,2555,0
1,2556,0
1,2556,1
1,2558,1
1,2559,0
1,2560,0
1,2561,0
1,2562,0
1,2562,1
1,2563,0
1,2564,1
1,2565,0
1,2568,0
1,2568,1
1,2569,1
1,2571,0
1,2571,1
1,2574,1
1,2575,0
1,2576,1
1,2577,1
1,2578,1
1,2579,1
1,2580,0
1,2584,1
1,2586,0
1,2588,1
1,2589,0
1,2589,1
1,2590,0
1,2592,1
1,2598,0
1,2599,0
1,2600,0
1,2604,1
1,2609,0
1,2612,1
1,2613,0
1,2614,0
1,2615,0
1,2617,0
1,2618,0
1,2620,1
1,2621,1
1,2622,0
1,2623,0
1,2626,1
1,2629,0
1,2630,1
1,2631,1
1,2632,1
1,2633,1
1,2634,0
1,2637,1
1,2641,1
1,2644,0
1,2650,0
1,2651,1
1,2654,0
1,2656,1
1,2657,0
1,2659,0
1,2659,1
1,2665,0
1,2666,0
1,2667,0
1,2669,0
1,2669,1
1,2670,1
1,2672,0
1,2672,1
1,2673,0
1,2673,1
1,2675,1
1,2676,1
1,2677,1
1,2678,1
1,2679,1
1,2681,1
1,2682,1
1,2684,1
1,2685,1
1,2687,1
1,2693,0
1,2694,1
1,2696,0
1,2697,1
1,2698,0
1,2703,1
1,2704,1
1,2705,0
1,2707,0
1,2713,1
1,2714,0
1,2715,1
1,2717,1
1,2718,1
1,2719,1
1,2721,0
1,2729,1
1,2730,0
1,2730,1
1,2737,1
1,2738,1
1,2740,1
1,2741,1
1,2750,1
1,2751,1
1,2755,1
1,2756,0
1,2758,0
1,2763,1
1,2764,1
1,2766,1
1,2768,1
1,2769,1
1,2770,0
1,2775,1
1,2777,0
1,2778,1
1,2780,1
1,2782,0
1,2783,0
1,2784,1
1,2786,0
1,2788,0
1,2789,1
1,2790,0
1,2793,1
1,2794,1
1,2795,0
1,2796,0
1,2796,1
1,2805,1
1,2807,0
1,2808,1
1,2809,1
1,2812,0
1,2812,1
1,2817,1
1,2819,0
1,2822,0
1,2822,1
1,2827,1
1,2829,1
1,2833,1
1,2834,0
1,2836,0
1,2836,1
1,2838,0
1,2840,1
1,2841,1
1,2844,0
1,2846,0
1,2848,1
1,2850,1
1,2851,1
1,2853,1
1,2854,1
1,2856,0
1,2857,0
1,2861,1
1,2864,1
1,2866,0
1,2870,0
1,2870,1
1,2872,0
1,2876,1
1,2880,0
1,2883,1
1,2888,0
1,2890,0
1,2890,1
1,2894,0
1,2896,1
1,2898,1
1,2900,1
1,2901,1
1,2902,0
1,2903,1
1,2906,0
1,2908,1
1,2914,1
1,2916,0
1,2918,0
1,2923,0
1,2924,0
1,2928,0
1,2936,0
1,2936,1
1,2940,0
1,2946,1
1,2947,0
1,2947,1
1,2955,0
1,2955,1
1,2970,0
1,2975,0
1,2976,1
1,2979,0
1,2981,1
1,2982,0
1,2982,1
1,2984,0
1,2986,1
1,2987,0
1,2990,0
1,2990,1
1,2995,1
1,2996,1
1,2998,1
1,3001,1
1,3002,0
1,3004,1
1,3005,0
1,3008,1
1,3010,1
1,3016,0
1,3029,0
1,3033,0
1,3035,1
1,3036,0
1,3037,0
1,3037,1
1,3038,1
1,3041,0
1,3042,1
1,3044,1
1,3046,0
1,3049,1
1,3051,1
1,3052,0
1,3055,1
1,3060,0
1,3066,0
1,3068,0
1,3068,1
1,3070,1
1,3077,0
1,3077,1
1,3078,1
1,3082,0
1,3094,1
1,3096,0
1,3099,1
1,3115,1
1,3121,0
1,3131,1
1,3135,0
1,3137,1
1,3138,0
1,3141,1
1,3142,0
1,3145,0
1,3147,1
1,3149,0
1,3152,0
1,3156,0
1,3157,0
1,3161,1
1,3162,0
1,3175,1
1,3177,0
1,3177,1
1,3180,0
1,3181,0
1,3182,0
1,3185,0
1,3185,1
1,3186,1
1,3188,0
1,3191,1
1,3201,0
1,3202,0
1,3204,0
1,3207,0
1,3208,0
1,3210,0
1,3212,1
1,3213,0
1,3214,1
1,3215,0
1,3216,0
1,3218,1
1,3219,0
1,3220,1
1,3224,0
1,3235,0
1,3248,1
1,3254,1
1,3259,0
1,3265,0
1,3274,0
1,3279,1
1,3280,0
1,3281,0
1,3289,0
1,3320,0
1,3329,1
1,3332,0
1,3334,0
1,3339,0
1,3340,0
1,3351,0
1,3355,0
1,3359,0
1,3360,0
1,3360,1
1,3364,0
1,3366,0
1,3371,0
1,3376,0
1,3406,1
1,3408,0
1,3415,0
1,3443,1
1,3444,1
1,3448,0
1,3451,0
1,3452,0
1,3453,0
1,3454,0
1,3457,1
1,3459,0
1,3460,1
1,3465,0
1,3466,0
1,3474,0
1,3475,0
1,3480,0
1,3485,0
1,3497,1
1,3500,0
1,3503,1
1,3508,0
1,3515,0
1,3521,1
1,3523,0
1,3558,1
1,3564,0
1,3566,1
1,3569,0
1,3570,1
1,3573,1
1,3577,1
1,3587,0
1,3592,0
1,3593,1
1,3594,1
1,3597,1
1,3599,0
1,3601,0
1,3604,1
1,3606,0
1,3614,0
1,3617,1
1,3619,0
1,3622,1
1,3627,1
1,3656,0
1,3659,0
1,3660,1
1,3663,1
1,3691,0
1,3701,0
1,3712,0
1,3722,0
1,3733,0
1,3738,1
1,3742,1
1,3743,1
1,3745,1
1,3746,0
1,3753,1
1,3758,1
1,3762,1
1,3764,0
1,3765,0
1,3785,0
1,3789,1
1,3797,1
1,3799,0
1,3802,1
1,3803,1
1,3807,0
1,3809,1
1,3829,0
1,3842,0
1,3845,0
1,3847,0
1,3848,0
1,3848,1
1,3850,0
1,3853,1
1,3860,0
1,3864,0
1,3867,0
1,3870,0
1,3871,0
1,3877,0
1,3878,1
1,3883,0
1,3884,0
1,3891,0
1,3891,1
1,3892,0
1,3896,0
1,3901,0
1,3909,0
1,3919,0
1,3920,1
1,3924,1
1,3927,0
1,3928,0
1,3931,1
1,3942,0
1,3943,0
1,3948,0
1,3953,0
1,3955,1
1,3963,1
1,3964,1
1,3975,1
1,3991,0
1,3994,1
1,3996,0
1,4000,0
1,4001,1
1,4002,1
1,4005,0
1,4006,1
1,4007,0
1,4008,0
1,4013,0
1,4013,1
1,4020,1
1,4022,1
1,4026,1
1,4031,0
1,4035,1
1,4036,0
1,4042,0
1,4044,1
1,4053,1
1,4060,1
1,4065,1
1,4068,1
1,4074,0
1,4082,1
1,4083,0
1,4085,0
1,4088,0
1,4088,1
1,4089,1
1,4090,1
1,4092,1
1,4093,1
1,4101,1
1,4102,0
1,4103,1
1,4104,1
1,4105,1
1,4106,0
1,4112,1
1,4116,0
1,4119,1
1,4122,1
1,4129,0
1,4131,0
1,4143,0
1,4143,1
1,4145,0
1,4146,0
1,4148,0
1,4149,0
1,4155,0
1,4162,0
1,4165,1
1,4170,0
1,4171,1
1,4174,1
1,4176,0
1,4177,1
1,4179,1
1,4187,1
1,4193,1
1,4199,1
1,4205,1
1,4206,1
1,4211,1
1,4213,0
1,4214,0
1,4214,1
1,4217,0
1,4218,0
1,4219,1
1,4220,1
1,4221,1
1,4222,0
1,4223,0
1,4224,1
1,4226,1
1,4228,0
1,4229,1
1,4232,0
1,4233,0
1,4234,1
1,4236,0
1,4243,0
1,4244,0
1,4247,1
1,4248,1
1,4249,0
1,4250,0
1,4253,0
1,4255,1
1,4261,0
1,4261,1
1,4263,1
1,4264,1
1,4265,0
1,4266,1
1,4268,0
1,4269,1
1,4270,1
1,4271,0
1,4273,0
1,4279,0
1,4284,0
1,4287,0
1,4288,0
1,4290,0
1,4293,0
1,4295,0
1,4297,0
1,4298,0
1,4298,1
1,4299,0
1,4301,1
1,4306,1
1,4307,0
1,4308,1
1,4309,0
1,4309,1
1,4310,1
1,4311,1
1,4314,0
1,4316,0
1,4316,1
1,4317,0
1,4318,1
1,4319,1
1,4321,0
1,4321,1
1,4322,1
1,4323,0
1,4324,0
1,4327,0
1,4328,0
1,4328,1
1,4329,1
1,4330,0
1,4331,0
1,4331,1
1,4335,1
1,4336,1
1,4338,1
1,4339,1
1,4341,0
1,4344,0
1,4346,1
1,4350,1
1,4351,1
1,4355,0
1,4359,0
1,4359,1
1,4363,0
1,4364,0
1,4364,1
1,4365,0
1,4365,1
1,4368,1
1,4371,1
1,4372,1
1,4374,1
1,4375,1
1,4377,1
1,4378,0
1,4380,1
1,4381,0
1,4382,1
1,4383,1
1,4386,0
1,4387,1
1,4389,1
1,4390,1
1,4391,1
1,4396,1
1,4398,0
1,4404,1
1,4405,0
1,4406,0
1,4407,1
1,4410,1
1,4418,1
1,4422,0
1,4423,1
1,4425,1
1,4427,1
1,4429,1
1,4434,0
1,4439,1
1,4443,0
1,4450,0
1,4450,1
1,4452,0
1,4454,1
1,4458,0
1,4459,1
1,4461,0
1,4462,0
1,4463,0
1,4466,1
1,4467,0
1,4468,1
1,4473,0
1,4473,1
1,4476,0
1,4476,1
1,4477,0
1,4477,1
1,4480,0
1,4480,1
1,4484,1
1,4485,1
1,4488,1
1,4489,1
1,4493,1
1,4496,1
1,4501,0
1,4503,1
1,4505,1
1,4510,0
1,4511,1
1,4512,0
1,4514,0
1,4523,0
1,4527,0
1,4529,0
1,4529,1
1,4535,1
1,4540,1
1,4541,1
1,4542,1
1,4543,0
1,4546,1
1,4548,0
1,4552,0
1,4554,1
1,4558,0
1,4558,1
1,4559,1
1,4564,1
1,4565,1
1,4571,0
1,4574,0
1,4574,1
1,4575,0
1,4581,0
1,4583,0
1,4585,1
1,4586,0
1,4587,1
1,4589,1
1,4593,1
1,4595,1
1,4604,1
1,4606,1
1,4608,0
1,4612,0
1,4613,0
1,4615,0
1,4615,1
1,4620,1
1,4621,0
1,4623,0
1,4623,1
1,4625,0
1,4627,1
1,4631,0
1,4632,0
1,4634,0
1,4634,1
1,4636,1
1,4639,0
1,4645,0
1,4647,0
1,4651,0
1,4653,1
1,4654,0
1,4657,0
1,4660,0
1,4662,1
1,4666,0
1,4668,1
1,4669,0
1,4672,1
1,4678,0
1,4679,1
1,4680,1
1,4684,0
1,4686,1
1,4688,1
1,4691,1
1,4692,0
1,4692,1
1,4697,1
1,4707,1
1,4709,1
1,4711,1
1,4714,1
1,4722,0
1,4723,0
1,4723,1
1,4725,0
1,4726,1
1,4733,0
1,4733,1
1,4739,1
1,4740,1
1,4741,0
1,4746,1
1,4750,1
1,4753,1
1,4755,0
1,4758,1
1,4769,1
1,4770,0
1,4771,1
1,4773,1
1,4774,0
1,4774,1
1,4775,1
1,4781,0
1,4788,1
1,4791,0
1,4799,0
1,4800,0
1,4802,0
1,4809,1
1,4810,0
1,4810,1
1,4817,1
1,4818,0
1,4822,0
1,4822,1
1,4825,0
1,4828,1
1,4830,0
1,4833,1
1,4842,0
1,4861,0
1,4865,0
1,4866,0
1,4869,0
1,4871,0
1,4875,1
1,4876,0
1,4876,1
1,4884,1
1,4890,1
1,4895,1
1,4897,0
1,4897,1
1,4898,1
1,4905,1
1,4912,0
1,4916,0
1,4917,1
1,4918,1
1,4919,0
1,4920,0
1,4923,0
1,4925,0
1,4928,0
1,4933,1
1,4938,1
1,4940,1
1,4943,0
1,4945,0
1,4945,1
1,4950,1
1,4961,0
1,4987,1
1,4996,1
1,5001,1
1,5012,1
1,5016,0
1,5017,1
1,5019,0
1,5066,1
1,5121,1
1,5126,0
1,5153,0
1,5160,0
1,5165,0
1,5173,0
1,5178,1
1,5664,0
1,5669,1
1,5779,1
1,5784,0
1,5789,0
1,5877,0
1,5882,0
1,5892,1
1,5897,0
1,5902,1
1,5910,1
1,5911,0
1,5914,0
1,5915,0
1,5916,1
1,5917,1
1,5919,0
1,5921,0
1,5921,1
1,5922,0
1,5926,1
1,5931,1
1,5941,0
1,5946,1
1,5951,0
1,5952,1
1,5957,1
1,5960,0
1,5963,1
1,5967,0
1,5985,1
1,5987,0
1,5992,0
1,5997,1
1,5998,1
1,6004,0
1,6007,1
1,6009,1
1,6013,1
1,6016,1
1,6017,0
1,6019,0
1,6021,0
1,6023,0
1,6024,1
1,6026,0
1,6027,0
1,6027,1
1,6028,0
1,6029,1
1,6030,0
1,6031,1
1,6032,0
1,6033,0
1,6034,0
1,6035,1
1,6037,0
1,6038,0
1,6040,0
1,6041,0
1,6041,1
1,6043,0
1,6045,1
1,6046,1
1,6052,1
1,6058,1
1,6059,1
1,6062,0
1,6063,0
1,6063,1
1,6064,1
1,6067,0
1,6068,0
1,6069,0
1,6071,1
1,6074,0
1,6077,1
1,6078,1
1,6079,1
1,6080,1
1,6081,1
1,6083,1
1,6085,0
1,6086,0
1,6090,0
1,6090,1
1,6091,0
1,6093,1
1,6095,1
1,6096,0
1,6096,1
1,6100,0
1,6102,1
1,6103,1
1,6107,0
1,6107,1
1,6109,1
1,6112,0
1,6116,1
1,6121,0
1,6123,1
1,6126,0
1,6127,0
1,6134,1
1,6138,1
1,6140,0
1,6150,1
1,6151,0
1,6152,1
1,6155,0
1,6155,1
1,6159,0
1,6161,1
1,6162,0
1,6170,1
1,6171,1
1,6174,0
1,6175,1
1,6176,0
1,6177,0
1,6179,0
1,6180,0
1,6181,1
1,6182,0
1,6182,1
1,6183,0
1,6187,1
1,6189,1
1,6190,1
1,6191,0
1,6192,1
1,6193,0
1,6193,1
1,6195,0
1,6195,1
1,6196,1
1,6197,1
1,6198,1
1,6200,1
1,6202,0
1,6206,0
1,6207,0
1,6209,1
1,6212,0
1,6213,0
1,6213,1
1,6215,1
1,6218,0
1,6218,1
1,6220,0
1,6221,1
1,6222,0
1,6223,0
1,6224,0
1,6224,1
1,6226,0
1,6226,1
1,6230,0
1,6231,0
1,6231,1
1,6233,0
1,6234,1
1,6237,0
1,6238,1
1,6239,1
1,6241,0
1,6242,0
1,6244,1
1,6248,1
1,6250,1
1,6251,1
1,6253,0
1,6253,1
1,6254,1
1,6255,0
1,6255,1
1,6256,0
1,6257,0
1,6258,0
1,6258,1
1,6260,1
1,6261,0
1,6262,1
1,6267,0
1,6270,1
1,6271,0
1,6273,0
1,6274,0
1,6277,1
1,6278,1
1,6279,1
1,6281,1
1,6282,0
1,6283,1
1,6284,1
1,6290,1
1,6291,0
1,6293,0
1,6294,0
1,6295,0
1,6296,0
1,6296,1
1,6297,0
1,6297,1
1,6298,1
1,6300,0
1,6301,0
1,6303,0
1,6305,1
1,6307,1
1,6308,0
1,6311,0
1,6311,1
1,6312,0
1,6313,0
1,6313,1
1,6315,0
1,6317,1
1,6320,1
1,6321,0
1,6321,1
1,6325,0
1,6326,0
1,6326,1
1,6327,0
1,6328,0
1,6328,1
1,6329,1
1,6332,0
1,6332,1
1,6333,1
1,6335,0
1,6337,0
1,6337,1
1,6339,1
1,6341,0
1,6343,0
1,6343,1
1,6344,0
1,6345,1
1,6346,0
1,6347,0
1,6349,0
1,6350,0
1,6351,1
1,6353,1
1,6354,0
1,6358,1
1,6360,1
1,6361,1
1,6364,0
1,6365,0
1,6367,0
1,6367,1
1,6368,0
1,6370,0
1,6372,0
1,6374,1
1,6376,0
1,6378,1
1,6379,1
1,6380,0
1,6381,0
1,6381,1
1,6382,0
1,6383,0
1,6384,0
1,6384,1
1,6389,1
1,6390,0
1,6390,1
1,6392,0
1,6392,1
1,6393,0
1,6393,1
1,6394,1
1,6395,1
1,6396,0
1,6396,1
1,6397,0
1,6397,1
1,6400,0
1,6402,0
1,6404,1
1,6407,1
1,6409,1
1,6410,0
1,6411,1
1,6414,0
1,6415,0
1,6420,0
1,6420,1
1,6424,1
1,6425,0
1,6426,0
1,6426,1
1,6428,1
1,6429,0
1,6431,0
1,6431,1
1,6432,1
1,6434,1
1,6435,1
1,6437,0
1,6442,1
1,6443,1
1,6447,1
1,6449,0
1,6449,1
1,6458,0
1,6459,0
1,6461,1
1,6462,1
1,6466,1
1,6468,0
1,6469,1
1,6471,1
1,6472,1
1,6473,0
1,6474,1
1,6476,0
1,6477,0
1,6478,0
1,6480,0
1,6481,1
1,6482,0
1,6485,0
1,6486,0
1,6488,0
1,6488,1
1,6491,1
1,6493,1
1,6495,1
1,6496,0
1,6498,1
1,6499,0
1,6500,0
1,6500,1
1,6502,0
1,6503,1
1,6504,1
1,6506,1
1,6508,0
1,6517,0
1,6518,0
1,6520,0
1,6522,0
1,6523,1
1,6528,0
1,6528,1
1,6529,0
1,6532,1
1,6533,1
1,6534,0
1,6534,1
1,6537,0
1,6539,1
1,6540,0
1,6540,1
1,6541,1
1,6542,0
1,6544,1
1,6545,0
1,6546,0
1,6546,1
1,6549,0
1,6550,1
1,6555,0
1,6555,1
1,6558,0
1,6560,0
1,6563,0
1,6565,0
1,6565,1
1,6566,1
1,6567,0
1,6570,0
1,6570,1
1,6571,0
1,6575,0
1,6576,0
1,6576,1
1,6578,0
1,6579,1
1,6581,0
1,6582,1
1,6586,0
1,6589,1
1,6590,0
1,6591,1
1,6592,0
1,6592,1
1,6593,0
1,6594,0
1,6595,1
1,6596,0
1,6597,0
1,6599,0
1,6602,0
1,6604,0
1,6605,0
1,6614,0
1,6616,0
1,6621,1
1,6626,0
1,6630,0
1,6631,1
1,6635,0
1,6636,0
1,6637,0
1,6637,1
1,6638,0
1,6640,1
1,6641,0
1,6642,1
1,6645,1
1,6646,1
1,6648,1
1,6649,1
1,6650,1
1,6651,1
1,6653,0
1,6657,0
1,6657,1
1,6658,0
1,6660,0
1,6662,0
1,6663,1
1,6664,0
1,6666,1
1,6667,0
1,6667,1
1,6669,0
1,6672,0
1,6672,1
1,6677,0
1,6679,0
1,6679,1
1,6682,1
1,6684,0
1,6697,1
1,6699,0
1,6703,0
1,6708,0
1,6710,1
1,6711,1
1,6712,1
1,6714,0
1,6716,0
1,6718,0
1,6719,1
1,6721,0
1,6722,1
1,6723,0
1,6725,1
1,6730,0
1,6731,0
1,6732,1
1,6733,1
1,6735,1
1,6737,0
1,6742,0
1,6748,0
1,6752,0
1,6758,0
1,6759,0
1,6763,1
1,6765,1
1,6766,0
1,6768,0
1,6769,0
1,6769,1
1,6770,0
1,6770,1
1,6771,0
1,6774,1
1,6775,0
1,6782,1
1,6783,0
1,6785,0
1,6787,1
1,6790,1
1,6792,0
1,6792,1
1,6794,1
1,6796,0
1,6797,0
1,6798,1
1,6800,0
1,6801,0
1,6803,0
1,6807,1
1,6808,0
1,6809,0
1,6811,0
1,6812,1
1,6814,0
1,6818,0
1,6819,1
1,6820,0
1,6821,0
1,6824,0
1,6825,1
1,6827,0
1,6834,0
1,6835,1
1,6836,0
1,6837,0
1,6838,1
1,6840,0
1,6843,0
1,6846,0
1,6846,1
1,6847,1
1,6849,0
1,6852,0
1,6854,0
1,6857,1
1,6864,0
1,6869,1
1,6870,0
1,6872,0
1,6874,0
1,6878,1
1,6879,1
1,6880,0
1,6882,1
1,6885,0
1,6885,1
1,6888,1
1,6892,1
1,6900,0
1,6903,1
1,6905,0
1,6908,0
1,6909,0
1,6911,0
1,6912,0
1,6915,0
1,6917,1
1,6919,0
1,6920,1
1,6923,1
1,6927,0
1,6928,1
1,6929,0
1,6930,0
1,6932,1
1,6934,1
1,6936,0
1,6937,0
1,6938,1
1,6939,0
1,6940,0
1,6944,1
1,6946,0
1,6951,1
1,6953,1
1,6957,0
1,6958,0
1,6958,1
1,6959,1
1,6960,1
1,6962,0
1,6962,1
1,6964,0
1,6964,1
1,6965,0
1,6967,0
1,6969,1
1,6971,0
1,6971,1
1,6975,0
1,6977,1
1,6986,0
1,6986,1
1,6991,0
1,6991,1
1,6993,0
1,6996,1
1,6999,0
1,7005,0
1,7005,1
1,7007,1
1,7013,0
1,7013,1
1,7015,1
1,7016,1
1,7018,0
1,7018,1
1,7031,1
1,7032,0
1,7034,0
1,7036,1
1,7037,0
1,7040,0
1,7043,1
1,7045,0
1,7046,0
1,7049,0
1,7050,1
1,7051,1
1,7053,1
1,7055,1
1,7058,0
1,7060,1
1,7061,0
1,7066,1
1,7069,0
1,7070,1
1,7071,1
1,7075,1
1,7076,0
1,7077,0
1,7079,0
1,7082,0
1,7085,1
1,7087,1
1,7097,1
1,7098,1
1,7099,0
1,7101,1
1,7103,1
1,7105,1
1,7107,1
1,7108,1
1,7109,1
1,7111,0
1,7112,0
1,7115,0
1,7115,1
1,7116,0
1,7119,1
1,7120,1
1,7122,0
1,7122,1
1,7123,1
1,7125,1
1,7126,0
1,7127,0
1,7129,0
1,7137,1
1,7139,0
1,7140,1
1,7141,1
1,7145,0
1,7145,1
1,7146,1
1,7148,0
1,7151,1
1,7152,1
1,7153,1
1,7155,0
1,7161,1
1,7164,0
1,7166,0
1,7174,1
1,7176,0
1,7182,0
1,7182,1
1,7183,1
1,7190,1
1,7192,1
1,7205,1
1,7207,0
1,7212,0
1,7213,1
1,7219,1
1,7225,1
1,7230,0
1,7233,0
1,7235,0
1,7239,0
1,7243,0
1,7251,1
1,7252,0
1,7252,1
1,7254,0
1,7255,0
1,7255,1
1,7256,1
1,7257,1
1,7265,0
1,7266,1
1,7267,0
1,7272,1
1,7276,0
1,7277,0
1,7285,0
1,7288,1
1,7310,0
1,7313,0
1,7315,0
1,7316,1
1,7319,0
1,7320,1
1,7322,0
1,7324,0
1,7331,0
1,7346,1
1,7351,0
1,7361,0
1,7366,0
1,7371,1
1,7379,0
1,7391,1
1,7392,0
1,7396,1
1,7401,0
1,7401,1
1,7413,0
1,7426,1
1,7431,0
1,7433,0
1,7444,0
1,7444,1
1,7448,1
1,7449,1
1,7451,0
1,7451,1
1,7456,1
1,7465,0
1,7478,0
1,7480,1
1,7488,1
1,7489,0
1,7492,0
1,7493,0
1,7494,1
1,7495,0
1,7497,0
1,7509,1
1,7515,0
1,7517,1
1,7523,0
1,7534,0
1,7535,1
1,7538,1
1,7545,0
1,7559,1
1,7567,1
1,7574,1
1,7578,0
1,7583,1
1,7588,0
1,7589,1
1,7593,0
1,7595,1
1,7600,0
1,7607,1
1,7612,0
1,7653,1
1,7682,0
1,7685,0
1,7686,0
1,7691,0
1,7695,1
1,7700,0
1,7704,1
1,7705,1
1,7718,0
1,7719,0
1,7724,0
1,7729,0
1,7730,1
1,7732,1
1,7746,0
1,7753,1
1,7754,1
1,7755,0
1,7756,1
1,7760,0
1,7768,1
1,7770,1
1,7792,0
1,7794,1
1,7800,0
1,7802,0
1,7807,0
1,7808,0
1,7812,0
1,7816,0
1,7828,1
1,7836,1
1,7847,1
1,7908,0
1,7913,0
1,7941,0
1,7949,0
1,7954,0
1,7955,0
1,7956,0
1,7958,1
1,7960,0
1,7974,0
1,7976,1
1,7977,0
1,7979,1
1,7980,0
1,7981,1
1,7985,0
1,7986,0
1,8000,1
1,8001,0
1,8003,0
1,8005,1
1,8006,0
1,8006,1
1,8008,0
1,8008,1
1,8009,1
1,8010,1
1,8012,1
1,8013,0
1,8014,1
1,8015,0
1,8017,0
1,8018,1
1,8019,1
1,8020,0
1,8023,1
1,8025,1
1,8026,1
1,8037,0
1,8042,1
1,8052,1
1,8057,1
1,8062,1
1,8067,0
1,8067,1
1,8072,0
1,8072,1
1,8077,0
1,8077,1
1,8085,1
1,8090,0
1,8090,1
1,8095,0
1,8095,1
1,8099,0
1,8131,0
1,8134,1
1,8136,0
1,8139,0
1,8141,1
1,8144,1
1,8145,0
1,8147,0
1,8149,0
1,8150,0
1,8151,0
1,8152,0
1,8154,0
1,8155,0
1,8156,0
1,8156,1
1,8157,0
1,8159,1
1,8160,1
1,8161,0
1,8161,1
1,8162,1
1,8164,0
1,8164,1
1,8165,1
1,8166,0
1,8170,1
1,8171,0
1,8171,1
1,8176,0
1,8176,1
1,8181,1
1,8185,0
1,8186,0
1,8191,1
1,8192,1
1,8193,1
1,8195,0
1,8198,0
1,8198,1
1,8199,0
1,8199,1
1,8201,0
1,8202,0
1,8203,1
1,8207,1
1,8210,0
1,8210,1
1,8211,0
1,8211,1
1,8212,1
1,8214,0
1,8216,1
1,8223,1
1,8228,0
1,8229,1
1,8230,0
1,8233,1
1,8238,1
1,8241,1
1,8245,0
1,8247,1
1,8251,0
1,8251,1
1,8252,1
1,8253,0
1,8254,0
1,8255,0
1,8256,1
1,8258,1
1,8259,1
1,8261,0
1,8264,1
1,8266,0
1,8266,1
1,8268,0
1,8269,1
1,8270,0
1,8271,1
1,8274,1
1,8275,0
1,8276,0
1,8276,1
1,8277,0
1,8278,0
1,8280,0
1,8280,1
1,8281,1
1,8283,1
1,8284,1
1,8285,0
1,8285,1
1,8287,0
1,8287,1
1,8288,1
1,8289,0
1,8291,1
1,8294,0
1,8295,0
1,8296,0
1,8297,1
1,8298,0
1,8299,0
1,8301,1
1,8302,0
1,8302,1
1,8303,1
1,8305,0
1,8309,0
1,8311,0
1,8311,1
1,8313,0
1,8313,1
1,8314,0
1,8315,0
1,8316,0
1,8317,1
1,8318,1
1,8319,0
1,8319,1
1,8322,0
1,8322,1
1,8323,0
1,8324,0
1,8324,1
1,8328,0
1,8328,1
1,8329,0
1,8329,1
1,8331,1
1,8332,0
1,8333,0
1,8336,0
1,8336,1
1,8338,0
1,8338,1
1,8339,1
1,8340,1
1,8342,0
1,8343,0
1,8343,1
1,8344,0
1,8347,0
1,8348,0
1,8351,0
1,8351,1
1,8352,1
1,8354,1
1,8355,0
1,8356,0
1,8357,0
1,8357,1
1,8358,0
1,8359,1
1,8360,0
1,8360,1
1,8361,0
1,8362,0
1,8363,0
1,8363,1
1,8364,0
1,8365,0
1,8365,1
1,8366,0
1,8366,1
1,8367,0
1,8368,0
1,8368,1
1,8370,0
1,8372,0
1,8374,0
1,8375,0
1,8376,1
1,8377,0
1,8377,1
1,8378,1
1,8379,0
1,8380,1
1,8381,1
1,8382,1
1,8383,1
1,8386,1
1,8387,0
1,8388,1
1,8391,0
1,8392,0
1,8393,1
1,8395,0
1,8397,0
1,8398,0
1,8399,0
1,8399,1
1,8402,0
1,8402,1
1,8406,0
1,8406,1
1,8407,1
1,8409,1
1,8410,1
1,8411,0
1,8411,1
1,8416,0
1,8420,1
1,8423,1
1,8424,1
1,8425,1
1,8426,1
1,8427,1
1,8428,1
1,8430,1
1,8431,1
1,8432,1
1,8433,0
1,8434,0
1,8436,0
1,8438,1
1,8439,0
1,8439,1
1,8440,0
1,8440,1
1,8441,1
1,8442,1
1,8444,0
1,8445,0
1,8445,1
1,8446,0
1,8447,0
1,8447,1
1,8450,0
1,8456,1
1,8460,1
1,8462,1
1,8469,0
1,8483,1
1,8492,1
1,8495,0
1,8497,0
1,8500,0
1,8501,1
1,8510,0
1,8511,1
1,8521,1
1,8527,0
1,8528,0
1,8533,0
1,8533,1
1,8537,1
1,8538,1
1,8542,1
1,8548,1
1,8550,1
1,8551,1
1,8553,0
1,8559,1
1,8572,1
1,8573,1
1,8578,1
1,8584,0
1,8587,0
1,8588,0
1,8590,1
1,8593,1
1,8594,0
1,8596,0
1,8602,1
1,8613,0
1,8616,0
1,8617,0
1,8618,1
1,8623,1
1,8626,1
1,8633,0
1,8634,1
1,8635,0
1,8645,0
1,8647,0
1,8651,0
1,8652,0
1,8656,1
1,8672,0
1,8675,1
1,8677,1
1,8680,0
1,8682,0
1,8682,1
1,8687,1
1,8688,0
1,8692,0
1,8693,0
1,8696,1
1,8698,0
1,8698,1
1,8703,1
1,8709,0
1,8712,0
1,8712,1
1,8715,0
1,8719,0
1,8720,0
1,8720,1
1,8725,1
1,8731,1
1,8732,0
1,8742,0
1,8742,1
1,8746,1
1,8747,1
1,8750,1
1,8752,0
1,8755,1
1,8765,0
1,8767,1
1,8775,1
1,8777,1
1,8779,1
1,8780,0
1,8783,0
1,8785,0
1,8786,1
1,8790,0
1,8791,0
1,8796,0
1,8797,0
1,8799,0
1,8801,0
1,8802,0
1,8804,1
1,8806,1
1,8809,1
1,8815,0
1,8822,0
1,8827,0
1,8836,0
1,8836,1
1,8839,1
1,8840,1
1,8841,0
1,8842,1
1,8844,0
1,8844,1
1,8847,1
1,8852,0
1,8852,1
1,8856,0
1,8860,1
1,8861,0
1,8864,0
1,8869,1
1,8874,1
1,8879,0
1,8882,0
1,8890,1
1,8895,1
1,8900,1
1,8901,1
1,8903,0
1,8905,1
1,8911,1
1,8913,1
1,8917,0
1,8935,1
1,8937,1
1,8942,0
1,8965,0
1,8976,0
1,8978,0
1,8978,1
1,8983,0
1,9005,1
1,9007,0
1,9012,0
1,9013,1
1,9014,0
1,9020,0
1,9029,1
1,9031,0
1,9032,0
1,9036,1
1,9038,1
1,9041,0
1,9045,1
1,9046,0
1,9080,1
1,9085,0
1,9091,0
1,9102,0
1,9104,1
1,9107,1
1,9109,0
1,9112,0
1,9129,0
1,9132,1
1,9134,0
1,9139,1
1,9144,0
1,9146,0
1,9147,1
1,9149,1
1,9154,1
1,9156,0
1,9166,0
1,9170,1
1,9171,0
1,9191,1
1,9207,0
1,9219,0
1,9223,0
1,9224,0
1,9224,1
1,9228,0
1,9228,1
1,9231,0
1,9232,0
1,9233,0
1,9236,1
1,9240,0
1,9241,0
1,9243,1
1,9245,1
1,9246,1
1,9249,0
1,9250,0
1,9254,0
1,9254,1
1,9255,1
1,9268,1
1,9283,1
1,9334,0
1,9478,0
1,9483,1
1,9732,1
1,9741,0
1,9814,0
1,9819,0
1,9909,1
1,9970,0
1,9991,1
1,9994,0
1,9999,1
1,10010,1
1,10084,1
1,12238,0
1,12243,0
1,12248,1
1,12253,1
1,12265,0
1,12270,1
1,12316,0
1,12317,0
1,12318,1
1,12321,0
1,12322,0
1,12323,0
1,12327,1
1,12328,1
1,12332,1
1,12333,1
1,12337,1
1,12338,1
1,12342,0
1,12342,1
1,12347,1
1,12367,0
1,12372,0
1,12377,1
1,12379,0
1,12383,0
1,12393,0
1,12395,0
1,12396,1
1,12398,1
1,12401,0
1,12403,0
1,12408,0
1,12413,1
1,12415,0
1,12426,0
1,12427,1
1,12430,1
1,12431,1
1,12432,0
1,12435,1
1,12443,1
1,12448,0
1,12453,0
1,12466,1
1,12471,0
1,12471,1
1,12475,1
1,12476,0
1,12476,1
1,12480,1
1,12481,0
1,12482,0
1,12485,1
1,12487,1
1,12492,1
1,12495,1
1,12497,0
1,12500,1
1,12501,1
1,12506,0
1,12506,1
1,12508,0
1,12511,0
1,12512,1
1,12514,1
1,12520,1
1,12528,1
1,12529,0
1,12532,1
1,12533,1
1,12536,0
1,12538,0
1,12539,1
1,12541,0
1,12541,1
1,12545,0
1,12546,0
1,12550,1
1,12552,0
1,12554,0
1,12555,1
1,12558,1
1,12560,1
1,12561,1
1,12562,1
1,12563,0
1,12563,1
1,12569,1
1,12571,0
1,12572,1
1,12574,1
1,12576,0
1,12577,1
1,12578,0
1,12579,1
1,12580,0
1,12580,1
1,12581,1
1,12582,1
1,12584,0
1,12584,1
1,12586,0
1,12587,0
1,12587,1
1,12588,0
1,12590,1
1,12593,0
1,12594,0
1,12594,1
1,12595,0
1,12596,0
1,12596,1
1,12598,0
1,12599,0
1,12600,1
1,12601,0
1,12602,0
1,12603,0
1,12605,1
1,12607,0
1,12607,1
1,12608,0
1,12608,1
1,12609,0
1,12609,1
1,12610,0
1,12610,1
1,12611,1
1,12612,1
1,12614,1
1,12616,1
1,12619,0
1,12619,1
1,12621,0
1,12622,1
1,12624,1
1,12625,0
1,12626,0
1,12628,1
1,12629,1
1,12630,0
1,12630,1
1,12631,0
1,12632,0
1,12636,1
1,12637,1
1,12638,1
1,12639,1
1,12641,0
1,12643,0
1,12643,1
1,12644,0
1,12644,1
1,12645,0
1,12647,0
1,12647,1
1,12648,1
1,12651,0
1,12651,1
1,12652,0
1,12654,0
1,12655,0
1,12660,0
1,12660,1
1,12661,0
1,12661,1
1,12666,1
1,12669,0
1,12672,1
1,12674,1
1,12676,0
1,12678,1
1,12679,0
1,12679,1
1,12681,0
1,12682,1
1,12685,0
1,12686,0
1,12687,0
1,12688,0
1,12690,0
1,12691,0
1,12692,0
1,12692,1
1,12693,1
1,12694,0
1,12694,1
1,12695,0
1,12697,0
1,12698,1
1,12701,1
1,12702,0
1,12705,0
1,12707,1
1,12708,0
1,12709,0
1,12709,1
1,12713,1
1,12715,0
1,12716,0
1,12717,1
1,12719,1
1,12720,0
1,12721,1
1,12722,0
1,12724,0
1,12725,1
1,12726,0
1,12726,1
1,12728,0
1,12729,0
1,12729,1
1,12731,0
1,12732,0
1,12734,0
1,12735,1
1,12736,0
1,12737,1
1,12741,0
1,12741,1
1,12744,0
1,12745,1
1,12749,0
1,12751,1
1,12752,0
1,12752,1
1,12753,0
1,12754,0
1,12760,1
1,12764,1
1,12765,0
1,12766,1
1,12767,0
1,12768,1
1,12769,0
1,12770,0
1,12772,0
1,12772,1
1,12775,0
1,12776,0
1,12778,1
1,12780,1
1,12781,0
1,12784,0
1,12784,1
1,12785,1
1,12789,0
1,12790,0
1,12790,1
1,12791,1
1,12792,0
1,12792,1
1,12794,0
1,12795,0
1,12796,1
1,12798,0
1,12798,1
1,12799,0
1,12799,1
1,12800,1
1,12801,0
1,12804,0
1,12805,0
1,12806,1
1,12807,0
1,12808,0
1,12815,1
1,12816,1
1,12820,1
1,12825,0
1,12825,1
1,12826,1
1,12830,1
1,12831,0
1,12831,1
1,12835,0
1,12836,1
1,12842,1
1,12844,1
1,12845,0
1,12847,1
1,12848,1
1,12849,0
1,12851,0
1,12856,0
1,12858,1
1,12859,1
1,12861,0
1,12869,1
1,12871,0
1,12872,1
1,12877,0
1,12877,1
1,12879,0
1,12880,0
1,12881,1
1,12884,1
1,12885,1
1,12886,0
1,12889,0
1,12891,0
1,12891,1
1,12892,0
1,12892,1
1,12895,0
1,12901,0
1,12902,0
1,12905,0
1,12907,0
1,12908,0
1,12908,1
1,12910,1
1,12911,1
1,12912,0
1,12912,1
1,12913,1
1,12915,0
1,12918,0
1,12921,1
1,12923,1
1,12926,0
1,12928,1
1,12930,0
1,12933,1
1,12934,0
1,12934,1
1,12940,1
1,12944,1
1,12945,0
1,12945,1
1,12946,0
1,12947,1
1,12951,0
1,12957,1
1,12960,1
1,12963,0
1,12964,1
1,12967,1
1,12968,1
1,12972,1
1,12979,0
1,12983,0
1,12987,1
1,12988,0
1,12989,0
1,12991,0
1,12992,1
1,12996,0
1,12998,0
1,13001,0
1,13003,1
1,13004,0
1,13008,1
1,13012,0
1,13016,0
1,13017,0
1,13021,0
1,13022,0
1,13023,0
1,13023,1
1,13024,1
1,13029,1
1,13033,1
1,13034,0
1,13037,0
1,13039,1
1,13040,0
1,13045,0
1,13047,1
1,13051,0
1,13052,0
1,13056,0
1,13063,0
1,13064,1
1,13065,0
1,13068,1
1,13069,1
1,13074,1
1,13076,0
1,13078,0
1,13093,1
1,13094,0
1,13094,1
1,13102,1
1,13107,0
1,13116,0
1,13116,1
1,13117,1
1,13120,1
1,13121,0
1,13124,0
1,13127,1
1,13132,0
1,13137,1
1,13144,1
1,13146,1
1,13148,1
1,13149,1
1,13162,0
1,13178,0
1,13183,1
1,13191,1
1,13192,0
1,13193,0
1,13193,1
1,13198,1
1,13201,0
1,13204,1
1,13210,0
1,13225,1
1,13228,1
1,13230,1
1,13233,1
1,13267,1
1,13268,0
1,13312,0
1,13316,1
1,13321,0
1,13322,0
1,13326,1
1,13335,0
1,13351,1
1,13353,1
1,13357,1
1,13364,1
1,13386,1
1,13390,0
1,13391,1
1,13395,0
1,13400,1
1,13425,1
1,13430,1
1,13431,1
1,13439,1
1,13449,1
1,13454,1
1,13463,0
1,13470,0
1,13486,0
1,13501,0
1,13513,0
1,13526,0
1,13568,1
1,13576,1
1,13585,1
1,13603,0
1,13608,1
1,13629,1
1,13634,1
1,13655,0
1,13659,0
1,13664,1
1,13689,0
1,13694,1
1,13699,0
1,13701,0
1,13704,1
1,13709,0
1,13714,0
1,13717,0
1,13718,0
1,13719,1
1,13723,1
1,13724,1
1,13740,1
1,13745,1
1,13758,0
1,13764,1
1,13765,1
1,13767,0
1,13769,1
1,13770,0
1,13774,0
1,13776,1
1,13790,1
1,13812,1
1,13814,1
1,13817,1
1,13819,1
1,13842,1
1,13845,1
1,13847,0
1,13850,0
1,13852,0
1,13854,1
1,13855,1
1,13856,0
1,13856,1
1,13857,0
1,13859,1
1,13861,0
1,13861,1
1,13865,0
1,13866,0
1,13866,1
1,13868,1
1,13871,0
1,13873,1
1,13876,0
1,13878,0
1,13878,1
1,13880,1
1,13881,0
1,13883,1
1,13885,0
1,13887,0
1,13888,0
1,13889,0
1,13890,0
1,13895,0
1,13895,1
1,13900,1
1,13908,0
1,13910,0
1,13926,1
1,13928,1
1,13929,0
1,13931,0
1,13933,1
1,13934,1
1,13936,0
1,13941,0
1,13941,1
1,13946,0
1,13946,1
1,13951,0
1,13956,1
1,13958,0
1,13961,1
1,13962,1
1,13963,1
1,13966,0
1,13966,1
1,13968,0
1,13971,1
1,13973,0
1,13974,1
1,13979,0
1,13983,0
1,13984,1
1,13988,0
1,13993,0
1,13993,1
1,14004,1
1,14007,0
1,14011,1
1,14012,1
1,14013,0
1,14015,1
1,14028,0
1,14028,1
1,14029,1
1,14031,1
1,14055,0
1,14059,1
1,14064,0
1,14065,0
1,14070,1
1,14076,1
1,14080,0
1,14084,1
1,14088,0
1,14089,0
1,14089,1
1,14092,1
1,14093,1
1,14094,0
1,14098,0
1,14098,1
1,14102,0
1,14102,1
1,14104,1
1,14105,0
1,14107,1
1,14109,1
1,14114,1
1,14120,1
1,14123,0
1,14124,0
1,14129,1
1,14133,0
1,14135,1
1,14142,1
1,14143,0
1,14144,0
1,14148,0
1,14150,0
1,14154,0
1,14157,0
1,14157,1
1,14159,0
1,14161,0
1,14162,0
1,14162,1
1,14164,0
1,14164,1
1,14165,1
1,14166,0
1,14167,1
1,14170,0
1,14170,1
1,14172,1
1,14175,0
1,14176,1
1,14178,1
1,14181,1
1,14183,0
1,14184,0
1,14186,0
1,14194,0
1,14205,1
1,14207,0
1,14211,0
1,14212,0
1,14217,0
1,14220,1
1,14225,0
1,14227,1
1,14230,1
1,14232,0
1,14233,1
1,14235,1
1,14236,0
1,14239,0
1,14240,1
1,14243,0
1,14244,0
1,14244,1
1,14246,0
1,14247,0
1,14248,0
1,14249,1
1,14250,0
1,14250,1
1,14251,1
1,14255,1
1,14259,0
1,14263,0
1,14264,0
1,14264,1
1,14265,1
1,14267,1
1,14269,0
1,14270,1
1,14272,1
1,14278,0
1,14278,1
1,14282,0
1,14282,1
1,14283,0
1,14284,0
1,14289,0
1,14291,1
1,14294,1
1,14296,0
1,14296,1
1,14297,0
1,14298,1
1,14299,1
1,14300,1
1,14302,1
1,14304,0
1,14307,1
1,14309,0
1,14314,1
1,14321,0
1,14324,1
1,14325,1
1,14326,0
1,14327,0
1,14327,1
1,14329,0
1,14331,0
1,14332,0
1,14338,0
1,14340,1
1,14345,1
1,14346,1
1,14350,1
1,14353,0
1,14353,1
1,14355,0
1,14357,1
1,14358,1
1,14359,0
1,14360,1
1,14364,0
1,14366,0
1,14367,0
1,14369,1
1,14370,0
1,14374,0
1,14377,1
1,14378,0
1,14379,0
1,14381,1
1,14382,0
1,14387,0
1,14396,1
1,14402,0
1,14403,0
1,14404,1
1,14405,1
1,14406,1
1,14407,0
1,14411,0
1,14414,1
1,14417,1
1,14422,0
1,14422,1
1,14423,1
1,14424,0
1,14424,1
1,14427,0
1,14433,0
1,14433,1
1,14435,0
1,14437,0
1,14438,0
1,14440,1
1,14442,1
1,14443,1
1,14444,0
1,14445,0
1,14445,1
1,14447,0
1,14449,0
1,14449,1
1,14450,1
1,14452,1
1,14459,1
1,14460,1
1,14463,1
1,14464,1
1,14465,0
1,14471,1
1,14472,0
1,14474,1
1,14477,1
1,14479,0
1,14480,0
1,14485,0
1,14486,1
1,14487,1
1,14493,0
1,14496,0
1,14497,1
1,14499,0
1,14500,1
1,14502,1
1,14505,0
1,14511,1
1,14514,0
1,14522,0
1,14527,0
1,14533,0
1,14534,1
1,14537,0
1,14538,1
1,14539,0
1,14542,0
1,14543,1
1,14553,0
1,14556,1
1,14558,1
1,14562,1
1,14568,0
1,14571,1
1,14577,1
1,14582,0
1,14583,0
1,14584,1
1,14586,0
1,14586,1
1,14588,1
1,14590,0
1,14590,1
1,14593,1
1,14595,1
1,14600,1
1,14602,0
1,14602,1
1,14606,1
1,14615,0
1,14618,1
1,14624,0
1,14626,0
1,14626,1
1,14628,0
1,14631,1
1,14634,1
1,14640,0
1,14642,0
1,14648,0
1,14649,0
1,14650,1
1,14652,0
1,14655,1
1,14657,1
1,14658,1
1,14660,1
1,14662,1
1,14666,1
1,14667,1
1,14669,1
1,14670,1
1,14672,0
1,14672,1
1,14673,0
1,14673,1
1,14678,0
1,14678,1
1,14680,0
1,14687,1
1,14689,1
1,14693,0
1,14696,0
1,14698,0
1,14702,1
1,14704,1
1,14710,0
1,14711,1
1,14714,0
1,14718,0
1,14718,1
1,14724,0
1,14735,1
1,14740,1
1,14744,1
1,14748,0
1,14753,0
1,14756,0
1,14762,0
1,14769,0
1,14778,1
1,14781,1
1,14783,0
1,14785,1
1,14786,0
1,14787,1
1,14793,1
1,14797,1
1,14799,0
1,14800,0
1,14810,1
1,14814,0
1,14816,0
1,14818,0
1,14827,1
1,14830,1
1,14833,1
1,14835,0
1,14837,1
1,14844,1
1,14853,1
1,14855,1
1,14859,0
1,14860,1
1,14867,1
1,14876,1
1,14877,0
1,14879,1
1,14882,0
1,14885,1
1,14890,1
1,14892,1
1,14920,1
1,14921,0
1,14927,1
1,14940,1
1,14945,1
1,14948,0
1,14951,1
1,14952,1
1,14953,1
1,14957,0
1,14962,0
1,14971,1
1,14986,0
1,14987,1
1,14990,1
1,14996,0
1,14999,0
1,15001,0
1,15001,1
1,15008,1
1,15013,0
1,15015,0
1,15019,1
1,15021,0
1,15024,1
1,15026,0
1,15026,1
1,15034,1
1,15037,1
1,15038,0
1,15043,1
1,15061,1
1,15069,1
1,15071,0
1,15071,1
1,15077,0
1,15088,1
1,15090,1
1,15093,0
1,15110,0
1,15111,1
1,15115,0
1,15118,1
1,15120,1
1,15125,0
1,15126,1
1,15131,0
1,15131,1
1,15135,1
1,15136,0
1,15140,1
1,15141,1
1,15145,0
1,15145,1
1,15150,0
1,15150,1
1,15155,1
1,15160,1
1,15172,1
1,15174,1
1,15177,0
1,15178,1
1,15188,0
1,15189,1
1,15191,1
1,15193,0
1,15195,0
1,15205,0
1,15210,0
1,15211,1
1,15213,0
1,15213,1
1,15216,0
1,15222,0
1,15223,0
1,15226,0
1,15231,0
1,15232,1
1,15234,1
1,15237,1
1,15239,0
1,15244,0
1,15244,1
1,15247,0
1,15254,0
1,15257,1
1,15262,1
1,15267,0
1,15267,1
1,15275,0
1,15280,0
1,15280,1
1,15285,1
1,15287,0
1,15289,1
1,15292,1
1,15294,1
1,15295,1
1,15298,1
1,15299,0
1,15299,1
1,15303,0
1,15304,1
1,15308,1
1,15309,1
1,15312,0
1,15314,1
1,15318,0
1,15319,0
1,15322,1
1,15323,0
1,15324,0
1,15325,0
1,15328,1
1,15329,0
1,15329,1
1,15333,1
1,15334,0
1,15334,1
1,15335,0
1,15338,0
1,15338,1
1,15339,0
1,15339,1
1,15359,1
1,15362,0
1,15366,0
1,15367,0
1,15368,0
1,15368,1
1,15373,0
1,15375,0
1,15379,1
1,15380,1
1,15384,1
1,15387,0
1,15387,1
1,15388,0
1,15389,0
1,15391,0
1,15391,1
1,15392,0
1,15394,1
1,15396,0
1,15396,1
1,15401,0
1,15402,0
1,15403,0
1,15406,1
1,15407,1
1,15408,0
1,15412,0
1,15413,0
1,15413,1
1,15417,0
1,15418,1
1,15420,0
1,15421,1
1,15422,0
1,15422,1
1,15423,1
1,15425,0
1,15425,1
1,15426,0
1,15426,1
1,15427,1
1,15430,1
1,15431,1
1,15432,1
1,15437,0
1,15437,1
1,15456,1
1,15460,1
1,15461,1
1,15464,0
1,15465,0
1,15466,1
1,15469,0
1,15471,1
1,15474,0
1,15475,1
1,15477,0
1,15477,1
1,15480,0
1,15480,1
1,15481,0
1,15482,1
1,15484,0
1,15485,1
1,15487,0
1,15488,0
1,15490,1
1,15492,0
1,15495,1
1,15497,1
1,15500,0
1,15505,0
1,15510,0
1,15511,0
1,15512,1
1,15514,0
1,15517,0
1,15519,0
1,15521,0
1,15522,1
1,15569,0
1,15574,1
1,15579,1
1,15612,1
1,15617,1
1,15619,1
1,15622,0
1,15624,0
1,15628,1
1,15629,0
1,15629,1
1,15633,0
1,15633,1
1,15634,0
1,15638,0
1,15638,1
1,15640,1
1,15641,0
1,15645,0
1,15646,1
1,15651,1
1,15656,1
1,15661,1
1,15665,0
1,15666,0
1,15666,1
1,15671,1
1,15675,0
1,15676,0
1,15680,0
1,15681,0
1,15685,0
1,15690,0
1,15707,1
1,15712,0
1,15712,1
1,15755,0
1,15760,1
1,15878,1
1,15883,1
1,15888,0
1,15888,1
1,15892,1
1,15897,0
1,15897,1
1,15901,0
1,15902,1
1,15906,1
1,15907,1
1,15910,1
1,15912,0
1,15912,1
1,15917,1
1,15925,0
1,15930,0
1,15930,1
1,15935,0
1,15935,1
1,16032,0
1,16037,1
1,16042,1
1,16050,1
1,16055,0
1,16055,1
1,16116,1
1,16121,0
1,16126,0
1,16169,1
1,16174,0
1,16178,1
1,16182,1
1,16183,0
2,265,0
2,270,1
2,275,0
2,278,0
2,283,0
2,283,1
2,287,1
2,288,1
2,291,0
2,296,0
2,532,0
2,537,0
2,702,1
2,707,0
2,712,0
2,717,0
2,717,1
2,722,0
2,722,1
2,770,1
2,775,1
2,784,1
2,789,0
2,794,0
2,794,1
2,796,1
2,799,1
2,800,1
2,835,0
2,840,0
2,845,0
2,862,0
2,867,1
2,1028,0
2,1033,0
2,1038,0
2,1043,0
2,1048,0
2,1068,1
2,1072,1
2,1073,1
2,1077,1
2,1082,0
2,1543,1
2,1548,1
2,1553,0
2,1558,0
2,1558,1
2,1562,0
2,1566,0
2,1567,1
2,1570,1
2,1571,0
2,1571,1
2,1572,0
2,1572,1
2,1575,0
2,1577,0
2,1580,0
2,1582,0
2,1587,0
2,1592,0
2,1598,1
2,1603,0
2,1608,0
2,1613,0
2,1613,1
2,1618,0
2,1693,1
2,1697,0
2,1698,0
2,1698,1
2,1702,0
2,1702,1
2,1703,0
2,1706,1
2,1708,0
2,1708,1
2,1709,0
2,1713,1
2,1714,0
2,1719,1
2,1724,0
2,1724,1
2,1729,1
2,1734,1
2,1792,1
2,1797,0
2,1801,1
2,1802,0
2,1805,0
2,1807,0
2,1809,1
2,1812,0
2,1812,1
2,1814,0
2,1817,1
2,1821,1
2,1823,1
2,1825,1
2,1829,1
2,1846,0
2,1851,0
2,1876,0
2,1881,1
2,1883,0
2,1885,0
2,1886,0
2,1888,1
2,1890,0
2,1893,0
2,1895,0
2,1897,0
2,1907,1
2,1914,1
2,1915,0
2,1915,1
2,1918,0
2,1918,1
2,1920,0
2,1920,1
2,1923,0
2,1923,1
2,1924,1
2,1925,0
2,1929,1
2,1930,1
2,1931,0
2,1934,1
2,1935,0
2,1935,1
2,1939,0
2,1939,1
2,1940,1
2,1941,0
2,1945,1
2,1947,1
2,1952,0
2,1953,0
2,1954,0
2,1956,0
2,1957,1
2,1958,1
2,1959,0
2,1962,0
2,1963,0
2,1963,1
2,1964,0
2,1967,1
2,1968,1
2,1972,0
2,1972,1
2,1973,0
2,1977,0
2,1978,1
2,1983,0
2,1985,0
2,1987,1
2,1988,0
2,1988,1
2,1990,0
2,1992,0
2,1992,1
2,1993,1
2,1995,1
2,1997,1
2,1998,1
2,1999,1
2,2000,1
2,2001,0
2,2003,1
2,2004,1
2,2006,0
2,2008,1
2,2009,1
2,2011,1
2,2013,1
2,2015,0
2,2016,0
2,2018,1
2,2020,1
2,2022,0
2,2024,0
2,2024,1
2,2027,0
2,2029,0
2,2029,1
2,2031,1
2,2032,1
2,2036,0
2,2036,1
2,2038,1
2,2042,0
2,2045,1
2,2047,1
2,2051,1
2,2054,0
2,2055,1
2,2058,0
2,2063,1
2,2068,1
2,2069,0
2,2073,0
2,2074,1
2,2078,0
2,2078,1
2,2081,1
2,2083,0
2,2084,1
2,2085,0
2,2089,0
2,2089,1
2,2091,1
2,2094,1
2,2101,0
2,2103,0
2,2109,0
2,2110,1
2,2113,0
2,2114,0
2,2117,0
2,2117,1
2,2118,0
2,2119,0
2,2122,1
2,2124,1
2,2126,0
2,2127,1
2,2129,1
2,2131,1
2,2133,0
2,2139,1
2,2141,1
2,2142,0
2,2144,0
2,2145,1
2,2147,0
2,2152,0
2,2155,0
2,2157,1
2,2159,1
2,2166,0
2,2166,1
2,2169,0
2,2170,1
2,2171,0
2,2172,1
2,2177,1
2,2178,1
2,2182,0
2,2183,0
2,2185,1
2,2188,1
2,2189,1
2,2190,1
2,2193,1
2,2198,0
2,2199,0
2,2201,1
2,2204,1
2,2212,0
2,2212,1
2,2214,1
2,2216,1
2,2221,1
2,2225,0
2,2232,0
2,2233,0
2,2237,0
2,2239,1
2,2243,1
2,2248,1
2,2250,1
2,2265,1
2,2268,0
2,2270,1
2,2272,0
2,2273,0
2,2275,1
2,2277,1
2,2278,0
2,2283,0
2,2306,1
2,2310,1
2,2313,0
2,2317,0
2,2317,1
2,2323,1
2,2348,1
2,2365,0
2,2366,0
2,2388,0
2,2394,1
2,2408,1
2,2420,1
2,2432,1
2,2437,0
2,2441,1
2,2442,1
2,2474,1
2,2481,1
2,2513,0
2,2573,1
2,2600,0
2,2828,1
2,2833,0
2,2844,1
2,2920,0
2,3017,1
2,3157,1
2,3331,1
2,3422,1
2,3706,0
2,3792,0
2,3852,1
2,3854,0
2,3955,1
2,3960,0
2,3965,1
2,4042,0
2,4047,1
2,4103,0
2,4157,1
2,4238,0
2,4279,0
2,4323,0
2,4358,1
2,4369,1
2,4387,0
2,4420,1
2,4432,1
2,4436,0
2,4436,1
2,4447,0
2,4448,1
2,4460,0
2,4466,0
2,4470,1
2,4472,0
2,4475,0
2,4479,0
2,4480,1
2,4482,1
2,4486,1
2,4489,1
2,4492,1
2,4498,0
2,4501,1
2,4507,0
2,4512,1
2,4517,0
2,4528,0
2,4529,0
2,4533,0
2,4535,0
2,4537,0
2,4541,1
2,4545,1
2,4546,1
2,4547,0
2,4553,1
2,4555,1
2,4557,1
2,4567,0
2,4569,1
2,4571,1
2,4572,1
2,4573,1
2,4574,1
2,4575,1
2,4588,0
2,4591,1
2,4595,0
2,4596,0
2,4598,0
2,4603,0
2,4604,1
2,4607,1
2,4609,1
2,4610,0
2,4611,1
2,4617,0
2,4624,0
2,4630,1
2,4632,0
2,4633,0
2,4633,1
2,4635,1
2,4641,0
2,4641,1
2,4642,1
2,4647,0
2,4649,0
2,4650,0
2,4651,0
2,4656,0
2,4657,0
2,4658,1
2,4667,1
2,4668,1
2,4670,0
2,4673,0
2,4674,0
2,4676,1
2,4678,0
2,4680,0
2,4685,0
2,4689,0
2,4690,1
2,4700,0
2,4701,1
2,4704,0
2,4705,1
2,4707,1
2,4708,1
2,4709,0
2,4711,1
2,4712,0
2,4712,1
2,4717,1
2,4718,0
2,4718,1
2,4719,0
2,4721,0
2,4726,0
2,4727,1
2,4730,0
2,4730,1
2,4732,1
2,4736,0
2,4743,0
2,4744,0
2,4744,1
2,4745,0
2,4746,0
2,4747,0
2,4747,1
2,4750,0
2,4750,1
2,4751,0
2,4752,1
2,4753,0
2,4754,0
2,4754,1
2,4755,1
2,4756,1
2,4758,0
2,4761,0
2,4763,1
2,4765,1
2,4766,0
2,4769,1
2,4770,0
2,4770,1
2,4771,0
2,4772,0
2,4775,0
2,4775,1
2,4779,0
2,4780,1
2,4781,0
2,4783,0
2,4783,1
2,4785,1
2,4786,1
2,4788,1
2,4791,0
2,4791,1
2,4792,1
2,4793,1
2,4796,0
2,4796,1
2,4801,0
2,4802,0
2,4804,0
2,4806,1
2,4807,1
2,4808,1
2,4809,0
2,4813,0
2,4818,0
2,4821,1
2,4822,1
2,4823,0
2,4824,1
2,4826,0
2,4828,1
2,4829,1
2,4831,1
2,4833,0
2,4833,1
2,4834,1
2,4835,0
2,4837,0
2,4837,1
2,4840,0
2,4840,1
2,4842,0
2,4848,0
2,4853,1
2,4854,0
2,4857,0
2,4857,1
2,4858,0
2,4859,0
2,4862,1
2,4863,0
2,4865,0
2,4869,0
2,4869,1
2,4871,1
2,4872,1
2,4874,0
2,4875,0
2,4880,1
2,4882,0
2,4884,1
2,4887,0
2,4888,0
2,4889,1
2,4893,1
2,4895,0
2,4897,1
2,4898,0
2,4899,0
2,4899,1
2,4900,0
2,4900,1
2,4906,1
2,4907,0
2,4908,1
2,4909,0
2,4911,0
2,4912,0
2,4914,0
2,4915,0
2,4915,1
2,4916,0
2,4918,0
2,4923,0
2,4926,1
2,4928,0
2,4929,1
2,4930,1
2,4931,1
2,4932,0
2,4933,0
2,4933,1
2,4934,0
2,4935,0
2,4936,0
2,4939,1
2,4943,1
2,4947,0
2,4947,1
2,4949,1
2,4951,0
2,4952,1
2,4954,0
2,4954,1
2,4955,1
2,4957,0
2,4958,1
2,4959,0
2,4960,0
2,4960,1
2,4961,0
2,4966,1
2,4969,1
2,4970,0
2,4970,1
2,4972,0
2,4975,0
2,4975,1
2,4977,1
2,4979,1
2,4984,1
2,4985,0
2,4985,1
2,4990,1
2,4992,0
2,4993,0
2,4994,1
2,4995,0
2,4996,0
2,4999,0
2,5001,0
2,5008,1
2,5009,0
2,5010,1
2,5011,1
2,5013,0
2,5013,1
2,5014,1
2,5015,0
2,5020,1
2,5022,0
2,5022,1
2,5024,0
2,5025,0
2,5026,0
2,5039,1
2,5044,0
2,5047,0
2,5047,1
2,5049,0
2,5049,1
2,5052,0
2,5052,1
2,5053,0
2,5054,0
2,5054,1
2,5056,1
2,5058,1
2,5059,0
2,5059,1
2,5062,0
2,5063,0
2,5064,0
2,5070,1
2,5073,0
2,5073,1
2,5074,0
2,5074,1
2,5078,0
2,5080,1
2,5082,1
2,5083,0
2,5083,1
2,5084,1
2,5088,0
2,5091,1
2,5093,0
2,5094,0
2,5095,0
2,5096,1
2,5102,1
2,5103,0
2,5107,0
2,5110,1
2,5112,1
2,5115,1
2,5117,1
2,5122,1
2,5123,0
2,5126,0
2,5127,0
2,5128,0
2,5130,0
2,5131,1
2,5133,0
2,5133,1
2,5146,1
2,5153,0
2,5153,1
2,5154,0
2,5154,1
2,5155,0
2,5156,1
2,5157,0
2,5159,0
2,5159,1
2,5160,1
2,5161,1
2,5162,0
2,5164,0
2,5166,0
2,5167,0
2,5169,0
2,5172,1
2,5173,1
2,5174,0
2,5174,1
2,5176,1
2,5179,0
2,5180,0
2,5182,1
2,5183,0
2,5184,1
2,5185,1
2,5186,1
2,5187,0
2,5188,0
2,5189,1
2,5190,0
2,5191,0
2,5196,1
2,5203,0
2,5203,1
2,5210,1
2,5212,0
2,5212,1
2,5214,0
2,5223,0
2,5229,0
2,5230,0
2,5231,0
2,5233,0
2,5234,0
2,5236,1
2,5238,1
2,5240,1
2,5243,0
2,5246,1
2,5248,0
2,5249,0
2,5249,1
2,5252,1
2,5255,0
2,5256,1
2,5257,0
2,5257,1
2,5258,1
2,5265,0
2,5266,0
2,5273,1
2,5280,0
2,5280,1
2,5281,1
2,5285,1
2,5287,0
2,5290,1
2,5300,0
2,5302,0
2,5307,1
2,5313,0
2,5318,1
2,5319,1
2,5324,0
2,5324,1
2,5326,1
2,5330,1
2,5331,0
2,5335,0
2,5336,0
2,5337,0
2,5340,1
2,5342,0
2,5342,1
2,5347,0
2,5347,1
2,5349,1
2,5351,0
2,5356,0
2,5358,1
2,5361,1
2,5363,0
2,5367,0
2,5370,1
2,5377,0
2,5379,0
2,5379,1
2,5382,0
2,5386,0
2,5387,0
2,5389,1
2,5393,1
2,5396,1
2,5398,0
2,5398,1
2,5399,1
2,5400,1
2,5401,0
2,5404,0
2,5409,0
2,5414,1
2,5416,1
2,5417,1
2,5421,0
2,5421,1
2,5422,1
2,5423,0
2,5423,1
2,5426,1
2,5427,1
2,5430,0
2,5431,1
2,5432,1
2,5434,0
2,5435,0
2,5437,0
2,5439,0
2,5440,0
2,5441,0
2,5442,0
2,5443,0
2,5444,1
2,5445,0
2,5446,0
2,5446,1
2,5453,1
2,5456,0
2,5460,0
2,5463,1
2,5465,0
2,5466,0
2,5466,1
2,5468,0
2,5469,0
2,5471,1
2,5473,1
2,5479,1
2,5480,0
2,5481,0
2,5485,1
2,5494,1
2,5500,0
2,5500,1
2,5501,0
2,5503,0
2,5505,0
2,5505,1
2,5507,0
2,5508,0
2,5508,1
2,5509,1
2,5513,1
2,5514,1
2,5520,1
2,5522,0
2,5524,0
2,5524,1
2,5529,1
2,5530,0
2,5532,1
2,5536,0
2,5538,0
2,5551,1
2,5552,0
2,5552,1
2,5553,1
2,5554,0
2,5558,1
2,5570,0
2,5572,1
2,5578,0
2,5578,1
2,5579,0
2,5584,0
2,5585,0
2,5586,1
2,5592,0
2,5594,0
2,5595,1
2,5596,1
2,5597,1
2,5598,1
2,5599,0
2,5601,1
2,5603,0
2,5606,1
2,5609,1
2,5614,0
2,5619,0
2,5623,1
2,5624,0
2,5629,1
2,5635,1
2,5638,1
2,5640,0
2,5640,1
2,5641,0
2,5643,1
2,5645,0
2,5647,1
2,5648,1
2,5650,0
2,5652,0
2,5653,1
2,5654,0
2,5655,0
2,5655,1
2,5656,1
2,5657,1
2,5660,0
2,5662,0
2,5663,0
2,5667,1
2,5668,0
2,5670,0
2,5672,0
2,5676,1
2,5679,0
2,5681,0
2,5684,0
2,5694,0
2,5696,0
2,5696,1
2,5698,1
2,5700,1
2,5701,0
2,5701,1
2,5702,0
2,5703,1
2,5708,1
2,5713,1
2,5716,1
2,5724,0
2,5728,1
2,5729,1
2,5732,1
2,5733,0
2,5733,1
2,5735,1
2,5737,0
2,5738,0
2,5746,0
2,5747,1
2,5756,1
2,5757,1
2,5758,1
2,5759,1
2,5763,0
2,5764,0
2,5765,1
2,5766,0
2,5767,0
2,5770,1
2,5771,1
2,5775,1
2,5777,1
2,5782,1
2,5785,0
2,5785,1
2,5787,0
2,5789,0
2,5792,1
2,5795,0
2,5797,1
2,5799,0
2,5800,0
2,5800,1
2,5805,0
2,5806,0
2,5808,1
2,5810,0
2,5811,1
2,5816,1
2,5818,0
2,5818,1
2,5821,0
2,5822,0
2,5823,1
2,5824,0
2,5824,1
2,5825,0
2,5826,0
2,5826,1
2,5827,1
2,5830,1
2,5832,0
2,5834,1
2,5835,0
2,5835,1
2,5837,0
2,5840,0
2,5842,1
2,5844,0
2,5847,0
2,5848,1
2,5850,1
2,5854,0
2,5855,0
2,5855,1
2,5856,1
2,5861,0
2,5861,1
2,5862,0
2,5863,1
2,5864,1
2,5865,1
2,5867,0
2,5867,1
2,5869,0
2,5870,1
2,5872,1
2,5875,1
2,5876,0
2,5876,1
2,5877,0
2,5880,0
2,5881,0
2,5881,1
2,5886,1
2,5887,0
2,5891,1
2,5893,0
2,5895,1
2,5896,1
2,5898,0
2,5899,1
2,5901,1
2,5903,1
2,5904,1
2,5906,0
2,5909,0
2,5909,1
2,5910,0
2,5911,0
2,5913,0
2,5915,0
2,5919,0
2,5920,0
2,5920,1
2,5923,1
2,5928,0
2,5929,0
2,5935,0
2,5935,1
2,5936,1
2,5939,1
2,5940,0
2,5940,1
2,5941,0
2,5944,0
2,5945,0
2,5946,0
2,5946,1
2,5948,1
2,5949,0
2,5949,1
2,5951,0
2,5952,1
2,5953,0
2,5957,0
2,5958,1
2,5959,0
2,5964,0
2,5967,0
2,5967,1
2,5979,1
2,5984,0
2,5985,0
2,5985,1
2,5987,0
2,5989,1
2,5990,1
2,5992,1
2,5996,1
2,5997,0
2,5997,1
2,6001,1
2,6002,1
2,6005,0
2,6006,1
2,6011,0
2,6018,0
2,6022,1
2,6026,1
2,6029,0
2,6031,1
2,6033,1
2,6034,1
2,6036,1
2,6041,1
2,6042,1
2,6043,0
2,6043,1
2,6044,0
2,6044,1
2,6046,0
2,6048,0
2,6048,1
2,6049,0
2,6051,1
2,6054,0
2,6059,0
2,6060,0
2,6060,1
2,6065,0
2,6065,1
2,6068,0
2,6070,0
2,6070,1
2,6073,0
2,6074,1
2,6075,0
2,6077,1
2,6082,1
2,6083,1
2,6085,1
2,6086,1
2,6088,0
2,6089,0
2,6091,0
2,6093,0
2,6095,1
2,6096,0
2,6098,0
2,6101,1
2,6112,0
2,6112,1
2,6117,1
2,6121,1
2,6126,1
2,6128,1
2,6129,1
2,6131,0
2,6134,0
2,6138,0
2,6138,1
2,6139,1
2,6144,0
2,6146,1
2,6150,0
2,6155,1
2,6158,1
2,6159,1
2,6161,1
2,6162,0
2,6163,0
2,6164,1
2,6168,1
2,6169,0
2,6171,0
2,6173,0
2,6173,1
2,6176,1
2,6181,1
2,6182,1
2,6193,0
2,6194,0
2,6194,1
2,6195,1
2,6196,1
2,6198,0
2,6201,0
2,6201,1
2,6206,1
2,6209,1
2,6210,0
2,6213,1
2,6214,1
2,6218,0
2,6219,0
2,6221,1
2,6222,1
2,6223,1
2,6225,0
2,6226,0
2,6228,0
2,6228,1
2,6229,0
2,6231,1
2,6233,0
2,6235,1
2,6238,1
2,6239,1
2,6243,1
2,6247,0
2,6247,1
2,6248,1
2,6252,1
2,6253,1
2,6260,0
2,6261,1
2,6263,1
2,6270,0
2,6270,1
2,6271,0
2,6273,1
2,6276,0
2,6276,1
2,6279,1
2,6281,0
2,6281,1
2,6282,0
2,6285,0
2,6297,0
2,6298,0
2,6299,0
2,6301,0
2,6302,1
2,6303,1
2,6304,1
2,6317,0
2,6321,0
2,6321,1
2,6322,1
2,6326,1
2,6329,0
2,6330,1
2,6332,1
2,6334,0
2,6337,1
2,6349,0
2,6351,0
2,6355,0
2,6360,1
2,6366,1
2,6373,1
2,6377,1
2,6382,1
2,6383,0
2,6391,0
2,6397,1
2,6398,0
2,6410,0
2,6415,0
2,6428,1
2,6433,0
2,6435,1
2,6439,1
2,6448,1
2,6453,1
2,6457,0
2,6459,1
2,6463,1
2,6470,1
2,6473,0
2,6475,1
2,6476,0
2,6476,1
2,6478,0
2,6481,1
2,6487,0
2,6492,1
2,6494,0
2,6497,1
2,6499,0
2,6504,0
2,6509,1
2,6519,0
2,6523,1
2,6539,1
2,6550,1
2,6562,1
2,6567,1
2,6570,1
2,6572,1
2,6576,0
2,6632,0
2,6663,1
2,6664,0
2,6677,1
2,6680,1
2,6681,1
2,6683,0
2,6691,1
2,6693,0
2,6711,1
2,8016,1
2,8021,1
2,8026,0
2,8040,0
2,8045,0
2,8045,1
2,8210,1
2,8215,1
2,8379,0
2,8432,1
2,8437,0
2,8514,0
2,8559,0
2,8563,1
2,8572,1
2,8612,0
2,8704,1
2,8709,0
2,8714,0
2,8714,1
2,8760,0
2,8765,1
2,8766,0
2,8771,1
2,8775,1
2,8783,1
2,8820,0
2,8825,0
2,8830,1
2,8835,0
2,8921,1
2,8926,1
2,9010,1
2,9014,0
2,9015,0
2,9019,0
2,9020,0
2,9024,1
2,9029,0
2,9034,0
2,9034,1
2,9046,0
2,9051,1
2,9122,0
2,9126,0
2,9131,0
2,9131,1
2,9136,1
2,9191,1
2,9196,0
2,9216,1
2,9221,0
2,9252,0
2,9257,0
2,9261,0
2,9266,0
2,9270,1
2,9275,0
2,9275,1
2,9280,1
2,9284,1
2,9285,0
2,9288,1
2,9290,0
2,9293,0
2,9293,1
2,9298,0
2,9303,1
2,9353,1
2,9358,1
2,9373,0
2,9378,0
2,9378,1
2,9383,1
2,9446,0
2,9448,1
2,9451,0
2,9455,0
2,9456,0
2,9456,1
2,9457,1
2,9460,0
2,9460,1
2,9461,1
2,9462,0
2,9466,1
2,9467,1
2,9473,0
2,9476,1
2,9481,1
2,9484,1
2,9486,1
2,9489,0
2,9494,0
2,9494,1
2,9498,0
2,9499,0
2,9503,0
2,9503,1
2,9508,1
2,9513,1
2,9584,1
2,9611,1
2,9634,0
2,9662,1
2,9666,1
2,9667,0
2,9669,0
2,9672,0
2,9677,1
2,9680,0
2,9681,1
2,9686,1
2,9688,1
2,9691,0
2,9693,1
2,9702,0
2,9725,0
2,9733,1
2,9736,1
2,9738,0
2,9739,1
2,9740,1
2,9743,0
2,9745,1
2,9748,0
2,9752,0
2,9753,0
2,9754,1
2,9758,1
2,9759,0
2,9762,1
2,9763,0
2,9764,1
2,9767,1
2,9768,1
2,9769,0
2,9769,1
2,9772,0
2,9774,1
2,9777,1
2,9795,1
2,9796,1
2,9798,1
2,9801,0
2,9801,1
2,9803,0
2,9808,0
2,9809,0
2,9811,1
2,9813,0
2,9814,0
2,9819,1
2,9824,0
2,9837,0
2,9839,0
2,9840,1
2,9841,1
2,9843,0
2,9846,1
2,9848,1
2,9850,0
2,9851,0
2,9855,0
2,9867,1
2,9868,0
2,9868,1
2,9869,1
2,9871,0
2,9872,1
2,9873,0
2,9873,1
2,9874,1
2,9876,1
2,9878,1
2,9879,0
2,9880,0
2,9881,0
2,9881,1
2,9885,1
2,9886,1
2,9890,1
2,9891,0
2,9891,1
2,9895,0
2,9896,1
2,9899,0
2,9901,1
2,9903,0
2,9904,0
2,9908,0
2,9910,1
2,9913,1
2,9914,0
2,9914,1
2,9915,0
2,9918,1
2,9919,0
2,9919,1
2,9922,0
2,9924,1
2,9927,1
2,9929,0
2,9930,1
2,9932,0
2,9936,1
2,9937,0
2,9937,1
2,9938,1
2,9940,0
2,9941,0
2,9942,0
2,9942,1
2,9943,1
2,9944,0
2,9945,0
2,9949,0
2,9950,1
2,9953,0
2,9954,1
2,9955,1
2,9956,0
2,9958,1
2,9959,0
2,9960,0
2,9960,1
2,9963,0
2,9963,1
2,9964,0
2,9964,1
2,9965,0
2,9965,1
2,9967,1
2,9968,0
2,9969,1
2,9970,0
2,9970,1
2,9971,0
2,9972,0
2,9972,1
2,9973,1
2,9975,1
2,9979,1
2,9980,1
2,9982,1
2,9983,1
2,9986,0
2,9987,1
2,9988,1
2,9992,0
2,9999,1
2,10005,1
2,10007,0
2,10012,0
2,10017,1
2,10019,0
2,10020,0
2,10023,1
2,10024,1
2,10025,1
2,10027,1
2,10028,1
2,10034,1
2,10036,0
2,10037,0
2,10038,0
2,10039,1
2,10040,0
2,10041,1
2,10045,0
2,10054,1
2,10056,0
2,10057,0
2,10059,1
2,10060,0
2,10061,0
2,10061,1
2,10062,1
2,10063,0
2,10065,0
2,10066,1
2,10067,0
2,10069,0
2,10069,1
2,10070,1
2,10071,1
2,10072,0
2,10073,1
2,10074,0
2,10076,1
2,10078,0
2,10080,1
2,10081,0
2,10081,1
2,10083,0
2,10084,0
2,10084,1
2,10085,0
2,10085,1
2,10086,1
2,10087,1
2,10088,0
2,10089,1
2,10090,1
2,10092,1
2,10093,0
2,10093,1
2,10094,1
2,10095,0
2,10098,0
2,10099,0
2,10099,1
2,10101,1
2,10103,0
2,10103,1
2,10104,1
2,10106,1
2,10108,1
2,10109,0
2,10109,1
2,10113,0
2,10113,1
2,10115,0
2,10121,0
2,10123,1
2,10124,1
2,10126,1
2,10127,1
2,10129,0
2,10134,1
2,10135,1
2,10138,0
2,10139,0
2,10141,1
2,10145,0
2,10146,0
2,10150,1
2,10151,1
2,10153,1
2,10155,0
2,10156,0
2,10160,0
2,10163,0
2,10163,1
2,10165,1
2,10167,0
2,10170,1
2,10171,0
2,10171,1
2,10176,0
2,10179,1
2,10180,0
2,10181,0
2,10184,0
2,10187,1
2,10190,1
2,10193,1
2,10195,0
2,10196,0
2,10198,0
2,10201,0
2,10207,0
2,10208,1
2,10209,1
2,10210,1
2,10212,0
2,10215,1
2,10217,0
2,10220,0
2,10220,1
2,10221,0
2,10225,0
2,10225,1
2,10226,0
2,10229,1
2,10234,1
2,10235,1
2,10239,1
2,10241,0
2,10246,0
2,10248,0
2,10248,1
2,10251,0
2,10253,0
2,10254,0
2,10256,0
2,10256,1
2,10258,0
2,10259,1
2,10260,1
2,10263,1
2,10264,0
2,10266,1
2,10267,0
2,10268,1
2,10271,1
2,10272,0
2,10273,1
2,10274,0
2,10274,1
2,10276,0
2,10280,1
2,10281,1
2,10283,0
2,10284,0
2,10285,0
2,10286,0
2,10288,1
2,10291,1
2,10292,0
2,10294,1
2,10295,0
2,10296,0
2,10299,1
2,10300,1
2,10301,1
2,10305,1
2,10309,1
2,10310,0
2,10315,0
2,10317,1
2,10320,0
2,10323,0
2,10323,1
2,10325,1
2,10328,1
2,10329,1
2,10331,0
2,10332,0
2,10333,1
2,10334,0
2,10335,0
2,10337,1
2,10341,0
2,10346,0
2,10346,1
2,10347,0
2,10347,1
2,10348,0
2,10350,1
2,10351,1
2,10353,0
2,10354,0
2,10355,1
2,10357,0
2,10358,0
2,10359,1
2,10360,0
2,10361,0
2,10362,1
2,10363,0
2,10365,0
2,10368,1
2,10370,0
2,10373,0
2,10373,1
2,10374,0
2,10376,1
2,10379,0
2,10380,0
2,10382,1
2,10383,1
2,10384,0
2,10384,1
2,10385,1
2,10388,0
2,10389,1
2,10390,1
2,10391,0
2,10392,0
2,10394,1
2,10397,1
2,10401,1
2,10403,0
2,10408,0
2,10410,0
2,10414,0
2,10416,1
2,10418,0
2,10420,1
2,10421,1
2,10427,0
2,10427,1
2,10429,0
2,10432,0
2,10434,1
2,10435,0
2,10435,1
2,10439,1
2,10441,1
2,10444,0
2,10445,0
2,10446,1
2,10451,1
2,10452,1
2,10457,0
2,10461,1
2,10466,0
2,10470,1
2,10471,0
2,10474,1
2,10475,0
2,10479,0
2,10480,1
2,10482,0
2,10484,1
2,10485,0
2,10486,1
2,10488,0
2,10489,0
2,10490,1
2,10496,0
2,10518,0
2,10519,0
2,10524,1
2,10530,0
2,10534,1
2,10535,1
2,10538,1
2,10549,1
2,10556,1
2,10558,0
2,10558,1
2,10560,0
2,10562,0
2,10563,1
2,10570,1
2,10578,0
2,10579,0
2,10583,1
2,10590,1
2,10591,1
2,10597,0
2,10598,1
2,10600,1
2,10624,1
2,10646,1
2,10674,0
2,10796,0
2,10799,0
2,10805,0
2,10879,1
2,10925,0
2,10930,1
2,10935,1
2,10986,1
2,10991,0
2,10996,1
2,11013,1
2,11015,0
2,11017,1
2,11020,1
2,11023,0
2,11025,1
2,11028,1
2,11033,1
2,11034,1
2,11035,1
2,11038,0
2,11040,1
2,11043,0
2,11045,1
2,11050,1
2,11051,0
2,11069,0
2,11074,1
2,11076,1
2,11081,0
2,11086,1
2,11091,1
2,11092,0
2,11096,1
2,11097,1
2,11101,0
2,11102,1
2,11106,1
2,11117,0
2,11118,1
2,11122,1
2,11123,1
2,11128,0
2,11133,1
2,11138,1
2,11255,0
2,11260,0
2,11274,0
2,11328,0
2,11356,0
2,11357,1
2,11359,0
2,11361,1
2,11364,0
2,11365,0
2,11366,0
2,11366,1
2,11370,0
2,11370,1
2,11371,1
2,11375,1
2,11376,1
2,11380,0
2,11385,0
2,11386,0
2,11391,1
2,11396,0
2,11401,0
2,11491,0
2,11496,0
2,11501,1
2,11506,0
2,11530,1
2,11531,1
2,11534,1
2,11535,1
2,11536,1
2,11539,1
2,11540,1
2,11541,1
2,11544,1
2,11546,0
2,11546,1
2,11549,1
2,11551,0
2,11554,0
2,11554,1
2,11556,0
2,11556,1
2,11561,1
2,11563,1
2,11567,1
2,11568,0
2,11569,0
2,11572,0
2,11572,1
2,11574,0
2,11574,1
2,11575,1
2,11578,0
2,11578,1
2,11579,0
2,11580,1
2,11583,0
2,11584,0
2,11585,0
2,11586,1
2,11587,1
2,11589,1
2,11590,1
2,11592,0
2,11594,1
2,11595,0
2,11598,1
2,11599,1
2,11603,0
2,11608,1
2,11632,1
2,11633,0
2,11637,1
2,11638,0
2,11642,0
2,11647,0
2,11652,0
2,11655,0
2,11657,0
2,11660,0
2,11662,0
2,11665,0
2,11667,0
2,11670,0
2,11672,1
2,11673,0
2,11674,0
2,11675,0
2,11677,1
2,11678,1
2,11679,0
2,11679,1
2,11689,0
2,11694,0
2,11699,1
2,11704,0
2,11710,0
2,11711,1
2,11715,0
2,11716,0
2,11716,1
2,11718,0
2,11720,0
2,11720,1
2,11721,0
2,11721,1
2,11723,1
2,11725,0
2,11726,0
2,11728,1
2,11736,1
2,11741,0
2,11741,1
2,11749,0
2,11752,0
2,11754,1
2,11756,0
2,11757,0
2,11761,0
2,11771,0
2,11777,0
2,11779,1
2,11781,1
2,11782,0
2,11782,1
2,11784,0
2,11786,1
2,11787,0
2,11791,0
2,11796,1
2,11801,0
2,11801,1
2,11806,0
2,11806,1
2,11811,1
2,11816,0
2,11816,1
2,11821,1
2,11825,0
2,11830,0
2,11832,0
2,11835,1
2,11837,0
2,11838,0
2,11842,1
2,11843,0
2,11845,0
2,11850,0
2,11867,0
2,11870,1
2,11872,0
2,11872,1
2,11875,1
2,11877,1
2,11882,0
2,11885,1
2,11887,0
2,11890,1
2,11892,0
2,11892,1
2,11897,0
2,11897,1
2,11900,1
2,11902,0
2,11905,0
2,11906,1
2,11911,1
2,11916,1
2,11921,1
2,11926,1
2,11930,0
2,11935,0
2,11946,0
2,11947,0
2,11949,0
2,11951,0
2,11952,0
2,11952,1
2,11954,0
2,11954,1
2,11957,1
2,11962,1
2,11973,1
2,11977,1
2,11978,0
2,11978,1
2,11979,0
2,11983,1
2,11987,0
2,11991,0
2,11992,0
2,11992,1
2,11996,0
2,11997,0
2,11997,1
2,12001,1
2,12002,0
2,12004,1
2,12010,0
2,12025,0
2,12030,0
2,12041,0
2,12045,1
2,12046,1
2,12050,0
2,12055,0
2,12068,0
2,12073,0
2,12103,1
2,12104,0
2,12107,0
2,12109,0
2,12111,0
2,12112,1
2,12114,1
2,12117,0
2,12122,0
2,12135,1
2,12140,1
2,12150,0
2,12156,0
2,12160,0
2,12165,0
2,12173,0
2,12173,1
2,12177,0
2,12178,1
2,12180,0
2,12182,1
2,12185,1
2,12187,1
2,12191,1
2,12200,0
2,12205,0
2,12219,1
2,12224,0
2,12229,1
2,12230,0
2,12235,0
2,12257,1
2,12299,0
2,12304,1
2,12339,0
2,12577,0
2,12831,0
2,13336,0
2,13345,0
2,13370,1
2,13376,0
2,13445,1
2,13457,1
2,13502,0
2,13581,0
2,13804,1
2,13809,0
2,13880,0
2,13902,1
2,13904,0
2,13913,0
2,13928,1
2,13949,1
2,13968,1
2,13990,1
2,13998,1
2,14005,1
2,14025,0
2,14027,0
2,14031,0
2,14034,0
2,14037,0
2,14045,0
2,14049,0
2,14076,1
2,14077,1
2,14091,1
2,14095,1
2,14104,1
2,14121,1
2,14122,0
2,14133,1
2,14158,0
2,14176,0
2,14180,0
2,14192,0
2,14201,1
2,14207,1
2,14211,0
2,14212,0
2,14215,0
2,14216,1
2,14220,0
2,14224,0
2,14226,1
2,14227,0
2,14232,0
2,14233,0
2,14235,1
2,14236,0
2,14247,0
2,14248,0
2,14251,0
2,14256,1
2,14261,0
2,14266,1
2,14271,1
2,14272,1
2,14274,1
2,14278,1
2,14279,0
2,14279,1
2,14282,0
2,14286,0
2,14287,0
2,14291,0
2,14292,1
2,14293,0
2,14294,0
2,14295,1
2,14298,1
2,14299,1
2,14302,1
2,14311,0
2,14313,0
2,14314,0
2,14317,1
2,14319,0
2,14321,1
2,14323,1
2,14324,1
2,14326,0
2,14328,1
2,14331,1
2,14340,1
2,14344,0
2,14344,1
2,14346,1
2,14350,1
2,14355,1
2,14356,0
2,14356,1
2,14359,1
2,14361,1
2,14365,1
2,14367,0
2,14369,0
2,14381,1
2,14385,0
2,14386,1
2,14387,0
2,14390,1
2,14393,0
2,14395,1
2,14397,1
2,14398,0
2,14404,1
2,14406,1
2,14407,0
2,14408,0
2,14412,1
2,14413,0
2,14419,0
2,14420,1
2,14422,0
2,14425,0
2,14428,0
2,14429,1
2,14432,1
2,14433,1
2,14449,1
2,14451,1
2,14454,1
2,14456,0
2,14458,1
2,14459,1
2,14460,0
2,14463,0
2,14466,0
2,14467,1
2,14468,0
2,14471,0
2,14471,1
2,14474,0
2,14474,1
2,14475,0
2,14477,1
2,14478,0
2,14479,1
2,14480,0
2,14481,1
2,14482,1
2,14483,0
2,14485,1
2,14486,0
2,14486,1
2,14488,0
2,14488,1
2,14490,0
2,14490,1
2,14492,0
2,14492,1
2,14494,1
2,14495,0
2,14498,0
2,14498,1
2,14506,0
2,14512,0
2,14512,1
2,14513,1
2,14514,1
2,14516,0
2,14516,1
2,14517,1
2,14520,0
2,14521,0
2,14522,1
2,14524,1
2,14525,0
2,14527,0
2,14528,0
2,14531,0
2,14532,0
2,14532,1
2,14534,1
2,14535,1
2,14541,0
2,14542,0
2,14542,1
2,14544,1
2,14546,1
2,14548,0
2,14548,1
2,14550,1
2,14551,0
2,14553,1
2,14554,0
2,14555,0
2,14557,0
2,14559,0
2,14560,0
2,14564,0
2,14571,0
2,14571,1
2,14572,0
2,14573,0
2,14578,0
2,14582,0
2,14583,1
2,14584,0
2,14591,0
2,14591,1
2,14593,0
2,14596,0
2,14596,1
2,14600,0
2,14605,0
2,14608,1
2,14610,0
2,14611,0
2,14612,1
2,14619,0
2,14620,0
2,14620,1
2,14622,1
2,14623,1
2,14624,0
2,14626,1
2,14628,1
2,14634,0
2,14634,1
2,14635,1
2,14639,0
2,14640,0
2,14640,1
2,14645,1
2,14656,1
2,14657,1
2,14659,1
2,14662,1
2,14665,0
2,14670,0
2,14671,1
2,14672,0
2,14684,0
2,14684,1
2,14689,0
2,14691,0
2,14692,1
2,14694,0
2,14695,0
2,14699,0
2,14700,0
2,14701,1
2,14703,0
2,14704,1
2,14705,0
2,14705,1
2,14709,1
2,14710,0
2,14712,1
2,14716,1
2,14724,0
2,14727,0
2,14727,1
2,14730,1
2,14736,1
2,14738,0
2,14738,1
2,14739,0
2,14742,1
2,14746,1
2,14747,0
2,14754,1
2,14755,0
2,14756,1
2,14757,0
2,14761,0
2,14763,0
2,14764,0
2,14765,1
2,14769,0
2,14770,0
2,14771,0
2,14771,1
2,14772,0
2,14776,0
2,14780,1
2,14783,0
2,14784,0
2,14784,1
2,14785,1
2,14786,0
2,14786,1
2,14787,0
2,14790,0
2,14792,0
2,14792,1
2,14795,1
2,14797,1
2,14798,0
2,14801,1
2,14806,0
2,14806,1
2,14810,1
2,14815,0
2,14815,1
2,14816,1
2,14817,1
2,14819,0
2,14822,0
2,14827,0
2,14832,0
2,14835,0
2,14835,1
2,14836,0
2,14836,1
2,14837,0
2,14840,0
2,14841,0
2,14842,0
2,14849,0
2,14850,0
2,14851,0
2,14853,1
2,14854,0
2,14854,1
2,14857,1
2,14858,1
2,14860,1
2,14862,1
2,14864,1
2,14865,0
2,14866,0
2,14868,0
2,14872,0
2,14875,1
2,14876,1
2,14877,1
2,14880,0
2,14884,1
2,14886,1
2,14891,0
2,14892,0
2,14900,0
2,14902,0
2,14903,0
2,14904,0
2,14905,0
2,14908,0
2,14909,0
2,14910,0
2,14913,0
2,14914,0
2,14915,0
2,14920,0
2,14921,1
2,14926,1
2,14928,0
2,14933,0
2,14935,1
2,14941,1
2,14942,0
2,14946,1
2,14949,1
2,14955,1
2,14965,0
2,14970,0
2,14971,0
2,14973,0
2,14975,0
2,14977,1
2,14978,1
2,14986,1
2,14988,0
2,14990,0
2,14993,0
2,14995,1
2,14997,0
2,15001,1
2,15002,1
2,15004,0
2,15017,0
2,15017,1
2,15019,0
2,15022,0
2,15022,1
2,15023,0
2,15027,1
2,15030,0
2,15031,0
2,15033,1
2,15039,0
2,15041,1
2,15044,0
2,15045,1
2,15056,0
2,15057,0
2,15071,1
2,15075,0
2,15076,0
2,15076,1
2,15079,0
2,15081,0
2,15084,1
2,15086,0
2,15088,0
2,15091,0
2,15097,0
2,15106,0
2,15107,0
2,15107,1
2,15113,0
2,15129,1
2,15132,0
2,15133,0
2,15134,0
2,15134,1
2,15137,0
2,15138,0
2,15143,1
2,15147,0
2,15147,1
2,15152,1
2,15154,0
2,15161,0
2,15165,0
2,15165,1
2,15168,0
2,15171,1
2,15176,0
2,15180,0
2,15187,1
2,15192,0
2,15200,1
2,15201,1
2,15205,0
2,15207,1
2,15213,1
2,15215,0
2,15221,0
2,15223,1
2,15230,0
2,15233,0
2,15235,1
2,15253,1
2,15258,0
2,15260,1
2,15272,0
2,15281,0
2,15292,0
2,15303,0
2,15345,0
2,15364,0
2,15378,0
2,15381,0
2,15383,1
2,15387,0
2,15391,0
2,15407,1
2,15420,0
2,15421,0
2,15424,0
2,15426,1
2,15439,1
2,15444,0
2,15448,0
2,15462,0
2,15469,0
2,15480,0
2,15485,0
2,15494,1
2,15499,0
2,15625,0
2,15628,1
2,16133,0
2,16376,0
2,16377,1
2,16382,0
2,16382,1
3,29,0
3,55,0
3,70,1
3,79,0
3,82,1
3,84,1
3,94,1
3,123,1
3,128,0
3,133,1
3,138,0
3,143,1
3,144,0
3,148,0
3,149,1
3,153,0
3,154,1
3,158,0
3,159,0
3,159,1
3,164,0
3,174,1
3,188,0
3,192,1
3,193,0
3,193,1
3,195,0
3,197,0
3,198,1
3,200,0
3,203,0
3,207,0
3,212,0
3,212,1
3,217,0
3,218,1
3,227,0
3,229,0
3,230,1
3,231,0
3,232,0
3,232,1
3,234,1
3,236,1
3,237,0
3,238,0
3,240,0
3,242,1
3,243,0
3,247,1
3,248,1
3,252,0
3,252,1
3,259,0
3,260,1
3,264,0
3,264,1
3,265,0
3,265,1
3,266,1
3,268,1
3,271,1
3,273,0
3,275,1
3,277,1
3,282,1
3,286,0
3,287,0
3,287,1
3,291,0
3,292,0
3,292,1
3,293,0
3,295,1
3,296,0
3,296,1
3,298,0
3,300,0
3,303,1
3,307,1
3,308,0
3,314,0
3,316,0
3,316,1
3,317,0
3,318,1
3,319,0
3,319,1
3,322,1
3,323,1
3,324,0
3,328,1
3,329,1
3,334,0
3,334,1
3,336,0
3,338,0
3,339,0
3,340,1
3,341,1
3,343,0
3,345,1
3,346,0
3,351,0
3,351,1
3,353,1
3,354,0
3,354,1
3,357,1
3,362,0
3,363,0
3,366,0
3,367,1
3,370,1
3,371,0
3,372,0
3,372,1
3,373,1
3,376,1
3,378,0
3,380,0
3,380,1
3,381,0
3,384,1
3,385,1
3,389,1
3,390,0
3,391,1
3,392,1
3,396,1
3,397,1
3,398,1
3,401,1
3,402,0
3,403,0
3,403,1
3,405,0
3,408,1
3,409,1
3,410,0
3,410,1
3,411,0
3,413,1
3,414,0
3,414,1
3,415,1
3,416,1
3,417,1
3,418,0
3,419,1
3,420,0
3,420,1
3,422,0
3,422,1
3,424,0
3,424,1
3,425,0
3,426,1
3,429,0
3,430,0
3,432,0
3,433,1
3,435,0
3,435,1
3,438,0
3,438,1
3,440,0
3,442,1
3,443,1
3,444,1
3,446,0
3,449,0
3,449,1
3,454,0
3,458,1
3,459,1
3,463,1
3,464,0
3,467,0
3,467,1
3,473,1
3,477,0
3,478,0
3,479,0
3,479,1
3,480,1
3,483,1
3,484,0
3,484,1
3,485,0
3,485,1
3,487,1
3,488,0
3,492,1
3,494,0
3,496,1
3,508,0
3,509,0
3,509,1
3,511,0
3,511,1
3,512,0
3,514,0
3,517,1
3,520,0
3,520,1
3,521,0
3,525,1
3,526,1
3,527,0
3,529,0
3,529,1
3,531,1
3,532,1
3,534,1
3,535,1
3,538,1
3,543,0
3,545,1
3,546,1
3,547,1
3,548,1
3,551,0
3,551,1
3,554,0
3,556,0
3,556,1
3,558,0
3,558,1
3,561,0
3,561,1
3,562,0
3,564,0
3,566,0
3,567,0
3,571,1
3,574,1
3,578,1
3,579,0
3,580,0
3,581,0
3,583,0
3,583,1
3,584,0
3,585,0
3,586,1
3,588,1
3,589,0
3,590,0
3,591,0
3,591,1
3,593,0
3,593,1
3,596,1
3,597,0
3,600,1
3,601,1
3,602,1
3,605,1
3,607,1
3,610,1
3,612,0
3,612,1
3,613,1
3,615,0
3,615,1
3,616,1
3,617,0
3,617,1
3,618,0
3,618,1
3,619,0
3,620,1
3,621,1
3,622,0
3,622,1
3,623,0
3,624,0
3,626,1
3,627,0
3,628,0
3,628,1
3,629,0
3,630,1
3,631,1
3,632,0
3,633,0
3,635,1
3,636,0
3,636,1
3,637,0
3,638,1
3,639,0
3,641,0
3,643,1
3,644,0
3,644,1
3,645,1
3,646,1
3,647,0
3,647,1
3,652,0
3,659,0
3,663,0
3,664,1
3,669,1
3,670,1
3,672,0
3,674,1
3,676,0
3,678,0
3,680,1
3,682,0
3,685,0
3,685,1
3,686,1
3,690,1
3,691,0
3,692,0
3,693,0
3,697,1
3,698,0
3,699,0
3,700,1
3,703,0
3,703,1
3,704,0
3,707,0
3,708,0
3,709,0
3,709,1
3,712,1
3,713,0
3,714,1
3,715,1
3,717,1
3,718,1
3,719,0
3,722,0
3,723,0
3,723,1
3,724,0
3,725,1
3,728,0
3,728,1
3,730,0
3,732,1
3,733,0
3,734,0
3,736,0
3,737,0
3,738,0
3,739,0
3,739,1
3,740,1
3,743,0
3,743,1
3,746,0
3,746,1
3,748,0
3,751,0
3,752,0
3,754,0
3,757,0
3,758,1
3,759,0
3,759,1
3,761,1
3,762,0
3,762,1
3,764,0
3,766,0
3,766,1
3,767,1
3,768,0
3,769,0
3,770,0
3,774,1
3,775,0
3,778,1
3,783,0
3,784,0
3,785,1
3,790,1
3,794,0
3,799,0
3,800,0
3,803,0
3,805,0
3,806,0
3,807,1
3,808,0
3,810,1
3,811,0
3,812,0
3,812,1
3,816,0
3,821,1
3,822,1
3,827,0
3,833,1
3,838,0
3,838,1
3,839,0
3,840,0
3,841,0
3,842,0
3,843,1
3,846,1
3,851,0
3,851,1
3,853,0
3,855,0
3,858,0
3,859,0
3,862,0
3,863,1
3,874,0
3,879,0
3,883,0
3,883,1
3,884,0
3,884,1
3,887,0
3,888,0
3,892,0
3,896,1
3,901,0
3,905,0
3,918,1
3,925,1
3,930,1
3,934,1
3,935,0
3,939,1
3,940,1
3,941,1
3,944,1
3,945,1
3,948,1
3,953,0
3,961,0
3,962,0
3,962,1
3,963,1
3,966,1
3,969,0
3,971,0
3,971,1
3,977,1
3,987,1
3,1010,0
3,1014,0
3,1017,0
3,1019,1
3,1022,0
3,1024,0
3,1031,1
3,1032,0
3,1034,0
3,1035,0
3,1036,0
3,1038,0
3,1040,1
3,1041,0
3,1045,0
3,1045,1
3,1046,1
3,1050,0
3,1051,0
3,1057,0
3,1057,1
3,1060,0
3,1062,0
3,1084,0
3,1090,1
3,1091,0
3,1094,1
3,1099,1
3,1103,0
3,1106,1
3,1107,1
3,1109,0
3,1112,0
3,1116,0
3,1117,1
3,1121,0
3,1122,1
3,1127,0
3,1145,0
3,1157,1
3,1170,1
3,1173,0
3,1174,1
3,1179,0
3,1184,0
3,1184,1
3,1198,0
3,1203,0
3,1208,0
3,1213,0
3,1221,0
3,1226,0
3,1246,0
3,1259,0
3,1281,1
3,1284,0
3,1288,1
3,1291,0
3,1295,1
3,1297,1
3,1300,1
3,1302,1
3,1305,1
3,1307,1
3,1310,1
3,1312,1
3,1315,0
3,1316,0
3,1317,0
3,1320,0
3,1321,1
3,1322,0
3,1325,1
3,1336,0
3,1343,1
3,1345,1
3,1362,1
3,1379,1
3,1390,0
3,1390,1
3,1395,0
3,1400,1
3,1408,1
3,1410,0
3,1413,1
3,1414,0
3,1420,1
3,1425,1
3,1437,1
3,1442,1
3,1443,0
3,1447,1
3,1448,1
3,1449,0
3,1450,1
3,1453,1
3,1456,1
3,1458,1
3,1462,1
3,1463,0
3,1463,1
3,1467,0
3,1468,0
3,1472,1
3,1477,0
3,1477,1
3,1480,0
3,1480,1
3,1485,0
3,1511,1
3,1516,0
3,1516,1
3,1552,1
3,1555,0
3,1574,0
3,1578,1
3,1636,1
3,1643,0
3,1664,0
3,1669,0
3,1674,0
3,1681,0
3,1686,1
3,1691,1
3,1699,1
3,1703,1
3,1704,1
3,1717,1
3,1734,1
3,1739,1
3,1744,0
3,1748,1
3,1758,0
3,1763,1
3,1768,0
3,1772,1
3,1834,1
3,1840,0
3,1845,1
3,1861,1
3,1910,1
3,1913,1
3,1915,0
3,1918,0
3,1920,1
3,1921,1
3,1922,0
3,1923,0
3,1927,1
3,1953,1
3,1956,0
3,1959,0
3,1961,0
3,1963,0
3,1964,1
3,1966,1
3,1971,1
3,1974,0
3,1979,1
3,1987,0
3,1988,1
3,1992,1
3,1996,0
3,1997,1
3,1998,1
3,2001,0
3,2006,1
3,2010,1
3,2020,1
3,2023,1
3,2025,0
3,2025,1
3,2029,1
3,2031,0
3,2034,1
3,2042,0
3,2056,1
3,2058,1
3,2060,1
3,2062,1
3,2066,1
3,2067,0
3,2072,1
3,2073,0
3,2077,1
3,2078,1
3,2079,1
3,2081,0
3,2082,0
3,2083,0
3,2085,0
3,2086,0
3,2088,0
3,2091,1
3,2092,0
3,2094,1
3,2096,0
3,2096,1
3,2097,0
3,2101,0
3,2102,0
3,2107,0
3,2107,1
3,2109,0
3,2112,0
3,2114,0
3,2116,1
3,2117,0
3,2119,0
3,2123,1
3,2124,1
3,2128,0
3,2129,1
3,2133,1
3,2134,0
3,2144,1
3,2149,1
3,2158,1
3,2161,0
3,2162,0
3,2164,0
3,2165,0
3,2168,1
3,2170,1
3,2171,1
3,2178,1
3,2183,0
3,2188,0
3,2191,0
3,2191,1
3,2196,1
3,2197,1
3,2198,0
3,2206,0
3,2209,0
3,2210,0
3,2211,1
3,2212,0
3,2213,0
3,2216,0
3,2216,1
3,2217,0
3,2217,1
3,2218,1
3,2219,1
3,2220,0
3,2222,1
3,2223,1
3,2225,1
3,2232,1
3,2234,0
3,2234,1
3,2237,0
3,2248,0
3,2251,0
3,2252,0
3,2256,1
3,2260,1
3,2265,0
3,2271,0
3,2274,0
3,2274,1
3,2275,1
3,2280,1
3,2281,0
3,2285,1
3,2289,1
3,2290,0
3,2297,0
3,2297,1
3,2302,0
3,2302,1
3,2304,0
3,2307,1
3,2310,0
3,2310,1
3,2312,0
3,2315,0
3,2315,1
3,2316,1
3,2318,1
3,2321,1
3,2322,1
3,2326,1
3,2331,1
3,2332,0
3,2333,0
3,2338,1
3,2339,0
3,2339,1
3,2350,0
3,2350,1
3,2355,0
3,2356,0
3,2359,0
3,2359,1
3,2360,0
3,2362,1
3,2366,1
3,2369,0
3,2373,0
3,2377,0
3,2380,0
3,2382,1
3,2384,0
3,2385,0
3,2387,1
3,2389,0
3,2390,0
3,2391,0
3,2393,1
3,2394,0
3,2394,1
3,2398,0
3,2400,1
3,2403,0
3,2404,0
3,2405,1
3,2410,0
3,2411,0
3,2415,0
3,2415,1
3,2419,1
3,2420,0
3,2426,1
3,2429,1
3,2431,0
3,2448,1
3,2453,0
3,2458,0
3,2461,1
3,2467,0
3,2468,0
3,2473,0
3,2475,0
3,2483,1
3,2484,1
3,2485,1
3,2486,1
3,2488,0
3,2490,0
3,2490,1
3,2491,0
3,2495,1
3,2496,1
3,2499,0
3,2501,1
3,2506,0
3,2506,1
3,2509,0
3,2514,0
3,2516,1
3,2521,0
3,2528,1
3,2534,0
3,2537,1
3,2549,0
3,2559,1
3,2560,0
3,2565,0
3,2567,1
3,2568,0
3,2568,1
3,2570,1
3,2571,0
3,2572,0
3,2576,0
3,2583,0
3,2592,0
3,2597,0
3,2602,0
3,2608,1
3,2609,1
3,2613,1
3,2614,1
3,2618,0
3,2624,0
3,2628,1
3,2629,0
3,2630,1
3,2633,0
3,2637,1
3,2638,1
3,2645,0
3,2658,0
3,2664,1
3,2665,1
3,2666,1
3,2669,0
3,2671,1
3,2678,0
3,2680,1
3,2681,1
3,2686,1
3,2691,1
3,2692,0
3,2697,0
3,2707,0
3,2708,0
3,2712,1
3,2727,1
3,2732,0
3,2745,0
3,2750,0
3,2752,0
3,2755,1
3,2757,1
3,2769,0
3,2774,0
3,2774,1
3,2778,0
3,2785,1
3,2791,1
3,2793,1
3,2794,0
3,2799,1
3,2802,1
3,2806,0
3,2815,0
3,2816,0
3,2818,0
3,2829,1
3,2839,1
3,2842,1
3,2847,1
3,2849,1
3,2852,1
3,2854,1
3,2857,0
3,2857,1
3,2859,0
3,2864,0
3,2864,1
3,2869,1
3,2874,1
3,2879,0
3,2904,0
3,2914,1
3,2916,0
3,2928,1
3,2930,1
3,2933,0
3,2946,1
3,2954,1
3,2957,0
3,2961,1
3,2970,1
3,2974,1
3,2979,0
3,2979,1
3,3001,0
3,3017,0
3,3032,0
3,3043,1
3,3057,1
3,3067,0
3,3080,0
3,3082,1
3,3087,1
3,3089,1
3,3090,1
3,3092,0
3,3094,1
3,3095,1
3,3098,0
3,3099,1
3,3100,1
3,3101,0
3,3103,0
3,3104,1
3,3106,1
3,3108,0
3,3109,1
3,3111,1
3,3112,1
3,3124,1
3,3128,0
3,3147,1
3,3149,1
3,3158,0
3,3159,0
3,3159,1
3,3160,0
3,3163,0
3,3165,1
3,3173,0
3,3178,1
3,3189,0
3,3195,1
3,3196,0
3,3209,0
3,3210,0
3,3219,1
3,3224,1
3,3230,1
3,3234,0
3,3239,1
3,3257,1
3,3263,0
3,3268,0
3,3273,1
3,3275,0
3,3280,1
3,3286,0
3,3292,1
3,3293,1
3,3296,0
3,3298,0
3,3300,0
3,3318,0
3,3325,1
3,3332,0
3,3336,0
3,3347,1
3,3352,1
3,3377,1
3,3407,0
3,3408,0
3,3456,1
3,3590,1
3,4591,1
3,4596,1
3,4618,0
3,4654,0
3,4722,1
3,4815,0
3,4820,0
3,4859,0
3,4912,1
3,4917,1
3,4923,0
3,4928,1
3,4963,0
3,4968,0
3,4991,0
3,4991,1
3,4996,0
3,5009,0
3,5021,0
3,5026,0
3,5031,1
3,5052,0
3,5057,0
3,5077,1
3,5082,0
3,5157,0
3,5162,1
3,5164,1
3,5167,1
3,5169,1
3,5172,1
3,5174,0
3,5177,1
3,5232,1
3,5237,1
3,5377,1
3,5382,1
3,5383,1
3,5388,1
3,5393,0
3,5398,0
3,5398,1
3,5403,0
3,5415,1
3,5420,1
3,5463,0
3,5468,0
3,5473,1
3,5478,1
3,5483,0
3,5487,1
3,5488,1
3,5496,0
3,5501,1
3,5506,1
3,5531,1
3,5536,0
3,5541,0
3,5565,0
3,5570,0
3,5601,1
3,5602,1
3,5606,1
3,5607,0
3,5608,0
3,5612,0
3,5613,1
3,5617,1
3,5618,1
3,5623,0
3,5636,1
3,5638,0
3,5643,1
3,5666,1
3,5671,0
3,5671,1
3,5673,1
3,5680,1
3,5690,0
3,5695,0
3,5700,0
3,5730,1
3,5731,0
3,5733,0
3,5736,0
3,5738,1
3,5739,1
3,5744,1
3,5746,1
3,5749,0
3,5749,1
3,5754,0
3,5780,0
3,5785,1
3,5802,0
3,5807,0
3,5815,1
3,5820,0
3,5825,1
3,5829,0
3,5848,0
3,5853,0
3,5853,1
3,5857,1
3,5862,1
3,5867,0
3,5872,1
3,5877,0
3,5882,1
3,5885,1
3,5893,0
3,5894,1
3,5895,0
3,5895,1
3,5896,1
3,5898,1
3,5899,0
3,5900,1
3,5901,1
3,5904,0
3,5904,1
3,5913,0
3,5931,0
3,5934,1
3,5939,0
3,5950,0
3,5953,1
3,5956,0
3,5958,0
3,5959,1
3,5963,0
3,5964,1
3,5965,0
3,5966,0
3,5969,1
3,5972,1
3,5973,1
3,5974,0
3,5977,0
3,5978,0
3,5978,1
3,5979,0
3,5980,0
3,5982,0
3,5982,1
3,5983,1
3,5984,0
3,5984,1
3,5985,1
3,5987,0
3,5990,1
3,5992,1
3,5995,0
3,5997,0
3,5997,1
3,6001,1
3,6002,1
3,6003,0
3,6005,0
3,6020,1
3,6036,0
3,6036,1
3,6040,1
3,6041,0
3,6048,1
3,6052,0
3,6053,1
3,6058,0
3,6060,0
3,6062,0
3,6063,0
3,6065,1
3,6068,1
3,6070,0
3,6084,0
3,6085,1
3,6092,1
3,6101,1
3,6105,0
3,6106,1
3,6115,1
3,6117,1
3,6118,0
3,6122,1
3,6123,0
3,6132,0
3,6137,1
3,6143,1
3,6146,0
3,6149,0
3,6150,0
3,6151,0
3,6151,1
3,6154,1
3,6156,1
3,6161,0
3,6161,1
3,6163,0
3,6166,0
3,6166,1
3,6168,1
3,6171,0
3,6179,1
3,6180,1
3,6184,0
3,6187,1
3,6188,0
3,6189,1
3,6195,0
3,6205,0
3,6208,0
3,6210,1
3,6213,0
3,6214,1
3,6219,1
3,6220,0
3,6221,0
3,6225,0
3,6225,1
3,6227,0
3,6232,1
3,6233,0
3,6233,1
3,6234,1
3,6238,0
3,6239,1
3,6243,0
3,6244,0
3,6248,0
3,6250,0
3,6254,0
3,6256,0
3,6262,0
3,6262,1
3,6263,0
3,6264,1
3,6265,0
3,6267,0
3,6269,1
3,6270,0
3,6270,1
3,6271,0
3,6272,0
3,6274,0
3,6274,1
3,6277,1
3,6279,1
3,6281,1
3,6282,1
3,6283,0
3,6283,1
3,6284,1
3,6285,0
3,6286,0
3,6287,1
3,6288,1
3,6289,0
3,6289,1
3,6291,0
3,6291,1
3,6292,0
3,6293,0
3,6296,1
3,6297,0
3,6297,1
3,6299,1
3,6301,1
3,6302,0
3,6304,1
3,6310,1
3,6311,1
3,6312,1
3,6313,1
3,6315,1
3,6316,0
3,6318,0
3,6321,0
3,6321,1
3,6326,1
3,6327,1
3,6329,1
3,6331,0
3,6332,1
3,6333,1
3,6334,1
3,6336,0
3,6338,1
3,6339,0
3,6346,1
3,6351,1
3,6362,0
3,6367,0
3,6367,1
3,6370,1
3,6372,0
3,6372,1
3,6375,1
3,6377,0
3,6377,1
3,6382,0
3,6385,1
3,6386,0
3,6407,0
3,6411,1
3,6412,1
3,6413,0
3,6416,1
3,6417,0
3,6418,0
3,6421,1
3,6422,0
3,6433,0
3,6434,0
3,6439,1
3,6440,1
3,6445,1
3,6450,0
3,6450,1
3,6454,1
3,6456,0
3,6458,0
3,6459,0
3,6461,0
3,6464,0
3,6464,1
3,6466,1
3,6469,0
3,6471,0
3,6473,1
3,6474,0
3,6478,1
3,6481,1
3,6483,0
3,6483,1
3,6485,0
3,6486,0
3,6486,1
3,6488,0
3,6488,1
3,6490,0
3,6491,1
3,6493,1
3,6495,1
3,6496,0
3,6500,0
3,6501,0
3,6504,0
3,6505,0
3,6505,1
3,6506,0
3,6510,0
3,6511,1
3,6516,1
3,6517,0
3,6540,0
3,6545,0
3,6546,0
3,6551,0
3,6551,1
3,6555,1
3,6556,0
3,6556,1
3,6561,0
3,6582,0
3,6587,0
3,6591,1
3,6597,0
3,6598,1
3,6602,1
3,6603,0
3,6607,1
3,6608,0
3,6628,1
3,6632,1
3,6633,0
3,6637,1
3,6638,0
3,6641,1
3,6642,0
3,6644,0
3,6646,0
3,6647,0
3,6649,1
3,6651,1
3,6653,0
3,6654,1
3,6676,1
3,6681,1
3,6691,0
3,6695,1
3,6696,1
3,6697,0
3,6700,0
3,6702,0
3,6702,1
3,6706,0
3,6707,1
3,6712,0
3,6715,1
3,6720,0
3,6720,1
3,6725,1
3,6730,0
3,6734,0
3,6735,0
3,6736,1
3,6739,1
3,6740,1
3,6741,0
3,6745,1
3,6746,0
3,6750,0
3,6751,1
3,6756,0
3,6761,1
3,6766,0
3,6782,0
3,6785,1
3,6787,0
3,6787,1
3,6790,0
3,6792,1
3,6795,1
3,6799,0
3,6800,0
3,6800,1
3,6801,1
3,6802,1
3,6804,0
3,6807,0
3,6809,0
3,6814,1
3,6819,1
3,6820,0
3,6824,1
3,6825,1
3,6826,1
3,6829,0
3,6831,0
3,6834,0
3,6834,1
3,6839,0
3,6844,0
3,6849,0
3,6849,1
3,6854,1
3,6859,0
3,6865,0
3,6867,1
3,6870,0
3,6870,1
3,6872,1
3,6875,0
3,6877,0
3,6880,1
3,6885,0
3,6887,0
3,6890,1
3,6891,0
3,6896,1
3,6899,1
3,6901,1
3,6904,0
3,6904,1
3,6906,0
3,6909,1
3,6911,0
3,6921,0
3,6923,0
3,6926,1
3,6928,0
3,6928,1
3,6931,0
3,6933,1
3,6935,1
3,6940,0
3,6942,1
3,6946,1
3,6951,0
3,6952,1
3,6954,1
3,6956,1
3,6957,1
3,6958,1
3,6959,1
3,6962,1
3,6963,1
3,6964,0
3,6964,1
3,6967,1
3,6968,1
3,6969,0
3,6972,1
3,6975,1
3,6977,0
3,6977,1
3,6980,1
3,6982,0
3,6982,1
3,6983,1
3,6985,0
3,6985,1
3,6988,1
3,6990,0
3,6990,1
3,6992,0
3,6993,0
3,6993,1
3,6995,0
3,6996,1
3,6997,1
3,7000,0
3,7002,0
3,7005,1
3,7007,1
3,7010,1
3,7018,1
3,7021,1
3,7023,1
3,7026,1
3,7027,0
3,7028,1
3,7030,0
3,7031,1
3,7035,1
3,7039,0
3,7040,1
3,7043,0
3,7048,1
3,7053,0
3,7066,0
3,7071,1
3,7076,0
3,7076,1
3,7078,0
3,7079,0
3,7081,1
3,7083,0
3,7086,0
3,7086,1
3,7091,0
3,7091,1
3,7093,1
3,7095,0
3,7096,1
3,7104,1
3,7108,1
3,7109,1
3,7113,1
3,7114,0
3,7116,0
3,7119,1
3,7121,0
3,7124,1
3,7133,0
3,7138,0
3,7149,1
3,7162,1
3,7164,0
3,7167,1
3,7170,0
3,7171,1
3,7172,1
3,7174,1
3,7175,1
3,7176,0
3,7177,0
3,7177,1
3,7180,0
3,7181,1
3,7185,1
3,7187,1
3,7192,0
3,7193,0
3,7196,1
3,7198,1
3,7201,0
3,7203,1
3,7204,0
3,7206,0
3,7209,0
3,7211,0
3,7212,0
3,7215,0
3,7215,1
3,7216,0
3,7217,1
3,7220,0
3,7221,0
3,7221,1
3,7222,0
3,7222,1
3,7225,1
3,7227,0
3,7231,0
3,7232,0
3,7232,1
3,7235,0
3,7236,0
3,7239,1
3,7240,1
3,7241,0
3,7243,0
3,7245,0
3,7245,1
3,7246,1
3,7248,0
3,7249,0
3,7251,0
3,7253,1
3,7254,0
3,7256,0
3,7261,0
3,7264,1
3,7266,0
3,7266,1
3,7268,0
3,7271,0
3,7271,1
3,7273,1
3,7274,0
3,7278,1
3,7279,1
3,7283,0
3,7285,1
3,7288,0
3,7290,0
3,7293,1
3,7295,1
3,7296,0
3,7298,0
3,7301,1
3,7303,0
3,7304,0
3,7306,0
3,7309,0
3,7311,1
3,7313,1
3,7314,1
3,7316,1
3,7318,1
3,7319,0
3,7323,1
3,7324,1
3,7331,0
3,7333,0
3,7336,1
3,7337,0
3,7338,0
3,7339,0
3,7340,0
3,7341,1
3,7342,0
3,7342,1
3,7344,1
3,7345,0
3,7346,0
3,7347,0
3,7349,0
3,7350,0
3,7352,1
3,7354,0
3,7355,0
3,7355,1
3,7356,1
3,7357,0
3,7358,0
3,7359,1
3,7360,1
3,7361,1
3,7362,0
3,7362,1
3,7363,0
3,7367,0
3,7372,0
3,7374,0
3,7376,0
3,7379,0
3,7381,0
3,7381,1
3,7385,0
3,7390,0
3,7394,0
3,7395,1
3,7396,0
3,7399,0
3,7400,1
3,7401,1
3,7408,1
3,7409,1
3,7413,1
3,7414,0
3,7418,1
3,7419,1
3,7424,0
3,7426,1
3,7429,1
3,7431,0
3,7433,1
3,7434,1
3,7438,0
3,7439,1
3,7443,0
3,7444,1
3,7453,1
3,7454,0
3,7458,0
3,7466,0
3,7468,0
3,7470,1
3,7489,0
3,7494,0
3,7495,0
3,7497,0
3,7503,1
3,7504,0
3,7507,1
3,7508,0
3,7509,0
3,7512,1
3,7514,0
3,7515,1
3,7516,0
3,7517,0
3,7517,1
3,7518,0
3,7519,1
3,7521,1
3,7522,0
3,7523,1
3,7524,0
3,7526,0
3,7526,1
3,7527,0
3,7527,1
3,7528,1
3,7531,0
3,7532,0
3,7532,1
3,7545,1
3,7547,0
3,7547,1
3,7550,0
3,7555,1
3,7556,1
3,7560,1
3,7565,1
3,7566,1
3,7574,1
3,7575,0
3,7576,0
3,7579,0
3,7580,0
3,7583,0
3,7585,1
3,7590,0
3,7600,1
3,7605,0
3,7612,0
3,7619,0
3,7625,1
3,7628,0
3,7632,1
3,7633,0
3,7636,0
3,7637,0
3,7638,0
3,7638,1
3,7639,1
3,7642,1
3,7643,0
3,7644,0
3,7644,1
3,7646,1
3,7647,1
3,7648,1
3,7649,1
3,7650,1
3,7652,0
3,7654,0
3,7655,0
3,7658,1
3,7659,0
3,7659,1
3,7663,1
3,7664,1
3,7668,1
3,7669,0
3,7669,1
3,7670,0
3,7677,1
3,7679,1
3,7688,1
3,7690,0
3,7690,1
3,7691,1
3,7693,1
3,7695,0
3,7699,0
3,7702,0
3,7702,1
3,7706,1
3,7708,0
3,7709,1
3,7710,0
3,7711,0
3,7714,1
3,7716,1
3,7717,1
3,7719,0
3,7720,0
3,7736,1
3,7738,0
3,7739,1
3,7741,0
3,7748,1
3,7749,1
3,7750,0
3,7750,1
3,7753,1
3,7755,0
3,7757,0
3,7760,0
3,7760,1
3,7762,0
3,7762,1
3,7764,0
3,7766,0
3,7767,0
3,7768,0
3,7773,1
3,7774,1
3,7775,1
3,7777,0
3,7779,0
3,7783,0
3,7784,1
3,7790,1
3,7793,0
3,7796,0
3,7799,1
3,7801,0
3,7803,0
3,7803,1
3,7805,0
3,7806,0
3,7806,1
3,7808,0
3,7809,0
3,7810,0
3,7813,1
3,7814,0
3,7815,0
3,7815,1
3,7820,0
3,7820,1
3,7821,1
3,7823,1
3,7825,0
3,7827,0
3,7828,1
3,7830,1
3,7837,1
3,7840,0
3,7841,1
3,7842,1
3,7845,0
3,7848,0
3,7851,0
3,7852,0
3,7853,0
3,7854,0
3,7857,1
3,7860,1
3,7863,1
3,7868,0
3,7872,1
3,7873,1
3,7874,0
3,7878,1
3,7881,1
3,7884,1
3,7887,0
3,7887,1
3,7889,0
3,7890,1
3,7892,1
3,7894,0
3,7896,1
3,7897,0
3,7898,1
3,7900,0
3,7901,1
3,7904,1
3,7906,0
3,7906,1
3,7907,1
3,7908,1
3,7910,0
3,7911,1
3,7912,1
3,7914,1
3,7916,0
3,7916,1
3,7917,0
3,7917,1
3,7919,0
3,7922,1
3,7923,1
3,7926,0
3,7927,0
3,7928,1
3,7929,1
3,7930,0
3,7931,0
3,7932,0
3,7934,0
3,7936,1
3,7942,1
3,7945,1
3,7947,0
3,7952,0
3,7953,1
3,7955,0
3,7957,0
3,7958,0
3,7968,0
3,7968,1
3,7970,0
3,7971,1
3,7973,1
3,7977,1
3,7981,1
3,7982,0
3,7982,1
3,7983,0
3,7985,1
3,7988,0
3,7989,1
3,7994,1
3,7996,0
3,7999,1
3,8001,1
3,8003,1
3,8004,1
3,8006,0
3,8007,0
3,8007,1
3,8008,0
3,8008,1
3,8010,1
3,8012,0
3,8012,1
3,8013,1
3,8014,1
3,8020,1
3,8021,0
3,8026,0
3,8026,1
3,8028,0
3,8036,0
3,8039,1
3,8042,1
3,8043,0
3,8044,0
3,8045,1
3,8046,0
3,8049,1
3,8050,0
3,8051,1
3,8052,1
3,8054,1
3,8055,0
3,8057,1
3,8059,0
3,8062,0
3,8063,1
3,8067,1
3,8068,1
3,8071,0
3,8072,1
3,8074,0
3,8076,0
3,8079,0
3,8079,1
3,8080,1
3,8082,1
3,8083,0
3,8083,1
3,8085,1
3,8086,1
3,8087,1
3,8089,0
3,8089,1
3,8090,1
3,8091,1
3,8095,1
3,8097,0
3,8100,0
3,8103,1
3,8104,1
3,8107,0
3,8110,0
3,8112,1
3,8113,1
3,8114,0
3,8115,0
3,8115,1
3,8117,1
3,8120,0
3,8120,1
3,8121,1
3,8122,0
3,8122,1
3,8123,0
3,8123,1
3,8125,0
3,8126,0
3,8126,1
3,8128,0
3,8130,0
3,8131,1
3,8136,1
3,8137,1
3,8140,0
3,8143,0
3,8143,1
3,8144,0
3,8158,0
3,8159,1
3,8160,1
3,8162,0
3,8163,0
3,8164,1
3,8169,1
3,8175,0
3,8177,0
3,8179,0
3,8182,0
3,8182,1
3,8187,1
3,8188,1
3,8189,0
3,8189,1
3,8191,1
3,8192,1
3,8193,1
3,8194,0
3,8194,1
3,8196,0
3,8198,1
3,8199,0
3,8201,0
3,8202,1
3,8203,0
3,8204,0
3,8205,0
3,8207,1
3,8209,0
3,8210,1
3,8212,0
3,8212,1
3,8213,1
3,8214,1
3,8215,0
3,8218,0
3,8218,1
3,8219,0
3,8223,0
3,8224,0
3,8225,0
3,8228,1
3,8230,1
3,8232,0
3,8232,1
3,8234,1
3,8239,0
3,8242,1
3,8243,1
3,8244,0
3,8244,1
3,8246,0
3,8251,0
3,8251,1
3,8254,1
3,8256,1
3,8259,0
3,8260,1
3,8261,1
3,8263,1
3,8265,1
3,8266,0
3,8267,0
3,8270,0
3,8271,1
3,8274,1
3,8275,0
3,8276,1
3,8279,0
3,8279,1
3,8281,0
3,8281,1
3,8282,0
3,8285,0
3,8286,0
3,8287,0
3,8288,1
3,8290,1
3,8292,1
3,8293,0
3,8293,1
3,8294,0
3,8299,1
3,8300,1
3,8304,1
3,8305,0
3,8305,1
3,8306,1
3,8309,0
3,8310,1
3,8311,0
3,8312,0
3,8314,1
3,8316,1
3,8317,1
3,8318,1
3,8321,0
3,8322,1
3,8324,0
3,8326,0
3,8334,1
3,8335,1
3,8336,0
3,8336,1
3,8337,0
3,8341,0
3,8343,1
3,8345,1
3,8346,1
3,8348,0
3,8352,1
3,8356,1
3,8358,0
3,8359,1
3,8361,0
3,8363,1
3,8364,0
3,8368,1
3,8369,0
3,8370,1
3,8373,1
3,8374,1
3,8376,0
3,8377,1
3,8380,0
3,8382,0
3,8382,1
3,8384,0
3,8387,0
3,8388,0
3,8388,1
3,8390,1
3,8392,1
3,8393,0
3,8393,1
3,8395,1
3,8396,1
3,8397,0
3,8398,1
3,8400,1
3,8401,0
3,8402,0
3,8408,0
3,8408,1
3,8413,0
3,8413,1
3,8416,1
3,8418,0
3,8420,0
3,8422,1
3,8424,1
3,8425,0
3,8426,1
3,8427,1
3,8428,1
3,8429,0
3,8429,1
3,8430,1
3,8431,1
3,8436,0
3,8442,0
3,8444,0
3,8447,0
3,8451,1
3,8455,0
3,8456,0
3,8456,1
3,8459,0
3,8464,1
3,8467,0
3,8468,0
3,8471,1
3,8473,1
3,8476,1
3,8481,0
3,8484,1
3,8487,0
3,8488,1
3,8489,1
3,8491,0
3,8493,0
3,8494,1
3,8496,0
3,8497,0
3,8498,1
3,8501,1
3,8502,1
3,8509,0
3,8510,1
3,8512,0
3,8513,1
3,8517,1
3,8518,0
3,8521,1
3,8522,0
3,8523,0
3,8524,1
3,8526,0
3,8527,1
3,8529,1
3,8530,1
3,8531,0
3,8531,1
3,8533,0
3,8534,1
3,8537,1
3,8538,0
3,8539,1
3,8540,1
3,8543,0
3,8544,1
3,8547,0
3,8548,0
3,8549,1
3,8550,0
3,8553,0
3,8553,1
3,8554,0
3,8555,1
3,8558,0
3,8558,1
3,8563,0
3,8565,0
3,8570,0
3,8571,0
3,8572,0
3,8572,1
3,8573,0
3,8576,1
3,8577,0
3,8577,1
3,8580,0
3,8581,1
3,8582,0
3,8585,0
3,8587,0
3,8590,1
3,8591,0
3,8593,0
3,8594,1
3,8595,0
3,8596,1
3,8597,0
3,8598,0
3,8599,0
3,8600,0
3,8601,0
3,8604,0
3,8605,0
3,8607,0
3,8608,0
3,8608,1
3,8609,1
3,8612,0
3,8613,1
3,8615,0
3,8620,0
3,8623,0
3,8623,1
3,8627,0
3,8628,1
3,8630,0
3,8632,0
3,8633,0
3,8633,1
3,8635,1
3,8636,1
3,8637,1
3,8638,1
3,8639,1
3,8640,1
3,8641,0
3,8641,1
3,8642,1
3,8643,0
3,8644,0
3,8644,1
3,8645,0
3,8649,0
3,8649,1
3,8650,1
3,8651,0
3,8652,1
3,8655,0
3,8656,0
3,8657,0
3,8658,0
3,8661,0
3,8661,1
3,8663,0
3,8663,1
3,8664,0
3,8666,1
3,8667,0
3,8668,0
3,8670,0
3,8670,1
3,8672,0
3,8674,0
3,8675,1
3,8679,0
3,8679,1
3,8680,0
3,8680,1
3,8682,0
3,8682,1
3,8683,1
3,8684,0
3,8687,1
3,8688,1
3,8695,0
3,8695,1
3,8698,1
3,8699,0
3,8700,0
3,8700,1
3,8703,0
3,8712,0
3,8716,1
3,8717,1
3,8727,1
3,8731,1
3,8732,1
3,8735,1
3,8736,0
3,8739,1
3,8741,1
3,8744,1
3,8746,1
3,8749,0
3,8754,1
3,8756,1
3,8757,0
3,8759,1
3,8760,0
3,8761,0
3,8762,0
3,8766,1
3,8772,1
3,8777,0
3,8779,0
3,8780,0
3,8782,1
3,8783,1
3,8786,0
3,8786,1
3,8787,1
3,8788,0
3,8789,1
3,8791,0
3,8802,1
3,8817,0
3,8822,1
3,8827,0
3,8828,0
3,8834,0
3,8835,1
3,8838,1
3,8850,0
3,8851,0
3,8855,1
3,8859,1
3,8867,0
3,8867,1
3,8868,1
3,8871,0
3,8883,1
3,8884,0
3,8886,0
3,8888,1
3,8890,0
3,8891,1
3,8893,1
3,8895,1
3,8898,0
3,8899,0
3,8900,1
3,8903,0
3,8913,0
3,8924,1
3,8932,1
3,8933,1
3,8941,0
3,8943,0
3,8950,1
3,8951,1
3,8964,0
3,8965,1
3,8971,1
3,8977,0
3,8978,0
3,8982,0
3,8983,0
3,8986,0
3,8988,1
3,8994,0
3,8997,1
3,9041,1
3,9060,0
3,9083,1
3,9087,1
3,9116,0
3,9138,0
3,9187,1
3,9202,1
3,9227,1
3,9236,0
3,9248,1
3,9251,0
3,9258,1
3,9264,0
3,9275,1
3,9278,0
3,9293,1
3,9341,0
3,9345,0
3,9476,0
3,9498,1
3,9514,1
3,9592,0
3,9746,0
3,9822,1
3,9833,0
3,9839,0
3,9844,1
3,9853,1
3,9872,0
3,9877,0
3,9885,0
3,9888,0
3,9902,1
3,9907,1
3,9909,0
3,9909,1
3,9910,1
3,9917,0
3,9919,1
3,9927,1
3,9934,0
3,9947,0
3,9955,1
3,9962,0
3,9968,0
3,9972,0
3,9973,1
3,9977,0
3,9977,1
3,9980,0
3,9980,1
3,9991,0
3,9998,1
3,10005,0
3,10005,1
3,10007,1
3,10011,1
3,10019,0
3,10020,0
3,10020,1
3,10022,0
3,10023,0
3,10026,1
3,10031,0
3,10035,0
3,10036,0
3,10039,0
3,10048,1
3,10049,1
3,10050,0
3,10051,1
3,10056,1
3,10059,1
3,10062,0
3,10063,0
3,10063,1
3,10067,0
3,10073,0
3,10074,1
3,10076,1
3,10080,1
3,10084,0
3,10085,0
3,10086,0
3,10086,1
3,10088,0
3,10091,1
3,10094,1
3,10095,0
3,10100,1
3,10104,1
3,10105,1
3,10107,1
3,10108,0
3,10110,1
3,10115,1
3,10117,1
3,10120,1
3,10121,0
3,10123,0
3,10124,0
3,10125,0
3,10125,1
3,10126,0
3,10128,0
3,10131,1
3,10133,0
3,10135,1
3,10136,1
3,10137,0
3,10137,1
3,10138,0
3,10140,0
3,10141,0
3,10151,1
3,10155,0
3,10156,1
3,10158,0
3,10160,1
3,10161,1
3,10162,0
3,10175,0
3,10178,1
3,10184,0
3,10184,1
3,10186,0
3,10187,1
3,10188,0
3,10191,1
3,10194,0
3,10203,0
3,10204,1
3,10208,1
3,10210,1
3,10212,1
3,10213,0
3,10215,1
3,10223,0
3,10225,1
3,10227,0
3,10228,0
3,10230,0
3,10233,0
3,10235,0
3,10249,0
3,10249,1
3,10250,0
3,10250,1
3,10251,0
3,10254,0
3,10255,1
3,10257,1
3,10259,0
3,10260,1
3,10262,0
3,10262,1
3,10265,1
3,10267,0
3,10268,0
3,10273,1
3,10278,0
3,10299,1
3,10300,0
3,10300,1
3,10303,1
3,10308,0
3,10310,0
3,10313,1
3,10314,1
3,10317,0
3,10326,1
3,10327,1
3,10335,0
3,10352,0
3,10354,0
3,10357,0
3,10366,1
3,10367,1
3,10370,0
3,10371,1
3,10376,0
3,10409,1
3,10413,1
3,10428,1
3,10429,0
3,10432,0
3,10433,1
3,10455,0
3,10457,1
3,10460,1
3,10462,0
3,10463,0
3,10467,1
3,10470,1
3,10477,1
3,10482,1
3,10487,1
3,10489,0
3,10492,0
3,10498,1
3,10503,1
3,10508,0
3,10514,1
3,10518,0
3,10521,1
3,10523,0
3,10526,0
3,10527,0
3,10530,1
3,10531,0
3,10534,0
3,10535,0
3,10540,0
3,10540,1
3,10544,0
3,10545,0
3,10545,1
3,10549,1
3,10552,1
3,10554,0
3,10557,1
3,10570,0
3,10571,0
3,10586,0
3,10592,0
3,10593,1
3,10596,0
3,10597,0
3,10598,1
3,10600,0
3,10606,1
3,10609,0
3,10610,1
3,10615,1
3,10617,0
3,10635,0
3,10637,1
3,10646,1
3,10649,0
3,10651,0
3,10668,1
3,10673,0
3,10678,0
3,10683,1
3,10688,0
3,10688,1
3,10691,0
3,10696,1
3,10700,0
3,10709,1
3,10719,0
3,10737,0
3,10738,0
3,10742,0
3,10745,0
3,10748,0
3,10750,0
3,10752,1
3,10753,1
3,10755,0
3,10757,0
3,10762,1
3,10764,1
3,10771,1
3,10779,0
3,10782,1
3,10791,0
3,10792,1
3,10793,0
3,10804,0
3,10808,1
3,10813,1
3,10815,0
3,10818,1
3,10820,0
3,10821,1
3,10823,0
3,10826,0
3,10830,1
3,10831,0
3,10832,0
3,10833,0
3,10835,1
3,10840,1
3,10842,1
3,10845,1
3,10872,1
3,10874,0
3,10885,1
3,10890,0
3,10892,0
3,10900,1
3,10909,1
3,10911,1
3,10912,0
3,10920,1
3,10934,1
3,10937,0
3,10957,0
3,10963,1
3,10969,0
3,11012,0
3,11014,0
3,11033,1
3,11045,0
3,11047,0
3,11084,1
3,11128,1
3,11139,0
3,11287,1
3,11290,0
3,11295,1
3,11318,0
3,11323,0
3,11339,1
3,11341,0
3,11354,1
3,11367,1
3,11372,0
3,11391,0
3,11395,1
3,11406,1
3,11420,0
3,11435,1
3,11440,0
3,11452,1
3,11454,1
3,11462,0
3,11489,0
3,11494,0
3,11517,1
3,11521,1
3,11536,1
3,11539,1
3,11553,1
3,11558,1
3,11570,1
3,11571,0
3,11575,1
3,11576,1
3,11578,0
3,11582,0
3,11583,0
3,11586,0
3,11591,0
3,11591,1
3,11599,0
3,11604,0
3,11613,1
3,11614,0
3,11628,1
3,11648,0
3,11656,0
3,11661,1
3,11666,1
3,11671,1
3,11676,0
3,11689,1
3,11697,0
3,11704,1
3,11709,1
3,11714,1
3,11716,0
3,11721,0
3,11721,1
3,11725,1
3,11726,0
3,11726,1
3,11729,1
3,11730,0
3,11730,1
3,11731,0
3,11736,0
3,11741,0
3,11747,1
3,11749,0
3,11754,1
3,11755,1
3,11760,1
3,11761,0
3,11764,0
3,11767,0
3,11768,0
3,11771,1
3,11772,0
3,11777,1
3,11779,0
3,11780,1
3,11784,0
3,11787,0
3,11792,0
3,11792,1
3,11794,1
3,11795,1
3,11798,0
3,11799,0
3,11803,1
3,11804,1
3,11807,0
3,11808,0
3,11815,1
3,11820,0
3,11824,1
3,11825,1
3,11826,0
3,11827,1
3,11829,1
3,11830,1
3,11832,1
3,11834,0
3,11836,1
3,11837,0
3,11837,1
3,11839,1
3,11841,0
3,11842,0
3,11842,1
3,11844,1
3,11846,0
3,11848,1
3,11849,1
3,11851,1
3,11852,0
3,11855,1
3,11856,1
3,11857,0
3,11857,1
3,11860,0
3,11862,1
3,11864,0
3,11866,1
3,11868,1
3,11870,1
3,11873,1
3,11875,1
3,11876,0
3,11878,0
3,11879,0
3,11881,0
3,11883,0
3,11884,0
3,11885,0
3,11887,0
3,11888,0
3,11889,0
3,11893,0
3,11894,1
3,11896,1
3,11897,0
3,11898,0
3,11898,1
3,11899,1
3,11900,0
3,11901,0
3,11901,1
3,11902,1
3,11904,1
3,11907,0
3,11912,0
3,11913,0
3,11915,0
3,11915,1
3,11917,1
3,11919,0
3,11919,1
3,11920,0
3,11925,0
3,11926,1
3,11928,1
3,11930,0
3,11931,1
3,11932,0
3,11932,1
3,11933,1
3,11934,0
3,11934,1
3,11935,1
3,11938,0
3,11940,1
3,11941,0
3,11942,1
3,11943,0
3,11943,1
3,11945,0
3,11948,1
3,11949,0
3,11949,1
3,11950,0
3,11954,0
3,11954,1
3,11956,1
3,11957,0
3,11958,0
3,11958,1
3,11959,0
3,11959,1
3,11960,1
3,11961,0
3,11966,1
3,11967,0
3,11967,1
3,11968,1
3,11970,0
3,11971,0
3,11972,0
3,11975,0
3,11975,1
3,11977,0
3,11977,1
3,11982,0
3,11982,1
3,11984,0
3,11984,1
3,11987,1
3,11988,0
3,11989,0
3,11990,1
3,11993,0
3,11994,0
3,11994,1
3,11995,0
3,11998,0
3,11999,1
3,12001,1
3,12003,0
3,12003,1
3,12006,1
3,12007,0
3,12010,0
3,12011,0
3,12011,1
3,12012,0
3,12012,1
3,12014,0
3,12015,0
3,12016,0
3,12016,1
3,12017,0
3,12017,1
3,12018,1
3,12021,0
3,12021,1
3,12022,1
3,12024,0
3,12024,1
3,12025,0
3,12026,0
3,12026,1
3,12027,1
3,12028,0
3,12028,1
3,12029,1
3,12030,1
3,12032,0
3,12033,0
3,12036,0
3,12037,0
3,12038,0
3,12038,1
3,12039,0
3,12040,0
3,12040,1
3,12045,0
3,12046,1
3,12047,0
3,12047,1
3,12053,1
3,12054,1
3,12055,1
3,12057,1
3,12058,0
3,12058,1
3,12059,0
3,12060,1
3,12061,1
3,12062,0
3,12062,1
3,12063,0
3,12064,0
3,12066,0
3,12066,1
3,12067,1
3,12068,0
3,12068,1
3,12069,0
3,12071,0
3,12073,0
3,12074,0
3,12074,1
3,12075,1
3,12077,0
3,12077,1
3,12080,1
3,12081,0
3,12082,1
3,12085,1
3,12086,1
3,12087,1
3,12089,1
3,12090,0
3,12090,1
3,12091,1
3,12092,1
3,12095,0
3,12096,0
3,12100,0
3,12101,1
3,12104,0
3,12107,1
3,12108,0
3,12109,1
3,12110,1
3,12112,0
3,12112,1
3,12113,1
3,12114,0
3,12116,1
3,12119,0
3,12120,0
3,12121,0
3,12122,1
3,12123,0
3,12125,0
3,12125,1
3,12127,0
3,12127,1
3,12130,0
3,12130,1
3,12131,0
3,12132,0
3,12132,1
3,12135,0
3,12137,0
3,12137,1
3,12138,0
3,12138,1
3,12140,0
3,12140,1
3,12141,0
3,12141,1
3,12143,0
3,12144,1
3,12146,0
3,12146,1
3,12148,0
3,12150,1
3,12151,0
3,12152,0
3,12153,1
3,12154,0
3,12155,0
3,12155,1
3,12156,1
3,12157,0
3,12157,1
3,12158,0
3,12159,0
3,12161,0
3,12162,0
3,12162,1
3,12163,1
3,12164,0
3,12165,1
3,12167,1
3,12169,0
3,12169,1
3,12170,1
3,12174,0
3,12174,1
3,12175,1
3,12176,0
3,12177,1
3,12182,0
3,12183,0
3,12184,0
3,12184,1
3,12185,0
3,12185,1
3,12187,0
3,12189,1
3,12190,0
3,12191,0
3,12192,0
3,12192,1
3,12193,1
3,12194,0
3,12195,0
3,12195,1
3,12197,1
3,12202,0
3,12202,1
3,12203,1
3,12206,0
3,12208,0
3,12208,1
3,12209,0
3,12209,1
3,12210,0
3,12210,1
3,12216,0
3,12216,1
3,12218,0
3,12220,0
3,12223,0
3,12229,0
3,12229,1
3,12230,1
3,12231,0
3,12232,0
3,12232,1
3,12233,1
3,12234,1
3,12235,0
3,12236,0
3,12237,0
3,12237,1
3,12239,1
3,12240,0
3,12241,0
3,12242,0
3,12242,1
3,12243,1
3,12244,0
3,12244,1
3,12245,0
3,12246,0
3,12247,0
3,12249,0
3,12250,0
3,12250,1
3,12251,1
3,12252,1
3,12253,0
3,12253,1
3,12254,1
3,12256,1
3,12257,1
3,12258,0
3,12259,1
3,12260,0
3,12261,0
3,12261,1
3,12262,1
3,12263,0
3,12264,1
3,12266,0
3,12266,1
3,12267,1
3,12268,0
3,12269,1
3,12270,0
3,12272,1
3,12273,0
3,12275,0
3,12276,0
3,12277,1
3,12278,1
3,12279,0
3,12280,0
3,12283,0
3,12283,1
3,12284,1
3,12286,1
3,12287,1
3,12290,0
3,12291,0
3,12291,1
3,12294,0
3,12296,0
3,12299,1
3,12305,1
3,12308,1
3,12312,0
3,12314,1
3,12315,1
3,12316,0
3,12320,1
3,12322,0
3,12324,1
3,12325,0
3,12325,1
3,12327,1
3,12329,1
3,12330,0
3,12335,0
3,12336,1
3,12337,0
3,12338,1
3,12339,0
3,12341,0
3,12343,1
3,12344,0
3,12347,0
3,12349,0
3,12349,1
3,12351,0
3,12352,0
3,12353,0
3,12353,1
3,12356,0
3,12356,1
3,12357,1
3,12358,0
3,12359,1
3,12363,0
3,12365,1
3,12367,0
3,12368,1
3,12369,1
3,12373,0
3,12376,0
3,12381,0
3,12382,1
3,12384,1
3,12385,0
3,12386,1
3,12388,0
3,12388,1
3,12391,1
3,12393,1
3,12395,0
3,12397,1
3,12398,1
3,12402,1
3,12403,1
3,12405,1
3,12406,1
3,12408,0
3,12414,0
3,12415,1
3,12416,0
3,12416,1
3,12417,0
3,12423,0
3,12423,1
3,12427,0
3,12429,0
3,12429,1
3,12431,0
3,12435,0
3,12438,1
3,12439,0
3,12440,0
3,12441,1
3,12442,0
3,12443,0
3,12444,1
3,12445,0
3,12446,0
3,12447,0
3,12448,1
3,12450,1
3,12451,0
3,12452,0
3,12452,1
3,12453,0
3,12455,0
3,12460,0
3,12461,0
3,12461,1
3,12465,1
3,12466,0
3,12467,0
3,12467,1
3,12468,1
3,12470,0
3,12472,1
3,12474,0
3,12477,0
3,12479,0
3,12480,1
3,12482,1
3,12484,0
3,12485,1
3,12488,0
3,12490,0
3,12490,1
3,12491,0
3,12491,1
3,12493,0
3,12494,0
3,12496,0
3,12497,0
3,12497,1
3,12498,0
3,12498,1
3,12501,0
3,12504,1
3,12505,0
3,12505,1
3,12506,0
3,12506,1
3,12507,1
3,12508,1
3,12511,0
3,12513,0
3,12515,1
3,12516,1
3,12517,1
3,12523,0
3,12527,0
3,12529,0
3,12530,0
3,12530,1
3,12532,0
3,12534,1
3,12537,0
3,12539,1
3,12540,0
3,12540,1
3,12541,0
3,12541,1
3,12543,0
3,12544,0
3,12546,0
3,12546,1
3,12549,0
3,12549,1
3,12552,1
3,12554,0
3,12561,0
3,12571,1
3,12574,1
3,12576,1
3,12577,1
3,12578,1
3,12582,1
3,12583,1
3,12586,1
3,12595,1
3,12600,0
3,12600,1
3,12604,0
3,12611,1
3,12613,0
3,12614,1
3,12615,0
3,12616,1
3,12617,1
3,12621,0
3,12621,1
3,12622,0
3,12625,1
3,12627,1
3,12628,1
3,12631,0
3,12632,1
3,12636,0
3,12637,1
3,12640,1
3,12641,0
3,12645,0
3,12645,1
3,12648,1
3,12650,0
3,12651,0
3,12654,1
3,12659,1
3,12660,0
3,12664,1
3,12665,0
3,12666,1
3,12669,0
3,12669,1
3,12670,1
3,12671,0
3,12675,0
3,12676,0
3,12683,0
3,12685,1
3,12687,1
3,12688,0
3,12691,0
3,12692,0
3,12693,1
3,12697,0
3,12699,0
3,12700,1
3,12701,1
3,12704,0
3,12706,0
3,12706,1
3,12709,1
3,12716,1
3,12717,1
3,12721,0
3,12722,1
3,12725,0
3,12726,0
3,12727,1
3,12730,0
3,12734,0
3,12736,1
3,12737,0
3,12738,0
3,12739,0
3,12739,1
3,12740,0
3,12740,1
3,12742,1
3,12745,1
3,12746,1
3,12748,0
3,12749,0
3,12751,1
3,12753,0
3,12753,1
3,12755,0
3,12755,1
3,12756,1
3,12758,0
3,12760,1
3,12761,0
3,12761,1
3,12762,0
3,12765,0
3,12771,1
3,12772,1
3,12776,0
3,12776,1
3,12777,0
3,12777,1
3,12778,0
3,12778,1
3,12779,0
3,12779,1
3,12780,1
3,12781,0
3,12781,1
3,12782,0
3,12782,1
3,12783,1
3,12784,0
3,12784,1
3,12787,0
3,12787,1
3,12788,0
3,12792,0
3,12794,1
3,12795,1
3,12800,0
3,12800,1
3,12808,0
3,12808,1
3,12809,0
3,12810,1
3,12813,1
3,12814,0
3,12814,1
3,12816,0
3,12816,1
3,12818,0
3,12822,0
3,12824,1
3,12829,0
3,12834,0
3,12835,0
3,12835,1
3,12838,1
3,12840,1
3,12846,0
3,12852,0
3,12854,1
3,12857,0
3,12861,0
3,12863,0
3,12864,1
3,12865,1
3,12866,0
3,12866,1
3,12869,1
3,12872,1
3,12873,1
3,12875,0
3,12876,0
3,12877,0
3,12878,0
3,12879,0
3,12881,0
3,12882,0
3,12884,0
3,12884,1
3,12885,0
3,12885,1
3,12886,0
3,12886,1
3,12888,1
3,12890,0
3,12890,1
3,12895,0
3,12897,0
3,12899,1
3,12900,1
3,12901,0
3,12905,1
3,12908,1
3,12909,0
3,12910,0
3,12915,0
3,12916,1
3,12917,0
3,12919,0
3,12920,0
3,12921,0
3,12921,1
3,12922,0
3,12923,0
3,12923,1
3,12929,1
3,12930,0
3,12930,1
3,12931,0
3,12932,1
3,12935,1
3,12936,0
3,12938,0
3,12940,0
3,12942,1
3,12945,1
3,12946,1
3,12947,0
3,12947,1
3,12954,1
3,12956,0
3,12958,1
3,12960,0
3,12961,0
3,12964,0
3,12966,1
3,12967,0
3,12967,1
3,12968,0
3,12969,0
3,12970,1
3,12973,0
3,12975,1
3,12976,0
3,12976,1
3,12978,0
3,12978,1
3,12979,1
3,12981,0
3,12983,0
3,12983,1
3,12984,1
3,12989,0
3,12991,0
3,12992,1
3,12993,0
3,12993,1
3,12994,0
3,12996,0
3,12996,1
3,12997,0
3,12997,1
3,12998,0
3,12999,0
3,13003,1
3,13009,0
3,13010,0
3,13011,0
3,13012,1
3,13017,0
3,13020,0
3,13021,0
3,13025,1
3,13026,0
3,13032,0
3,13032,1
3,13035,0
3,13035,1
3,13036,0
3,13038,0
3,13043,1
3,13044,1
3,13045,0
3,13047,0
3,13049,0
3,13050,0
3,13054,1
3,13058,0
3,13059,0
3,13061,1
3,13069,0
3,13070,0
3,13078,0
3,13079,0
3,13082,0
3,13084,1
3,13085,0
3,13087,0
3,13087,1
3,13091,0
3,13091,1
3,13092,1
3,13093,0
3,13094,1
3,13097,1
3,13099,0
3,13100,1
3,13103,1
3,13104,0
3,13105,1
3,13106,0
3,13109,0
3,13109,1
3,13111,0
3,13113,0
3,13115,1
3,13117,0
3,13117,1
3,13120,0
3,13122,1
3,13124,0
3,13125,1
3,13126,0
3,13128,0
3,13130,0
3,13132,1
3,13133,1
3,13135,1
3,13138,0
3,13139,0
3,13148,0
3,13148,1
3,13149,0
3,13156,0
3,13163,1
3,13164,0
3,13165,0
3,13168,1
3,13173,0
3,13174,1
3,13176,0
3,13178,1
3,13182,1
3,13186,0
3,13190,1
3,13192,0
3,13201,1
3,13204,1
3,13207,1
3,13214,1
3,13221,1
3,13225,1
3,13226,0
3,13227,1
3,13235,1
3,13236,1
3,13240,1
3,13242,1
3,13246,1
3,13249,0
3,13252,0
3,13260,1
3,13261,0
3,13268,0
3,13268,1
3,13269,0
3,13269,1
3,13276,1
3,13282,1
3,13286,0
3,13291,1
3,13292,1
3,13294,0
3,13294,1
3,13300,0
3,13303,1
3,13305,1
3,13311,1
3,13312,1
3,13313,0
3,13314,1
3,13315,0
3,13315,1
3,13324,0
3,13324,1
3,13326,1
3,13327,1
3,13330,1
3,13331,0
3,13341,1
3,13342,1
3,13343,0
3,13345,1
3,13347,0
3,13351,0
3,13352,1
3,13353,1
3,13354,1
3,13355,0
3,13357,0
3,13358,0
3,13361,1
3,13364,0
3,13366,0
3,13368,0
3,13371,1
3,13372,0
3,13372,1
3,13373,0
3,13375,1
3,13380,1
3,13381,0
3,13384,1
3,13385,0
3,13386,1
3,13388,0
3,13389,1
3,13394,1
3,13396,1
3,13401,0
3,13401,1
3,13404,1
3,13405,0
3,13408,0
3,13409,1
3,13411,1
3,13414,0
3,13415,0
3,13418,1
3,13422,0
3,13423,0
3,13429,1
3,13432,0
3,13438,0
3,13440,0
3,13445,0
3,13446,0
3,13453,0
3,13456,1
3,13459,1
3,13461,0
3,13468,1
3,13472,1
3,13475,0
3,13476,0
3,13478,1
3,13485,1
3,13490,0
3,13491,1
3,13499,1
3,13500,0
3,13502,0
3,13508,1
3,13511,0
3,13513,0
3,13521,0
3,13522,1
3,13531,0
3,13531,1
3,13534,0
3,13542,0
3,13542,1
3,13544,1
3,13545,0
3,13557,0
3,13562,0
3,13564,1
3,13569,0
3,13580,0
3,13583,0
3,13590,1
3,13595,0
3,13602,0
3,13605,1
3,13608,0
3,13612,0
3,13614,1
3,13615,1
3,13617,0
3,13620,0
3,13623,1
3,13626,1
3,13641,1
3,13646,0
3,13648,0
3,13652,0
3,13653,1
3,13665,0
3,13666,1
3,13669,1
3,13676,0
3,13680,0
3,13686,0
3,13688,1
3,13696,0
3,13706,1
3,13707,0
3,13709,1
3,13716,0
3,13718,0
3,13720,0
3,13733,1
3,13747,0
3,13771,0
3,13779,1
3,13781,1
3,13788,1
3,13792,0
3,13798,1
3,13799,1
3,13807,1
3,13810,0
3,13812,0
3,13819,1
3,13820,1
3,13825,1
3,13830,1
3,13832,1
3,13836,1
3,13840,1
3,13841,0
3,13843,1
3,13846,0
3,13847,1
3,13851,0
3,13852,1
3,13855,0
3,13862,1
3,13870,0
3,13870,1
3,13872,0
3,13876,0
3,13879,1
3,13884,1
3,13885,1
3,13886,0
3,13888,1
3,13890,1
3,13893,1
3,13898,1
3,13900,0
3,13901,0
3,13907,1
3,13909,0
3,13910,0
3,13911,0
3,13914,0
3,13917,0
3,13917,1
3,13918,0
3,13918,1
3,13924,0
3,13929,1
3,13932,1
3,13939,0
3,13943,1
3,13944,0
3,13948,1
3,13950,1
3,13956,0
3,13957,1
3,13964,1
3,13965,0
3,13968,0
3,13971,1
3,13974,0
3,13975,0
3,13976,0
3,13979,1
3,13982,1
3,13983,1
3,13991,0
3,13991,1
3,13993,0
3,13994,1
3,13996,0
3,13998,1
3,13999,1
3,14000,0
3,14002,1
3,14005,1
3,14006,0
3,14007,1
3,14008,1
3,14013,0
3,14015,1
3,14018,0
3,14019,1
3,14020,0
3,14020,1
3,14021,0
3,14023,1
3,14028,0
3,14031,0
3,14033,0
3,14035,0
3,14037,0
3,14038,0
3,14039,1
3,14042,0
3,14042,1
3,14043,0
3,14043,1
3,14049,1
3,14050,0
3,14052,1
3,14054,0
3,14054,1
3,14055,0
3,14056,0
3,14057,1
3,14058,1
3,14064,0
3,14069,0
3,14071,1
3,14072,1
3,14075,0
3,14075,1
3,14076,0
3,14078,1
3,14081,0
3,14084,1
3,14087,1
3,14088,0
3,14089,0
3,14091,0
3,14093,0
3,14094,0
3,14096,1
3,14097,0
3,14101,1
3,14102,0
3,14103,0
3,14103,1
3,14104,0
3,14105,0
3,14106,0
3,14107,0
3,14108,0
3,14108,1
3,14110,1
3,14111,1
3,14112,1
3,14113,0
3,14119,0
3,14120,0
3,14122,0
3,14123,0
3,14124,1
3,14125,1
3,14127,1
3,14128,1
3,14130,1
3,14131,1
3,14132,0
3,14138,0
3,14140,1
3,14143,0
3,14144,0
3,14148,0
3,14149,0
3,14150,0
3,14151,0
3,14157,0
3,14158,0
3,14160,1
3,14161,1
3,14162,0
3,14162,1
3,14164,1
3,14166,0
3,14166,1
3,14171,1
3,14181,0
3,14181,1
3,14182,1
3,14185,0
3,14191,0
3,14191,1
3,14193,0
3,14197,1
3,14199,0
3,14199,1
3,14200,0
3,14201,0
3,14202,1
3,14204,0
3,14206,0
3,14211,0
3,14213,1
3,14214,1
3,14215,1
3,14216,1
3,14219,1
3,14220,0
3,14222,1
3,14223,0
3,14224,0
3,14225,1
3,14226,1
3,14228,0
3,14229,0
3,14229,1
3,14231,0
3,14232,1
3,14233,0
3,14235,0
3,14235,1
3,14240,1
3,14241,0
3,14242,1
3,14243,1
3,14248,1
3,14249,1
3,14251,0
3,14252,1
3,14255,1
3,14256,1
3,14259,1
3,14260,0
3,14262,0
3,14266,1
3,14268,0
3,14269,0
3,14271,1
3,14274,0
3,14275,0
3,14275,1
3,14276,1
3,14278,1
3,14282,0
3,14283,1
3,14291,0
3,14292,1
3,14293,0
3,14295,1
3,14296,0
3,14297,0
3,14298,1
3,14302,1
3,14306,0
3,14311,1
3,14312,1
3,14313,0
3,14321,0
3,14322,1
3,14323,0
3,14330,0
3,14330,1
3,14333,1
3,14334,0
3,14336,0
3,14340,0
3,14341,1
3,14342,1
3,14347,1
3,14349,0
3,14351,0
3,14353,1
3,14357,1
3,14361,0
3,14374,0
3,14375,0
3,14375,1
3,14377,0
3,14378,1
3,14379,1
3,14380,0
3,14384,1
3,14387,1
3,14388,0
3,14390,1
3,14391,0
3,14392,0
3,14395,1
3,14397,1
3,14399,0
3,14403,0
3,14405,0
3,14406,0
3,14408,1
3,14409,0
3,14410,1
3,14411,0
3,14411,1
3,14415,1
3,14416,1
3,14419,0
3,14427,0
3,14429,1
3,14433,1
3,14437,1
3,14438,0
3,14441,0
3,14443,0
3,14445,1
3,14446,0
3,14451,1
3,14454,1
3,14455,1
3,14459,1
3,14466,1
3,14472,0
3,14474,0
3,14476,0
3,14478,1
3,14480,1
3,14482,1
3,14483,1
3,14485,1
3,14489,0
3,14494,1
3,14496,1
3,14500,0
3,14503,1
3,14505,0
3,14505,1
3,14508,0
3,14509,0
3,14512,0
3,14521,1
3,14522,1
3,14525,1
3,14526,1
3,14529,1
3,14534,0
3,14543,1
3,14546,1
3,14551,1
3,14556,0
3,14559,1
3,14566,1
3,14567,0
3,14567,1
3,14568,0
3,14575,1
3,14576,0
3,14578,1
3,14579,1
3,14599,1
3,14602,0
3,14604,1
3,14608,0
3,14608,1
3,14610,0
3,14611,0
3,14613,0
3,14613,1
3,14614,1
3,14619,0
3,14626,0
3,14628,1
3,14632,1
3,14636,0
3,14642,0
3,14643,0
3,14646,0
3,14648,1
3,14650,0
3,14651,1
3,14652,1
3,14655,0
3,14658,0
3,14659,1
3,14660,1
3,14661,1
3,14662,0
3,14662,1
3,14663,1
3,14664,1
3,14669,1
3,14674,0
3,14678,1
3,14684,1
3,14691,1
3,14692,1
3,14694,0
3,14696,0
3,14696,1
3,14709,0
3,14710,1
3,14716,1
3,14722,0
3,14722,1
3,14727,1
3,14739,1
3,14741,0
3,14744,1
3,14746,1
3,14750,0
3,14752,0
3,14753,0
3,14754,1
3,14755,0
3,14766,0
3,14766,1
3,14767,1
3,14769,0
3,14770,0
3,14771,1
3,14772,0
3,14774,1
3,14777,0
3,14781,1
3,14782,0
3,14784,0
3,14789,1
3,14797,1
3,14807,1
3,14811,0
3,14812,0
3,14822,0
3,14823,1
3,14832,0
3,14832,1
3,14838,0
3,14841,0
3,14846,0
3,14848,0
3,14849,0
3,14855,1
3,14860,0
3,14863,1
3,14870,1
3,14879,1
3,14880,1
3,14893,0
3,14908,1
3,14911,0
3,14931,0
3,14933,1
3,14935,0
3,14940,1
3,14941,1
3,14951,1
3,14973,1
3,14978,1
3,14982,1
3,15012,1
3,15034,1
3,15065,1
3,15087,0
3,15091,0
3,15092,1
3,15104,1
3,15105,0
3,15111,1
3,15113,0
3,15113,1
3,15116,1
3,15122,0
3,15124,0
3,15126,1
3,15132,1
3,15135,0
3,15136,0
3,15138,0
3,15139,0
3,15141,0
3,15141,1
3,15145,0
3,15152,1
3,15158,0
3,15158,1
3,15160,0
3,15161,1
3,15168,0
3,15170,1
3,15172,0
3,15173,0
3,15174,0
3,15178,0
3,15184,1
3,15190,0
3,15192,0
3,15193,0
3,15198,1
3,15199,0
3,15200,1
3,15203,1
3,15204,0
3,15205,0
3,15209,0
3,15216,0
3,15216,1
3,15219,1
3,15236,0
3,15241,0
3,15246,0
3,15248,1
3,15251,1
3,15253,1
3,15256,0
3,15263,1
3,15267,0
3,15281,1
3,15283,1
3,15284,0
3,15287,1
3,15288,0
3,15292,0
3,15301,0
3,15302,0
3,15312,1
3,15314,1
3,15320,0
3,15328,0
3,15336,1
3,15338,1
3,15390,1
3,15393,1
3,15401,1
3,15408,0
3,15408,1
3,15417,1
3,15422,0
3,15423,0
3,15484,1
3,15617,0
3,15619,0
3,15628,0
3,15658,1
3,15727,1
3,15911,1
3,16182,0
3,16187,0
3,16190,1
3,16195,0
3,16200,0
3,16234,0
3,16239,1
3,16244,0
3,16249,0
3,16263,0
3,16267,1
3,16268,1
3,16272,0
3,16273,0
3,16277,0
3,16278,1
3,16348,0
3,16353,0
3,16362,1
3,16364,1
3,16367,1
3,16369,0
3,16382,0
4,1,0
4,6,0
4,11,1
4,16,1
4,18,1
4,21,1
4,23,0
4,24,1
4,26,0
4,27,0
4,29,0
4,29,1
4,30,0
4,32,0
4,32,1
4,34,0
4,35,0
4,35,1
4,37,0
4,37,1
4,38,1
4,40,1
4,42,0
4,42,1
4,43,0
4,44,0
4,45,1
4,47,0
4,49,0
4,49,1
4,52,0
4,54,0
4,55,1
4,56,1
4,57,0
4,58,0
4,61,1
4,63,0
4,66,1
4,67,1
4,70,1
4,71,0
4,75,0
4,76,1
4,81,0
4,91,0
4,96,1
4,98,1
4,101,0
4,102,0
4,103,0
4,103,1
4,107,0
4,107,1
4,112,0
4,112,1
4,116,1
4,117,0
4,119,0
4,121,1
4,122,0
4,124,0
4,126,0
4,132,0
4,137,0
4,137,1
4,142,0
4,142,1
4,145,1
4,147,0
4,149,0
4,150,0
4,150,1
4,152,1
4,153,0
4,154,1
4,155,0
4,156,0
4,158,0
4,158,1
4,160,1
4,161,0
4,161,1
4,163,1
4,165,1
4,166,0
4,168,0
4,170,1
4,172,0
4,173,1
4,177,0
4,178,0
4,178,1
4,182,0
4,183,1
4,203,1
4,207,0
4,208,1
4,212,0
4,218,1
4,219,1
4,223,0
4,223,1
4,224,0
4,230,0
4,235,0
4,240,0
4,240,1
4,245,1
4,249,0
4,249,1
4,258,0
4,269,0
4,273,0
4,278,0
4,278,1
4,281,0
4,282,0
4,283,1
4,286,1
4,287,1
4,289,1
4,291,1
4,294,1
4,295,0
4,296,0
4,298,0
4,299,0
4,300,0
4,302,0
4,302,1
4,304,1
4,307,1
4,308,1
4,312,1
4,313,1
4,315,1
4,317,0
4,320,1
4,325,0
4,329,1
4,330,0
4,333,0
4,335,0
4,338,0
4,340,1
4,342,0
4,346,0
4,346,1
4,347,1
4,354,1
4,359,0
4,367,0
4,372,0
4,372,1
4,377,0
4,378,0
4,379,0
4,395,1
4,397,0
4,398,0
4,400,0
4,407,1
4,416,1
4,420,0
4,421,1
4,425,1
4,426,1
4,429,0
4,430,1
4,431,0
4,433,0
4,437,1
4,438,0
4,442,1
4,443,0
4,443,1
4,444,1
4,446,0
4,447,0
4,448,1
4,449,1
4,451,0
4,452,0
4,453,1
4,454,0
4,460,1
4,463,1
4,465,1
4,477,0
4,482,0
4,485,1
4,490,1
4,494,0
4,495,1
4,500,0
4,500,1
4,505,0
4,507,0
4,512,0
4,513,1
4,518,0
4,519,1
4,521,1
4,523,0
4,523,1
4,524,0
4,526,0
4,527,0
4,527,1
4,528,1
4,529,1
4,531,0
4,531,1
4,544,1
4,553,0
4,558,1
4,563,0
4,565,0
4,569,0
4,571,1
4,574,0
4,576,1
4,584,1
4,585,1
4,588,1
4,590,1
4,595,1
4,598,1
4,599,0
4,600,0
4,603,1
4,605,0
4,605,1
4,630,0
4,652,1
4,679,1
4,708,0
4,719,0
4,724,1
4,739,1
4,773,1
4,774,1
4,777,1
4,784,0
4,788,0
4,795,1
4,796,0
4,797,1
4,803,0
4,812,1
4,816,0
4,816,1
4,822,1
4,825,0
4,827,0
4,833,1
4,843,1
4,863,0
4,871,0
4,889,0
4,889,1
4,923,1
4,934,0
4,1063,1
4,1071,0
4,1085,0
4,1107,0
4,1112,1
4,1201,0
4,1851,0
4,2054,0
4,2056,0
4,2059,0
4,2103,1
4,2108,1
4,2116,0
4,2201,0
4,2206,0
4,2206,1
4,2207,0
4,2211,1
4,2212,0
4,2217,0
4,2217,1
4,2222,0
4,2227,1
4,2232,0
4,2268,0
4,2273,1
4,2278,0
4,2309,1
4,2314,1
4,2319,0
4,2324,1
4,2331,1
4,2336,1
4,2341,1
4,2344,1
4,2346,1
4,2349,0
4,2349,1
4,2366,1
4,2371,1
4,2375,0
4,2376,1
4,2379,0
4,2384,0
4,2384,1
4,2390,1
4,2392,1
4,2395,1
4,2397,0
4,2402,1
4,2415,0
4,2439,0
4,2444,0
4,2444,1
4,2449,1
4,2454,1
4,2459,0
4,2465,0
4,2468,1
4,2469,0
4,2470,1
4,2472,0
4,2473,0
4,2473,1
4,2474,1
4,2477,0
4,2490,0
4,2495,1
4,2500,0
4,2505,1
4,2506,1
4,2507,1
4,2511,0
4,2512,1
4,2515,1
4,2516,0
4,2516,1
4,2517,0
4,2518,1
4,2520,0
4,2520,1
4,2521,1
4,2523,1
4,2524,1
4,2525,0
4,2529,0
4,2533,0
4,2535,1
4,2538,0
4,2540,0
4,2540,1
4,2543,1
4,2545,1
4,2557,0
4,2580,1
4,2582,1
4,2583,1
4,2585,1
4,2588,1
4,2590,0
4,2592,1
4,2593,1
4,2594,1
4,2595,0
4,2597,1
4,2598,0
4,2604,0
4,2611,0
4,2613,0
4,2616,0
4,2616,1
4,2618,0
4,2621,1
4,2630,1
4,2635,0
4,2635,1
4,2639,1
4,2640,0
4,2640,1
4,2644,1
4,2646,0
4,2651,0
4,2656,0
4,2659,1
4,2662,1
4,2663,0
4,2666,0
4,2667,0
4,2668,0
4,2671,0
4,2671,1
4,2673,1
4,2674,1
4,2675,0
4,2676,1
4,2678,0
4,2679,0
4,2679,1
4,2680,1
4,2683,1
4,2684,0
4,2684,1
4,2685,0
4,2687,1
4,2688,0
4,2688,1
4,2692,1
4,2693,1
4,2694,0
4,2695,0
4,2696,0
4,2697,0
4,2698,1
4,2699,0
4,2700,1
4,2704,0
4,2706,1
4,2707,0
4,2709,0
4,2713,1
4,2715,1
4,2718,1
4,2721,1
4,2723,0
4,2726,0
4,2726,1
4,2728,0
4,2733,0
4,2735,0
4,2735,1
4,2738,0
4,2739,1
4,2740,0
4,2741,0
4,2742,0
4,2742,1
4,2744,1
4,2745,1
4,2746,1
4,2747,0
4,2748,0
4,2749,0
4,2749,1
4,2750,1
4,2754,0
4,2754,1
4,2765,0
4,2767,0
4,2770,0
4,2775,0
4,2799,0
4,2803,0
4,2804,1
4,2814,1
4,2830,1
4,2837,1
4,3072,0
4,3077,0
4,3098,0
4,3441,1
4,3560,0
4,3585,1
4,3590,0
4,3839,0
4,3850,1
4,3855,0
4,3860,1
4,3865,0
4,3870,0
4,3870,1
4,3875,1
4,3880,0
4,3908,0
4,3913,0
4,3932,0
4,3937,0
4,3942,1
4,3944,1
4,3947,0
4,3947,1
4,3952,1
4,3957,1
4,3962,0
4,3962,1
4,3966,0
4,3971,1
4,3972,0
4,3976,0
4,3977,0
4,3982,0
4,3987,0
4,3997,1
4,3998,0
4,4002,1
4,4003,1
4,4007,1
4,4008,0
4,4012,0
4,4012,1
4,4017,1
4,4027,0
4,4032,0
4,4042,1
4,4047,0
4,4047,1
4,4057,0
4,4062,0
4,4063,1
4,4067,0
4,4067,1
4,4068,1
4,4072,0
4,4077,0
4,4081,0
4,4082,0
4,4082,1
4,4084,1
4,4086,1
4,4089,0
4,4090,0
4,4094,0
4,4094,1
4,4095,1
4,4101,0
4,4104,0
4,4106,0
4,4106,1
4,4109,0
4,4111,1
4,4114,0
4,4116,1
4,4119,1
4,4121,0
4,4122,1
4,4124,1
4,4126,0
4,4126,1
4,4129,1
4,4130,1
4,4131,0
4,4133,0
4,4134,0
4,4136,1
4,4138,0
4,4140,0
4,4143,0
4,4144,1
4,4145,1
4,4148,0
4,4152,0
4,4152,1
4,4153,0
4,4155,0
4,4155,1
4,4157,1
4,4158,0
4,4160,0
4,4160,1
4,4162,1
4,4163,0
4,4163,1
4,4164,0
4,4165,1
4,4167,1
4,4168,0
4,4168,1
4,4169,0
4,4170,0
4,4172,1
4,4173,1
4,4175,0
4,4177,0
4,4179,0
4,4180,0
4,4181,0
4,4183,1
4,4185,1
4,4188,0
4,4188,1
4,4189,1
4,4190,0
4,4190,1
4,4191,0
4,4192,0
4,4193,1
4,4194,1
4,4196,0
4,4196,1
4,4197,1
4,4198,1
4,4199,0
4,4201,1
4,4203,1
4,4204,1
4,4206,0
4,4208,0
4,4211,1
4,4213,0
4,4216,1
4,4218,0
4,4221,1
4,4222,0
4,4226,0
4,4226,1
4,4227,0
4,4228,1
4,4231,1
4,4232,1
4,4233,1
4,4236,0
4,4240,0
4,4242,0
4,4244,1
4,4245,0
4,4250,0
4,4250,1
4,4254,1
4,4255,0
4,4259,0
4,4260,1
4,4262,0
4,4265,0
4,4270,0
4,4273,0
4,4290,0
4,4291,1
4,4295,0
4,4295,1
4,4296,1
4,4297,1
4,4298,1
4,4299,1
4,4301,0
4,4301,1
4,4303,0
4,4304,0
4,4304,1
4,4307,0
4,4308,0
4,4312,0
4,4312,1
4,4313,0
4,4316,0
4,4318,0
4,4321,0
4,4322,0
4,4323,0
4,4327,1
4,4328,0
4,4329,0
4,4332,1
4,4333,0
4,4334,1
4,4336,0
4,4337,0
4,4338,1
4,4339,0
4,4340,0
4,4341,0
4,4343,0
4,4344,1
4,4345,1
4,4346,1
4,4348,0
4,4349,1
4,4350,0
4,4359,1
4,4364,1
4,4365,1
4,4369,0
4,4371,0
4,4372,1
4,4374,1
4,4377,0
4,4383,1
4,4384,1
4,4385,1
4,4387,0
4,4389,0
4,4390,0
4,4391,0
4,4392,0
4,4392,1
4,4396,0
4,4398,0
4,4400,0
4,4401,0
4,4403,0
4,4405,0
4,4406,0
4,4406,1
4,4408,0
4,4408,1
4,4409,0
4,4410,0
4,4410,1
4,4411,1
4,4413,1
4,4414,0
4,4414,1
4,4418,0
4,4419,0
4,4419,1
4,4420,0
4,4423,0
4,4423,1
4,4424,0
4,4424,1
4,4425,1
4,4428,0
4,4429,0
4,4430,1
4,4433,0
4,4436,0
4,4438,0
4,4438,1
4,4441,1
4,4457,0
4,4460,0
4,4462,0
4,4462,1
4,4465,0
4,4465,1
4,4469,0
4,4474,0
4,4477,1
4,4482,0
4,4486,1
4,4493,0
4,4498,0
4,4503,1
4,4523,0
4,4525,1
4,4528,0
4,4541,0
4,4546,0
4,4547,1
4,4548,0
4,4549,1
4,4551,1
4,4552,1
4,4553,0
4,4559,1
4,4560,1
4,4562,1
4,4564,0
4,4564,1
4,4565,0
4,4566,0
4,4569,0
4,4570,0
4,4571,1
4,4576,1
4,4578,0
4,4580,0
4,4583,1
4,4588,1
4,4591,0
4,4591,1
4,4593,0
4,4600,0
4,4604,0
4,4605,0
4,4605,1
4,4607,0
4,4608,1
4,4611,1
4,4613,0
4,4613,1
4,4615,0
4,4616,1
4,4617,1
4,4618,1
4,4619,1
4,4620,0
4,4620,1
4,4622,0
4,4622,1
4,4624,0
4,4625,0
4,4626,1
4,4627,0
4,4628,1
4,4630,1
4,4631,1
4,4632,0
4,4633,1
4,4636,0
4,4640,1
4,4645,0
4,4649,0
4,4650,1
4,4652,1
4,4654,0
4,4655,0
4,4655,1
4,4662,0
4,4668,0
4,4672,0
4,4673,1
4,4674,1
4,4676,1
4,4677,0
4,4677,1
4,4678,1
4,4682,1
4,4683,0
4,4684,1
4,4685,1
4,4687,0
4,4688,1
4,4690,0
4,4691,0
4,4693,0
4,4693,1
4,4694,0
4,4696,0
4,4698,0
4,4700,0
4,4703,1
4,4705,1
4,4706,0
4,4708,0
4,4708,1
4,4711,0
4,4714,0
4,4716,0
4,4718,0
4,4719,1
4,4720,0
4,4723,0
4,4725,0
4,4725,1
4,4726,1
4,4730,1
4,4731,0
4,4731,1
4,4734,1
4,4735,0
4,4736,1
4,4737,0
4,4738,0
4,4739,0
4,4741,0
4,4744,1
4,4745,1
4,4746,0
4,4748,1
4,4749,1
4,4752,0
4,4756,0
4,4756,1
4,4758,1
4,4759,0
4,4761,1
4,4763,0
4,4766,1
4,4771,0
4,4773,1
4,4775,0
4,4777,0
4,4778,0
4,4780,0
4,4781,0
4,4787,0
4,4790,0
4,4792,0
4,4792,1
4,4794,1
4,4795,1
4,4798,0
4,4798,1
4,4799,0
4,4799,1
4,4800,1
4,4801,0
4,4802,1
4,4804,1
4,4806,0
4,4809,0
4,4809,1
4,4811,1
4,4813,1
4,4815,0
4,4816,0
4,4817,0
4,4821,0
4,4822,0
4,4826,0
4,4827,0
4,4827,1
4,4828,0
4,4830,1
4,4833,0
4,4837,0
4,4841,1
4,4842,0
4,4843,0
4,4843,1
4,4846,0
4,4847,0
4,4847,1
4,4849,0
4,4851,0
4,4851,1
4,4852,1
4,4854,0
4,4855,1
4,4866,0
4,4867,1
4,4868,0
4,4869,1
4,4870,0
4,4870,1
4,4874,0
4,4875,0
4,4875,1
4,4877,1
4,4878,0
4,4880,0
4,4883,0
4,4883,1
4,4885,0
4,4885,1
4,4888,0
4,4890,0
4,4890,1
4,4891,1
4,4892,0
4,4895,1
4,4900,0
4,4901,0
4,4903,1
4,4904,0
4,4904,1
4,4906,0
4,4907,1
4,4908,0
4,4908,1
4,4909,0
4,4912,1
4,4914,1
4,4916,0
4,4917,0
4,4919,1
4,4921,1
4,4923,0
4,4925,1
4,4926,1
4,4927,1
4,4928,1
4,4929,1
4,4933,0
4,4933,1
4,4937,0
4,4938,0
4,4938,1
4,4940,1
4,4941,1
4,4943,1
4,4944,1
4,4945,0
4,4946,0
4,4948,1
4,4949,1
4,4952,1
4,4953,0
4,4954,0
4,4956,0
4,4957,0
4,4957,1
4,4959,0
4,4964,0
4,4964,1
4,4965,0
4,4967,1
4,4969,1
4,4970,1
4,4972,0
4,4972,1
4,4974,1
4,4977,0
4,4977,1
4,4978,0
4,4978,1
4,4979,0
4,4979,1
4,4983,0
4,4983,1
4,4984,1
4,4985,1
4,4986,0
4,4986,1
4,4987,0
4,4987,1
4,4988,1
4,4989,0
4,4990,1
4,4992,0
4,4992,1
4,4993,0
4,4993,1
4,4994,0
4,4995,1
4,4998,1
4,4999,1
4,5000,1
4,5004,0
4,5007,1
4,5009,1
4,5012,0
4,5014,0
4,5014,1
4,5017,1
4,5019,0
4,5021,1
4,5024,0
4,5025,0
4,5026,0
4,5028,0
4,5030,0
4,5031,0
4,5032,1
4,5033,0
4,5034,0
4,5034,1
4,5035,1
4,5036,0
4,5038,0
4,5039,0
4,5040,0
4,5040,1
4,5042,1
4,5043,1
4,5044,0
4,5044,1
4,5048,1
4,5049,0
4,5050,0
4,5050,1
4,5053,1
4,5054,0
4,5055,0
4,5056,1
4,5057,1
4,5062,1
4,5063,0
4,5063,1
4,5064,0
4,5064,1
4,5067,1
4,5068,0
4,5071,1
4,5072,0
4,5072,1
4,5075,1
4,5076,0
4,5076,1
4,5077,0
4,5080,0
4,5081,0
4,5081,1
4,5085,1
4,5086,0
4,5086,1
4,5087,0
4,5087,1
4,5090,0
4,5090,1
4,5092,0
4,5092,1
4,5095,0
4,5095,1
4,5099,1
4,5100,0
4,5104,0
4,5106,1
4,5108,1
4,5109,1
4,5110,0
4,5112,0
4,5112,1
4,5113,0
4,5114,1
4,5115,1
4,5117,0
4,5118,0
4,5119,0
4,5119,1
4,5123,0
4,5123,1
4,5127,0
4,5129,0
4,5130,1
4,5131,0
4,5132,0
4,5135,0
4,5137,0
4,5137,1
4,5138,1
4,5140,0
4,5142,1
4,5143,0
4,5147,0
4,5148,0
4,5149,1
4,5150,0
4,5152,0
4,5153,1
4,5155,0
4,5158,0
4,5163,0
4,5164,0
4,5165,1
4,5169,1
4,5170,0
4,5170,1
4,5171,0
4,5171,1
4,5172,1
4,5173,0
4,5175,1
4,5176,0
4,5182,1
4,5183,0
4,5185,0
4,5188,0
4,5189,0
4,5192,0
4,5192,1
4,5193,0
4,5194,0
4,5200,1
4,5204,0
4,5204,1
4,5205,0
4,5206,0
4,5206,1
4,5207,0
4,5207,1
4,5208,0
4,5209,0
4,5209,1
4,5212,0
4,5213,0
4,5213,1
4,5218,1
4,5221,1
4,5225,1
4,5226,0
4,5226,1
4,5227,0
4,5230,1
4,5231,0
4,5232,1
4,5235,0
4,5239,1
4,5240,1
4,5248,1
4,5253,1
4,5254,1
4,5255,0
4,5256,0
4,5259,1
4,5263,1
4,5264,0
4,5265,1
4,5266,0
4,5269,1
4,5270,0
4,5271,0
4,5273,0
4,5278,0
4,5281,0
4,5283,0
4,5285,1
4,5287,0
4,5288,1
4,5295,0
4,5296,0
4,5297,1
4,5301,0
4,5307,1
4,5311,0
4,5312,1
4,5321,0
4,5322,0
4,5331,0
4,5335,1
4,5337,0
4,5342,1
4,5344,0
4,5354,0
4,5356,0
4,5359,0
4,5359,1
4,5361,0
4,5361,1
4,5364,0
4,5364,1
4,5366,0
4,5366,1
4,5367,1
4,5368,1
4,5372,1
4,5375,0
4,5381,0
4,5386,0
4,5390,1
4,5391,1
4,5392,1
4,5393,0
4,5396,0
4,5398,0
4,5400,1
4,5402,1
4,5403,0
4,5408,0
4,5408,1
4,5409,0
4,5411,0
4,5411,1
4,5415,0
4,5420,0
4,5420,1
4,5422,0
4,5425,1
4,5427,1
4,5431,1
4,5433,0
4,5435,1
4,5440,1
4,5441,1
4,5442,1
4,5456,0
4,5463,0
4,5468,1
4,5472,1
4,5476,1
4,5479,0
4,5479,1
4,5486,0
4,5487,1
4,5493,1
4,5494,1
4,5495,1
4,5497,1
4,5500,0
4,5501,1
4,5504,0
4,5504,1
4,5505,0
4,5506,0
4,5506,1
4,5507,0
4,5509,0
4,5510,0
4,5511,0
4,5512,0
4,5517,0
4,5519,1
4,5520,1
4,5522,0
4,5523,0
4,5526,0
4,5531,1
4,5535,1
4,5536,0
4,5538,0
4,5538,1
4,5540,0
4,5543,0
4,5544,0
4,5546,1
4,5551,1
4,5563,1
4,5568,0
4,5569,0
4,5571,1
4,5573,1
4,5574,0
4,5577,1
4,5579,0
4,5581,0
4,5586,0
4,5586,1
4,5587,0
4,5590,1
4,5591,1
4,5594,1
4,5595,0
4,5597,1
4,5602,0
4,5603,1
4,5605,1
4,5608,0
4,5610,1
4,5612,1
4,5613,1
4,5616,0
4,5617,0
4,5620,1
4,5621,1
4,5625,0
4,5625,1
4,5629,1
4,5631,0
4,5635,1
4,5636,0
4,5637,1
4,5639,0
4,5644,0
4,5644,1
4,5646,1
4,5647,0
4,5650,1
4,5651,0
4,5652,1
4,5673,0
4,5674,0
4,5676,1
4,5680,0
4,5681,0
4,5685,1
4,5686,0
4,5692,0
4,5695,0
4,5697,0
4,5700,0
4,5701,0
4,5705,0
4,5710,1
4,5711,0
4,5715,1
4,5725,1
4,5731,0
4,5732,0
4,5735,1
4,5736,1
4,5742,1
4,5747,1
4,5752,0
4,5755,1
4,5758,0
4,5764,1
4,5765,1
4,5769,1
4,5770,1
4,5773,0
4,5776,0
4,5781,1
4,5782,0
4,5783,1
4,5785,1
4,5788,0
4,5790,1
4,5797,0
4,5798,0
4,5799,1
4,5800,1
4,5802,1
4,5805,1
4,5808,0
4,5809,1
4,5814,0
4,5823,0
4,5828,0
4,5829,0
4,5835,1
4,5840,0
4,5842,1
4,5850,1
4,5865,0
4,5865,1
4,5867,0
4,5867,1
4,5868,1
4,5872,1
4,5874,0
4,5875,1
4,5877,0
4,5877,1
4,5879,0
4,5879,1
4,5882,1
4,5884,0
4,5884,1
4,5887,0
4,5887,1
4,5891,1
4,5892,0
4,5892,1
4,5893,1
4,5897,0
4,5897,1
4,5899,1
4,5900,1
4,5902,0
4,5905,1
4,5907,1
4,5909,0
4,5911,0
4,5912,1
4,5913,0
4,5914,1
4,5915,1
4,5917,0
4,5918,1
4,5922,1
4,5925,0
4,5926,1
4,5929,1
4,5930,0
4,5930,1
4,5932,0
4,5934,0
4,5934,1
4,5935,0
4,5935,1
4,5938,1
4,5940,1
4,5943,0
4,5944,0
4,5955,0
4,5957,1
4,5958,0
4,5960,1
4,5963,0
4,5968,0
4,5968,1
4,5970,1
4,5972,0
4,5972,1
4,5973,0
4,5974,0
4,5977,0
4,5977,1
4,5979,1
4,5980,0
4,5982,0
4,5985,1
4,5987,0
4,5989,1
4,5990,0
4,5993,0
4,5997,1
4,6000,1
4,6001,0
4,6003,0
4,6005,0
4,6009,0
4,6010,1
4,6012,0
4,6013,1
4,6014,1
4,6017,1
4,6020,0
4,6022,1
4,6023,0
4,6025,0
4,6025,1
4,6028,0
4,6028,1
4,6031,0
4,6032,1
4,6033,0
4,6033,1
4,6034,1
4,6038,1
4,6040,0
4,6042,0
4,6044,0
4,6047,0
4,6047,1
4,6048,0
4,6049,0
4,6049,1
4,6050,0
4,6050,1
4,6053,1
4,6054,1
4,6055,0
4,6059,1
4,6060,1
4,6061,1
4,6063,0
4,6065,0
4,6066,0
4,6068,1
4,6071,0
4,6073,0
4,6074,0
4,6075,1
4,6080,0
4,6080,1
4,6085,0
4,6089,0
4,6093,1
4,6094,0
4,6097,1
4,6100,1
4,6102,0
4,6102,1
4,6107,1
4,6109,1
4,6110,0
4,6110,1
4,6113,0
4,6114,0
4,6115,0
4,6115,1
4,6118,1
4,6119,1
4,6122,0
4,6123,1
4,6124,1
4,6133,0
4,6136,0
4,6137,0
4,6138,0
4,6141,0
4,6142,0
4,6143,0
4,6149,1
4,6151,0
4,6154,1
4,6155,1
4,6158,0
4,6158,1
4,6160,1
4,6161,1
4,6163,0
4,6165,1
4,6166,1
4,6169,1
4,6171,0
4,6174,0
4,6175,0
4,6178,1
4,6179,0
4,6180,1
4,6190,0
4,6194,0
4,6195,1
4,6196,0
4,6196,1
4,6200,0
4,6200,1
4,6201,0
4,6201,1
4,6204,1
4,6208,0
4,6210,0
4,6215,1
4,6216,0
4,6216,1
4,6220,1
4,6221,0
4,6221,1
4,6226,1
4,6231,0
4,6231,1
4,6232,0
4,6234,0
4,6237,0
4,6240,1
4,6242,1
4,6243,0
4,6245,0
4,6245,1
4,6249,1
4,6250,1
4,6251,0
4,6253,1
4,6254,0
4,6259,0
4,6259,1
4,6262,0
4,6263,0
4,6264,0
4,6267,0
4,6275,0
4,6276,1
4,6279,1
4,6280,1
4,6281,1
4,6283,0
4,6284,0
4,6284,1
4,6285,1
4,6286,0
4,6286,1
4,6289,0
4,6289,1
4,6291,0
4,6294,0
4,6295,0
4,6298,0
4,6299,0
4,6303,1
4,6304,0
4,6304,1
4,6306,0
4,6307,0
4,6308,1
4,6309,0
4,6309,1
4,6312,0
4,6316,1
4,6324,0
4,6328,1
4,6337,1
4,6339,1
4,6342,0
4,6346,0
4,6347,1
4,6348,1
4,6350,1
4,6351,0
4,6351,1
4,6352,1
4,6353,1
4,6358,0
4,6366,0
4,6366,1
4,6368,0
4,6370,0
4,6372,1
4,6373,0
4,6375,0
4,6382,0
4,6384,0
4,6385,1
4,6387,0
4,6388,1
4,6390,0
4,6390,1
4,6392,1
4,6393,1
4,6395,0
4,6395,1
4,6400,1
4,6401,0
4,6401,1
4,6402,0
4,6403,0
4,6405,1
4,6406,1
4,6407,0
4,6408,1
4,6410,0
4,6410,1
4,6415,0
4,6415,1
4,6416,0
4,6417,1
4,6421,0
4,6426,0
4,6427,1
4,6432,0
4,6433,1
4,6434,1
4,6437,0
4,6438,1
4,6439,0
4,6439,1
4,6443,1
4,6448,0
4,6451,0
4,6452,1
4,6453,0
4,6456,1
4,6457,1
4,6480,1
4,6481,0
4,6483,1
4,6485,1
4,6488,1
4,6490,1
4,6499,1
4,6504,0
4,6504,1
4,6506,0
4,6507,1
4,6512,0
4,6519,0
4,6520,1
4,6524,0
4,6529,0
4,6531,0
4,6532,1
4,6534,1
4,6537,0
4,6539,1
4,6543,0
4,6548,1
4,6552,1
4,6554,0
4,6557,1
4,6562,0
4,6562,1
4,6563,1
4,6571,1
4,6572,0
4,6576,0
4,6577,1
4,6578,0
4,6581,1
4,6583,1
4,6588,1
4,6594,1
4,6601,1
4,6606,1
4,6614,1
4,6627,0
4,6628,0
4,6629,1
4,6630,1
4,6632,0
4,6633,1
4,6634,0
4,6634,1
4,6643,0
4,6643,1
4,6648,1
4,6650,1
4,6653,0
4,6663,0
4,6665,1
4,6667,1
4,6675,1
4,6679,1
4,6680,0
4,6683,0
4,6688,1
4,6691,0
4,6692,0
4,6694,0
4,6695,1
4,6697,1
4,6699,0
4,6707,1
4,6715,0
4,6715,1
4,6717,1
4,6722,0
4,6723,0
4,6728,1
4,6735,1
4,6746,1
4,6756,0
4,6761,1
4,6771,0
4,6775,0
4,6783,1
4,6795,1
4,6812,0
4,6830,0
4,6846,0
4,6851,0
4,6886,1
4,6912,1
4,6918,1
4,6928,1
4,6936,1
4,6938,1
4,6951,1
4,6985,0
4,6990,0
4,6998,1
4,7021,0
4,7937,0
4,7942,0
4,7946,1
4,7947,1
4,7982,0
4,7983,1
4,7987,0
4,7993,0
4,7996,0
4,7998,1
4,8007,1
4,8011,1
4,8012,0
4,8017,1
4,8020,1
4,8024,1
4,8025,0
4,8029,0
4,8038,0
4,8042,0
4,8043,1
4,8047,1
4,8050,1
4,8054,0
4,8055,0
4,8058,1
4,8059,1
4,8060,1
4,8062,0
4,8063,1
4,8064,1
4,8065,1
4,8068,0
4,8070,1
4,8072,0
4,8073,1
4,8076,1
4,8078,0
4,8078,1
4,8080,0
4,8081,0
4,8086,1
4,8087,0
4,8088,0
4,8088,1
4,8089,0
4,8089,1
4,8091,0
4,8092,0
4,8093,1
4,8094,1
4,8095,1
4,8096,0
4,8097,0
4,8099,0
4,8101,0
4,8101,1
4,8104,0
4,8104,1
4,8105,0
4,8105,1
4,8106,0
4,8108,1
4,8109,1
4,8110,1
4,8111,1
4,8113,1
4,8114,1
4,8115,0
4,8115,1
4,8116,0
4,8117,0
4,8118,1
4,8120,1
4,8121,0
4,8122,1
4,8127,1
4,8128,1
4,8132,0
4,8133,1
4,8137,1
4,8138,0
4,8140,0
4,8140,1
4,8143,0
4,8145,0
4,8145,1
4,8146,1
4,8148,0
4,8149,1
4,8151,0
4,8151,1
4,8160,0
4,8160,1
4,8164,1
4,8165,0
4,8165,1
4,8166,0
4,8166,1
4,8167,0
4,8169,1
4,8170,0
4,8170,1
4,8171,1
4,8173,1
4,8174,0
4,8175,0
4,8176,0
4,8176,1
4,8179,0
4,8179,1
4,8180,0
4,8181,0
4,8181,1
4,8182,1
4,8183,0
4,8184,0
4,8187,1
4,8189,0
4,8192,0
4,8193,0
4,8196,0
4,8197,0
4,8198,0
4,8200,1
4,8201,0
4,8202,0
4,8203,1
4,8204,1
4,8206,0
4,8206,1
4,8208,1
4,8209,0
4,8209,1
4,8210,0
4,8211,0
4,8212,1
4,8213,0
4,8214,0
4,8215,1
4,8218,1
4,8219,0
4,8220,1
4,8222,1
4,8223,1
4,8224,0
4,8224,1
4,8225,1
4,8228,0
4,8230,0
4,8231,1
4,8232,0
4,8232,1
4,8235,0
4,8235,1
4,8236,0
4,8237,0
4,8237,1
4,8238,1
4,8239,0
4,8239,1
4,8240,1
4,8241,1
4,8242,1
4,8243,0
4,8244,0
4,8244,1
4,8247,1
4,8251,0
4,8251,1
4,8252,1
4,8255,0
4,8256,0
4,8257,1
4,8258,0
4,8260,1
4,8261,1
4,8263,1
4,8264,0
4,8265,1
4,8268,1
4,8269,1
4,8270,1
4,8271,1
4,8273,1
4,8274,0
4,8274,1
4,8275,0
4,8276,0
4,8279,0
4,8279,1
4,8280,1
4,8285,0
4,8285,1
4,8286,0
4,8287,1
4,8288,0
4,8290,1
4,8291,1
4,8292,0
4,8292,1
4,8293,0
4,8293,1
4,8294,0
4,8295,1
4,8296,0
4,8297,0
4,8297,1
4,8298,1
4,8299,0
4,8301,1
4,8302,0
4,8303,0
4,8304,0
4,8306,1
4,8309,0
4,8311,1
4,8312,0
4,8313,0
4,8313,1
4,8314,0
4,8314,1
4,8315,0
4,8317,1
4,8318,0
4,8319,0
4,8320,0
4,8321,1
4,8322,1
4,8323,1
4,8324,0
4,8324,1
4,8325,1
4,8327,0
4,8328,0
4,8329,0
4,8331,0
4,8331,1
4,8333,0
4,8334,1
4,8335,1
4,8336,0
4,8336,1
4,8338,1
4,8339,0
4,8340,1
4,8341,0
4,8341,1
4,8342,0
4,8343,0
4,8346,0
4,8346,1
4,8347,0
4,8347,1
4,8348,0
4,8349,1
4,8350,0
4,8351,0
4,8352,0
4,8352,1
4,8354,0
4,8359,0
4,8359,1
4,8360,1
4,8361,1
4,8362,0
4,8364,0
4,8365,0
4,8370,1
4,8371,0
4,8372,1
4,8374,1
4,8375,1
4,8376,1
4,8378,1
4,8379,0
4,8380,0
4,8380,1
4,8382,1
4,8383,0
4,8383,1
4,8387,1
4,8389,0
4,8390,0
4,8391,1
4,8392,0
4,8392,1
4,8393,0
4,8394,1
4,8395,0
4,8396,1
4,8397,1
4,8400,1
4,8402,0
4,8402,1
4,8403,1
4,8406,1
4,8408,1
4,8409,0
4,8411,0
4,8412,0
4,8413,0
4,8415,1
4,8417,1
4,8418,0
4,8419,0
4,8419,1
4,8420,0
4,8422,0
4,8423,0
4,8424,0
4,8425,1
4,8427,1
4,8429,0
4,8430,1
4,8431,0
4,8432,0
4,8432,1
4,8433,0
4,8433,1
4,8434,1
4,8435,0
4,8435,1
4,8436,0
4,8438,0
4,8439,0
4,8441,1
4,8442,1
4,8443,1
4,8444,1
4,8445,0
4,8445,1
4,8446,1
4,8447,1
4,8450,1
4,8451,1
4,8452,0
4,8452,1
4,8454,1
4,8457,0
4,8458,0
4,8459,1
4,8460,0
4,8460,1
4,8461,1
4,8462,0
4,8462,1
4,8465,0
4,8465,1
4,8468,0
4,8472,0
4,8473,1
4,8475,0
4,8478,0
4,8480,0
4,8481,0
4,8482,1
4,8483,0
4,8484,1
4,8487,0
4,8487,1
4,8491,0
4,8491,1
4,8493,0
4,8495,1
4,8496,0
4,8497,0
4,8498,0
4,8498,1
4,8500,0
4,8500,1
4,8503,0
4,8503,1
4,8507,1
4,8508,0
4,8511,0
4,8513,0
4,8517,0
4,8517,1
4,8520,1
4,8522,0
4,8523,0
4,8531,1
4,8532,0
4,8532,1
4,8535,0
4,8535,1
4,8536,0
4,8536,1
4,8540,0
4,8540,1
4,8541,0
4,8548,1
4,8549,0
4,8549,1
4,8550,0
4,8551,0
4,8553,0
4,8562,0
4,8563,1
4,8566,1
4,8567,0
4,8568,0
4,8568,1
4,8569,1
4,8571,1
4,8574,1
4,8575,0
4,8576,0
4,8577,1
4,8580,0
4,8581,0
4,8587,0
4,8588,1
4,8590,0
4,8591,1
4,8592,0
4,8593,1
4,8599,0
4,8599,1
4,8602,1
4,8605,1
4,8609,1
4,8610,1
4,8612,1
4,8614,0
4,8619,0
4,8620,0
4,8621,0
4,8622,0
4,8626,0
4,8627,1
4,8629,0
4,8630,1
4,8633,0
4,8635,0
4,8637,0
4,8637,1
4,8640,0
4,8640,1
4,8642,1
4,8645,0
4,8645,1
4,8649,1
4,8658,1
4,8667,1
4,8671,0
4,8673,0
4,8676,0
4,8678,0
4,8681,0
4,8684,1
4,8689,0
4,8690,0
4,8691,1
4,8693,1
4,8697,0
4,8699,1
4,8700,1
4,8702,1
4,8704,0
4,8704,1
4,8708,0
4,8709,1
4,8718,0
4,8734,1
4,8735,0
4,8738,1
4,8739,0
4,8740,1
4,8744,0
4,8746,0
4,8747,1
4,8751,1
4,8752,1
4,8753,1
4,8757,1
4,8758,0
4,8762,1
4,8768,1
4,8770,0
4,8772,0
4,8775,1
4,8781,1
4,8784,0
4,8793,1
4,8795,1
4,8800,1
4,8803,1
4,8809,1
4,8815,1
4,8818,0
4,8819,1
4,8820,1
4,8824,0
4,8824,1
4,8826,1
4,8830,0
4,8830,1
4,8835,0
4,8835,1
4,8837,1
4,8839,1
4,8840,0
4,8849,0
4,8851,0
4,8852,1
4,8854,1
4,8856,1
4,8857,0
4,8859,0
4,8862,1
4,8865,1
4,8870,0
4,8875,1
4,8879,0
4,8883,1
4,8884,0
4,8884,1
4,8885,0
4,8885,1
4,8892,0
4,8895,1
4,8896,0
4,8909,0
4,8920,0
4,8923,1
4,8926,0
4,8928,1
4,8940,1
4,8943,1
4,8944,0
4,8948,0
4,8950,0
4,8955,0
4,8962,1
4,8965,1
4,8967,1
4,8969,0
4,8971,0
4,8974,0
4,8974,1
4,8976,0
4,8979,0
4,8979,1
4,8981,1
4,8982,1
4,8983,1
4,8984,0
4,8985,0
4,8986,1
4,8987,1
4,8988,1
4,8989,0
4,8990,0
4,8991,0
4,8992,1
4,8996,1
4,8997,0
4,9005,1
4,9010,0
4,9013,1
4,9018,1
4,9021,1
4,9029,0
4,9034,1
4,9045,0
4,9064,0
4,9065,0
4,9070,0
4,9073,1
4,9075,1
4,9078,0
4,9080,0
4,9080,1
4,9086,0
4,9090,0
4,9093,0
4,9097,0
4,9108,1
4,9113,0
4,9117,1
4,9118,1
4,9123,0
4,9123,1
4,9125,1
4,9128,0
4,9137,1
4,9143,1
4,9153,1
4,9156,1
4,9158,1
4,9161,0
4,9163,1
4,9166,0
4,9166,1
4,9170,1
4,9171,0
4,9175,1
4,9180,0
4,9180,1
4,9190,1
4,9194,0
4,9195,0
4,9199,0
4,9199,1
4,9200,1
4,9201,0
4,9203,1
4,9204,1
4,9206,1
4,9209,1
4,9211,1
4,9214,0
4,9227,0
4,9232,1
4,9233,0
4,9234,0
4,9238,0
4,9238,1
4,9242,1
4,9243,0
4,9245,0
4,9246,1
4,9247,0
4,9248,0
4,9250,0
4,9251,0
4,9253,1
4,9261,0
4,9262,0
4,9264,0
4,9267,0
4,9269,0
4,9273,1
4,9278,0
4,9278,1
4,9282,1
4,9283,1
4,9285,1
4,9287,0
4,9290,1
4,9299,1
4,9304,1
4,9320,1
4,9327,0
4,9332,1
4,9335,0
4,9335,1
4,9337,1
4,9342,1
4,9343,0
4,9347,1
4,9348,1
4,9349,1
4,9352,0
4,9352,1
4,9354,1
4,9357,1
4,9361,1
4,9363,0
4,9365,0
4,9366,1
4,9370,1
4,9371,0
4,9371,1
4,9375,0
4,9377,0
4,9378,0
4,9380,0
4,9382,0
4,9382,1
4,9385,0
4,9387,1
4,9388,1
4,9392,1
4,9398,0
4,9399,1
4,9405,0
4,9410,1
4,9414,1
4,9419,0
4,9419,1
4,9421,0
4,9423,1
4,9424,1
4,9425,0
4,9430,1
4,9433,0
4,9434,1
4,9435,0
4,9438,1
4,9439,0
4,9440,1
4,9441,0
4,9443,0
4,9443,1
4,9445,0
4,9447,1
4,9448,0
4,9448,1
4,9449,1
4,9450,0
4,9451,1
4,9452,1
4,9453,0
4,9454,1
4,9455,0
4,9455,1
4,9457,1
4,9458,0
4,9460,1
4,9461,0
4,9465,1
4,9466,0
4,9470,0
4,9473,1
4,9475,0
4,9475,1
4,9478,1
4,9481,1
4,9482,0
4,9483,1
4,9485,0
4,9487,0
4,9487,1
4,9490,0
4,9490,1
4,9492,1
4,9494,1
4,9495,1
4,9496,1
4,9497,1
4,9498,0
4,9498,1
4,9499,0
4,9499,1
4,9500,0
4,9500,1
4,9501,0
4,9501,1
4,9505,0
4,9509,0
4,9510,1
4,9511,0
4,9512,0
4,9512,1
4,9513,1
4,9515,0
4,9515,1
4,9516,0
4,9517,0
4,9517,1
4,9518,0
4,9518,1
4,9519,1
4,9521,1
4,9522,0
4,9523,1
4,9526,0
4,9526,1
4,9527,0
4,9528,0
4,9528,1
4,9530,1
4,9532,0
4,9533,0
4,9537,1
4,9538,0
4,9540,1
4,9543,0
4,9543,1
4,9544,1
4,9546,0
4,9546,1
4,9547,1
4,9550,0
4,9552,1
4,9553,0
4,9554,0
4,9555,0
4,9556,0
4,9558,1
4,9562,0
4,9563,0
4,9566,1
4,9567,1
4,9568,0
4,9568,1
4,9571,1
4,9572,0
4,9573,0
4,9574,0
4,9574,1
4,9577,0
4,9580,0
4,9580,1
4,9582,0
4,9583,0
4,9583,1
4,9584,1
4,9585,1
4,9586,1
4,9587,0
4,9588,0
4,9588,1
4,9590,0
4,9591,1
4,9592,0
4,9594,0
4,9595,0
4,9596,0
4,9597,0
4,9598,1
4,9599,0
4,9599,1
4,9600,0
4,9601,0
4,9602,0
4,9603,0
4,9604,0
4,9604,1
4,9605,0
4,9606,0
4,9607,0
4,9607,1
4,9608,1
4,9609,0
4,9610,0
4,9612,0
4,9613,0
4,9614,0
4,9614,1
4,9617,0
4,9617,1
4,9618,0
4,9620,0
4,9621,1
4,9622,1
4,9624,0
4,9624,1
4,9625,0
4,9628,1
4,9629,1
4,9631,0
4,9631,1
4,9633,1
4,9634,1
4,9641,0
4,9643,0
4,9646,1
4,9648,1
4,9649,0
4,9652,1
4,9653,1
4,9654,0
4,9657,1
4,9660,0
4,9660,1
4,9661,0
4,9661,1
4,9664,0
4,9665,1
4,9666,0
4,9668,0
4,9669,1
4,9670,0
4,9670,1
4,9671,0
4,9671,1
4,9672,1
4,9673,0
4,9675,0
4,9676,0
4,9678,0
4,9679,1
4,9680,1
4,9681,1
4,9683,1
4,9685,0
4,9685,1
4,9686,0
4,9686,1
4,9687,1
4,9689,0
4,9690,0
4,9693,0
4,9694,0
4,9695,1
4,9699,1
4,9700,0
4,9701,0
4,9702,0
4,9705,0
4,9705,1
4,9706,1
4,9707,0
4,9709,0
4,9709,1
4,9712,1
4,9713,0
4,9714,0
4,9715,0
4,9716,0
4,9717,0
4,9718,0
4,9720,0
4,9720,1
4,9721,0
4,9721,1
4,9723,0
4,9726,1
4,9727,0
4,9727,1
4,9728,0
4,9729,0
4,9731,0
4,9735,0
4,9736,0
4,9738,0
4,9739,0
4,9739,1
4,9740,0
4,9741,0
4,9741,1
4,9742,0
4,9743,1
4,9744,0
4,9745,1
4,9747,0
4,9748,0
4,9749,0
4,9749,1
4,9750,0
4,9752,1
4,9753,1
4,9754,0
4,9756,1
4,9757,0
4,9758,0
4,9761,0
4,9762,0
4,9764,0
4,9764,1
4,9765,0
4,9768,0
4,9768,1
4,9771,0
4,9772,1
4,9775,0
4,9776,1
4,9778,1
4,9779,1
4,9780,0
4,9780,1
4,9782,1
4,9783,1
4,9784,0
4,9785,1
4,9786,0
4,9788,0
4,9791,1
4,9794,0
4,9795,0
4,9796,1
4,9797,1
4,9799,0
4,9801,0
4,9802,1
4,9803,1
4,9804,0
4,9805,0
4,9805,1
4,9806,0
4,9809,1
4,9810,0
4,9811,0
4,9811,1
4,9814,0
4,9816,0
4,9816,1
4,9817,1
4,9819,1
4,9820,1
4,9821,0
4,9825,0
4,9826,0
4,9826,1
4,9829,1
4,9830,1
4,9833,0
4,9834,0
4,9834,1
4,9835,1
4,9836,0
4,9837,0
4,9837,1
4,9838,0
4,9840,0
4,9841,0
4,9842,0
4,9843,0
4,9846,0
4,9847,1
4,9850,0
4,9851,0
4,9851,1
4,9852,0
4,9855,1
4,9858,0
4,9858,1
4,9859,0
4,9859,1
4,9860,0
4,9863,0
4,9864,0
4,9864,1
4,9865,0
4,9866,1
4,9868,0
4,9869,0
4,9871,1
4,9872,0
4,9873,1
4,9876,1
4,9877,0
4,9878,1
4,9880,0
4,9884,1
4,9887,0
4,9889,0
4,9893,0
4,9894,1
4,9897,1
4,9905,1
4,9906,0
4,9907,0
4,9908,1
4,9909,1
4,9913,1
4,9914,0
4,9914,1
4,9915,0
4,9915,1
4,9916,0
4,9917,1
4,9918,1
4,9921,0
4,9922,1
4,9923,1
4,9924,0
4,9924,1
4,9925,1
4,9928,0
4,9930,1
4,9931,1
4,9932,0
4,9934,0
4,9936,0
4,9937,1
4,9938,0
4,9938,1
4,9939,0
4,9940,0
4,9940,1
4,9941,0
4,9941,1
4,9942,1
4,9946,1
4,9947,0
4,9948,0
4,9948,1
4,9950,0
4,9951,1
4,9952,0
4,9953,0
4,9954,1
4,9955,1
4,9956,1
4,9965,0
4,9965,1
4,9966,0
4,9968,0
4,9969,1
4,9971,0
4,9971,1
4,9974,1
4,9976,0
4,9976,1
4,9977,0
4,9978,0
4,9978,1
4,9981,1
4,9982,0
4,9983,0
4,9983,1
4,9984,0
4,9985,0
4,9986,0
4,9987,0
4,9988,1
4,9991,0
4,9992,0
4,9993,1
4,9997,0
4,9999,0
4,10000,0
4,10000,1
4,10002,0
4,10004,0
4,10004,1
4,10006,0
4,10006,1
4,10007,0
4,10008,1
4,10010,1
4,10011,0
4,10012,0
4,10012,1
4,10013,1
4,10017,1
4,10021,1
4,10022,0
4,10023,0
4,10023,1
4,10025,1
4,10026,1
4,10027,1
4,10028,0
4,10029,1
4,10030,1
4,10032,0
4,10032,1
4,10033,0
4,10033,1
4,10034,1
4,10035,1
4,10036,0
4,10037,0
4,10037,1
4,10042,1
4,10043,0
4,10047,1
4,10048,1
4,10050,1
4,10051,0
4,10051,1
4,10057,0
4,10058,1
4,10060,0
4,10064,0
4,10064,1
4,10068,1
4,10070,0
4,10071,1
4,10073,1
4,10075,1
4,10079,0
4,10080,1
4,10083,0
4,10084,1
4,10087,0
4,10087,1
4,10088,0
4,10088,1
4,10096,0
4,10096,1
4,10097,1
4,10098,1
4,10103,0
4,10104,0
4,10107,1
4,10108,0
4,10108,1
4,10109,1
4,10110,1
4,10111,0
4,10112,0
4,10112,1
4,10113,0
4,10114,1
4,10115,0
4,10116,0
4,10116,1
4,10117,0
4,10117,1
4,10121,0
4,10121,1
4,10122,0
4,10122,1
4,10123,1
4,10125,1
4,10126,1
4,10127,0
4,10127,1
4,10128,0
4,10129,0
4,10130,0
4,10130,1
4,10131,1
4,10135,1
4,10136,1
4,10138,0
4,10140,1
4,10142,0
4,10145,1
4,10147,0
4,10147,1
4,10148,0
4,10149,0
4,10150,1
4,10151,1
4,10154,0
4,10154,1
4,10157,0
4,10158,0
4,10158,1
4,10159,0
4,10160,1
4,10161,0
4,10161,1
4,10162,0
4,10163,0
4,10165,1
4,10166,0
4,10167,0
4,10168,0
4,10168,1
4,10170,0
4,10170,1
4,10172,0
4,10173,1
4,10175,1
4,10177,0
4,10178,1
4,10179,1
4,10180,0
4,10181,0
4,10181,1
4,10182,1
4,10183,0
4,10183,1
4,10186,0
4,10187,0
4,10187,1
4,10188,1
4,10190,0
4,10195,1
4,10196,0
4,10197,1
4,10199,0
4,10200,1
4,10201,1
4,10203,0
4,10203,1
4,10204,0
4,10204,1
4,10205,1
4,10206,0
4,10207,0
4,10209,0
4,10212,1
4,10214,1
4,10216,1
4,10217,0
4,10218,0
4,10220,0
4,10222,1
4,10224,1
4,10225,1
4,10226,0
4,10227,1
4,10228,0
4,10229,1
4,10230,0
4,10230,1
4,10231,1
4,10232,0
4,10233,0
4,10233,1
4,10234,0
4,10235,0
4,10235,1
4,10237,0
4,10237,1
4,10238,1
4,10239,0
4,10239,1
4,10241,1
4,10243,1
4,10244,0
4,10244,1
4,10249,1
4,10251,0
4,10252,1
4,10255,0
4,10256,0
4,10256,1
4,10257,1
4,10258,1
4,10259,0
4,10260,0
4,10260,1
4,10261,1
4,10263,0
4,10263,1
4,10265,0
4,10265,1
4,10266,0
4,10267,0
4,10268,1
4,10270,0
4,10270,1
4,10273,1
4,10274,0
4,10275,0
4,10276,1
4,10277,0
4,10277,1
4,10281,0
4,10281,1
4,10282,0
4,10282,1
4,10284,1
4,10286,1
4,10290,1
4,10291,0
4,10293,0
4,10294,0
4,10297,0
4,10297,1
4,10298,1
4,10300,1
4,10301,0
4,10302,1
4,10303,0
4,10303,1
4,10304,0
4,10305,1
4,10306,0
4,10306,1
4,10307,0
4,10309,1
4,10310,1
4,10311,1
4,10312,0
4,10314,0
4,10316,0
4,10319,1
4,10320,0
4,10321,0
4,10321,1
4,10323,0
4,10326,1
4,10328,0
4,10328,1
4,10330,0
4,10331,0
4,10331,1
4,10333,1
4,10334,1
4,10335,0
4,10336,1
4,10337,0
4,10338,1
4,10339,1
4,10342,1
4,10343,0
4,10344,0
4,10344,1
4,10345,0
4,10346,0
4,10347,1
4,10350,0
4,10350,1
4,10352,0
4,10354,0
4,10355,0
4,10355,1
4,10357,1
4,10358,0
4,10358,1
4,10360,1
4,10361,1
4,10363,0
4,10363,1
4,10364,0
4,10366,1
4,10369,0
4,10371,1
4,10372,0
4,10373,0
4,10375,1
4,10376,1
4,10378,0
4,10378,1
4,10379,1
4,10380,0
4,10380,1
4,10382,1
4,10384,1
4,10386,1
4,10387,0
4,10387,1
4,10392,0
4,10393,1
4,10394,1
4,10395,1
4,10396,0
4,10396,1
4,10398,0
4,10399,1
4,10402,1
4,10403,1
4,10404,0
4,10404,1
4,10405,0
4,10406,1
4,10409,0
4,10410,0
4,10410,1
4,10412,0
4,10412,1
4,10414,1
4,10415,0
4,10416,0
4,10417,1
4,10418,1
4,10419,1
4,10420,1
4,10422,0
4,10422,1
4,10425,0
4,10425,1
4,10426,1
4,10428,0
4,10429,1
4,10431,0
4,10431,1
4,10434,0
4,10435,0
4,10436,1
4,10440,0
4,10440,1
4,10442,0
4,10443,1
4,10444,0
4,10448,1
4,10449,1
4,10451,0
4,10451,1
4,10453,0
4,10454,1
4,10455,0
4,10457,1
4,10458,1
4,10459,0
4,10460,1
4,10461,0
4,10461,1
4,10463,0
4,10468,0
4,10469,1
4,10474,1
4,10475,0
4,10476,1
4,10477,1
4,10480,1
4,10482,0
4,10482,1
4,10483,1
4,10485,0
4,10485,1
4,10486,1
4,10489,0
4,10490,0
4,10490,1
4,10491,0
4,10491,1
4,10496,1
4,10497,1
4,10498,0
4,10499,0
4,10499,1
4,10500,1
4,10501,1
4,10503,0
4,10505,1
4,10506,1
4,10508,1
4,10511,1
4,10514,1
4,10516,1
4,10517,0
4,10518,1
4,10519,0
4,10520,0
4,10521,0
4,10523,0
4,10524,0
4,10525,1
4,10526,0
4,10527,0
4,10528,0
4,10528,1
4,10531,0
4,10532,0
4,10532,1
4,10533,0
4,10533,1
4,10535,0
4,10537,0
4,10545,1
4,10547,0
4,10548,0
4,10549,0
4,10551,1
4,10552,1
4,10560,0
4,10563,1
4,10564,0
4,10568,1
4,10569,1
4,10570,0
4,10571,1
4,10572,0
4,10573,1
4,10574,0
4,10574,1
4,10575,1
4,10577,0
4,10577,1
4,10579,0
4,10581,0
4,10582,0
4,10584,0
4,10585,1
4,10586,0
4,10587,1
4,10588,0
4,10592,0
4,10593,0
4,10596,1
4,10597,1
4,10599,1
4,10601,0
4,10601,1
4,10602,0
4,10606,1
4,10607,1
4,10609,0
4,10611,0
4,10613,1
4,10617,0
4,10621,0
4,10622,1
4,10624,0
4,10629,0
4,10633,1
4,10635,0
4,10637,1
4,10638,0
4,10638,1
4,10639,0
4,10644,0
4,10648,0
4,10648,1
4,10649,1
4,10651,1
4,10655,0
4,10660,0
4,10661,1
4,10662,1
4,10665,1
4,10667,0
4,10670,1
4,10671,1
4,10672,0
4,10677,1
4,10680,1
4,10683,1
4,10685,1
4,10686,1
4,10691,0
4,10691,1
4,10698,0
4,10699,1
4,10701,0
4,10703,1
4,10704,0
4,10704,1
4,10705,0
4,10706,1
4,10707,1
4,10708,0
4,10709,0
4,10711,1
4,10714,0
4,10716,1
4,10717,0
4,10718,1
4,10720,0
4,10723,0
4,10723,1
4,10728,0
4,10729,0
4,10729,1
4,10732,1
4,10733,1
4,10734,1
4,10735,0
4,10736,0
4,10737,0
4,10737,1
4,10738,1
4,10741,1
4,10742,0
4,10747,0
4,10748,1
4,10749,0
4,10750,1
4,10755,0
4,10758,0
4,10766,0
4,10772,1
4,10774,0
4,10775,1
4,10777,0
4,10780,1
4,10789,1
4,10790,1
4,10802,0
4,10804,0
4,10808,1
4,10812,1
4,10815,0
4,10819,1
4,10821,1
4,10822,0
4,10835,0
4,10840,1
4,10845,0
4,10847,0
4,10848,0
4,10848,1
4,10851,0
4,10852,1
4,10855,0
4,10858,0
4,10861,0
4,10863,1
4,10864,1
4,10865,1
4,10869,1
4,10872,1
4,10877,0
4,10888,0
4,10889,1
4,10894,1
4,10900,0
4,10905,0
4,10905,1
4,10910,0
4,10925,1
4,10926,0
4,10930,1
4,10932,1
4,10933,1
4,10934,0
4,10935,1
4,10937,0
4,10938,0
4,10939,0
4,10941,1
4,10945,0
4,10948,1
4,10955,0
4,10959,1
4,10963,1
4,10964,0
4,10973,0
4,10974,1
4,10975,0
4,10976,0
4,10978,1
4,10980,1
4,10981,1
4,10987,1
4,10988,0
4,10990,0
4,10991,0
4,10991,1
4,10992,0
4,10993,0
4,10993,1
4,10997,0
4,10998,1
4,10999,1
4,11000,0
4,11002,0
4,11002,1
4,11003,0
4,11003,1
4,11005,1
4,11007,1
4,11010,1
4,11012,0
4,11015,0
4,11017,1
4,11020,0
4,11022,1
4,11027,1
4,11029,0
4,11029,1
4,11031,0
4,11032,1
4,11033,0
4,11034,0
4,11035,1
4,11042,1
4,11043,0
4,11044,1
4,11045,0
4,11047,1
4,11049,0
4,11049,1
4,11050,0
4,11052,1
4,11054,0
4,11057,1
4,11063,1
4,11066,1
4,11067,1
4,11069,0
4,11075,1
4,11076,0
4,11081,0
4,11083,0
4,11090,1
4,11091,1
4,11094,0
4,11096,1
4,11097,1
4,11099,1
4,11100,1
4,11102,1
4,11103,1
4,11107,0
4,11107,1
4,11109,0
4,11109,1
4,11110,1
4,11112,0
4,11114,0
4,11114,1
4,11116,1
4,11119,0
4,11120,0
4,11120,1
4,11122,1
4,11124,1
4,11125,0
4,11128,0
4,11133,0
4,11136,0
4,11138,0
4,11138,1
4,11141,0
4,11144,0
4,11144,1
4,11149,1
4,11151,0
4,11152,1
4,11153,1
4,11154,0
4,11156,0
4,11156,1
4,11157,0
4,11157,1
4,11159,1
4,11162,0
4,11163,1
4,11168,1
4,11169,1
4,11170,0
4,11171,1
4,11173,0
4,11175,1
4,11176,0
4,11178,0
4,11179,1
4,11182,0
4,11185,1
4,11187,1
4,11194,1
4,11195,1
4,11196,1
4,11198,0
4,11199,0
4,11200,1
4,11202,0
4,11203,1
4,11204,1
4,11205,1
4,11206,1
4,11208,0
4,11211,0
4,11212,1
4,11213,1
4,11215,1
4,11216,0
4,11217,1
4,11218,1
4,11220,1
4,11222,0
4,11222,1
4,11224,1
4,11227,1
4,11229,0
4,11230,1
4,11231,0
4,11232,0
4,11233,1
4,11234,0
4,11236,1
4,11240,0
4,11243,0
4,11244,0
4,11245,1
4,11246,0
4,11248,1
4,11249,0
4,11251,1
4,11253,0
4,11255,1
4,11256,1
4,11258,0
4,11258,1
4,11260,0
4,11260,1
4,11268,0
4,11271,0
4,11273,0
4,11275,1
4,11277,0
4,11291,1
4,11292,1
4,11293,0
4,11294,0
4,11295,0
4,11296,0
4,11296,1
4,11298,1
4,11300,0
4,11301,0
4,11306,0
4,11309,1
4,11311,0
4,11314,1
4,11316,1
4,11317,1
4,11319,0
4,11321,0
4,11321,1
4,11324,1
4,11325,0
4,11326,1
4,11329,1
4,11330,0
4,11331,0
4,11331,1
4,11333,0
4,11333,1
4,11334,1
4,11338,0
4,11342,1
4,11345,1
4,11347,0
4,11348,0
4,11350,1
4,11365,0
4,11367,1
4,11372,0
4,11374,1
4,11378,0
4,11379,0
4,11384,0
4,11384,1
4,11386,0
4,11388,1
4,11389,0
4,11389,1
4,11392,1
4,11393,0
4,11393,1
4,11394,0
4,11395,0
4,11397,0
4,11398,0
4,11400,1
4,11404,1
4,11405,1
4,11412,1
4,11416,1
4,11421,1
4,11422,1
4,11423,1
4,11428,1
4,11433,1
4,11440,1
4,11442,0
4,11443,0
4,11445,0
4,11446,1
4,11447,1
4,11448,1
4,11451,1
4,11452,1
4,11453,0
4,11453,1
4,11456,1
4,11457,1
4,11458,0
4,11465,0
4,11466,1
4,11471,1
4,11476,1
4,11481,0
4,11482,0
4,11482,1
4,11487,0
4,11491,0
4,11493,1
4,11494,1
4,11496,0
4,11496,1
4,11497,1
4,11498,0
4,11499,1
4,11500,1
4,11501,0
4,11503,0
4,11504,1
4,11506,1
4,11508,1
4,11509,1
4,11513,1
4,11514,1
4,11516,0
4,11520,1
4,11521,1
4,11522,1
4,11525,0
4,11526,0
4,11527,1
4,11529,0
4,11529,1
4,11532,0
4,11534,0
4,11539,0
4,11540,0
4,11545,1
4,11547,1
4,11550,1
4,11554,0
4,11559,0
4,11559,1
4,11562,1
4,11564,1
4,11565,0
4,11567,1
4,11569,0
4,11572,0
4,11574,0
4,11575,0
4,11577,0
4,11580,0
4,11582,1
4,11587,0
4,11590,1
4,11591,0
4,11593,1
4,11598,1
4,11601,0
4,11603,0
4,11606,0
4,11608,1
4,11613,1
4,11618,0
4,11618,1
4,11620,0
4,11622,1
4,11623,0
4,11623,1
4,11625,1
4,11627,1
4,11628,0
4,11628,1
4,11634,0
4,11636,1
4,11639,0
4,11641,0
4,11644,0
4,11646,1
4,11649,1
4,11651,0
4,11654,0
4,11656,1
4,11659,1
4,11661,0
4,11664,0
4,11666,1
4,11669,1
4,11671,0
4,11671,1
4,11674,0
4,11675,1
4,11676,1
4,11679,0
4,11679,1
4,11680,1
4,11683,0
4,11684,0
4,11684,1
4,11685,0
4,11688,0
4,11689,0
4,11689,1
4,11690,0
4,11690,1
4,11692,0
4,11694,1
4,11695,0
4,11699,0
4,11699,1
4,11700,1
4,11704,1
4,11705,0
4,11705,1
4,11706,1
4,11709,0
4,11710,0
4,11710,1
4,11711,0
4,11711,1
4,11714,0
4,11714,1
4,11715,1
4,11719,0
4,11723,1
4,11724,0
4,11724,1
4,11726,1
4,11729,1
4,11734,0
4,11755,0
4,11756,0
4,11757,1
4,11760,0
4,11761,0
4,11763,0
4,11765,0
4,11768,1
4,11772,1
4,11773,1
4,11777,1
4,11782,0
4,11787,0
4,11792,0
4,11797,0
4,11798,1
4,11802,0
4,11802,1
4,11803,0
4,11804,1
4,11807,1
4,11808,1
4,11809,0
4,11850,0
4,11852,0
4,11856,0
4,11861,1
4,11866,1
4,11896,1
4,11900,1
4,11905,0
4,11920,0
4,11925,1
4,11930,0
4,11935,0
4,11940,1
4,11945,0
4,11964,1
4,11969,1
4,11974,0
4,11977,0
4,11982,0
4,12025,1
4,12040,0
4,12042,1
4,12045,1
4,12047,0
4,12069,0
4,12074,0
4,12096,1
4,12101,0
4,12105,0
4,12106,0
4,12106,1
4,12110,0
4,12119,0
4,12123,0
4,12124,1
4,12128,0
4,12139,0
4,12144,0
4,12206,0
4,12288,0
4,12293,1
4,12298,1
4,12338,0
4,12343,0
4,12385,1
4,12388,1
4,12390,1
4,12393,1
4,12395,1
4,12400,1
4,12421,1
4,12422,1
4,12425,1
4,12426,0
4,12429,1
4,12442,1
4,12447,0
4,12450,1
4,12451,1
4,12455,1
4,12495,0
4,12499,1
4,12506,0
4,12511,1
4,12516,0
4,12516,1
4,12519,0
4,12521,0
4,12522,0
4,12525,1
4,12528,0
4,12529,1
4,12533,1
4,12534,0
4,12538,0
4,12539,0
4,12541,0
4,12548,1
4,12550,1
4,12553,0
4,12553,1
4,12558,1
4,12561,0
4,12572,1
4,12577,1
4,12582,0
4,12587,1
4,12596,0
4,12618,1
4,12626,1
4,12630,0
4,12632,0
4,12635,0
4,12635,1
4,12637,1
4,12640,0
4,12645,0
4,12648,0
4,12649,0
4,12652,0
4,12653,0
4,12654,0
4,12656,1
4,12657,1
4,12658,1
4,12659,0
4,12662,0
4,12665,1
4,12667,0
4,12670,0
4,12670,1
4,12672,1
4,12675,0
4,12677,1
4,12680,1
4,12682,0
4,12682,1
4,12691,1
4,12695,1
4,12696,1
4,12697,1
4,12700,0
4,12701,0
4,12708,0
4,12714,1
4,12715,0
4,12720,1
4,12725,1
4,12730,0
4,12731,1
4,12733,1
4,12734,0
4,12735,0
4,12738,0
4,12739,0
4,12739,1
4,12743,1
4,12744,1
4,12746,0
4,12748,0
4,12751,0
4,12751,1
4,12754,1
4,12755,0
4,12763,1
4,12766,0
4,12768,1
4,12769,0
4,12771,0
4,12771,1
4,12772,1
4,12774,0
4,12774,1
4,12776,0
4,12776,1
4,12779,0
4,12779,1
4,12781,0
4,12784,0
4,12786,0
4,12793,1
4,12794,0
4,12796,1
4,12797,1
4,12798,0
4,12799,1
4,12805,1
4,12806,0
4,12810,0
4,12811,1
4,12815,0
4,12816,0
4,12821,1
4,12822,1
4,12825,0
4,12825,1
4,12828,0
4,12830,1
4,12831,1
4,12835,1
4,12836,0
4,12836,1
4,12841,0
4,12846,0
4,12851,0
4,12851,1
4,12854,0
4,12856,0
4,12858,0
4,12859,1
4,12861,0
4,12861,1
4,12864,1
4,12865,0
4,12865,1
4,12866,0
4,12868,0
4,12870,0
4,12870,1
4,12871,0
4,12871,1
4,12873,1
4,12876,0
4,12880,1
4,12881,0
4,12885,1
4,12887,1
4,12894,1
4,12899,0
4,12900,1
4,12904,1
4,12905,0
4,12906,0
4,12911,0
4,12911,1
4,12912,1
4,12914,0
4,12915,0
4,12917,0
4,12919,0
4,12919,1
4,12920,1
4,12921,1
4,12922,0
4,12924,0
4,12925,0
4,12926,1
4,12929,0
4,12930,0
4,12931,0
4,12934,0
4,12935,0
4,12937,0
4,12940,0
4,12944,0
4,12945,0
4,12946,0
4,12949,1
4,12952,1
4,12954,1
4,12956,0
4,12956,1
4,12957,0
4,12961,1
4,12962,1
4,12963,0
4,12963,1
4,12965,0
4,12965,1
4,12967,1
4,12969,1
4,12970,0
4,12972,1
4,12975,0
4,12977,0
4,12978,1
4,12980,0
4,12983,1
4,12984,1
4,12985,1
4,12986,0
4,12988,1
4,12989,0
4,12990,1
4,12991,0
4,12992,1
4,12993,0
4,12994,1
4,12995,0
4,12997,0
4,12997,1
4,12998,1
4,12999,1
4,13000,1
4,13002,0
4,13003,1
4,13006,1
4,13007,0
4,13011,1
4,13015,1
4,13020,0
4,13020,1
4,13025,1
4,13039,0
4,13041,0
4,13044,1
4,13045,1
4,13046,0
4,13047,1
4,13050,0
4,13051,1
4,13056,0
4,13062,1
4,13067,1
4,13069,0
4,13076,0
4,13077,1
4,13078,1
4,13079,1
4,13083,1
4,13091,0
4,13093,1
4,13094,0
4,13097,0
4,13098,1
4,13102,1
4,13104,1
4,13105,0
4,13107,0
4,13107,1
4,13109,0
4,13110,0
4,13114,0
4,13115,1
4,13119,1
4,13120,1
4,13123,0
4,13125,0
4,13126,1
4,13128,0
4,13130,0
4,13131,0
4,13131,1
4,13135,1
4,13136,1
4,13140,0
4,13152,0
4,13154,1
4,13158,0
4,13160,0
4,13161,1
4,13169,1
4,13175,0
4,13177,0
4,13178,0
4,13179,1
4,13180,0
4,13182,1
4,13183,0
4,13187,0
4,13191,0
4,13192,1
4,13196,0
4,13202,1
4,13208,0
4,13209,0
4,13213,1
4,13219,0
4,13222,0
4,13223,0
4,13224,1
4,13225,1
4,13228,0
4,13233,0
4,13233,1
4,13238,1
4,13256,1
4,13261,1
4,13263,0
4,13264,0
4,13265,0
4,13265,1
4,13268,0
4,13270,0
4,13273,0
4,13273,1
4,13278,1
4,13279,1
4,13287,1
4,13288,0
4,13289,0
4,13294,0
4,13306,1
4,13308,1
4,13310,1
4,13312,1
4,13315,0
4,13317,1
4,13323,1
4,13327,1
4,13329,1
4,13332,0
4,13333,0
4,13333,1
4,13338,0
4,13340,0
4,13342,1
4,13349,1
4,13350,0
4,13350,1
4,13352,0
4,13358,0
4,13359,0
4,13360,1
4,13362,1
4,13363,0
4,13367,1
4,13368,1
4,13373,0
4,13375,1
4,13383,1
4,13384,0
4,13389,0
4,13392,1
4,13400,0
4,13410,0
4,13411,1
4,13416,1
4,13428,0
4,13438,0
4,13438,1
4,13450,0
4,13462,0
4,13467,1
4,13473,1
4,13475,1
4,13477,0
4,13478,0
4,13480,0
4,13482,0
4,13482,1
4,13514,1
4,13544,0
4,13549,1
4,13554,1
4,13559,0
4,13564,0
4,13564,1
4,13573,0
4,13578,1
4,13580,1
4,13585,0
4,13585,1
4,13587,0
4,13587,1
4,13588,0
4,13592,0
4,13592,1
4,13594,0
4,13601,0
4,13601,1
4,13606,1
4,13613,1
4,13628,0
4,13633,1
4,13638,0
4,13638,1
4,13643,1
4,13656,1
4,13661,0
4,13666,1
4,13671,0
4,13672,0
4,13676,1
4,13681,0
4,13685,0
4,13686,0
4,13686,1
4,13689,0
4,13690,0
4,13691,1
4,13694,1
4,13696,1
4,13701,1
4,13706,1
4,13711,0
4,13716,1
4,13719,1
4,13721,1
4,13724,0
4,13726,0
4,13729,0
4,13731,1
4,13734,0
4,13736,0
4,13737,0
4,13741,0
4,13742,1
4,13745,0
4,13746,0
4,13747,1
4,13748,0
4,13751,0
4,13752,1
4,13753,0
4,13757,1
4,13758,0
4,13760,1
4,13762,0
4,13765,0
4,13765,1
4,13766,0
4,13770,1
4,13771,1
4,13772,1
4,13773,0
4,13775,0
4,13777,0
4,13777,1
4,13778,1
4,13780,0
4,13780,1
4,13782,0
4,13785,0
4,13788,0
4,13790,0
4,13790,1
4,13795,1
4,13798,0
4,13800,0
4,13803,0
4,13806,0
4,13811,1
4,13814,1
4,13819,1
4,13823,1
4,13832,1
4,13835,1
4,13836,1
4,13843,1
4,13847,1
4,13849,1
4,13855,0
4,13856,1
4,13857,1
4,13860,1
4,13862,1
4,13865,0
4,13867,0
4,13867,1
4,13869,1
4,13871,0
4,13872,1
4,13892,0
4,13897,0
4,13920,1
4,13937,1
4,13945,1
4,13947,1
4,13949,0
4,13949,1
4,13954,0
4,13958,0
4,13958,1
4,13959,0
4,13960,1
4,13982,1
4,13983,0
4,13984,1
4,14001,1
4,14006,1
4,14007,1
4,14011,1
4,14014,0
4,14015,1
4,14020,1
4,14034,0
4,14039,1
4,14040,0
4,14045,1
4,14048,0
4,14050,0
4,14053,1
4,14055,0
4,14055,1
4,14056,0
4,14069,1
4,14085,0
4,14086,1
4,14092,1
4,14093,0
4,14093,1
4,14098,0
4,14098,1
4,14103,1
4,14133,1
4,14136,0
4,14138,0
4,14138,1
4,14140,0
4,14141,0
4,14142,0
4,14142,1
4,14146,1
4,14152,1
4,14153,0
4,14154,1
4,14158,0
4,14159,1
4,14167,1
4,14168,1
4,14171,0
4,14173,0
4,14173,1
4,14174,0
4,14179,1
4,14185,1
4,14191,0
4,14192,1
4,14193,1
4,14196,1
4,14199,1
4,14201,1
4,14206,0
4,14207,1
4,14214,0
4,14215,1
4,14217,0
4,14219,0
4,14220,1
4,14226,0
4,14227,0
4,14230,1
4,14231,0
4,14231,1
4,14232,0
4,14233,1
4,14234,1
4,14236,0
4,14240,0
4,14241,1
4,14244,1
4,14248,1
4,14253,0
4,14258,0
4,14258,1
4,14261,1
4,14264,1
4,14265,1
4,14272,1
4,14273,1
4,14277,0
4,14277,1
4,14278,0
4,14282,0
4,14283,0
4,14283,1
4,14285,0
4,14286,0
4,14286,1
4,14288,1
4,14289,0
4,14292,0
4,14294,1
4,14298,0
4,14298,1
4,14300,1
4,14305,0
4,14306,1
4,14308,1
4,14309,0
4,14311,0
4,14312,0
4,14320,1
4,14321,1
4,14325,1
4,14326,0
4,14326,1
4,14328,1
4,14332,0
4,14333,0
4,14333,1
4,14337,0
4,14342,1
4,14351,0
4,14354,1
4,14355,0
4,14360,1
4,14361,0
4,14362,0
4,14363,0
4,14367,0
4,14369,1
4,14371,0
4,14372,1
4,14373,1
4,14376,0
4,14377,1
4,14380,0
4,14380,1
4,14385,0
4,14386,1
4,14387,1
4,14390,1
4,14391,1
4,14392,0
4,14395,0
4,14398,0
4,14402,1
4,14406,1
4,14408,0
4,14408,1
4,14411,1
4,14412,1
4,14413,0
4,14413,1
4,14415,1
4,14416,0
4,14416,1
4,14417,0
4,14418,1
4,14422,1
4,14426,0
4,14428,1
4,14431,0
4,14433,0
4,14435,0
4,14435,1
4,14440,0
4,14441,1
4,14442,1
4,14444,0
4,14445,1
4,14446,0
4,14453,0
4,14455,1
4,14456,1
4,14458,0
4,14461,1
4,14463,0
4,14464,0
4,14464,1
4,14468,0
4,14469,0
4,14469,1
4,14470,1
4,14471,1
4,14472,1
4,14473,0
4,14474,0
4,14476,0
4,14483,1
4,14485,1
4,14486,0
4,14488,1
4,14489,0
4,14495,0
4,14496,1
4,14500,0
4,14504,0
4,14505,1
4,14506,0
4,14507,0
4,14508,1
4,14513,0
4,14514,0
4,14516,1
4,14518,1
4,14519,0
4,14519,1
4,14520,1
4,14521,1
4,14522,0
4,14523,0
4,14525,0
4,14527,0
4,14528,1
4,14529,1
4,14531,0
4,14531,1
4,14535,1
4,14536,1
4,14541,0
4,14541,1
4,14542,0
4,14544,0
4,14546,1
4,14550,0
4,14551,1
4,14552,0
4,14554,1
4,14556,0
4,14557,0
4,14559,0
4,14560,1
4,14561,1
4,14562,1
4,14563,0
4,14567,1
4,14571,1
4,14572,1
4,14574,0
4,14575,1
4,14576,0
4,14577,0
4,14577,1
4,14578,1
4,14579,0
4,14580,1
4,14581,1
4,14582,0
4,14583,0
4,14583,1
4,14584,1
4,14585,1
4,14586,0
4,14587,0
4,14587,1
4,14589,1
4,14590,0
4,14591,1
4,14596,0
4,14596,1
4,14599,0
4,14600,0
4,14601,0
4,14602,1
4,14606,1
4,14610,0
4,14610,1
4,14611,1
4,14612,0
4,14613,0
4,14613,1
4,14614,0
4,14615,0
4,14615,1
4,14616,1
4,14618,1
4,14619,0
4,14619,1
4,14620,1
4,14622,1
4,14623,0
4,14624,1
4,14626,0
4,14627,0
4,14629,0
4,14630,0
4,14630,1
4,14632,0
4,14632,1
4,14634,1
4,14635,0
4,14636,0
4,14637,0
4,14637,1
4,14640,0
4,14641,0
4,14642,1
4,14643,0
4,14644,1
4,14645,0
4,14645,1
4,14646,1
4,14647,1
4,14648,1
4,14650,1
4,14651,1
4,14652,0
4,14655,1
4,14658,0
4,14658,1
4,14659,0
4,14662,0
4,14662,1
4,14664,1
4,14668,1
4,14669,0
4,14670,0
4,14672,1
4,14674,0
4,14674,1
4,14675,1
4,14676,0
4,14677,1
4,14678,0
4,14678,1
4,14679,0
4,14680,0
4,14680,1
4,14681,1
4,14682,1
4,14683,1
4,14684,0
4,14685,1
4,14686,1
4,14687,0
4,14687,1
4,14689,0
4,14689,1
4,14690,1
4,14692,1
4,14695,0
4,14696,0
4,14697,1
4,14698,1
4,14699,1
4,14700,0
4,14702,0
4,14703,1
4,14704,1
4,14706,1
4,14707,1
4,14708,0
4,14711,0
4,14712,0
4,14715,0
4,14715,1
4,14716,0
4,14717,0
4,14718,0
4,14720,0
4,14721,1
4,14723,0
4,14723,1
4,14724,1
4,14725,1
4,14727,0
4,14728,0
4,14729,0
4,14729,1
4,14731,1
4,14732,0
4,14732,1
4,14735,1
4,14736,0
4,14736,1
4,14737,0
4,14738,0
4,14738,1
4,14739,0
4,14739,1
4,14741,0
4,14742,0
4,14743,0
4,14743,1
4,14744,0
4,14744,1
4,14745,0
4,14750,1
4,14755,0
4,14756,0
4,14757,0
4,14757,1
4,14758,0
4,14758,1
4,14759,0
4,14759,1
4,14760,0
4,14760,1
4,14762,1
4,14764,0
4,14764,1
4,14765,0
4,14766,1
4,14767,1
4,14768,1
4,14769,0
4,14774,0
4,14774,1
4,14775,1
4,14776,0
4,14776,1
4,14777,1
4,14779,0
4,14779,1
4,14780,0
4,14780,1
4,14781,0
4,14782,0
4,14785,0
4,14786,1
4,14787,0
4,14788,0
4,14788,1
4,14789,1
4,14790,1
4,14791,0
4,14791,1
4,14792,1
4,14793,0
4,14794,1
4,14795,0
4,14796,0
4,14797,0
4,14802,1
4,14805,1
4,14809,0
4,14809,1
4,14810,0
4,14815,1
4,14817,0
4,14817,1
4,14818,0
4,14818,1
4,14820,0
4,14821,1
4,14822,0
4,14822,1
4,14824,0
4,14825,1
4,14826,0
4,14829,0
4,14830,1
4,14831,0
4,14832,1
4,14834,0
4,14837,1
4,14838,0
4,14840,1
4,14843,0
4,14844,1
4,14850,1
4,14851,1
4,14854,1
4,14855,0
4,14856,0
4,14857,0
4,14857,1
4,14859,1
4,14860,0
4,14862,0
4,14862,1
4,14864,1
4,14865,1
4,14868,0
4,14871,0
4,14871,1
4,14873,0
4,14875,1
4,14876,1
4,14878,1
4,14879,1
4,14880,0
4,14881,0
4,14881,1
4,14884,1
4,14885,0
4,14885,1
4,14886,0
4,14886,1
4,14887,0
4,14890,1
4,14891,0
4,14891,1
4,14892,1
4,14893,1
4,14894,0
4,14894,1
4,14896,0
4,14897,0
4,14897,1
4,14899,1
4,14900,1
4,14903,0
4,14903,1
4,14904,0
4,14904,1
4,14905,1
4,14907,0
4,14908,1
4,14909,0
4,14910,1
4,14911,1
4,14913,1
4,14914,0
4,14915,0
4,14915,1
4,14920,1
4,14923,0
4,14926,0
4,14926,1
4,14927,1
4,14929,0
4,14931,1
4,14932,0
4,14932,1
4,14934,0
4,14935,1
4,14936,0
4,14940,0
4,14942,1
4,14944,0
4,14945,1
4,14946,0
4,14947,1
4,14949,0
4,14950,0
4,14951,1
4,14952,0
4,14952,1
4,14953,0
4,14954,1
4,14955,1
4,14958,1
4,14960,0
4,14960,1
4,14963,1
4,14965,0
4,14965,1
4,14966,0
4,14967,1
4,14968,1
4,14969,0
4,14970,0
4,14971,0
4,14971,1
4,14973,0
4,14977,1
4,14979,0
4,14981,0
4,14982,0
4,14984,0
4,14986,0
4,14987,0
4,14989,0
4,14990,1
4,14991,1
4,14993,0
4,14993,1
4,14994,1
4,14998,1
4,15000,0
4,15001,0
4,15004,1
4,15005,1
4,15006,1
4,15007,0
4,15009,0
4,15011,0
4,15012,1
4,15014,1
4,15015,0
4,15015,1
4,15016,0
4,15017,1
4,15018,0
4,15018,1
4,15019,0
4,15020,0
4,15022,0
4,15022,1
4,15023,0
4,15025,0
4,15029,0
4,15029,1
4,15030,0
4,15030,1
4,15034,0
4,15035,1
4,15037,0
4,15039,0
4,15040,1
4,15041,1
4,15042,1
4,15043,0
4,15043,1
4,15044,0
4,15045,0
4,15046,1
4,15048,1
4,15049,1
4,15051,0
4,15052,0
4,15053,1
4,15054,1
4,15057,0
4,15057,1
4,15058,0
4,15059,0
4,15061,1
4,15062,0
4,15064,0
4,15065,0
4,15066,1
4,15068,1
4,15069,0
4,15071,0
4,15071,1
4,15073,0
4,15073,1
4,15074,0
4,15076,1
4,15077,0
4,15077,1
4,15078,0
4,15080,0
4,15080,1
4,15085,1
4,15086,1
4,15088,1
4,15089,0
4,15091,1
4,15092,0
4,15098,0
4,15099,0
4,15101,0
4,15104,1
4,15105,0
4,15107,1
4,15108,0
4,15109,1
4,15110,0
4,15110,1
4,15111,1
4,15112,0
4,15113,1
4,15115,0
4,15115,1
4,15116,0
4,15118,1
4,15120,0
4,15120,1
4,15121,0
4,15123,1
4,15124,0
4,15125,0
4,15129,0
4,15130,0
4,15132,1
4,15134,0
4,15135,0
4,15139,0
4,15146,0
4,15146,1
4,15148,0
4,15155,0
4,15158,1
4,15159,0
4,15160,0
4,15167,0
4,15169,1
4,15170,0
4,15171,1
4,15174,1
4,15177,0
4,15177,1
4,15179,0
4,15179,1
4,15181,0
4,15182,0
4,15183,1
4,15185,0
4,15185,1
4,15186,0
4,15186,1
4,15188,0
4,15189,0
4,15190,0
4,15190,1
4,15195,1
4,15196,0
4,15197,0
4,15197,1
4,15198,0
4,15199,0
4,15201,1
4,15202,1
4,15203,0
4,15205,1
4,15207,0
4,15208,0
4,15210,1
4,15212,0
4,15213,1
4,15214,0
4,15216,1
4,15217,1
4,15218,1
4,15219,0
4,15221,1
4,15226,0
4,15227,1
4,15231,0
4,15234,0
4,15242,1
4,15244,0
4,15247,0
4,15249,0
4,15250,0
4,15250,1
4,15251,0
4,15254,0
4,15256,1
4,15257,1
4,15263,0
4,15265,0
4,15268,0
4,15268,1
4,15274,1
4,15276,1
4,15281,0
4,15287,1
4,15289,1
4,15292,1
4,15297,0
4,15303,1
4,15304,0
4,15307,0
4,15309,0
4,15309,1
4,15311,0
4,15316,0
4,15317,1
4,15318,1
4,15320,0
4,15320,1
4,15326,0
4,15328,1
4,15329,1
4,15330,1
4,15331,1
4,15333,0
4,15334,1
4,15339,1
4,15340,0
4,15341,0
4,15342,1
4,15344,1
4,15345,1
4,15347,0
4,15347,1
4,15349,0
4,15350,0
4,15351,0
4,15355,0
4,15356,0
4,15358,0
4,15358,1
4,15359,1
4,15367,0
4,15367,1
4,15370,0
4,15370,1
4,15373,1
4,15378,1
4,15381,1
4,15383,0
4,15385,0
4,15386,0
4,15386,1
4,15393,0
4,15395,0
4,15396,0
4,15396,1
4,15400,0
4,15401,0
4,15409,1
4,15413,1
4,15414,1
4,15420,0
4,15420,1
4,15422,0
4,15424,0
4,15425,1
4,15430,0
4,15431,0
4,15432,0
4,15435,0
4,15437,0
4,15441,1
4,15444,1
4,15445,1
4,15447,1
4,15450,0
4,15453,0
4,15455,0
4,15458,0
4,15459,1
4,15463,0
4,15467,1
4,15469,0
4,15473,0
4,15485,1
4,15487,1
4,15488,0
4,15495,1
4,15496,1
4,15498,0
4,15502,1
4,15510,1
4,15514,0
4,15516,0
4,15520,1
4,15534,0
4,15535,1
4,15540,1
4,15545,1
4,15548,1
4,15553,0
4,15563,1
4,15568,1
4,15576,0
4,15582,1
4,15584,0
4,15589,0
4,15611,0
4,15614,0
4,15617,0
4,15627,0
4,15630,0
4,15631,1
4,15632,0
4,15634,1
4,15639,1
4,15641,0
4,15643,0
4,15645,1
4,15646,0
4,15649,0
4,15651,0
4,15652,1
4,15654,0
4,15655,1
4,15658,1
4,15659,0
4,15662,1
4,15665,0
4,15667,0
4,15680,1
4,15686,0
4,15687,0
4,15689,0
4,15692,0
4,15699,1
4,15701,1
4,15709,1
4,15711,1
4,15714,1
4,15715,0
4,15716,0
4,15723,1
4,15732,0
4,15732,1
4,15734,1
4,15737,0
4,15744,0
4,15746,1
4,15749,0
4,15750,1
4,15751,0
4,15754,0
4,15754,1
4,15755,0
4,15757,0
4,15760,0
4,15760,1
4,15762,0
4,15763,1
4,15767,1
4,15772,0
4,15774,1
4,15779,1
4,15785,0
4,15788,0
4,15802,0
4,15804,0
4,15812,1
4,15831,0
4,15833,1
4,15835,0
4,15840,0
4,15840,1
4,15845,1
4,15850,1
4,15854,0
4,15857,0
4,15866,0
4,15877,0
4,15878,0
4,15879,0
4,15883,0
4,15884,0
4,15886,0
4,15887,1
4,15889,1
4,15897,0
4,15898,0
4,15898,1
4,15904,1
4,15906,1
4,15908,0
4,15910,0
4,15912,1
4,15913,0
4,15920,1
4,15927,0
4,15936,0
4,15937,1
4,15940,1
4,15942,1
4,15943,1
4,15947,1
4,15948,0
4,15949,0
4,15951,0
4,15963,1
4,15966,0
4,15969,1
4,16139,0
4,16140,0
4,16141,1
4,16148,0
4,16149,1
4,16152,1
4,16154,1
4,16157,0
4,16159,0
4,16160,0
4,16172,0
4,16177,0
4,16186,0
4,16255,1
4,16331,1
4,16336,0
4,16349,1
4,16361,1
5,7,0
5,10,1
5,17,1
5,34,0
5,39,0
5,42,1
5,56,0
5,61,0
5,78,1
5,90,0
5,103,1
5,112,1
5,121,1
5,127,1
5,129,0
5,134,1
5,135,1
5,138,0
5,145,0
5,145,1
5,146,0
5,149,1
5,151,1
5,153,0
5,155,0
5,157,0
5,160,1
5,164,0
5,166,0
5,169,0
5,171,0
5,174,0
5,176,0
5,177,1
5,182,1
5,186,1
5,193,0
5,195,1
5,199,0
5,206,0
5,211,1
5,215,0
5,218,1
5,220,0
5,220,1
5,222,0
5,236,1
5,237,0
5,237,1
5,242,1
5,243,0
5,244,1
5,245,0
5,245,1
5,247,0
5,251,0
5,251,1
5,252,0
5,253,0
5,254,1
5,258,0
5,259,1
5,260,0
5,263,1
5,265,1
5,266,0
5,266,1
5,269,0
5,270,0
5,272,0
5,273,1
5,274,0
5,275,0
5,277,0
5,278,1
5,279,1
5,281,0
5,283,0
5,283,1
5,284,0
5,284,1
5,285,0
5,286,0
5,289,0
5,289,1
5,290,0
5,290,1
5,291,0
5,291,1
5,292,0
5,293,1
5,294,0
5,297,0
5,298,1
5,302,0
5,306,0
5,307,0
5,309,0
5,309,1
5,311,1
5,314,0
5,315,1
5,316,1
5,320,0
5,323,0
5,323,1
5,325,1
5,332,0
5,334,0
5,336,0
5,338,0
5,341,1
5,343,1
5,346,0
5,352,0
5,354,1
5,355,1
5,356,1
5,357,0
5,363,1
5,365,1
5,367,0
5,367,1
5,368,1
5,369,0
5,370,0
5,372,0
5,373,0
5,378,0
5,378,1
5,379,0
5,381,0
5,381,1
5,383,0
5,383,1
5,384,0
5,387,0
5,388,0
5,388,1
5,390,0
5,390,1
5,391,0
5,392,1
5,394,0
5,395,0
5,396,1
5,397,0
5,399,0
5,399,1
5,400,1
5,401,1
5,403,1
5,405,1
5,406,0
5,407,0
5,407,1
5,411,0
5,412,0
5,412,1
5,413,1
5,416,0
5,416,1
5,417,1
5,419,1
5,421,0
5,421,1
5,422,1
5,423,0
5,423,1
5,426,0
5,426,1
5,428,0
5,430,0
5,432,0
5,433,0
5,433,1
5,436,0
5,437,0
5,437,1
5,438,0
5,438,1
5,440,0
5,442,0
5,443,0
5,444,0
5,445,0
5,446,0
5,448,0
5,449,0
5,451,0
5,454,0
5,454,1
5,455,1
5,457,0
5,458,0
5,458,1
5,460,1
5,462,0
5,462,1
5,463,1
5,466,0
5,467,1
5,468,0
5,470,0
5,471,0
5,475,1
5,478,0
5,478,1
5,479,0
5,481,0
5,482,1
5,483,0
5,484,1
5,486,0
5,487,0
5,491,1
5,492,0
5,492,1
5,495,0
5,497,0
5,498,1
5,503,0
5,504,1
5,508,0
5,508,1
5,510,1
5,511,1
5,517,0
5,529,1
5,537,0
5,538,0
5,544,0
5,546,0
5,557,0
5,572,0
5,577,0
5,577,1
5,587,1
5,589,1
5,592,0
5,602,0
5,606,0
5,616,0
5,646,0
5,736,0
5,738,0
5,766,1
5,815,1
5,820,1
5,883,0
5,886,1
5,903,0
5,915,1
5,955,1
5,1004,1
5,1038,1
5,1052,0
5,1071,1
5,1072,1
5,1087,0
5,1090,0
5,1111,0
5,1128,1
5,1151,0
5,1163,0
5,1168,0
5,1183,0
5,1335,0
5,1345,1
5,1350,0
5,1380,1
5,1395,1
5,1431,0
5,1483,0
5,1526,1
5,1536,0
5,1561,1
5,1576,0
5,1581,1
5,1582,0
5,1593,1
5,1606,0
5,1612,1
5,1623,0
5,1625,1
5,1694,0
5,1695,1
5,1722,0
5,1756,1
5,1774,0
5,1776,1
5,1777,1
5,1784,1
5,1792,1
5,1793,1
5,1800,1
5,1807,1
5,1814,0
5,1818,1
5,1825,0
5,1828,0
5,1830,1
5,1837,1
5,1844,0
5,1850,0
5,1854,1
5,1855,1
5,1856,0
5,1856,1
5,1858,0
5,1860,1
5,1865,0
5,1866,0
5,1867,1
5,1868,0
5,1871,0
5,1876,0
5,1877,1
5,1879,1
5,1880,0
5,1881,1
5,1882,0
5,1882,1
5,1886,0
5,1890,0
5,1905,1
5,1907,0
5,1909,1
5,1912,1
5,1913,0
5,1916,0
5,1917,0
5,1918,0
5,1919,0
5,1921,0
5,1922,0
5,1922,1
5,1924,0
5,1929,0
5,1932,0
5,1934,0
5,1935,1
5,1936,0
5,1936,1
5,1939,0
5,1941,1
5,1943,1
5,1950,0
5,1953,0
5,1953,1
5,1955,1
5,1956,1
5,1958,1
5,1959,1
5,1961,1
5,1962,0
5,1965,0
5,1966,0
5,1971,0
5,1976,1
5,1979,0
5,1979,1
5,1981,1
5,1982,0
5,1982,1
5,1984,0
5,1988,0
5,1989,1
5,1991,0
5,1996,0
5,2001,0
5,2001,1
5,2004,1
5,2005,0
5,2008,1
5,2010,1
5,2015,0
5,2016,0
5,2017,0
5,2019,1
5,2021,1
5,2023,1
5,2024,1
5,2026,0
5,2029,0
5,2033,0
5,2033,1
5,2038,0
5,2038,1
5,2040,1
5,2042,0
5,2044,1
5,2045,0
5,2047,1
5,2048,0
5,2049,0
5,2050,1
5,2052,0
5,2052,1
5,2054,1
5,2056,1
5,2057,0
5,2058,0
5,2058,1
5,2059,0
5,2060,1
5,2061,1
5,2063,0
5,2064,0
5,2065,0
5,2065,1
5,2066,1
5,2073,0
5,2074,0
5,2074,1
5,2075,0
5,2080,1
5,2081,0
5,2081,1
5,2084,1
5,2086,1
5,2090,0
5,2091,0
5,2092,0
5,2092,1
5,2096,1
5,2097,1
5,2098,1
5,2102,1
5,2103,1
5,2104,0
5,2104,1
5,2108,0
5,2112,1
5,2113,0
5,2114,0
5,2115,0
5,2115,1
5,2117,0
5,2119,0
5,2120,1
5,2121,1
5,2122,0
5,2122,1
5,2123,0
5,2123,1
5,2126,0
5,2127,0
5,2127,1
5,2135,0
5,2138,0
5,2143,0
5,2144,0
5,2146,0
5,2149,0
5,2152,1
5,2153,0
5,2157,0
5,2160,1
5,2161,1
5,2162,1
5,2165,0
5,2167,1
5,2172,0
5,2174,1
5,2176,0
5,2180,0
5,2185,0
5,2188,1
5,2191,0
5,2192,1
5,2193,1
5,2196,1
5,2197,0
5,2203,1
5,2207,1
5,2209,0
5,2209,1
5,2211,1
5,2212,1
5,2214,1
5,2215,0
5,2217,1
5,2222,1
5,2223,0
5,2223,1
5,2226,0
5,2226,1
5,2227,1
5,2228,0
5,2228,1
5,2230,1
5,2231,0
5,2234,1
5,2235,1
5,2239,0
5,2244,1
5,2246,0
5,2247,0
5,2248,0
5,2249,0
5,2251,1
5,2252,0
5,2252,1
5,2257,0
5,2258,1
5,2259,0
5,2259,1
5,2260,1
5,2262,1
5,2263,0
5,2271,0
5,2274,0
5,2276,0
5,2276,1
5,2281,0
5,2289,1
5,2292,1
5,2300,1
5,2301,0
5,2304,1
5,2308,1
5,2309,1
5,2313,0
5,2314,1
5,2316,0
5,2320,0
5,2325,1
5,2326,1
5,2331,1
5,2335,0
5,2335,1
5,2336,1
5,2337,0
5,2339,1
5,2344,0
5,2347,0
5,2347,1
5,2356,1
5,2357,1
5,2360,0
5,2360,1
5,2366,0
5,2366,1
5,2370,1
5,2372,1
5,2377,1
5,2378,0
5,2379,0
5,2384,0
5,2386,1
5,2389,0
5,2389,1
5,2392,1
5,2393,0
5,2396,1
5,2397,1
5,2400,0
5,2401,1
5,2407,0
5,2410,1
5,2412,0
5,2416,1
5,2417,0
5,2420,1
5,2422,0
5,2430,0
5,2431,0
5,2432,0
5,2434,1
5,2435,1
5,2436,1
5,2437,0
5,2437,1
5,2449,0
5,2453,0
5,2461,1
5,2462,1
5,2465,0
5,2468,0
5,2470,1
5,2472,0
5,2478,0
5,2479,0
5,2482,1
5,2483,0
5,2488,1
5,2494,1
5,2497,0
5,2497,1
5,2500,0
5,2502,1
5,2505,0
5,2505,1
5,2506,1
5,2511,1
5,2514,1
5,2515,1
5,2523,1
5,2525,1
5,2527,0
5,2527,1
5,2529,0
5,2533,1
5,2535,1
5,2536,0
5,2541,0
5,2544,1
5,2554,0
5,2554,1
5,2555,1
5,2556,0
5,2556,1
5,2563,0
5,2568,0
5,2576,0
5,2578,1
5,2579,1
5,2580,0
5,2582,0
5,2583,1
5,2588,0
5,2588,1
5,2590,0
5,2590,1
5,2593,1
5,2594,1
5,2596,1
5,2599,0
5,2601,0
5,2606,1
5,2607,1
5,2609,0
5,2611,0
5,2613,0
5,2616,0
5,2627,0
5,2629,1
5,2634,0
5,2634,1
5,2642,1
5,2643,0
5,2644,1
5,2646,0
5,2649,0
5,2652,1
5,2654,0
5,2657,0
5,2661,1
5,2667,1
5,2670,1
5,2673,0
5,2673,1
5,2676,0
5,2679,1
5,2680,0
5,2681,1
5,2684,1
5,2686,1
5,2687,0
5,2687,1
5,2691,0
5,2692,0
5,2692,1
5,2693,0
5,2697,0
5,2700,0
5,2701,1
5,2704,0
5,2704,1
5,2705,0
5,2706,0
5,2709,0
5,2709,1
5,2710,0
5,2713,0
5,2714,0
5,2717,1
5,2718,0
5,2719,0
5,2721,0
5,2721,1
5,2722,0
5,2725,0
5,2726,0
5,2726,1
5,2728,0
5,2728,1
5,2731,0
5,2731,1
5,2733,1
5,2735,1
5,2736,0
5,2738,0
5,2739,0
5,2740,0
5,2740,1
5,2741,0
5,2741,1
5,2742,1
5,2743,0
5,2743,1
5,2744,1
5,2745,1
5,2746,1
5,2747,0
5,2747,1
5,2750,0
5,2752,0
5,2754,1
5,2757,1
5,2758,1
5,2759,1
5,2761,0
5,2761,1
5,2762,1
5,2763,1
5,2766,0
5,2767,0
5,2767,1
5,2770,0
5,2771,0
5,2771,1
5,2772,0
5,2772,1
5,2774,1
5,2775,0
5,2776,1
5,2777,1
5,2778,0
5,2778,1
5,2779,0
5,2779,1
5,2780,0
5,2781,0
5,2782,1
5,2783,0
5,2783,1
5,2786,0
5,2787,1
5,2788,1
5,2793,1
5,2795,1
5,2798,1
5,2800,1
5,2801,1
5,2805,0
5,2805,1
5,2806,1
5,2809,0
5,2810,0
5,2813,0
5,2814,0
5,2814,1
5,2819,0
5,2819,1
5,2820,1
5,2822,0
5,2825,0
5,2826,0
5,2828,0
5,2829,0
5,2830,1
5,2831,1
5,2832,1
5,2836,0
5,2836,1
5,2837,0
5,2837,1
5,2838,0
5,2842,1
5,2844,1
5,2845,0
5,2847,0
5,2849,1
5,2850,1
5,2852,0
5,2852,1
5,2853,1
5,2854,1
5,2855,0
5,2858,0
5,2859,1
5,2863,0
5,2870,1
5,2871,0
5,2873,0
5,2875,0
5,2877,1
5,2878,0
5,2878,1
5,2881,1
5,2885,1
5,2886,1
5,2888,1
5,2889,1
5,2890,0
5,2891,0
5,2892,1
5,2893,0
5,2895,0
5,2899,0
5,2899,1
5,2901,1
5,2902,1
5,2906,0
5,2907,1
5,2910,0
5,2911,0
5,2913,0
5,2916,0
5,2917,0
5,2917,1
5,2923,1
5,2927,1
5,2928,1
5,2929,0
5,2936,1
5,2937,0
5,2937,1
5,2938,0
5,2940,1
5,2941,1
5,2942,0
5,2947,1
5,2950,1
5,2954,0
5,2954,1
5,2955,0
5,2955,1
5,2957,0
5,2957,1
5,2960,1
5,2961,0
5,2962,0
5,2962,1
5,2965,1
5,2966,0
5,2970,1
5,2971,0
5,2974,0
5,2977,0
5,2978,1
5,2979,0
5,2979,1
5,2980,0
5,2983,0
5,2983,1
5,2985,0
5,2985,1
5,2986,1
5,2989,0
5,2990,1
5,2991,1
5,2992,0
5,2992,1
5,2993,1
5,2994,0
5,2994,1
5,2995,1
5,2997,0
5,2998,1
5,3000,1
5,3002,0
5,3003,0
5,3003,1
5,3004,1
5,3005,0
5,3006,1
5,3009,0
5,3009,1
5,3013,0
5,3017,0
5,3017,1
5,3018,0
5,3018,1
5,3019,1
5,3021,1
5,3023,0
5,3024,0
5,3025,0
5,3025,1
5,3026,0
5,3029,1
5,3030,0
5,3033,0
5,3033,1
5,3034,0
5,3034,1
5,3036,0
5,3037,1
5,3038,1
5,3042,0
5,3043,0
5,3045,1
5,3048,0
5,3048,1
5,3049,0
5,3049,1
5,3050,1
5,3051,1
5,3053,1
5,3054,0
5,3054,1
5,3059,1
5,3060,0
5,3061,1
5,3063,0
5,3063,1
5,3065,1
5,3066,0
5,3067,1
5,3068,1
5,3071,1
5,3073,1
5,3074,1
5,3075,1
5,3077,0
5,3080,0
5,3080,1
5,3083,0
5,3083,1
5,3085,1
5,3088,0
5,3089,0
5,3090,1
5,3093,0
5,3093,1
5,3094,0
5,3095,1
5,3096,0
5,3097,1
5,3098,0
5,3099,0
5,3104,0
5,3104,1
5,3105,1
5,3106,1
5,3108,1
5,3112,1
5,3113,0
5,3113,1
5,3114,1
5,3119,0
5,3120,0
5,3120,1
5,3121,0
5,3122,1
5,3124,0
5,3124,1
5,3125,0
5,3128,0
5,3128,1
5,3130,0
5,3136,0
5,3137,1
5,3138,1
5,3139,0
5,3143,0
5,3144,0
5,3147,1
5,3150,0
5,3153,1
5,3154,0
5,3155,1
5,3161,0
5,3162,1
5,3163,1
5,3165,0
5,3165,1
5,3166,1
5,3167,0
5,3167,1
5,3169,0
5,3171,0
5,3174,1
5,3175,1
5,3176,1
5,3177,1
5,3179,1
5,3180,1
5,3183,0
5,3183,1
5,3184,1
5,3187,1
5,3188,1
5,3191,1
5,3198,1
5,3200,0
5,3201,0
5,3203,0
5,3203,1
5,3204,0
5,3206,1
5,3213,0
5,3214,0
5,3220,0
5,3223,0
5,3224,0
5,3225,0
5,3231,0
5,3233,1
5,3237,1
5,3239,0
5,3242,1
5,3244,1
5,3246,1
5,3248,0
5,3255,1
5,3257,1
5,3263,1
5,3267,0
5,3267,1
5,3269,1
5,3270,1
5,3273,0
5,3273,1
5,3275,1
5,3277,0
5,3278,0
5,3283,1
5,3284,1
5,3285,0
5,3287,0
5,3292,0
5,3301,0
5,3302,0
5,3307,0
5,3311,0
5,3311,1
5,3316,0
5,3325,0
5,3328,1
5,3331,0
5,3332,0
5,3335,1
5,3342,0
5,3344,0
5,3354,0
5,3364,0
5,3366,1
5,3371,0
5,3374,0
5,3388,0
5,3389,0
5,3396,1
5,3413,1
5,3414,1
5,3421,0
5,3427,0
5,3433,1
5,3449,0
5,3451,1
5,3457,1
5,3460,1
5,3470,1
5,3477,0
5,3478,0
5,3485,0
5,3489,1
5,3499,0
5,3499,1
5,3506,1
5,3581,0
5,3582,1
5,3606,1
5,3607,0
5,3615,1
5,3617,1
5,3642,0
5,3646,1
5,3649,0
5,3657,1
5,3659,1
5,3668,0
5,3694,1
5,3695,0
5,3842,1
5,3843,0
5,3947,0
5,4029,0
5,4123,0
5,4190,0
5,4193,0
5,4401,0
5,4532,1
5,4630,1
5,4688,1
5,4778,0
5,4860,1
5,4870,0
5,4884,0
5,4884,1
5,4898,0
5,4916,1
5,4992,0
5,5071,1
5,5103,1
5,5108,1
5,5121,0
5,5123,0
5,5128,1
5,5135,1
5,5140,1
5,5152,0
5,5158,0
5,5158,1
5,5162,1
5,5166,0
5,5167,0
5,5172,0
5,5178,0
5,5179,1
5,5183,0
5,5184,0
5,5188,1
5,5189,0
5,5204,0
5,5206,1
5,5217,1
5,5222,0
5,5224,0
5,5227,1
5,5232,0
5,5232,1
5,5235,0
5,5236,0
5,5240,0
5,5244,0
5,5245,1
5,5247,1
5,5256,1
5,5259,0
5,5264,0
5,5267,1
5,5274,0
5,5275,0
5,5275,1
5,5278,0
5,5280,0
5,5284,1
5,5288,1
5,5289,0
5,5291,0
5,5293,0
5,5293,1
5,5294,0
5,5294,1
5,5302,0
5,5302,1
5,5303,0
5,5306,0
5,5307,0
5,5320,1
5,5321,0
5,5322,0
5,5324,1
5,5326,0
5,5332,0
5,5338,0
5,5338,1
5,5341,1
5,5343,0
5,5347,1
5,5351,0
5,5360,1
5,5361,0
5,5364,0
5,5364,1
5,5365,1
5,5369,0
5,5369,1
5,5373,0
5,5378,0
5,5380,0
5,5384,0
5,5385,1
5,5387,1
5,5389,1
5,5394,0
5,5396,0
5,5398,0
5,5399,0
5,5400,0
5,5403,1
5,5404,0
5,5405,0
5,5406,0
5,5406,1
5,5408,1
5,5409,0
5,5409,1
5,5410,0
5,5412,0
5,5414,1
5,5418,1
5,5419,1
5,5420,1
5,5422,1
5,5423,1
5,5427,0
5,5427,1
5,5428,1
5,5431,1
5,5432,0
5,5437,1
5,5438,0
5,5439,1
5,5443,0
5,5443,1
5,5444,0
5,5445,0
5,5446,1
5,5447,0
5,5448,1
5,5449,0
5,5449,1
5,5450,1
5,5452,0
5,5453,0
5,5454,0
5,5455,1
5,5456,1
5,5460,1
5,5461,1
5,5462,1
5,5463,1
5,5466,0
5,5467,0
5,5470,1
5,5472,0
5,5475,0
5,5476,0
5,5477,0
5,5477,1
5,5478,0
5,5480,1
5,5483,0
5,5483,1
5,5484,1
5,5485,0
5,5485,1
5,5486,1
5,5487,1
5,5488,0
5,5488,1
5,5491,0
5,5493,1
5,5495,1
5,5497,1
5,5498,0
5,5499,0
5,5500,1
5,5501,0
5,5502,1
5,5504,0
5,5504,1
5,5506,1
5,5507,0
5,5507,1
5,5508,1
5,5510,1
5,5511,0
5,5512,1
5,5513,0
5,5514,1
5,5516,1
5,5519,0
5,5520,0
5,5520,1
5,5522,0
5,5523,0
5,5525,1
5,5526,0
5,5527,1
5,5530,0
5,5531,0
5,5532,1
5,5533,0
5,5533,1
5,5536,1
5,5537,0
5,5538,1
5,5539,0
5,5539,1
5,5540,0
5,5540,1
5,5541,0
5,5542,1
5,5543,1
5,5545,0
5,5548,0
5,5548,1
5,5549,0
5,5553,0
5,5553,1
5,5554,1
5,5555,1
5,5556,0
5,5556,1
5,5558,0
5,5559,0
5,5560,0
5,5560,1
5,5562,1
5,5564,0
5,5565,0
5,5566,1
5,5569,1
5,5570,0
5,5570,1
5,5571,1
5,5574,0
5,5574,1
5,5575,1
5,5577,0
5,5577,1
5,5579,1
5,5580,0
5,5580,1
5,5581,1
5,5583,0
5,5583,1
5,5584,1
5,5585,1
5,5586,0
5,5586,1
5,5588,0
5,5588,1
5,5589,0
5,5589,1
5,5592,0
5,5593,1
5,5594,0
5,5596,0
5,5597,0
5,5597,1
5,5598,1
5,5600,0
5,5603,0
5,5603,1
5,5604,0
5,5604,1
5,5606,0
5,5607,0
5,5608,0
5,5608,1
5,5609,0
5,5609,1
5,5610,0
5,5610,1
5,5611,0
5,5611,1
5,5612,1
5,5613,1
5,5615,1
5,5616,0
5,5618,1
5,5619,0
5,5620,1
5,5621,1
5,5622,1
5,5625,1
5,5626,1
5,5627,0
5,5628,0
5,5630,0
5,5630,1
5,5633,0
5,5633,1
5,5634,0
5,5634,1
5,5635,0
5,5635,1
5,5637,1
5,5638,1
5,5639,0
5,5639,1
5,5640,0
5,5640,1
5,5641,0
5,5641,1
5,5642,0
5,5643,0
5,5643,1
5,5644,1
5,5645,0
5,5646,1
5,5648,0
5,5648,1
5,5649,1
5,5650,0
5,5650,1
5,5651,0
5,5651,1
5,5653,0
5,5654,1
5,5655,0
5,5656,1
5,5658,0
5,5660,0
5,5660,1
5,5662,0
5,5662,1
5,5663,0
5,5663,1
5,5664,1
5,5665,1
5,5666,0
5,5667,0
5,5667,1
5,5668,0
5,5668,1
5,5669,0
5,5669,1
5,5670,0
5,5671,0
5,5672,0
5,5672,1
5,5673,0
5,5673,1
5,5674,0
5,5674,1
5,5675,0
5,5677,0
5,5679,0
5,5679,1
5,5680,0
5,5680,1
5,5681,0
5,5681,1
5,5682,0
5,5683,1
5,5685,0
5,5685,1
5,5686,1
5,5687,0
5,5687,1
5,5688,0
5,5688,1
5,5691,0
5,5692,0
5,5692,1
5,5693,1
5,5695,1
5,5696,0
5,5697,0
5,5697,1
5,5698,0
5,5698,1
5,5699,0
5,5701,1
5,5702,0
5,5702,1
5,5703,1
5,5705,0
5,5705,1
5,5706,0
5,5707,0
5,5707,1
5,5708,0
5,5708,1
5,5709,0
5,5710,1
5,5711,0
5,5712,0
5,5712,1
5,5713,0
5,5713,1
5,5714,0
5,5714,1
5,5715,0
5,5715,1
5,5716,1
5,5717,0
5,5717,1
5,5718,0
5,5718,1
5,5719,0
5,5720,0
5,5721,0
5,5721,1
5,5722,0
5,5722,1
5,5723,0
5,5723,1
5,5725,0
5,5726,0
5,5726,1
5,5727,0
5,5728,0
5,5728,1
5,5732,1
5,5733,0
5,5734,0
5,5734,1
5,5736,0
5,5737,0
5,5738,0
5,5739,0
5,5740,1
5,5741,1
5,5742,0
5,5742,1
5,5743,1
5,5744,0
5,5744,1
5,5745,1
5,5746,0
5,5746,1
5,5747,0
5,5749,0
5,5750,1
5,5751,0
5,5751,1
5,5752,0
5,5752,1
5,5754,0
5,5755,0
5,5756,0
5,5757,0
5,5758,0
5,5758,1
5,5759,0
5,5760,0
5,5762,0
5,5762,1
5,5763,1
5,5764,0
5,5765,0
5,5767,1
5,5768,1
5,5769,0
5,5769,1
5,5770,1
5,5771,0
5,5772,0
5,5772,1
5,5775,0
5,5775,1
5,5776,1
5,5777,0
5,5777,1
5,5778,0
5,5779,0
5,5780,1
5,5781,0
5,5781,1
5,5782,0
5,5782,1
5,5783,1
5,5784,0
5,5784,1
5,5785,0
5,5785,1
5,5786,0
5,5786,1
5,5787,1
5,5788,0
5,5789,0
5,5789,1
5,5790,0
5,5790,1
5,5791,0
5,5791,1
5,5792,1
5,5793,0
5,5793,1
5,5795,1
5,5796,1
5,5797,0
5,5797,1
5,5798,0
5,5798,1
5,5799,0
5,5799,1
5,5800,0
5,5800,1
5,5801,0
5,5802,1
5,5803,1
5,5804,0
5,5804,1
5,5805,0
5,5805,1
5,5806,0
5,5807,0
5,5808,0
5,5810,0
5,5810,1
5,5811,1
5,5812,0
5,5812,1
5,5813,0
5,5813,1
5,5814,0
5,5815,0
5,5816,1
5,5817,0
5,5817,1
5,5818,0
5,5818,1
5,5819,0
5,5819,1
5,5820,0
5,5822,0
5,5823,0
5,5823,1
5,5824,0
5,5824,1
5,5825,0
5,5825,1
5,5828,0
5,5828,1
5,5829,0
5,5829,1
5,5831,0
5,5831,1
5,5832,0
5,5834,0
5,5834,1
5,5835,0
5,5836,1
5,5837,0
5,5838,0
5,5839,1
5,5840,0
5,5840,1
5,5841,0
5,5841,1
5,5842,0
5,5843,0
5,5844,0
5,5845,1
5,5846,1
5,5847,0
5,5848,1
5,5849,0
5,5850,0
5,5850,1
5,5851,0
5,5851,1
5,5854,0
5,5855,0
5,5857,1
5,5858,0
5,5860,0
5,5861,0
5,5861,1
5,5862,0
5,5862,1
5,5864,1
5,5865,0
5,5867,0
5,5868,0
5,5869,0
5,5869,1
5,5870,0
5,5870,1
5,5871,0
5,5872,0
5,5873,0
5,5874,0
5,5875,0
5,5875,1
5,5876,0
5,5876,1
5,5877,0
5,5878,0
5,5879,0
5,5880,0
5,5881,0
5,5882,0
5,5883,0
5,5883,1
5,5884,0
5,5885,0
5,5885,1
5,5886,1
5,5887,0
5,5888,0
5,5888,1
5,5889,0
5,5890,0
5,5891,0
5,5892,0
5,5893,0
5,5893,1
5,5894,1
5,5895,1
5,5896,0
5,5897,0
5,5899,0
5,5900,1
5,5901,0
5,5901,1
5,5903,0
5,5903,1
5,5904,0
5,5905,0
5,5905,1
5,5906,0
5,5908,1
5,5909,0
5,5909,1
5,5911,0
5,5913,1
5,5915,0
5,5916,0
5,5916,1
5,5917,0
5,5918,0
5,5919,0
5,5919,1
5,5920,0
5,5921,0
5,5921,1
5,5922,1
5,5923,1
5,5924,1
5,5927,1
5,5928,1
5,5929,0
5,5930,0
5,5931,0
5,5931,1
5,5933,0
5,5933,1
5,5934,1
5,5935,0
5,5935,1
5,5936,0
5,5936,1
5,5937,1
5,5940,0
5,5942,0
5,5943,0
5,5944,1
5,5945,1
5,5946,1
5,5948,0
5,5948,1
5,5949,0
5,5951,1
5,5952,0
5,5952,1
5,5953,0
5,5954,1
5,5955,0
5,5956,0
5,5958,0
5,5960,0
5,5961,0
5,5962,1
5,5963,1
5,5964,1
5,5965,1
5,5966,0
5,5967,0
5,5968,0
5,5968,1
5,5969,0
5,5969,1
5,5970,1
5,5971,0
5,5972,0
5,5972,1
5,5973,1
5,5975,1
5,5976,1
5,5977,1
5,5978,0
5,5979,0
5,5980,0
5,5980,1
5,5981,0
5,5981,1
5,5983,0
5,5983,1
5,5984,0
5,5984,1
5,5986,0
5,5987,1
5,5988,0
5,5989,0
5,5990,1
5,5991,0
5,5992,0
5,5992,1
5,5993,0
5,5994,0
5,5994,1
5,5995,0
5,5996,1
5,5997,1
5,5999,1
5,6000,0
5,6001,0
5,6002,0
5,6003,0
5,6004,0
5,6005,1
5,6006,1
5,6007,0
5,6007,1
5,6008,0
5,6008,1
5,6009,1
5,6010,0
5,6011,1
5,6012,1
5,6013,0
5,6014,0
5,6014,1
5,6016,0
5,6017,0
5,6017,1
5,6018,0
5,6019,0
5,6020,0
5,6021,0
5,6021,1
5,6022,0
5,6022,1
5,6023,0
5,6023,1
5,6024,1
5,6026,0
5,6027,0
5,6027,1
5,6028,1
5,6029,0
5,6030,0
5,6031,1
5,6032,0
5,6033,1
5,6034,0
5,6034,1
5,6035,0
5,6037,0
5,6037,1
5,6038,0
5,6040,1
5,6041,0
5,6041,1
5,6042,0
5,6044,0
5,6045,0
5,6046,0
5,6047,1
5,6048,0
5,6048,1
5,6049,0
5,6049,1
5,6051,0
5,6051,1
5,6052,0
5,6054,1
5,6055,0
5,6055,1
5,6056,0
5,6056,1
5,6057,0
5,6058,1
5,6059,0
5,6059,1
5,6062,1
5,6063,0
5,6064,0
5,6065,0
5,6066,0
5,6067,1
5,6068,1
5,6069,1
5,6070,1
5,6071,0
5,6071,1
5,6074,1
5,6075,0
5,6076,0
5,6077,0
5,6081,1
5,6082,1
5,6083,0
5,6083,1
5,6084,1
5,6085,0
5,6085,1
5,6086,0
5,6086,1
5,6088,1
5,6091,0
5,6092,0
5,6093,1
5,6095,1
5,6096,0
5,6096,1
5,6097,0
5,6101,0
5,6102,0
5,6103,0
5,6104,0
5,6105,0
5,6105,1
5,6107,0
5,6107,1
5,6111,0
5,6112,0
5,6113,0
5,6114,1
5,6115,0
5,6117,0
5,6119,0
5,6120,1
5,6124,0
5,6126,1
5,6127,1
5,6130,1
5,6131,0
5,6133,0
5,6133,1
5,6135,0
5,6136,1
5,6137,0
5,6139,0
5,6143,1
5,6144,0
5,6145,0
5,6145,1
5,6146,0
5,6148,1
5,6149,0
5,6150,0
5,6150,1
5,6151,0
5,6151,1
5,6152,0
5,6153,1
5,6155,1
5,6158,0
5,6158,1
5,6159,0
5,6160,1
5,6161,0
5,6161,1
5,6162,1
5,6163,0
5,6165,0
5,6165,1
5,6166,0
5,6166,1
5,6167,1
5,6168,0
5,6169,0
5,6170,0
5,6173,0
5,6175,0
5,6179,1
5,6180,1
5,6181,0
5,6182,1
5,6183,0
5,6185,0
5,6185,1
5,6186,1
5,6188,1
5,6189,0
5,6189,1
5,6191,0
5,6192,0
5,6192,1
5,6193,0
5,6194,1
5,6196,1
5,6197,1
5,6198,1
5,6200,0
5,6200,1
5,6201,1
5,6202,0
5,6204,1
5,6205,0
5,6205,1
5,6206,1
5,6207,0
5,6209,0
5,6209,1
5,6210,0
5,6211,1
5,6212,0
5,6217,1
5,6218,0
5,6218,1
5,6220,0
5,6220,1
5,6222,1
5,6223,0
5,6225,0
5,6226,0
5,6227,0
5,6228,0
5,6231,1
5,6232,0
5,6233,0
5,6235,0
5,6235,1
5,6236,0
5,6236,1
5,6237,1
5,6238,0
5,6240,0
5,6241,1
5,6245,1
5,6247,1
5,6250,1
5,6251,0
5,6252,0
5,6252,1
5,6253,1
5,6254,1
5,6255,0
5,6255,1
5,6257,0
5,6260,0
5,6260,1
5,6262,0
5,6264,0
5,6265,0
5,6265,1
5,6266,0
5,6266,1
5,6268,1
5,6269,1
5,6273,1
5,6274,0
5,6275,0
5,6275,1
5,6282,0
5,6282,1
5,6284,0
5,6285,0
5,6287,1
5,6290,0
5,6293,0
5,6293,1
5,6294,0
5,6295,0
5,6298,1
5,6304,0
5,6306,1
5,6308,0
5,6308,1
5,6312,0
5,6312,1
5,6313,1
5,6314,1
5,6316,0
5,6317,0
5,6318,1
5,6319,1
5,6323,1
5,6324,1
5,6325,1
5,6326,0
5,6327,0
5,6328,1
5,6330,0
5,6331,1
5,6332,0
5,6332,1
5,6333,0
5,6334,0
5,6335,1
5,6337,0
5,6338,0
5,6338,1
5,6339,0
5,6340,0
5,6340,1
5,6342,1
5,6343,1
5,6344,1
5,6346,0
5,6347,1
5,6348,1
5,6350,0
5,6351,0
5,6355,1
5,6356,0
5,6361,0
5,6365,1
5,6367,0
5,6368,0
5,6372,1
5,6373,1
5,6374,0
5,6375,0
5,6375,1
5,6378,1
5,6379,0
5,6380,1
5,6381,0
5,6381,1
5,6382,1
5,6386,0
5,6388,1
5,6393,1
5,6396,0
5,6396,1
5,6401,1
5,6403,1
5,6409,1
5,6411,0
5,6414,0
5,6419,0
5,6420,0
5,6422,1
5,6424,1
5,6427,1
5,6428,1
5,6429,0
5,6436,1
5,6437,1
5,6439,0
5,6439,1
5,6442,0
5,6447,0
5,6449,1
5,6450,0
5,6451,1
5,6452,0
5,6452,1
5,6454,0
5,6461,1
5,6462,0
5,6463,1
5,6464,1
5,6471,1
5,6473,1
5,6480,0
5,6484,0
5,6497,1
5,6501,0
5,6504,1
5,6509,1
5,6511,0
5,6514,0
5,6516,0
5,6520,0
5,6520,1
5,6522,1
5,6531,0
5,6533,1
5,6538,0
5,6540,0
5,6541,0
5,6545,0
5,6553,0
5,6553,1
5,6554,1
5,6557,1
5,6559,0
5,6566,0
5,6567,1
5,6573,0
5,6574,1
5,6578,1
5,6588,1
5,6599,1
5,6613,1
5,6618,0
5,6623,0
5,6626,0
5,6632,0
5,6633,1
5,6634,0
5,6636,0
5,6637,0
5,6647,1
5,6649,1
5,6651,0
5,6659,1
5,6660,0
5,6664,1
5,6673,0
5,6675,0
5,6676,0
5,6676,1
5,6677,0
5,6677,1
5,6682,0
5,6683,1
5,6695,1
5,6698,0
5,6699,1
5,6700,0
5,6703,0
5,6709,1
5,6719,0
5,6735,0
5,6739,1
5,6754,0
5,6767,1
5,6772,0
5,6778,0
5,6780,1
5,6783,1
5,6803,0
5,6804,1
5,6810,0
5,6815,1
5,6826,1
5,6828,0
5,6829,0
5,6834,0
5,6840,1
5,6841,0
5,6842,0
5,6846,0
5,6847,0
5,6851,1
5,6852,0
5,6853,1
5,6857,0
5,6871,0
5,6878,1
5,6884,0
5,6884,1
5,6885,0
5,6887,0
5,6892,0
5,6895,1
5,6896,0
5,6904,1
5,6916,1
5,6917,0
5,6918,1
5,6919,0
5,6921,0
5,6923,0
5,6929,0
5,6931,0
5,6932,0
5,6951,0
5,6952,0
5,6956,0
5,6961,0
5,6969,1
5,6971,1
5,6972,0
5,6973,1
5,6974,1
5,6977,1
5,6982,1
5,6984,1
5,6988,1
5,6989,1
5,6993,0
5,6994,0
5,6999,0
5,7005,1
5,7006,0
5,7007,0
5,7008,1
5,7009,1
5,7015,1
5,7020,0
5,7023,0
5,7029,1
5,7032,1
5,7033,1
5,7035,0
5,7038,1
5,7043,1
5,7044,1
5,7054,0
5,7055,0
5,7060,0
5,7060,1
5,7063,0
5,7065,0
5,7065,1
5,7068,0
5,7070,1
5,7089,0
5,7097,0
5,7102,1
5,7105,1
5,7106,0
5,7110,1
5,7111,1
5,7116,0
5,7117,0
5,7121,1
5,7124,0
5,7125,1
5,7127,0
5,7127,1
5,7129,0
5,7130,1
5,7131,0
5,7132,1
5,7137,0
5,7138,0
5,7140,1
5,7141,0
5,7142,0
5,7144,1
5,7146,1
5,7150,0
5,7151,0
5,7152,0
5,7155,1
5,7156,0
5,7158,0
5,7158,1
5,7160,0
5,7162,1
5,7163,1
5,7165,1
5,7166,0
5,7166,1
5,7169,1
5,7171,1
5,7176,1
5,7180,1
5,7191,1
5,7194,1
5,7197,0
5,7202,0
5,7203,0
5,7205,0
5,7205,1
5,7207,1
5,7210,0
5,7210,1
5,7215,0
5,7217,1
5,7220,0
5,7222,0
5,7223,0
5,7224,1
5,7225,1
5,7227,0
5,7228,0
5,7229,0
5,7233,1
5,7234,0
5,7234,1
5,7236,1
5,7239,1
5,7246,1
5,7248,0
5,7251,0
5,7253,0
5,7255,0
5,7256,0
5,7256,1
5,7260,0
5,7261,1
5,7266,0
5,7269,1
5,7274,0
5,7279,1
5,7282,0
5,7284,0
5,7287,1
5,7293,1
5,7297,0
5,7304,0
5,7308,1
5,7309,1
5,7310,1
5,7313,0
5,7315,1
5,7325,0
5,7325,1
5,7330,0
5,7330,1
5,7336,1
5,7339,1
5,7341,0
5,7343,0
5,7344,0
5,7345,0
5,7347,1
5,7348,0
5,7349,1
5,7350,1
5,7352,0
5,7352,1
5,7353,0
5,7354,0
5,7355,1
5,7357,0
5,7358,0
5,7359,0
5,7360,0
5,7360,1
5,7362,0
5,7363,0
5,7364,0
5,7364,1
5,7365,0
5,7367,1
5,7369,1
5,7372,0
5,7372,1
5,7373,0
5,7376,0
5,7376,1
5,7379,1
5,7381,0
5,7381,1
5,7383,1
5,7384,1
5,7387,0
5,7387,1
5,7388,0
5,7392,1
5,7396,0
5,7397,0
5,7397,1
5,7406,1
5,7407,1
5,7411,0
5,7412,1
5,7416,0
5,7417,1
5,7422,0
5,7424,0
5,7427,0
5,7429,1
5,7430,0
5,7432,1
5,7434,1
5,7435,0
5,7435,1
5,7437,1
5,7439,0
5,7440,1
5,7443,1
5,7444,1
5,7445,0
5,7445,1
5,7446,1
5,7448,0
5,7450,0
5,7450,1
5,7451,0
5,7453,1
5,7455,0
5,7455,1
5,7458,1
5,7464,0
5,7465,1
5,7468,1
5,7471,0
5,7473,1
5,7474,1
5,7478,0
5,7478,1
5,7479,1
5,7483,0
5,7483,1
5,7485,1
5,7488,0
5,7490,0
5,7491,1
5,7492,1
5,7493,1
5,7494,1
5,7495,0
5,7502,1
5,7508,0
5,7508,1
5,7513,1
5,7515,0
5,7523,1
5,7525,1
5,7528,0
5,7528,1
5,7529,0
5,7529,1
5,7534,0
5,7534,1
5,7539,0
5,7540,0
5,7545,0
5,7547,0
5,7547,1
5,7548,0
5,7551,1
5,7552,1
5,7558,0
5,7561,0
5,7566,1
5,7569,0
5,7571,0
5,7574,0
5,7576,1
5,7579,1
5,7580,0
5,7581,1
5,7583,0
5,7584,0
5,7585,0
5,7585,1
5,7586,1
5,7590,0
5,7596,1
5,7597,1
5,7611,1
5,7612,0
5,7614,0
5,7615,0
5,7617,0
5,7617,1
5,7618,0
5,7618,1
5,7619,0
5,7620,0
5,7620,1
5,7622,0
5,7623,0
5,7624,0
5,7624,1
5,7628,1
5,7629,0
5,7629,1
5,7633,0
5,7634,1
5,7637,0
5,7638,0
5,7639,1
5,7645,0
5,7651,0
5,7660,1
5,7663,0
5,7664,0
5,7667,0
5,7668,1
5,7669,0
5,7670,1
5,7671,0
5,7672,0
5,7673,1
5,7674,0
5,7674,1
5,7676,0
5,7677,0
5,7678,1
5,7681,1
5,7682,0
5,7683,0
5,7684,0
5,7685,0
5,7685,1
5,7687,0
5,7688,1
5,7689,0
5,7691,1
5,7693,1
5,7694,1
5,7696,1
5,7697,1
5,7698,0
5,7698,1
5,7700,1
5,7702,1
5,7703,0
5,7704,0
5,7706,0
5,7708,1
5,7709,1
5,7710,0
5,7711,1
5,7714,0
5,7715,1
5,7716,0
5,7721,0
5,7722,1
5,7723,0
5,7725,0
5,7725,1
5,7727,0
5,7728,0
5,7732,1
5,7735,0
5,7737,1
5,7739,0
5,7740,1
5,7741,1
5,7742,1
5,7748,1
5,7751,0
5,7752,0
5,7753,1
5,7755,0
5,7757,0
5,7759,1
5,7762,0
5,7763,0
5,7764,1
5,7768,1
5,7770,0
5,7772,0
5,7781,1
5,7794,1
5,7795,0
5,7797,1
5,7801,0
5,7804,1
5,7808,0
5,7808,1
5,7811,0
5,7813,0
5,7818,1
5,7820,0
5,7823,0
5,7825,0
5,7827,0
5,7831,1
5,7832,0
5,7833,1
5,7835,0
5,7835,1
5,7837,0
5,7838,0
5,7838,1
5,7840,0
5,7840,1
5,7844,0
5,7844,1
5,7845,0
5,7851,1
5,7854,0
5,7857,0
5,7863,0
5,7865,1
5,7867,1
5,7868,0
5,7869,1
5,7870,1
5,7873,1
5,7877,0
5,7877,1
5,7890,1
5,7892,0
5,7895,0
5,7895,1
5,7897,0
5,7897,1
5,7899,0
5,7900,0
5,7902,1
5,7905,0
5,7905,1
5,7909,1
5,7914,0
5,7916,1
5,7919,0
5,7922,0
5,7925,1
5,7937,1
5,7938,0
5,7942,1
5,7950,1
5,7951,1
5,7953,0
5,7955,1
5,7957,1
5,7958,0
5,7961,1
5,7963,0
5,7972,0
5,7973,0
5,7979,1
5,7985,0
5,8001,1
5,8003,1
5,8006,0
5,8015,1
5,8020,1
5,8021,1
5,8024,1
5,8026,1
5,8027,0
5,8029,0
5,8030,1
5,8033,0
5,8035,0
5,8036,0
5,8038,0
5,8038,1
5,8042,0
5,8042,1
5,8043,0
5,8044,0
5,8044,1
5,8049,1
5,8054,0
5,8057,0
5,8066,0
5,8071,1
5,8075,0
5,8076,1
5,8080,0
5,8085,1
5,8086,0
5,8092,0
5,8093,0
5,8110,1
5,8116,0
5,8119,0
5,8121,1
5,8134,1
5,8137,1
5,8146,0
5,8151,0
5,8156,0
5,8157,0
5,8159,0
5,8166,0
5,8170,0
5,8175,1
5,8176,0
5,8180,1
5,8210,1
5,8212,1
5,8214,0
5,8215,1
5,8217,1
5,8218,1
5,8219,0
5,8222,0
5,8223,1
5,8224,0
5,8228,0
5,8229,1
5,8231,0
5,8233,1
5,8235,0
5,8235,1
5,8236,0
5,8237,1
5,8240,0
5,8242,0
5,8247,0
5,8247,1
5,8251,0
5,8252,0
5,8253,0
5,8284,0
5,8292,0
5,8294,0
5,8295,0
5,8299,1
5,8306,0
5,8308,1
5,8323,0
5,8339,1
5,8363,1
5,8366,1
5,8367,1
5,8371,1
5,8372,1
5,8376,0
5,8376,1
5,8377,0
5,8381,0
5,8382,0
5,8387,1
5,8392,0
5,8397,1
5,8401,0
5,8406,0
5,8426,1
5,8468,1
5,8487,0
5,8492,0
5,8496,0
5,8498,0
5,8503,1
5,8507,0
5,8508,0
5,8512,0
5,8512,1
5,8513,0
5,8513,1
5,8517,1
5,8521,0
5,8526,1
5,8531,0
5,8547,1
5,8568,1
5,8584,0
5,8591,1
5,8659,1
5,8704,0
5,8705,1
5,8709,0
5,8709,1
5,8710,1
5,8719,1
5,8724,0
5,8724,1
5,8729,1
5,8732,1
5,8738,1
5,8745,1
5,8749,0
5,8750,1
5,8754,1
5,8759,1
5,8764,0
5,8770,1
5,8777,0
5,8782,1
5,8799,1
5,8802,1
5,8804,1
5,8807,0
5,8812,0
5,8842,0
5,8853,1
5,8854,1
5,8859,0
5,8863,1
5,8864,1
5,8868,0
5,8873,1
5,8878,1
5,8923,0
5,8928,0
5,8929,1
5,8933,1
5,8934,1
5,8954,0
5,8962,1
5,8966,1
5,8970,0
5,8971,0
5,8976,1
5,8981,1
5,8987,0
5,8995,0
5,9002,1
5,9011,1
5,9014,1
5,9018,0
5,9019,1
5,9023,0
5,9024,0
5,9026,0
5,9031,0
5,9036,0
5,9039,0
5,9041,0
5,9044,0
5,9046,0
5,9047,1
5,9049,1
5,9050,1
5,9051,1
5,9052,1
5,9053,1
5,9055,1
5,9057,1
5,9058,1
5,9062,0
5,9063,0
5,9065,0
5,9066,0
5,9067,0
5,9070,1
5,9073,1
5,9077,1
5,9078,1
5,9081,0
5,9082,1
5,9085,1
5,9087,1
5,9089,1
5,9090,0
5,9093,0
5,9095,1
5,9098,0
5,9099,0
5,9100,0
5,9102,0
5,9103,0
5,9104,0
5,9105,0
5,9109,0
5,9112,1
5,9113,1
5,9114,1
5,9116,0
5,9117,1
5,9127,0
5,9128,1
5,9133,0
5,9133,1
5,9134,1
5,9138,0
5,9139,1
5,9141,1
5,9142,1
5,9145,0
5,9145,1
5,9150,1
5,9154,0
5,9156,0
5,9160,0
5,9161,0
5,9162,1
5,9163,1
5,9164,1
5,9165,1
5,9168,1
5,9173,0
5,9175,1
5,9176,1
5,9177,1
5,9178,0
5,9178,1
5,9183,0
5,9186,0
5,9188,1
5,9189,0
5,9192,0
5,9193,0
5,9193,1
5,9194,1
5,9195,0
5,9196,0
5,9200,1
5,9201,0
5,9201,1
5,9203,0
5,9206,0
5,9207,0
5,9209,1
5,9211,0
5,9211,1
5,9212,0
5,9214,1
5,9218,1
5,9219,0
5,9223,0
5,9227,1
5,9228,1
5,9231,0
5,9232,0
5,9232,1
5,9234,1
5,9237,0
5,9237,1
5,9239,0
5,9240,1
5,9243,0
5,9247,1
5,9248,1
5,9249,0
5,9251,1
5,9258,0
5,9259,0
5,9259,1
5,9260,1
5,9263,0
5,9264,0
5,9266,1
5,9271,0
5,9278,0
5,9281,1
5,9282,1
5,9283,0
5,9286,1
5,9287,1
5,9290,0
5,9292,1
5,9295,0
5,9296,1
5,9300,1
5,9303,0
5,9304,1
5,9306,0
5,9308,1
5,9311,1
5,9316,0
5,9318,1
5,9321,0
5,9322,0
5,9324,0
5,9328,1
5,9330,1
5,9331,0
5,9331,1
5,9336,0
5,9338,0
5,9345,0
5,9346,1
5,9347,0
5,9355,0
5,9356,0
5,9357,0
5,9360,1
5,9361,0
5,9363,0
5,9368,0
5,9368,1
5,9370,0
5,9373,0
5,9375,0
5,9376,1
5,9378,1
5,9380,1
5,9381,0
5,9383,0
5,9384,0
5,9384,1
5,9386,0
5,9386,1
5,9394,1
5,9396,1
5,9399,0
5,9399,1
5,9402,0
5,9404,0
5,9407,0
5,9409,0
5,9415,0
5,9416,1
5,9425,0
5,9428,1
5,9430,0
5,9432,0
5,9433,0
5,9433,1
5,9434,1
5,9435,1
5,9439,0
5,9441,1
5,9442,1
5,9445,0
5,9445,1
5,9446,0
5,9446,1
5,9447,0
5,9450,0
5,9450,1
5,9453,0
5,9455,0
5,9456,1
5,9457,1
5,9458,0
5,9458,1
5,9459,0
5,9460,1
5,9461,1
5,9463,1
5,9464,1
5,9465,0
5,9469,1
5,9473,0
5,9476,1
5,9478,1
5,9479,0
5,9479,1
5,9489,1
5,9490,0
5,9491,1
5,9494,0
5,9502,0
5,9504,1
5,9507,0
5,9508,1
5,9509,1
5,9510,0
5,9512,1
5,9514,0
5,9516,0
5,9518,0
5,9518,1
5,9520,0
5,9521,1
5,9523,1
5,9524,0
5,9524,1
5,9528,0
5,9533,0
5,9536,0
5,9539,0
5,9540,1
5,9541,0
5,9543,0
5,9544,0
5,9546,0
5,9547,0
5,9549,0
5,9550,1
5,9553,0
5,9554,0
5,9554,1
5,9555,1
5,9556,0
5,9557,1
5,9558,1
5,9559,0
5,9560,1
5,9561,1
5,9564,0
5,9565,1
5,9567,0
5,9573,0
5,9574,0
5,9578,0
5,9578,1
5,9579,1
5,9581,1
5,9585,1
5,9588,1
5,9592,0
5,9592,1
5,9593,0
5,9596,0
5,9599,0
5,9599,1
5,9600,0
5,9600,1
5,9610,1
5,9613,0
5,9618,0
5,9618,1
5,9620,1
5,9622,1
5,9623,1
5,9624,0
5,9625,0
5,9626,1
5,9627,0
5,9630,1
5,9632,1
5,9635,1
5,9637,0
5,9646,1
5,9648,0
5,9654,1
5,9655,0
5,9657,1
5,9660,0
5,9661,1
5,9662,0
5,9662,1
5,9663,0
5,9664,1
5,9665,1
5,9666,1
5,9670,0
5,9672,0
5,9672,1
5,9676,1
5,9677,1
5,9678,0
5,9679,1
5,9680,1
5,9681,0
5,9681,1
5,9685,0
5,9686,1
5,9689,0
5,9690,0
5,9691,0
5,9693,1
5,9694,1
5,9695,0
5,9695,1
5,9697,1
5,9701,1
5,9702,0
5,9704,1
5,9707,1
5,9710,0
5,9710,1
5,9712,0
5,9714,1
5,9715,0
5,9716,1
5,9719,1
5,9720,1
5,9721,1
5,9727,0
5,9727,1
5,9728,1
5,9729,0
5,9730,1
5,9733,1
5,9735,1
5,9736,1
5,9739,0
5,9742,1
5,9743,1
5,9745,0
5,9747,0
5,9749,1
5,9750,1
5,9751,1
5,9752,0
5,9752,1
5,9755,1
5,9757,0
5,9761,1
5,9762,1
5,9767,1
5,9768,0
5,9769,1
5,9774,0
5,9775,0
5,9777,0
5,9778,1
5,9780,0
5,9781,1
5,9784,0
5,9789,1
5,9790,1
5,9791,0
5,9795,0
5,9795,1
5,9796,1
5,9797,0
5,9800,0
5,9806,1
5,9810,1
5,9813,0
5,9814,1
5,9816,1
5,9818,1
5,9820,0
5,9824,0
5,9825,1
5,9826,0
5,9827,0
5,9829,0
5,9833,1
5,9834,1
5,9835,1
5,9837,1
5,9839,0
5,9840,1
5,9842,1
5,9843,0
5,9844,1
5,9847,1
5,9850,0
5,9851,1
5,9852,0
5,9852,1
5,9854,0
5,9855,1
5,9856,0
5,9858,0
5,9860,0
5,9860,1
5,9861,0
5,9864,0
5,9864,1
5,9865,0
5,9866,1
5,9868,0
5,9869,1
5,9871,0
5,9871,1
5,9875,1
5,9876,0
5,9879,0
5,9880,1
5,9881,0
5,9882,1
5,9883,0
5,9885,1
5,9886,0
5,9887,0
5,9888,0
5,9889,0
5,9891,0
5,9891,1
5,9892,1
5,9893,0
5,9897,1
5,9898,1
5,9902,0
5,9903,0
5,9904,1
5,9907,1
5,9910,0
5,9918,1
5,9919,1
5,9920,1
5,9922,1
5,9924,1
5,9928,1
5,9929,0
5,9932,0
5,9933,0
5,9934,0
5,9934,1
5,9936,0
5,9938,0
5,9939,1
5,9943,0
5,9944,0
5,9945,0
5,9946,0
5,9948,1
5,9949,0
5,9949,1
5,9951,1
5,9952,1
5,9953,1
5,9954,1
5,9955,1
5,9956,0
5,9956,1
5,9958,0
5,9961,0
5,9963,1
5,9965,0
5,9966,1
5,9967,1
5,9968,0
5,9969,0
5,9969,1
5,9970,1
5,9971,0
5,9971,1
5,9972,0
5,9972,1
5,9974,1
5,9975,0
5,9978,1
5,9979,1
5,9980,0
5,9984,1
5,9985,1
5,9986,1
5,9987,0
5,9987,1
5,9989,1
5,9990,0
5,9990,1
5,9991,1
5,9993,1
5,9994,1
5,9995,1
5,9997,0
5,9997,1
5,9998,1
5,9999,0
5,9999,1
5,10000,0
5,10005,0
5,10005,1
5,10006,0
5,10010,1
5,10011,0
5,10011,1
5,10012,1
5,10013,0
5,10015,1
5,10016,0
5,10018,0
5,10019,1
5,10020,0
5,10023,1
5,10024,1
5,10025,0
5,10025,1
5,10026,1
5,10028,1
5,10029,1
5,10030,0
5,10033,1
5,10034,1
5,10035,1
5,10036,0
5,10041,0
5,10042,1
5,10043,1
5,10047,1
5,10051,1
5,10052,0
5,10052,1
5,10053,1
5,10054,1
5,10057,0
5,10058,0
5,10059,0
5,10063,0
5,10064,1
5,10069,1
5,10072,0
5,10077,1
5,10083,1
5,10085,0
5,10087,0
5,10088,0
5,10092,0
5,10094,1
5,10096,1
5,10097,1
5,10101,0
5,10102,1
5,10105,1
5,10106,0
5,10109,0
5,10110,0
5,10112,1
5,10114,0
5,10120,1
5,10125,0
5,10128,0
5,10130,0
5,10130,1
5,10131,0
5,10135,0
5,10135,1
5,10145,0
5,10146,0
5,10148,0
5,10151,0
5,10153,0
5,10154,0
5,10154,1
5,10155,0
5,10163,1
5,10168,0
5,10170,0
5,10171,0
5,10174,1
5,10175,0
5,10176,0
5,10181,0
5,10181,1
5,10188,1
5,10190,1
5,10191,0
5,10193,0
5,10193,1
5,10200,0
5,10201,1
5,10202,0
5,10206,1
5,10207,0
5,10210,0
5,10211,1
5,10212,1
5,10213,1
5,10214,1
5,10215,1
5,10216,1
5,10221,0
5,10221,1
5,10223,1
5,10226,1
5,10228,1
5,10229,0
5,10230,1
5,10231,1
5,10236,1
5,10238,0
5,10241,1
5,10243,0
5,10244,0
5,10245,0
5,10246,0
5,10246,1
5,10247,0
5,10248,0
5,10249,0
5,10251,1
5,10252,1
5,10254,1
5,10255,0
5,10257,1
5,10258,0
5,10262,0
5,10265,0
5,10267,1
5,10268,0
5,10270,1
5,10271,0
5,10271,1
5,10272,1
5,10273,0
5,10276,1
5,10277,0
5,10278,0
5,10278,1
5,10280,0
5,10281,1
5,10283,1
5,10285,0
5,10286,1
5,10287,0
5,10289,1
5,10292,0
5,10293,0
5,10294,0
5,10295,1
5,10298,0
5,10298,1
5,10299,0
5,10301,1
5,10304,0
5,10305,1
5,10307,0
5,10308,1
5,10309,0
5,10310,1
5,10312,1
5,10315,0
5,10316,0
5,10316,1
5,10317,1
5,10318,1
5,10323,0
5,10325,0
5,10327,0
5,10328,1
5,10329,0
5,10331,0
5,10332,0
5,10333,0
5,10335,0
5,10337,1
5,10338,0
5,10339,0
5,10342,0
5,10343,1
5,10344,0
5,10344,1
5,10347,1
5,10349,0
5,10349,1
5,10352,0
5,10352,1
5,10353,1
5,10354,1
5,10356,0
5,10357,0
5,10358,1
5,10360,1
5,10361,1
5,10363,0
5,10365,0
5,10365,1
5,10369,0
5,10369,1
5,10370,1
5,10371,0
5,10371,1
5,10373,0
5,10373,1
5,10375,0
5,10376,0
5,10376,1
5,10378,1
5,10380,1
5,10381,1
5,10382,0
5,10383,0
5,10386,0
5,10386,1
5,10387,0
5,10388,0
5,10388,1
5,10391,0
5,10392,1
5,10394,0
5,10395,1
5,10396,0
5,10397,1
5,10398,1
5,10401,0
5,10402,0
5,10403,0
5,10404,1
5,10405,0
5,10406,1
5,10408,0
5,10409,0
5,10410,0
5,10413,1
5,10415,1
5,10416,0
5,10422,0
5,10422,1
5,10427,0
5,10427,1
5,10429,0
5,10432,0
5,10432,1
5,10433,1
5,10439,0
5,10439,1
5,10440,0
5,10442,1
5,10443,0
5,10444,0
5,10445,1
5,10447,0
5,10451,0
5,10454,0
5,10457,1
5,10458,0
5,10458,1
5,10459,0
5,10460,0
5,10461,0
5,10461,1
5,10466,0
5,10467,0
5,10468,0
5,10469,0
5,10469,1
5,10470,0
5,10470,1
5,10471,1
5,10472,0
5,10477,1
5,10478,1
5,10479,0
5,10481,1
5,10486,1
5,10487,1
5,10488,1
5,10489,0
5,10491,0
5,10491,1
5,10492,1
5,10495,1
5,10497,0
5,10501,0
5,10502,1
5,10503,1
5,10504,0
5,10505,0
5,10509,0
5,10510,1
5,10511,1
5,10512,0
5,10513,0
5,10517,0
5,10521,0
5,10523,0
5,10523,1
5,10526,0
5,10526,1
5,10533,0
5,10536,0
5,10536,1
5,10537,0
5,10537,1
5,10539,1
5,10542,1
5,10543,1
5,10544,1
5,10545,1
5,10547,1
5,10548,1
5,10552,1
5,10555,0
5,10559,0
5,10561,1
5,10562,1
5,10564,1
5,10565,1
5,10566,1
5,10571,0
5,10572,0
5,10573,0
5,10573,1
5,10575,1
5,10576,1
5,10577,1
5,10578,1
5,10579,0
5,10581,0
5,10587,1
5,10588,0
5,10588,1
5,10590,0
5,10591,0
5,10591,1
5,10594,1
5,10596,1
5,10597,0
5,10597,1
5,10598,0
5,10599,0
5,10600,0
5,10601,0
5,10602,0
5,10603,0
5,10603,1
5,10606,1
5,10608,1
5,10609,1
5,10610,1
5,10611,1
5,10612,0
5,10614,1
5,10616,1
5,10617,1
5,10620,0
5,10621,1
5,10623,0
5,10624,0
5,10625,0
5,10626,1
5,10627,1
5,10628,0
5,10628,1
5,10629,0
5,10630,0
5,10631,0
5,10631,1
5,10632,0
5,10633,1
5,10634,1
5,10637,1
5,10638,0
5,10638,1
5,10639,0
5,10642,0
5,10642,1
5,10644,0
5,10644,1
5,10646,0
5,10647,0
5,10648,0
5,10648,1
5,10654,1
5,10655,0
5,10656,1
5,10657,1
5,10660,1
5,10661,0
5,10661,1
5,10662,0
5,10663,1
5,10665,0
5,10665,1
5,10671,0
5,10671,1
5,10672,1
5,10673,0
5,10674,0
5,10676,1
5,10678,1
5,10679,1
5,10681,1
5,10682,0
5,10684,1
5,10686,0
5,10690,0
5,10691,0
5,10692,1
5,10694,0
5,10694,1
5,10696,0
5,10696,1
5,10698,0
5,10699,1
5,10700,0
5,10702,0
5,10702,1
5,10703,0
5,10704,1
5,10705,0
5,10705,1
5,10707,0
5,10708,0
5,10708,1
5,10710,0
5,10711,0
5,10711,1
5,10712,0
5,10714,1
5,10715,1
5,10717,1
5,10718,0
5,10719,0
5,10719,1
5,10722,1
5,10723,1
5,10724,1
5,10725,1
5,10726,0
5,10729,0
5,10731,1
5,10732,1
5,10733,0
5,10733,1
5,10734,0
5,10737,0
5,10739,1
5,10740,0
5,10740,1
5,10741,1
5,10743,0
5,10743,1
5,10744,0
5,10745,0
5,10745,1
5,10746,0
5,10747,1
5,10748,0
5,10748,1
5,10749,1
5,10756,1
5,10757,0
5,10764,0
5,10768,0
5,10777,0
5,10785,1
5,10794,1
5,10804,0
5,10809,1
5,10820,1
5,10826,1
5,10830,0
5,10830,1
5,10831,1
5,10832,1
5,10833,0
5,10835,1
5,10836,0
5,10837,0
5,10847,1
5,10848,0
5,10852,0
5,10869,1
5,10878,1
5,10886,0
5,10888,1
5,10894,1
5,10914,1
5,10921,0
5,10925,1
5,10929,0
5,10941,0
5,10946,0
5,10953,0
5,10958,0
5,10963,1
5,10964,1
5,10976,0
5,10977,0
5,10978,0
5,10983,0
5,10985,1
5,11001,0
5,11017,0
5,11019,1
5,11022,0
5,11027,0
5,11034,0
5,11035,1
5,11038,0
5,11054,0
5,11055,1
5,11062,0
5,11116,0
5,11136,1
5,11362,0
5,11746,0
5,11751,0
5,11751,1
5,11754,1
5,11770,0
5,11794,1
5,11799,0
5,11844,0
5,11851,1
5,11856,1
5,11861,0
5,11866,1
5,11871,0
5,11876,1
5,11881,0
5,11881,1
5,11884,1
5,11886,0
5,11886,1
5,11889,0
5,11889,1
5,11891,0
5,11894,0
5,11894,1
5,11895,1
5,11896,0
5,11899,0
5,11900,1
5,11901,0
5,11904,0
5,11909,1
5,11914,0
5,11916,1
5,11918,0
5,11919,1
5,11920,0
5,11923,0
5,11923,1
5,11925,0
5,11927,0
5,11928,0
5,11928,1
5,11932,0
5,11933,0
5,11933,1
5,11937,1
5,11938,0
5,11939,0
5,11942,0
5,11942,1
5,11943,1
5,11944,0
5,11944,1
5,11947,0
5,11948,0
5,11949,1
5,11951,1
5,11952,1
5,11953,0
5,11954,1
5,11956,0
5,11956,1
5,11957,0
5,11961,0
5,11962,1
5,11966,1
5,11969,0
5,11974,1
5,11980,1
5,11985,1
5,11990,0
5,11990,1
5,11994,0
5,11994,1
5,11999,0
5,12003,0
5,12004,1
5,12007,0
5,12008,0
5,12012,1
5,12021,0
5,12026,1
5,12029,1
5,12032,1
5,12033,1
5,12038,0
5,12040,1
5,12041,1
5,12042,1
5,12043,1
5,12046,1
5,12050,1
5,12057,0
5,12059,1
5,12062,0
5,12066,0
5,12066,1
5,12067,1
5,12072,0
5,12072,1
5,12080,0
5,12081,1
5,12089,0
5,12091,0
5,12100,0
5,12101,0
5,12108,1
5,12111,1
5,12115,0
5,12116,1
5,12117,0
5,12118,0
5,12120,0
5,12123,1
5,12124,0
5,12128,0
5,12134,0
5,12136,0
5,12136,1
5,12138,0
5,12139,1
5,12141,1
5,12143,1
5,12145,0
5,12146,0
5,12148,0
5,12153,0
5,12157,1
5,12160,0
5,12166,1
5,12171,0
5,12172,0
5,12175,0
5,12177,1
5,12180,0
5,12182,0
5,12185,1
5,12190,1
5,12192,1
5,12193,1
5,12202,1
5,12206,0
5,12207,0
5,12209,1
5,12212,0
5,12213,1
5,12216,1
5,12221,1
5,12227,1
5,12228,0
5,12229,1
5,12231,1
5,12239,0
5,12239,1
5,12243,0
5,12244,0
5,12244,1
5,12245,1
5,12248,0
5,12249,1
5,12252,0
5,12253,1
5,12255,1
5,12256,0
5,12260,1
5,12261,0
5,12263,1
5,12264,1
5,12266,0
5,12268,1
5,12269,0
5,12271,1
5,12281,1
5,12298,0
5,12300,0
5,12301,1
5,12308,0
5,12309,0
5,12310,1
5,12312,0
5,12313,1
5,12317,0
5,12317,1
5,12318,0
5,12318,1
5,12319,1
5,12320,1
5,12322,0
5,12322,1
5,12323,0
5,12323,1
5,12324,0
5,12325,0
5,12326,0
5,12327,1
5,12328,0
5,12328,1
5,12329,1
5,12331,1
5,12333,0
5,12333,1
5,12338,1
5,12342,1
5,12354,0
5,12356,1
5,12364,0
5,12365,1
5,12366,1
5,12371,1
5,12372,1
5,12374,0
5,12375,0
5,12379,1
5,12380,1
5,12381,0
5,12383,1
5,12390,1
5,12392,0
5,12392,1
5,12394,1
5,12397,1
5,12399,1
5,12400,0
5,12415,0
5,12420,1
5,12421,0
5,12426,1
5,12431,1
5,12436,0
5,12454,1
5,12455,1
5,12464,0
5,12469,0
5,12470,0
5,12471,1
5,12479,1
5,12488,1
5,12495,0
5,12500,0
5,12502,1
5,12519,0
5,12523,0
5,12524,1
5,12528,1
5,12532,1
5,12533,1
5,12535,0
5,12537,0
5,12537,1
5,12538,1
5,12543,0
5,12545,0
5,12550,0
5,12554,1
5,12563,0
5,12567,0
5,12580,1
5,12585,0
5,12585,1
5,12589,0
5,12590,1
5,12591,0
5,12592,0
5,12594,1
5,12599,1
5,12605,0
5,12630,1
5,12631,0
5,12632,0
5,12636,0
5,12645,1
5,12691,0
5,12692,0
5,12692,1
5,12696,0
5,12696,1
5,12697,0
5,12699,0
5,12701,0
5,12701,1
5,12706,1
5,12710,0
5,12715,1
5,12720,1
5,12721,0
5,12726,1
5,12740,1
5,12745,1
5,12773,0
5,12776,1
5,12780,0
5,12792,0
5,12797,0
5,12798,1
5,12802,0
5,12806,1
5,12811,1
5,12814,0
5,12814,1
5,12816,0
5,12818,1
5,12819,1
5,12821,0
5,12823,1
5,12824,1
5,12826,0
5,12834,0
5,12835,1
5,12842,0
5,12849,0
5,12854,0
5,12856,1
5,12861,1
5,12862,1
5,12863,0
5,12865,1
5,12867,0
5,12867,1
5,12868,1
5,12873,0
5,12878,1
5,12883,1
5,12888,0
5,12888,1
5,12889,1
5,12892,0
5,12895,1
5,12897,0
5,12902,1
5,12905,1
5,12912,0
5,12915,1
5,12917,0
5,12918,0
5,12920,1
5,12925,1
5,12929,1
5,12931,0
5,12935,0
5,12936,1
5,12940,0
5,12942,1
5,12949,0
5,12951,0
5,12954,0
5,12954,1
5,12957,1
5,12959,1
5,12960,1
5,12961,1
5,12962,0
5,12962,1
5,12964,1
5,12965,0
5,12966,1
5,12969,0
5,12969,1
5,12970,0
5,12972,1
5,12973,0
5,12974,1
5,12975,0
5,12975,1
5,12978,1
5,12980,1
5,12983,1
5,12984,0
5,12984,1
5,12985,0
5,12986,1
5,12987,0
5,12988,1
5,12989,0
5,12989,1
5,12991,1
5,12998,1
5,12999,0
5,12999,1
5,13001,1
5,13003,1
5,13006,0
5,13007,1
5,13008,0
5,13011,1
5,13012,0
5,13012,1
5,13016,0
5,13017,1
5,13023,0
5,13028,0
5,13030,1
5,13032,1
5,13035,0
5,13045,0
5,13047,0
5,13050,1
5,13052,0
5,13052,1
5,13063,0
5,13063,1
5,13065,1
5,13066,0
5,13066,1
5,13067,0
5,13068,0
5,13070,0
5,13071,0
5,13072,0
5,13075,1
5,13076,1
5,13079,1
5,13080,0
5,13081,1
5,13086,0
5,13089,0
5,13092,1
5,13093,0
5,13094,0
5,13097,0
5,13098,1
5,13100,0
5,13104,1
5,13105,1
5,13106,0
5,13109,1
5,13114,0
5,13114,1
5,13118,0
5,13120,0
5,13121,0
5,13123,0
5,13123,1
5,13125,1
5,13126,0
5,13127,1
5,13130,1
5,13131,0
5,13132,1
5,13136,0
5,13136,1
5,13137,0
5,13140,0
5,13141,0
5,13141,1
5,13142,0
5,13145,0
5,13146,0
5,13148,0
5,13151,1
5,13153,0
5,13154,1
5,13158,0
5,13159,0
5,13159,1
5,13160,0
5,13163,0
5,13164,0
5,13167,0
5,13172,0
5,13173,0
5,13174,0
5,13177,1
5,13178,1
5,13179,0
5,13182,0
5,13184,0
5,13185,1
5,13188,1
5,13190,0
5,13191,0
5,13193,0
5,13193,1
5,13194,0
5,13195,1
5,13196,0
5,13198,1
5,13199,0
5,13199,1
5,13200,0
5,13203,0
5,13204,1
5,13208,0
5,13208,1
5,13215,0
5,13220,0
5,13224,0
5,13226,0
5,13231,0
5,13233,0
5,13234,1
5,13235,0
5,13237,1
5,13239,0
5,13239,1
5,13240,0
5,13240,1
5,13242,0
5,13242,1
5,13243,1
5,13244,0
5,13246,0
5,13246,1
5,13247,0
5,13251,1
5,13252,0
5,13264,1
5,13268,1
5,13269,1
5,13276,0
5,13285,0
5,13287,1
5,13288,1
5,13290,1
5,13294,0
5,13295,0
5,13295,1
5,13297,1
5,13298,1
5,13300,0
5,13300,1
5,13304,0
5,13305,0
5,13305,1
5,13309,0
5,13309,1
5,13311,0
5,13313,0
5,13315,1
5,13321,1
5,13326,0
5,13330,0
5,13331,0
5,13331,1
5,13333,0
5,13336,0
5,13336,1
5,13341,0
5,13341,1
5,13343,1
5,13346,0
5,13346,1
5,13347,1
5,13351,0
5,13352,0
5,13353,0
5,13355,0
5,13356,1
5,13357,0
5,13357,1
5,13361,0
5,13362,1
5,13364,0
5,13367,1
5,13368,0
5,13370,1
5,13372,1
5,13373,1
5,13377,0
5,13379,1
5,13386,1
5,13391,0
5,13396,1
5,13403,1
5,13411,1
5,13428,0
5,13436,0
5,13438,0
5,13439,1
5,13452,0
5,13471,1
5,13475,1
5,13476,1
5,13481,0
5,13485,0
5,13492,0
5,13498,0
5,13502,1
5,13503,1
5,13504,0
5,13505,0
5,13506,1
5,13520,1
5,13525,1
5,13530,1
5,13531,1
5,13532,0
5,13535,1
5,13536,0
5,13537,1
5,13539,0
5,13540,0
5,13540,1
5,13542,0
5,13543,0
5,13548,1
5,13553,1
5,13558,1
5,13564,1
5,13584,1
5,13586,0
5,13587,1
5,13589,0
5,13591,0
5,13591,1
5,13592,0
5,13593,0
5,13596,0
5,13596,1
5,13598,1
5,13600,0
5,13600,1
5,13603,1
5,13605,0
5,13605,1
5,13608,0
5,13610,1
5,13627,0
5,13630,0
5,13638,0
5,13638,1
5,13643,0
5,13643,1
5,13646,0
5,13647,1
5,13648,1
5,13649,0
5,13649,1
5,13654,0
5,13654,1
5,13657,0
5,13659,1
5,13661,0
5,13662,1
5,13665,0
5,13675,1
5,13677,0
5,13680,1
5,13692,1
5,13702,0
5,13703,0
5,13706,0
5,13706,1
5,13711,0
5,13712,0
5,13716,0
5,13721,1
5,13725,1
5,13731,0
5,13732,0
5,13737,0
5,13738,0
5,13741,1
5,13745,0
5,13751,0
5,13756,0
5,13758,0
5,13765,0
5,13770,1
5,13775,1
5,13778,0
5,13783,1
5,13790,0
5,13791,0
5,13794,1
5,13798,1
5,13799,0
5,13804,1
5,13815,1
5,13820,1
5,13825,0
5,13827,0
5,13832,0
5,13835,0
5,13841,1
5,13846,1
5,13847,1
5,13867,1
5,13871,0
5,13871,1
5,13872,1
5,13876,0
5,13876,1
5,13880,0
5,13899,0
5,13904,1
5,13914,1
5,13917,0
5,13919,1
5,13924,0
5,13926,0
5,13931,0
5,13937,1
5,13942,0
5,13964,0
5,13968,1
5,13969,0
5,13974,1
5,13978,0
5,13981,1
5,13983,1
5,13986,1
5,13988,1
5,13989,0
5,13994,1
5,14005,1
5,14010,0
5,14011,1
5,14016,0
5,14017,0
5,14022,0
5,14022,1
5,14028,1
5,14034,0
5,14038,1
5,14040,0
5,14043,1
5,14044,0
5,14045,0
5,14049,0
5,14053,1
5,14054,0
5,14057,0
5,14058,0
5,14063,0
5,14063,1
5,14066,1
5,14067,1
5,14072,0
5,14072,1
5,14076,0
5,14077,1
5,14087,1
5,14089,0
5,14091,1
5,14092,1
5,14093,0
5,14095,1
5,14097,1
5,14098,1
5,14100,1
5,14102,0
5,14102,1
5,14103,0
5,14103,1
5,14104,1
5,14105,1
5,14108,1
5,14110,1
5,14111,0
5,14113,0
5,14114,0
5,14116,1
5,14127,1
5,14130,1
5,14131,0
5,14132,0
5,14132,1
5,14135,0
5,14136,0
5,14136,1
5,14137,0
5,14137,1
5,14140,1
5,14145,1
5,14147,1
5,14149,0
5,14151,0
5,14152,1
5,14153,0
5,14158,1
5,14163,1
5,14165,1
5,14166,0
5,14168,1
5,14170,0
5,14174,1
5,14175,0
5,14177,0
5,14179,1
5,14180,0
5,14182,1
5,14183,0
5,14187,0
5,14187,1
5,14188,0
5,14190,0
5,14191,0
5,14191,1
5,14192,0
5,14194,1
5,14198,1
5,14203,0
5,14206,0
5,14207,0
5,14207,1
5,14211,0
5,14212,0
5,14212,1
5,14214,0
5,14217,0
5,14217,1
5,14219,0
5,14220,0
5,14225,0
5,14225,1
5,14226,0
5,14227,1
5,14228,0
5,14230,1
5,14232,1
5,14233,1
5,14236,0
5,14237,0
5,14239,1
5,14241,0
5,14242,1
5,14244,1
5,14249,1
5,14254,0
5,14254,1
5,14257,1
5,14261,1
5,14266,0
5,14271,1
5,14276,1
5,14280,1
5,14281,0
5,14282,1
5,14286,1
5,14287,0
5,14287,1
5,14294,0
5,14296,0
5,14298,0
5,14299,0
5,14304,0
5,14305,1
5,14310,1
5,14311,0
5,14312,0
5,14313,0
5,14317,1
5,14318,0
5,14326,0
5,14330,1
5,14335,0
5,14350,0
5,14351,1
5,14352,1
5,14355,1
5,14356,0
5,14357,0
5,14359,1
5,14361,0
5,14361,1
5,14364,1
5,14366,1
5,14369,0
5,14370,1
5,14393,1
5,14419,0
5,14423,0
5,14428,0
5,14437,0
5,14438,0
5,14442,0
5,14443,1
5,14447,0
5,14452,1
5,14455,0
5,14456,1
5,14464,0
5,14465,0
5,14476,0
5,14477,0
5,14482,1
5,14487,1
5,14495,1
5,14496,1
5,14519,0
5,14522,0
5,14543,1
5,14547,1
5,14552,1
5,14557,1
5,14560,1
5,14575,1
5,14576,0
5,14582,1
5,14584,1
5,14590,1
5,14618,1
5,14623,1
5,14628,1
5,14635,1
5,14641,0
5,14646,0
5,14652,1
5,14653,1
5,14655,1
5,14659,1
5,14663,0
5,14664,0
5,14667,1
5,14673,0
5,14675,1
5,14678,0
5,14679,0
5,14680,0
5,14684,1
5,14685,1
5,14697,1
5,14702,1
5,14708,1
5,14710,0
5,14713,0
5,14714,1
5,14715,1
5,14719,0
5,14720,1
5,14723,1
5,14724,1
5,14725,0
5,14727,0
5,14728,0
5,14729,1
5,14730,1
5,14734,1
5,14735,0
5,14739,0
5,14744,1
5,14746,1
5,14751,0
5,14751,1
5,14761,1
5,14766,1
5,14767,1
5,14770,0
5,14771,0
5,14787,1
5,14793,0
5,14807,1
5,14811,1
5,14816,0
5,14819,1
5,14820,0
5,14825,1
5,14828,1
5,14833,1
5,14835,1
5,14838,0
5,14842,0
5,14846,1
5,14847,1
5,14848,0
5,14853,0
5,14853,1
5,14854,1
5,14855,0
5,14857,0
5,14860,1
5,14861,1
5,14866,0
5,14869,1
5,14873,0
5,14876,0
5,14877,1
5,14881,1
5,14886,0
5,14889,1
5,14895,0
5,14896,0
5,14897,1
5,14899,0
5,14901,0
5,14902,0
5,14902,1
5,14903,0
5,14905,1
5,14906,0
5,14906,1
5,14908,0
5,14909,1
5,14910,1
5,14911,1
5,14912,1
5,14914,1
5,14915,1
5,14916,0
5,14918,1
5,14919,0
5,14920,0
5,14923,1
5,14931,0
5,14931,1
5,14934,1
5,14936,0
5,14937,0
5,14937,1
5,14938,0
5,14939,0
5,14940,0
5,14941,0
5,14942,1
5,14944,0
5,14946,0
5,14948,0
5,14950,0
5,14957,0
5,14958,1
5,14965,1
5,14968,0
5,14972,1
5,14973,0
5,14973,1
5,14974,0
5,14979,0
5,14979,1
5,14982,0
5,14983,1
5,14984,1
5,14985,0
5,14985,1
5,14987,0
5,14988,1
5,14990,0
5,14990,1
5,14993,0
5,14993,1
5,14994,1
5,14997,0
5,14998,1
5,15001,1
5,15002,0
5,15003,0
5,15004,0
5,15005,0
5,15009,0
5,15011,1
5,15014,1
5,15015,1
5,15016,1
5,15018,1
5,15021,1
5,15022,0
5,15023,0
5,15024,0
5,15026,0
5,15027,0
5,15028,1
5,15030,0
5,15030,1
5,15037,0
5,15037,1
5,15038,0
5,15039,1
5,15041,0
5,15043,1
5,15046,1
5,15048,1
5,15049,0
5,15059,1
5,15062,0
5,15064,1
5,15067,1
5,15068,0
5,15070,0
5,15070,1
5,15071,0
5,15072,1
5,15073,0
5,15073,1
5,15074,0
5,15074,1
5,15075,1
5,15077,0
5,15077,1
5,15079,0
5,15080,0
5,15082,1
5,15083,0
5,15086,1
5,15087,0
5,15087,1
5,15091,0
5,15093,0
5,15094,0
5,15094,1
5,15095,0
5,15096,0
5,15099,0
5,15100,0
5,15100,1
5,15101,1
5,15105,0
5,15106,0
5,15106,1
5,15107,0
5,15108,1
5,15110,0
5,15110,1
5,15111,0
5,15113,1
5,15114,1
5,15115,0
5,15116,0
5,15117,0
5,15117,1
5,15120,1
5,15122,0
5,15123,1
5,15124,1
5,15125,0
5,15125,1
5,15126,0
5,15127,1
5,15130,1
5,15132,0
5,15133,1
5,15134,0
5,15137,0
5,15138,0
5,15144,1
5,15147,1
5,15148,1
5,15153,1
5,15155,1
5,15156,0
5,15158,0
5,15161,1
5,15162,1
5,15163,1
5,15171,1
5,15172,0
5,15173,1
5,15174,1
5,15175,1
5,15176,1
5,15177,1
5,15178,0
5,15180,0
5,15182,1
5,15183,1
5,15185,1
5,15188,0
5,15189,0
5,15189,1
5,15190,0
5,15190,1
5,15192,0
5,15193,0
5,15193,1
5,15195,0
5,15195,1
5,15198,0
5,15198,1
5,15199,0
5,15200,0
5,15203,0
5,15204,0
5,15206,0
5,15206,1
5,15211,0
5,15211,1
5,15212,1
5,15214,1
5,15215,1
5,15217,0
5,15218,1
5,15219,0
5,15222,0
5,15223,0
5,15224,1
5,15225,0
5,15225,1
5,15226,1
5,15227,1
5,15228,1
5,15229,0
5,15232,1
5,15233,0
5,15233,1
5,15234,1
5,15236,1
5,15237,0
5,15238,1
5,15239,0
5,15240,0
5,15242,0
5,15242,1
5,15243,0
5,15245,1
5,15246,0
5,15248,1
5,15251,0
5,15251,1
5,15252,0
5,15253,0
5,15254,0
5,15255,1
5,15256,0
5,15256,1
5,15257,0
5,15260,0
5,15262,1
5,15266,0
5,15271,0
5,15271,1
5,15272,0
5,15274,1
5,15275,0
5,15275,1
5,15276,0
5,15276,1
5,15277,0
5,15278,1
5,15279,0
5,15279,1
5,15283,1
5,15284,1
5,15285,1
5,15286,0
5,15287,1
5,15288,1
5,15290,0
5,15290,1
5,15293,0
5,15295,0
5,15304,0
5,15305,1
5,15308,0
5,15309,0
5,15310,1
5,15314,1
5,15318,0
5,15324,1
5,15325,1
5,15329,1
5,15332,1
5,15336,1
5,15337,1
5,15338,1
5,15342,0
5,15343,0
5,15344,0
5,15344,1
5,15345,0
5,15346,0
5,15346,1
5,15348,1
5,15349,0
5,15349,1
5,15350,0
5,15351,0
5,15351,1
5,15352,0
5,15352,1
5,15354,0
5,15354,1
5,15355,1
5,15357,0
5,15359,0
5,15360,1
5,15369,0
5,15369,1
5,15370,1
5,15372,0
5,15375,1
5,15376,0
5,15378,1
5,15380,1
5,15381,0
5,15384,0
5,15385,0
5,15385,1
5,15390,0
5,15391,1
5,15392,1
5,15393,0
5,15397,1
5,15399,1
5,15400,0
5,15401,1
5,15402,0
5,15403,0
5,15404,1
5,15405,1
5,15408,0
5,15410,0
5,15413,1
5,15414,1
5,15416,1
5,15417,0
5,15418,1
5,15421,0
5,15421,1
5,15423,0
5,15426,0
5,15426,1
5,15427,0
5,15427,1
5,15428,1
5,15431,0
5,15432,1
5,15433,0
5,15438,1
5,15440,0
5,15443,1
5,15444,0
5,15445,1
5,15448,0
5,15449,1
5,15451,1
5,15457,1
5,15458,0
5,15463,0
5,15463,1
5,15464,0
5,15466,0
5,15470,0
5,15471,0
5,15472,1
5,15473,0
5,15474,1
5,15478,1
5,15479,0
5,15479,1
5,15482,1
5,15483,0
5,15484,1
5,15485,1
5,15486,0
5,15493,0
5,15494,0
5,15496,0
5,15498,0
5,15504,0
5,15506,1
5,15507,0
5,15507,1
5,15509,0
5,15513,0
5,15518,0
5,15519,1
5,15521,1
5,15525,0
5,15526,1
5,15533,1
5,15535,0
5,15535,1
5,15537,0
5,15537,1
5,15544,0
5,15548,0
5,15550,1
5,15551,0
5,15555,1
5,15558,1
5,15562,1
5,15563,1
5,15570,1
5,15574,0
5,15575,0
5,15575,1
5,15581,0
5,15582,0
5,15582,1
5,15585,1
5,15593,1
5,15597,1
5,15598,1
5,15600,0
5,15602,0
5,15603,1
5,15607,0
5,15610,1
5,15612,0
5,15615,1
5,15616,0
5,15620,1
5,15621,1
5,15626,0
5,15627,0
5,15631,1
5,15635,1
5,15636,0
5,15637,1
5,15638,0
5,15638,1
5,15640,1
5,15646,1
5,15648,0
5,15648,1
5,15650,0
5,15650,1
5,15655,0
5,15656,0
5,15657,0
5,15658,1
5,15661,1
5,15663,0
5,15664,0
5,15668,0
5,15670,0
5,15670,1
5,15676,1
5,15678,0
5,15680,0
5,15681,1
5,15682,0
5,15684,0
5,15685,0
5,15685,1
5,15686,1
5,15687,1
5,15690,1
5,15691,0
5,15691,1
5,15694,0
5,15695,0
5,15696,1
5,15697,1
5,15700,1
5,15701,0
5,15702,0
5,15716,0
5,15716,1
5,15717,0
5,15717,1
5,15723,1
5,15725,1
5,15727,1
5,15731,1
5,15732,1
5,15733,1
5,15735,1
5,15739,0
5,15739,1
5,15742,0
5,15743,0
5,15746,0
5,15747,0
5,15751,1
5,15752,0
5,15753,1
5,15762,0
5,15764,1
5,15765,1
5,15770,1
5,15771,1
5,15772,0
5,15774,1
5,15775,0
5,15775,1
5,15776,1
5,15781,0
5,15782,1
5,15790,0
5,15791,0
5,15795,0
5,15797,0
5,15798,0
5,15798,1
5,15801,1
5,15806,0
5,15807,1
5,15809,1
5,15810,0
5,15810,1
5,15813,1
5,15814,1
5,15817,0
5,15818,1
5,15823,1
5,15824,0
5,15824,1
5,15828,0
5,15833,0
5,15833,1
5,15834,1
5,15835,0
5,15835,1
5,15840,0
5,15843,1
5,15845,1
5,15846,0
5,15846,1
5,15847,1
5,15849,0
5,15849,1
5,15850,1
5,15855,0
5,15855,1
5,15856,1
5,15857,0
5,15857,1
5,15858,1
5,15859,0
5,15860,0
5,15860,1
5,15862,0
5,15863,1
5,15864,1
5,15865,0
5,15865,1
5,15866,1
5,15867,0
5,15867,1
5,15869,0
5,15869,1
5,15870,1
5,15872,0
5,15873,1
5,15877,0
5,15878,0
5,15880,1
5,15882,1
5,15885,0
5,15886,0
5,15887,1
5,15888,1
5,15889,1
5,15895,0
5,15896,0
5,15897,0
5,15898,0
5,15899,0
5,15900,0
5,15900,1
5,15905,1
5,15909,0
5,15909,1
5,15910,0
5,15912,0
5,15913,0
5,15915,1
5,15916,0
5,15916,1
5,15917,0
5,15919,0
5,15920,0
5,15921,0
5,15921,1
5,15924,1
5,15925,0
5,15929,0
5,15930,1
5,15936,0
5,15941,1
5,15943,1
5,15944,0
5,15945,0
5,15948,0
5,15953,0
5,15957,1
5,15960,1
5,15962,0
5,15963,1
5,15968,0
5,15970,0
5,15976,0
5,15979,0
5,15979,1
5,15982,1
5,15983,0
5,15984,0
5,15986,1
5,15987,0
5,15988,0
5,15990,0
5,15992,0
5,15993,1
5,15996,0
5,15997,0
5,16001,0
5,16002,0
5,16007,1
5,16010,1
5,16011,0
5,16016,1
5,16018,0
5,16021,0
5,16022,0
5,16023,0
5,16023,1
5,16026,1
5,16027,0
5,16027,1
5,16031,1
5,16032,0
5,16036,1
5,16037,0
5,16037,1
5,16042,0
5,16044,0
5,16048,0
5,16051,0
5,16052,0
5,16053,1
5,16055,1
5,16056,1
5,16057,0
5,16057,1
5,16058,0
5,16060,0
5,16062,0
5,16064,0
5,16064,1
5,16066,0
5,16067,0
5,16069,0
5,16070,0
5,16070,1
5,16071,0
5,16072,0
5,16072,1
5,16073,1
5,16075,1
5,16079,1
5,16080,0
5,16082,1
5,16084,1
5,16087,1
5,16088,0
5,16091,0
5,16093,0
5,16093,1
5,16094,0
5,16095,0
5,16096,0
5,16099,1
5,16101,0
5,16101,1
5,16106,0
5,16106,1
5,16110,0
5,16112,1
5,16115,1
5,16116,0
5,16117,0
5,16117,1
5,16118,0
5,16121,1
5,16122,0
5,16123,0
5,16123,1
5,16124,1
5,16125,0
5,16133,1
5,16134,1
5,16136,0
5,16137,0
5,16138,0
5,16141,1
5,16144,1
5,16153,0
5,16153,1
5,16155,0
5,16156,1
5,16157,0
5,16163,1
5,16164,1
5,16168,0
5,16171,0
5,16177,0
5,16177,1
5,16178,1
5,16180,0
5,16182,1
5,16189,1
5,16190,1
5,16191,0
5,16192,1
5,16194,1
5,16197,0
5,16199,0
5,16200,1
5,16201,0
5,16204,0
5,16208,1
5,16215,0
5,16215,1
5,16216,1
5,16217,0
5,16220,1
5,16222,0
5,16231,0
5,16234,0
5,16244,0
5,16249,1
5,16252,1
5,16253,1
5,16257,1
5,16258,0
5,16265,1
5,16268,0
5,16270,0
5,16285,1
5,16286,1
5,16291,0
5,16303,1
5,16304,1
5,16312,0
5,16320,1
5,16323,1
5,16325,0
5,16331,0
5,16334,0
5,16337,0
5,16341,0
5,16364,1
5,16371,0
6,20,0
6,33,0
6,39,0
6,51,0
6,64,1
6,65,0
6,71,1
6,74,1
6,76,0
6,78,1
6,83,1
6,84,0
6,89,1
6,94,0
6,99,0
6,103,1
6,104,1
6,108,0
6,108,1
6,113,0
6,115,1
6,116,1
6,129,1
6,142,1
6,161,1
6,170,1
6,171,1
6,173,1
6,174,1
6,177,1
6,179,0
6,191,1
6,200,0
6,209,0
6,210,0
6,216,0
6,223,1
6,228,1
6,229,0
6,232,0
6,233,0
6,233,1
6,234,0
6,235,1
6,237,0
6,239,1
6,242,0
6,243,1
6,248,1
6,266,0
6,269,0
6,271,0
6,272,0
6,276,0
6,278,1
6,280,0
6,281,0
6,285,0
6,287,1
6,290,0
6,302,1
6,307,1
6,308,0
6,310,0
6,313,0
6,314,0
6,315,0
6,332,1
6,334,0
6,334,1
6,335,1
6,337,1
6,338,1
6,339,0
6,340,0
6,344,1
6,346,0
6,350,1
6,351,1
6,355,1
6,357,1
6,358,0
6,363,1
6,366,0
6,368,0
6,373,1
6,375,0
6,375,1
6,378,1
6,384,1
6,399,0
6,400,1
6,401,1
6,408,1
6,410,0
6,410,1
6,413,0
6,424,0
6,427,1
6,436,1
6,441,0
6,445,1
6,450,0
6,454,1
6,455,1
6,456,1
6,460,0
6,461,1
6,463,0
6,481,0
6,484,1
6,488,1
6,489,1
6,493,1
6,498,0
6,498,1
6,500,0
6,501,0
6,501,1
6,507,1
6,510,0
6,510,1
6,519,1
6,522,1
6,524,1
6,525,1
6,532,1
6,535,1
6,536,0
6,538,1
6,539,0
6,540,1
6,542,1
6,544,0
6,544,1
6,546,0
6,550,1
6,553,0
6,554,0
6,555,0
6,556,1
6,559,1
6,567,1
6,568,1
6,572,1
6,575,0
6,575,1
6,578,0
6,579,1
6,583,0
6,587,1
6,599,1
6,600,1
6,602,0
6,603,1
6,604,0
6,604,1
6,607,0
6,610,1
6,615,1
6,629,0
6,630,0
6,633,0
6,637,0
6,637,1
6,640,0
6,642,1
6,643,0
6,647,0
6,648,0
6,655,1
6,657,0
6,658,0
6,660,1
6,664,1
6,667,1
6,671,1
6,674,1
6,683,0
6,687,1
6,688,0
6,692,0
6,692,1
6,695,1
6,696,0
6,699,1
6,707,0
6,708,1
6,715,1
6,716,1
6,717,0
6,718,0
6,722,1
6,725,1
6,726,1
6,727,0
6,735,0
6,735,1
6,737,0
6,737,1
6,738,1
6,741,1
6,742,1
6,746,0
6,750,1
6,752,0
6,753,1
6,760,0
6,764,1
6,767,1
6,768,1
6,769,1
6,772,1
6,774,0
6,779,1
6,784,0
6,786,1
6,789,0
6,791,0
6,792,0
6,796,0
6,796,1
6,802,1
6,803,0
6,807,1
6,809,1
6,810,0
6,812,1
6,813,1
6,814,1
6,815,1
6,819,0
6,820,1
6,821,0
6,822,0
6,822,1
6,827,0
6,831,0
6,833,0
6,836,1
6,840,0
6,844,0
6,845,0
6,845,1
6,846,1
6,850,0
6,850,1
6,851,0
6,855,0
6,860,0
6,862,1
6,867,1
6,868,1
6,871,1
6,872,1
6,873,0
6,875,0
6,880,1
6,884,0
6,886,1
6,891,0
6,894,0
6,898,0
6,900,0
6,901,0
6,901,1
6,904,1
6,905,1
6,910,1
6,918,0
6,922,1
6,930,0
6,931,1
6,935,1
6,940,1
6,942,1
6,947,0
6,950,0
6,955,1
6,956,1
6,961,0
6,961,1
6,974,0
6,975,0
6,976,1
6,979,0
6,984,1
6,989,1
6,999,0
6,1003,1
6,1010,0
6,1013,1
6,1015,0
6,1020,1
6,1026,1
6,1027,1
6,1034,1
6,1038,0
6,1041,1
6,1042,1
6,1046,1
6,1048,0
6,1051,1
6,1053,1
6,1054,0
6,1058,1
6,1063,1
6,1070,1
6,1071,1
6,1076,1
6,1083,1
6,1085,1
6,1088,0
6,1089,0
6,1093,0
6,1095,0
6,1095,1
6,1101,1
6,1113,0
6,1116,1
6,1119,0
6,1121,0
6,1123,0
6,1123,1
6,1124,1
6,1129,1
6,1134,0
6,1137,0
6,1141,1
6,1142,0
6,1146,0
6,1149,1
6,1153,0
6,1155,1
6,1156,0
6,1161,1
6,1174,1
6,1176,1
6,1182,1
6,1184,1
6,1187,1
6,1192,1
6,1198,0
6,1198,1
6,1200,0
6,1203,0
6,1218,1
6,1222,0
6,1227,0
6,1232,1
6,1240,0
6,1245,1
6,1249,1
6,1254,0
6,1259,0
6,1259,1
6,1294,0
6,1299,1
6,1337,1
6,1363,1
6,1364,0
6,1368,0
6,1369,0
6,1373,0
6,1374,1
6,1410,0
6,1412,1
6,1415,0
6,1435,0
6,1440,0
6,1445,1
6,1449,0
6,1450,0
6,1455,0
6,1496,0
6,1658,0
6,1688,1
6,1690,1
6,1694,0
6,1712,1
6,1842,0
6,1847,1
6,1892,0
6,1925,0
6,1934,0
6,1962,0
6,1967,0
6,1967,1
6,1972,0
6,1972,1
6,1977,1
6,1979,1
6,1982,0
6,1983,0
6,1984,0
6,1984,1
6,1987,1
6,1988,0
6,1989,0
6,1994,1
6,2051,0
6,2056,1
6,2059,1
6,2061,0
6,2064,0
6,2067,0
6,2073,0
6,2078,1
6,2100,0
6,2104,0
6,2109,0
6,2115,0
6,2120,0
6,2125,1
6,2126,0
6,2127,1
6,2129,1
6,2131,1
6,2132,0
6,2136,1
6,2137,0
6,2137,1
6,2142,1
6,2146,1
6,2151,1
6,2157,0
6,2173,1
6,2176,1
6,2181,1
6,2186,1
6,2187,0
6,2189,1
6,2191,0
6,2192,0
6,2192,1
6,2195,0
6,2196,0
6,2197,1
6,2200,1
6,2214,1
6,2220,1
6,2225,0
6,2225,1
6,2226,1
6,2229,1
6,2230,0
6,2233,1
6,2234,0
6,2234,1
6,2238,0
6,2239,1
6,2243,0
6,2248,0
6,2252,0
6,2259,1
6,2264,1
6,2266,1
6,2267,0
6,2269,0
6,2271,1
6,2272,0
6,2272,1
6,2274,0
6,2274,1
6,2277,1
6,2279,0
6,2303,1
6,2308,0
6,2320,0
6,2321,1
6,2323,0
6,2325,1
6,2329,0
6,2330,1
6,2331,0
6,2334,1
6,2335,1
6,2336,0
6,2338,0
6,2339,1
6,2340,1
6,2343,0
6,2348,1
6,2353,0
6,2356,1
6,2377,1
6,2382,1
6,2404,0
6,2405,1
6,2409,1
6,2410,1
6,2414,0
6,2414,1
6,2415,1
6,2419,0
6,2419,1
6,2422,1
6,2424,0
6,2426,0
6,2431,0
6,2431,1
6,2436,1
6,2441,0
6,2442,1
6,2444,0
6,2447,0
6,2449,0
6,2451,0
6,2455,1
6,2467,0
6,2472,1
6,2475,0
6,2475,1
6,2477,0
6,2490,1
6,2495,0
6,2496,1
6,2498,0
6,2500,0
6,2501,0
6,2537,0
6,2547,1
6,2554,0
6,2559,0
6,2564,1
6,2566,0
6,2568,1
6,2570,1
6,2576,0
6,2577,0
6,2577,1
6,2578,0
6,2587,1
6,2589,0
6,2593,1
6,2596,1
6,2598,1
6,2599,1
6,2604,0
6,2604,1
6,2611,1
6,2622,0
6,2623,0
6,2624,1
6,2626,1
6,2627,1
6,2629,0
6,2630,0
6,2632,0
6,2633,1
6,2644,0
6,2645,0
6,2657,0
6,2659,1
6,2663,1
6,2666,0
6,2669,0
6,2671,0
6,2674,1
6,2681,0
6,2684,0
6,2688,0
6,2692,1
6,2696,0
6,2697,1
6,2698,0
6,2698,1
6,2699,0
6,2703,0
6,2706,0
6,2708,0
6,2709,1
6,2713,1
6,2715,0
6,2721,1
6,2726,1
6,2727,1
6,2731,1
6,2732,0
6,2733,1
6,2735,0
6,2736,1
6,2737,0
6,2738,1
6,2739,0
6,2739,1
6,2742,1
6,2747,1
6,2748,1
6,2751,1
6,2753,0
6,2761,0
6,2763,1
6,2770,1
6,2775,0
6,2776,0
6,2784,1
6,2789,0
6,2789,1
6,2797,0
6,2798,0
6,2800,1
6,2802,0
6,2803,0
6,2804,1
6,2806,1
6,2810,1
6,2812,0
6,2814,1
6,2817,1
6,2819,1
6,2820,1
6,2827,0
6,2829,1
6,2830,0
6,2831,0
6,2831,1
6,2832,1
6,2834,1
6,2838,0
6,2839,0
6,2839,1
6,2840,0
6,2843,0
6,2848,1
6,2850,1
6,2852,1
6,2854,1
6,2855,1
6,2858,1
6,2861,1
6,2865,0
6,2866,1
6,2867,0
6,2869,0
6,2869,1
6,2875,0
6,2875,1
6,2880,0
6,2886,1
6,2887,0
6,2887,1
6,2888,1
6,2892,1
6,2894,0
6,2897,1
6,2898,0
6,2906,0
6,2909,0
6,2909,1
6,2919,0
6,2921,0
6,2923,1
6,2924,0
6,2929,0
6,2936,0
6,2936,1
6,2937,1
6,2938,0
6,2939,1
6,2944,1
6,2949,1
6,2950,0
6,2950,1
6,2951,0
6,2953,0
6,2957,1
6,2960,1
6,2961,1
6,2962,0
6,2966,1
6,2970,1
6,2972,1
6,2974,1
6,2983,0
6,2984,0
6,2986,1
6,2990,0
6,3000,1
6,3003,1
6,3005,0
6,3006,1
6,3007,0
6,3008,0
6,3009,0
6,3015,1
6,3017,1
6,3018,1
6,3027,0
6,3028,0
6,3030,0
6,3038,0
6,3039,0
6,3043,0
6,3044,1
6,3048,0
6,3050,1
6,3052,1
6,3053,1
6,3055,1
6,3059,0
6,3063,0
6,3064,1
6,3071,1
6,3072,1
6,3076,0
6,3078,1
6,3084,1
6,3086,0
6,3086,1
6,3087,0
6,3098,1
6,3099,0
6,3105,1
6,3108,1
6,3109,0
6,3115,1
6,3122,1
6,3136,1
6,3139,1
6,3141,0
6,3147,0
6,3149,0
6,3152,1
6,3160,0
6,3168,0
6,3171,0
6,3181,1
6,3189,1
6,3191,0
6,3196,1
6,3200,1
6,3208,0
6,3218,0
6,3252,0
6,3255,1
6,3257,0
6,3258,0
6,3262,0
6,3263,0
6,3268,0
6,3268,1
6,3312,0
6,3327,0
6,3334,1
6,3337,1
6,3346,1
6,3359,1
6,3362,1
6,3367,1
6,3371,0
6,3376,0
6,3379,1
6,3381,0
6,3384,0
6,3386,0
6,3392,0
6,3395,0
6,3399,0
6,3400,0
6,3405,0
6,3407,0
6,3421,1
6,3429,0
6,3430,1
6,3438,0
6,3443,0
6,3444,1
6,3455,1
6,3462,0
6,3467,0
6,3471,0
6,3472,0
6,3483,0
6,3487,0
6,3488,0
6,3496,0
6,3516,0
6,3550,0
6,3555,0
6,3555,1
6,3556,0
6,3559,1
6,3560,0
6,3564,0
6,3565,0
6,3565,1
6,3569,0
6,3570,0
6,3570,1
6,3575,1
6,3579,0
6,3580,0
6,3584,1
6,3587,1
6,3589,1
6,3592,1
6,3599,1
6,3604,1
6,3608,0
6,3609,1
6,3610,0
6,3613,0
6,3614,1
6,3615,1
6,3619,1
6,3624,1
6,3633,1
6,3637,1
6,3642,0
6,3642,1
6,3646,1
6,3647,0
6,3647,1
6,3648,1
6,3651,0
6,3655,1
6,3660,0
6,3671,0
6,3672,1
6,3676,0
6,3677,1
6,3679,0
6,3679,1
6,3681,1
6,3682,0
6,3683,0
6,3684,0
6,3684,1
6,3685,0
6,3687,1
6,3689,1
6,3690,1
6,3693,0
6,3694,0
6,3695,0
6,3696,1
6,3697,1
6,3700,1
6,3702,0
6,3706,0
6,3706,1
6,3710,0
6,3711,1
6,3712,0
6,3712,1
6,3715,1
6,3716,0
6,3716,1
6,3717,0
6,3717,1
6,3719,0
6,3720,0
6,3721,0
6,3722,1
6,3723,0
6,3724,1
6,3725,0
6,3725,1
6,3728,0
6,3730,0
6,3730,1
6,3732,1
6,3734,0
6,3734,1
6,3735,1
6,3740,0
6,3740,1
6,3741,0
6,3742,1
6,3744,1
6,3745,0
6,3746,0
6,3747,0
6,3749,0
6,3751,0
6,3752,0
6,3754,0
6,3755,1
6,3756,0
6,3757,0
6,3759,0
6,3759,1
6,3763,1
6,3764,0
6,3767,0
6,3768,1
6,3772,0
6,3772,1
6,3773,1
6,3774,0
6,3777,0
6,3778,0
6,3778,1
6,3783,0
6,3783,1
6,3788,1
6,3790,0
6,3790,1
6,3791,0
6,3792,0
6,3793,1
6,3795,1
6,3796,0
6,3800,1
6,3801,0
6,3804,1
6,3805,1
6,3806,1
6,3810,0
6,3810,1
6,3811,1
6,3815,1
6,3819,0
6,3820,0
6,3820,1
6,3823,0
6,3824,1
6,3825,1
6,3828,0
6,3829,1
6,3830,0
6,3830,1
6,3835,0
6,3853,0
6,3858,1
6,3863,0
6,3863,1
6,3868,0
6,3868,1
6,3869,0
6,3872,0
6,3873,1
6,3874,0
6,3875,0
6,3878,1
6,3879,1
6,3880,0
6,3880,1
6,3882,1
6,3883,0
6,3885,0
6,3887,1
6,3890,1
6,3892,0
6,3894,0
6,3896,0
6,3896,1
6,3898,0
6,3901,0
6,3901,1
6,3920,1
6,3922,1
6,3924,0
6,3925,1
6,3926,0
6,3927,1
6,3929,1
6,3930,0
6,3931,0
6,3932,1
6,3935,0
6,3937,0
6,3942,0
6,3942,1
6,3946,1
6,3947,1
6,3957,1
6,3958,0
6,3963,1
6,3966,1
6,3967,1
6,3968,0
6,3971,0
6,3971,1
6,3972,0
6,3973,0
6,3976,0
6,3981,1
6,3982,1
6,3986,1
6,3987,1
6,3988,0
6,3992,0
6,3993,0
6,3993,1
6,3997,1
6,3998,0
6,4002,1
6,4003,1
6,4004,1
6,4007,1
6,4009,0
6,4009,1
6,4010,0
6,4011,0
6,4014,0
6,4014,1
6,4015,1
6,4016,0
6,4019,1
6,4021,1
6,4032,1
6,4033,1
6,4035,0
6,4035,1
6,4038,0
6,4038,1
6,4039,0
6,4039,1
6,4044,0
6,4049,1
6,4053,0
6,4055,0
6,4058,0
6,4058,1
6,4066,0
6,4069,0
6,4071,1
6,4076,1
6,4081,0
6,4081,1
6,4086,0
6,4088,0
6,4091,0
6,4093,1
6,4098,1
6,4100,1
6,4102,0
6,4102,1
6,4105,1
6,4107,1
6,4109,0
6,4110,0
6,4110,1
6,4112,1
6,4114,0
6,4115,0
6,4119,1
6,4129,0
6,4131,0
6,4132,0
6,4134,0
6,4134,1
6,4136,1
6,4137,0
6,4137,1
6,4142,0
6,4142,1
6,4147,1
6,4150,1
6,4155,1
6,4161,1
6,4166,1
6,4169,1
6,4171,1
6,4172,0
6,4172,1
6,4173,0
6,4174,1
6,4176,1
6,4177,1
6,4179,0
6,4181,1
6,4182,1
6,4183,0
6,4188,1
6,4193,0
6,4198,0
6,4202,0
6,4206,0
6,4211,0
6,4211,1
6,4216,0
6,4217,0
6,4218,0
6,4223,1
6,4228,0
6,4238,1
6,4239,1
6,4240,1
6,4243,0
6,4244,0
6,4244,1
6,4248,1
6,4249,0
6,4253,1
6,4256,1
6,4257,0
6,4287,0
6,4292,1
6,4297,1
6,4300,0
6,4301,0
6,4305,0
6,4306,1
6,4307,0
6,4310,1
6,4312,0
6,4312,1
6,4315,0
6,4317,0
6,4319,1
6,4320,1
6,4322,0
6,4322,1
6,4324,0
6,4324,1
6,4327,1
6,4329,0
6,4333,0
6,4334,1
6,4336,1
6,4338,1
6,4339,0
6,4340,0
6,4340,1
6,4341,0
6,4341,1
6,4342,1
6,4344,1
6,4345,0
6,4345,1
6,4346,0
6,4346,1
6,4347,0
6,4347,1
6,4348,0
6,4349,0
6,4350,1
6,4351,0
6,4351,1
6,4359,0
6,4364,0
6,4368,1
6,4371,1
6,4373,1
6,4375,0
6,4377,1
6,4380,0
6,4380,1
6,4385,1
6,4386,0
6,4386,1
6,4391,0
6,4391,1
6,4405,1
6,4410,0
6,4413,1
6,4416,1
6,4418,0
6,4418,1
6,4420,1
6,4421,0
6,4423,0
6,4423,1
6,4424,0
6,4426,1
6,4428,1
6,4434,0
6,4436,1
6,4439,1
6,4441,0
6,4441,1
6,4445,0
6,4446,1
6,4448,1
6,4452,0
6,4453,0
6,4457,0
6,4462,1
6,4463,0
6,4467,0
6,4468,0
6,4468,1
6,4473,0
6,4475,0
6,4476,0
6,4478,0
6,4478,1
6,4479,0
6,4481,0
6,4483,0
6,4483,1
6,4484,1
6,4486,1
6,4487,1
6,4488,0
6,4488,1
6,4489,1
6,4492,1
6,4494,1
6,4497,0
6,4497,1
6,4498,1
6,4499,0
6,4502,0
6,4503,0
6,4504,1
6,4507,1
6,4509,1
6,4510,1
6,4511,0
6,4512,1
6,4514,0
6,4514,1
6,4515,0
6,4515,1
6,4516,1
6,4517,0
6,4518,0
6,4519,0
6,4520,0
6,4520,1
6,4523,1
6,4524,1
6,4529,0
6,4546,1
6,4551,0
6,4554,1
6,4559,1
6,4564,0
6,4564,1
6,4566,0
6,4569,1
6,4571,1
6,4572,0
6,4577,0
6,4577,1
6,4578,1
6,4583,0
6,4586,1
6,4591,1
6,4608,1
6,4613,0
6,4614,0
6,4619,0
6,4631,0
6,4635,0
6,4640,1
6,4641,0
6,4642,0
6,4647,1
6,4651,1
6,4652,0
6,4656,1
6,4657,1
6,4671,0
6,4683,0
6,4684,0
6,4688,0
6,4689,0
6,4689,1
6,4691,1
6,4693,1
6,4694,0
6,4694,1
6,4696,0
6,4699,1
6,4701,1
6,4703,1
6,4704,1
6,4709,0
6,4710,0
6,4714,1
6,4715,1
6,4718,0
6,4720,0
6,4723,1
6,4725,0
6,4728,1
6,4729,1
6,4733,1
6,4735,0
6,4739,1
6,4744,0
6,4748,1
6,4749,1
6,4750,1
6,4751,1
6,4755,1
6,4756,1
6,4761,1
6,4770,1
6,4775,0
6,4775,1
6,4779,1
6,4783,0
6,4783,1
6,4784,0
6,4787,1
6,4788,1
6,4789,0
6,4796,0
6,4797,1
6,4802,1
6,4807,1
6,4810,1
6,4813,0
6,4816,0
6,4817,0
6,4820,0
6,4821,0
6,4823,1
6,4824,1
6,4826,0
6,4829,0
6,4831,0
6,4831,1
6,4832,0
6,4834,0
6,4836,0
6,4837,1
6,4846,0
6,4846,1
6,4848,1
6,4849,0
6,4851,1
6,4852,1
6,4856,1
6,4857,1
6,4860,0
6,4862,1
6,4864,0
6,4865,0
6,4866,0
6,4868,1
6,4869,0
6,4874,0
6,4878,1
6,4880,1
6,4882,0
6,4890,1
6,4891,1
6,4892,0
6,4893,0
6,4895,0
6,4896,0
6,4900,1
6,4905,0
6,4906,0
6,4908,1
6,4911,0
6,4917,0
6,4918,1
6,4919,1
6,4920,1
6,4922,0
6,4927,1
6,4941,0
6,4950,0
6,4954,0
6,4959,0
6,4960,0
6,4960,1
6,4963,0
6,4965,1
6,4966,0
6,4968,0
6,4969,0
6,4972,1
6,4973,0
6,4976,1
6,4977,1
6,4981,1
6,4989,1
6,4996,0
6,4999,1
6,5000,1
6,5016,0
6,5016,1
6,5021,0
6,5021,1
6,5023,0
6,5028,0
6,5029,0
6,5035,0
6,5040,1
6,5041,1
6,5042,1
6,5045,0
6,5058,1
6,5063,0
6,5069,0
6,5073,0
6,5078,1
6,5082,1
6,5083,0
6,5086,1
6,5087,1
6,5088,1
6,5093,0
6,5106,0
6,5107,0
6,5111,0
6,5111,1
6,5112,1
6,5117,1
6,5123,0
6,5128,0
6,5133,1
6,5149,0
6,5150,1
6,5154,1
6,5155,0
6,5155,1
6,5156,0
6,5159,0
6,5160,0
6,5161,1
6,5165,0
6,5170,1
6,5178,1
6,5185,1
6,5187,1
6,5198,1
6,5199,0
6,5201,0
6,5202,0
6,5202,1
6,5204,0
6,5204,1
6,5206,0
6,5207,0
6,5207,1
6,5209,0
6,5211,1
6,5215,1
6,5218,0
6,5223,0
6,5224,1
6,5227,1
6,5228,0
6,5228,1
6,5232,1
6,5233,0
6,5234,1
6,5239,0
6,5239,1
6,5244,0
6,5244,1
6,5247,0
6,5248,0
6,5249,1
6,5252,1
6,5253,1
6,5254,0
6,5258,0
6,5258,1
6,5263,0
6,5268,0
6,5268,1
6,5269,0
6,5279,1
6,5283,1
6,5284,0
6,5294,1
6,5297,1
6,5299,0
6,5302,0
6,5302,1
6,5307,0
6,5312,0
6,5343,1
6,5356,1
6,5361,0
6,5381,0
6,5382,1
6,5386,0
6,5387,0
6,5392,0
6,5397,0
6,5401,1
6,5402,0
6,5403,1
6,5406,1
6,5407,1
6,5411,0
6,5411,1
6,5412,0
6,5413,1
6,5414,1
6,5415,1
6,5418,0
6,5418,1
6,5419,0
6,5419,1
6,5420,0
6,5423,0
6,5423,1
6,5424,0
6,5427,1
6,5428,1
6,5432,1
6,5433,1
6,5439,1
6,5444,1
6,5464,1
6,5466,1
6,5471,0
6,5492,0
6,5497,0
6,5502,1
6,5504,0
6,5504,1
6,5507,0
6,5508,0
6,5509,0
6,5509,1
6,5512,1
6,5513,0
6,5514,0
6,5517,1
6,5519,0
6,5524,0
6,5538,0
6,5543,0
6,5543,1
6,5548,1
6,5577,0
6,5600,1
6,5605,0
6,5610,1
6,5615,0
6,5627,0
6,5638,1
6,5673,0
6,5678,1
6,5680,0
6,5682,0
6,5683,1
6,5686,0
6,5687,0
6,5687,1
6,5688,0
6,5691,0
6,5692,0
6,5696,1
6,5698,0
6,5701,0
6,5706,0
6,5706,1
6,5708,1
6,5711,0
6,5711,1
6,5713,0
6,5800,0
6,5805,1
6,5810,0
6,5810,1
6,5888,1
6,5893,0
6,5897,1
6,5898,0
6,5900,0
6,5901,1
6,5902,0
6,5903,1
6,5906,1
6,5907,0
6,5908,1
6,5910,0
6,5912,1
6,5915,1
6,5917,1
6,5919,0
6,5920,0
6,5925,1
6,5938,1
6,5962,0
6,5962,1
6,5967,1
6,5996,0
6,6001,0
6,6001,1
6,6006,0
6,6006,1
6,6029,0
6,6034,1
6,6039,0
6,6044,0
6,6112,0
6,6117,1
6,6121,0
6,6155,1
6,6160,1
6,6198,0
6,6200,1
6,6208,1
6,6222,0
6,6273,0
6,6368,1
6,6484,1
6,6682,1
6,6937,0
6,7039,0
6,7324,1
6,7400,0
6,7573,0
6,7578,1
6,7583,1
6,7586,0
6,7588,1
6,7591,1
6,7593,0
6,7593,1
6,7598,1
6,7599,1
6,7600,1
6,7603,1
6,7605,0
6,7607,1
6,7608,0
6,7609,1
6,7610,0
6,7611,0
6,7612,1
6,7613,1
6,7614,0
6,7614,1
6,7615,1
6,7616,0
6,7617,0
6,7617,1
6,7618,1
6,7622,1
6,7623,0
6,7623,1
6,7627,1
6,7632,0
6,7632,1
6,7637,0
6,7637,1
6,7641,0
6,7646,0
6,7652,0
6,7657,0
6,7657,1
6,7662,1
6,7676,0
6,7690,1
6,7692,1
6,7693,1
6,7695,0
6,7696,1
6,7697,1
6,7698,0
6,7698,1
6,7700,1
6,7701,0
6,7701,1
6,7702,1
6,7705,1
6,7706,0
6,7710,0
6,7719,1
6,7720,0
6,7721,0
6,7723,0
6,7725,0
6,7726,1
6,7728,1
6,7729,0
6,7730,1
6,7731,0
6,7732,1
6,7733,0
6,7735,0
6,7736,0
6,7737,0
6,7737,1
6,7740,0
6,7740,1
6,7742,0
6,7745,0
6,7747,0
6,7748,1
6,7752,0
6,7752,1
6,7753,1
6,7756,0
6,7757,0
6,7757,1
6,7761,0
6,7766,0
6,7773,0
6,7774,1
6,7776,0
6,7777,0
6,7778,0
6,7780,0
6,7781,0
6,7781,1
6,7785,0
6,7789,1
6,7790,0
6,7791,0
6,7794,1
6,7798,1
6,7799,1
6,7800,0
6,7802,1
6,7803,1
6,7804,0
6,7805,0
6,7805,1
6,7808,0
6,7808,1
6,7809,1
6,7810,0
6,7813,1
6,7814,0
6,7816,1
6,7819,0
6,7822,1
6,7823,0
6,7828,0
6,7828,1
6,7831,0
6,7836,1
6,7838,1
6,7841,0
6,7844,0
6,7848,0
6,7848,1
6,7849,0
6,7851,0
6,7851,1
6,7854,0
6,7854,1
6,7855,1
6,7859,0
6,7860,0
6,7861,0
6,7862,0
6,7862,1
6,7864,1
6,7865,1
6,7868,0
6,7872,1
6,7876,0
6,7877,0
6,7878,0
6,7879,0
6,7879,1
6,7880,0
6,7881,0
6,7882,0
6,7884,0
6,7884,1
6,7885,0
6,7887,0
6,7888,1
6,7889,1
6,7892,1
6,7894,1
6,7895,1
6,7899,0
6,7900,0
6,7904,0
6,7904,1
6,7905,1
6,7906,0
6,7907,1
6,7908,1
6,7909,1
6,7913,1
6,7914,1
6,7915,0
6,7915,1
6,7917,1
6,7918,0
6,7919,0
6,7920,1
6,7921,0
6,7923,0
6,7923,1
6,7924,1
6,7928,0
6,7930,1
6,7932,1
6,7933,0
6,7936,0
6,7937,0
6,7939,1
6,7941,0
6,7943,0
6,7944,0
6,7945,0
6,7945,1
6,7946,0
6,7947,0
6,7947,1
6,7948,1
6,7949,0
6,7949,1
6,7951,1
6,7952,0
6,7954,1
6,7955,0
6,7956,1
6,7959,0
6,7960,1
6,7961,1
6,7962,0
6,7962,1
6,7963,0
6,7965,0
6,7966,0
6,7967,0
6,7968,0
6,7969,0
6,7971,0
6,7973,0
6,7973,1
6,7975,1
6,7976,0
6,7979,1
6,7980,0
6,7981,1
6,7985,0
6,7986,0
6,7988,1
6,7990,0
6,7991,0
6,7993,0
6,7993,1
6,7994,1
6,7995,0
6,7997,0
6,7999,0
6,7999,1
6,8000,1
6,8002,1
6,8005,1
6,8006,0
6,8007,0
6,8009,0
6,8011,0
6,8011,1
6,8014,1
6,8015,1
6,8016,0
6,8021,1
6,8022,0
6,8023,1
6,8024,0
6,8024,1
6,8025,1
6,8026,0
6,8028,0
6,8029,1
6,8032,0
6,8032,1
6,8034,0
6,8035,0
6,8036,0
6,8037,0
6,8038,0
6,8038,1
6,8039,0
6,8039,1
6,8040,1
6,8041,0
6,8042,0
6,8043,0
6,8044,0
6,8048,0
6,8052,0
6,8053,1
6,8054,1
6,8055,0
6,8056,1
6,8057,0
6,8057,1
6,8058,0
6,8058,1
6,8059,1
6,8061,0
6,8062,1
6,8063,0
6,8063,1
6,8065,0
6,8066,1
6,8067,1
6,8068,1
6,8069,0
6,8070,0
6,8073,0
6,8074,1
6,8075,0
6,8076,1
6,8077,0
6,8077,1
6,8078,1
6,8079,0
6,8082,0
6,8082,1
6,8083,0
6,8084,0
6,8084,1
6,8086,0
6,8086,1
6,8087,0
6,8087,1
6,8088,0
6,8088,1
6,8089,1
6,8091,0
6,8094,1
6,8095,1
6,8097,1
6,8099,1
6,8100,1
6,8101,0
6,8101,1
6,8102,0
6,8102,1
6,8103,0
6,8103,1
6,8104,0
6,8105,1
6,8107,0
6,8109,1
6,8110,0
6,8110,1
6,8112,0
6,8113,0
6,8113,1
6,8116,0
6,8117,0
6,8117,1
6,8119,1
6,8120,1
6,8121,0
6,8121,1
6,8122,0
6,8122,1
6,8123,1
6,8124,0
6,8125,0
6,8125,1
6,8126,1
6,8127,0
6,8127,1
6,8129,0
6,8130,0
6,8130,1
6,8131,1
6,8132,1
6,8134,0
6,8135,0
6,8136,1
6,8137,1
6,8138,0
6,8138,1
6,8139,1
6,8140,0
6,8140,1
6,8141,0
6,8141,1
6,8142,0
6,8142,1
6,8144,1
6,8147,0
6,8148,0
6,8148,1
6,8149,1
6,8151,0
6,8152,1
6,8153,0
6,8154,0
6,8154,1
6,8155,0
6,8155,1
6,8157,1
6,8158,0
6,8158,1
6,8159,1
6,8160,0
6,8160,1
6,8161,0
6,8161,1
6,8163,0
6,8164,0
6,8164,1
6,8165,1
6,8166,0
6,8168,1
6,8169,0
6,8169,1
6,8170,0
6,8171,1
6,8175,0
6,8175,1
6,8177,1
6,8178,0
6,8178,1
6,8179,1
6,8182,0
6,8182,1
6,8183,0
6,8183,1
6,8184,1
6,8186,0
6,8186,1
6,8187,0
6,8189,0
6,8189,1
6,8191,0
6,8192,0
6,8195,0
6,8195,1
6,8196,1
6,8200,1
6,8202,0
6,8203,0
6,8203,1
6,8204,1
6,8207,1
6,8209,1
6,8211,0
6,8212,1
6,8214,0
6,8215,0
6,8216,0
6,8218,0
6,8218,1
6,8220,0
6,8220,1
6,8221,0
6,8222,0
6,8224,0
6,8224,1
6,8228,0
6,8229,1
6,8230,1
6,8231,1
6,8233,0
6,8233,1
6,8234,1
6,8235,0
6,8237,0
6,8237,1
6,8238,0
6,8238,1
6,8239,0
6,8239,1
6,8241,1
6,8243,0
6,8245,1
6,8248,0
6,8249,1
6,8252,1
6,8254,0
6,8255,0
6,8255,1
6,8256,0
6,8256,1
6,8257,1
6,8258,0
6,8259,0
6,8259,1
6,8260,0
6,8260,1
6,8262,0
6,8263,1
6,8264,0
6,8266,0
6,8266,1
6,8268,1
6,8270,0
6,8271,0
6,8272,0
6,8272,1
6,8273,0
6,8273,1
6,8275,0
6,8275,1
6,8276,0
6,8276,1
6,8277,0
6,8278,0
6,8278,1
6,8279,0
6,8280,1
6,8281,0
6,8282,1
6,8283,0
6,8285,0
6,8287,0
6,8287,1
6,8288,0
6,8288,1
6,8291,1
6,8292,0
6,8293,0
6,8297,1
6,8298,1
6,8300,1
6,8301,0
6,8301,1
6,8302,0
6,8303,0
6,8303,1
6,8304,1
6,8305,0
6,8305,1
6,8310,0
6,8312,0
6,8312,1
6,8313,0
6,8314,1
6,8315,0
6,8315,1
6,8316,0
6,8316,1
6,8317,0
6,8318,0
6,8319,0
6,8320,0
6,8321,1
6,8322,0
6,8322,1
6,8323,1
6,8325,0
6,8326,1
6,8327,0
6,8328,0
6,8328,1
6,8330,1
6,8333,0
6,8333,1
6,8335,0
6,8336,0
6,8336,1
6,8337,1
6,8338,1
6,8339,0
6,8339,1
6,8340,1
6,8342,1
6,8343,1
6,8345,1
6,8347,1
6,8348,0
6,8349,0
6,8349,1
6,8350,0
6,8351,0
6,8355,1
6,8356,1
6,8357,0
6,8358,1
6,8359,0
6,8363,1
6,8365,0
6,8366,0
6,8367,0
6,8368,0
6,8368,1
6,8369,0
6,8370,0
6,8371,0
6,8372,0
6,8372,1
6,8373,0
6,8373,1
6,8374,1
6,8376,0
6,8376,1
6,8377,0
6,8377,1
6,8378,1
6,8379,0
6,8379,1
6,8381,0
6,8383,1
6,8384,0
6,8387,0
6,8387,1
6,8388,1
6,8391,0
6,8392,0
6,8392,1
6,8393,0
6,8393,1
6,8396,1
6,8397,0
6,8397,1
6,8398,0
6,8398,1
6,8399,1
6,8400,1
6,8401,0
6,8401,1
6,8402,0
6,8402,1
6,8403,0
6,8403,1
6,8405,1
6,8406,1
6,8408,0
6,8409,0
6,8409,1
6,8410,1
6,8411,0
6,8412,1
6,8415,0
6,8416,0
6,8416,1
6,8422,1
6,8424,1
6,8425,0
6,8426,0
6,8427,0
6,8429,1
6,8430,0
6,8433,1
6,8434,1
6,8435,0
6,8436,0
6,8437,0
6,8438,0
6,8439,0
6,8441,0
6,8442,1
6,8443,1
6,8446,0
6,8448,0
6,8448,1
6,8449,0
6,8450,1
6,8451,0
6,8451,1
6,8452,1
6,8453,1
6,8454,0
6,8462,1
6,8463,0
6,8463,1
6,8465,1
6,8466,0
6,8467,1
6,8470,1
6,8472,0
6,8474,0
6,8474,1
6,8475,0
6,8476,1
6,8477,0
6,8477,1
6,8478,1
6,8479,1
6,8480,1
6,8482,0
6,8482,1
6,8483,1
6,8484,0
6,8484,1
6,8485,1
6,8488,0
6,8488,1
6,8489,1
6,8490,0
6,8490,1
6,8492,1
6,8493,1
6,8495,0
6,8495,1
6,8496,0
6,8496,1
6,8497,0
6,8499,1
6,8500,1
6,8501,1
6,8504,0
6,8504,1
6,8505,1
6,8506,0
6,8508,0
6,8515,0
6,8517,0
6,8517,1
6,8519,0
6,8520,0
6,8520,1
6,8522,0
6,8522,1
6,8523,0
6,8523,1
6,8525,0
6,8525,1
6,8526,0
6,8528,1
6,8529,0
6,8529,1
6,8530,1
6,8531,1
6,8534,0
6,8535,0
6,8535,1
6,8536,0
6,8539,1
6,8541,0
6,8542,1
6,8543,1
6,8544,0
6,8545,1
6,8547,1
6,8549,0
6,8550,0
6,8552,0
6,8553,1
6,8554,0
6,8555,1
6,8557,0
6,8558,1
6,8559,1
6,8561,1
6,8562,0
6,8563,0
6,8564,0
6,8565,0
6,8566,0
6,8567,0
6,8567,1
6,8568,1
6,8570,0
6,8570,1
6,8571,0
6,8571,1
6,8572,0
6,8574,0
6,8575,0
6,8577,1
6,8579,0
6,8580,1
6,8581,1
6,8582,1
6,8585,1
6,8586,1
6,8588,1
6,8589,0
6,8590,1
6,8592,1
6,8594,1
6,8595,0
6,8598,1
6,8599,1
6,8600,1
6,8602,0
6,8605,0
6,8605,1
6,8607,0
6,8609,1
6,8610,0
6,8610,1
6,8612,0
6,8613,0
6,8614,0
6,8614,1
6,8615,1
6,8616,0
6,8618,1
6,8619,1
6,8620,0
6,8620,1
6,8621,0
6,8621,1
6,8622,0
6,8624,0
6,8626,0
6,8626,1
6,8627,0
6,8628,1
6,8629,1
6,8630,0
6,8630,1
6,8631,0
6,8631,1
6,8632,1
6,8633,1
6,8635,0
6,8635,1
6,8638,0
6,8639,1
6,8643,0
6,8643,1
6,8644,0
6,8644,1
6,8647,0
6,8647,1
6,8649,0
6,8649,1
6,8653,0
6,8654,0
6,8655,0
6,8655,1
6,8656,0
6,8659,0
6,8660,1
6,8661,0
6,8661,1
6,8662,0
6,8663,0
6,8663,1
6,8664,0
6,8666,1
6,8667,1
6,8669,1
6,8671,1
6,8673,0
6,8674,0
6,8674,1
6,8676,0
6,8676,1
6,8677,1
6,8678,0
6,8679,0
6,8679,1
6,8681,0
6,8681,1
6,8687,0
6,8688,0
6,8688,1
6,8690,0
6,8692,1
6,8693,1
6,8695,0
6,8696,1
6,8697,0
6,8697,1
6,8698,1
6,8700,1
6,8703,1
6,8705,0
6,8706,0
6,8710,0
6,8712,0
6,8713,0
6,8715,0
6,8715,1
6,8716,1
6,8717,0
6,8717,1
6,8719,1
6,8722,1
6,8723,0
6,8724,1
6,8725,1
6,8726,0
6,8727,0
6,8727,1
6,8728,0
6,8730,1
6,8732,0
6,8733,0
6,8734,1
6,8735,0
6,8739,1
6,8740,0
6,8740,1
6,8741,0
6,8741,1
6,8743,0
6,8745,0
6,8750,1
6,8753,0
6,8759,0
6,8760,0
6,8760,1
6,8765,1
6,8769,0
6,8770,0
6,8771,1
6,8772,0
6,8774,0
6,8775,0
6,8777,0
6,8779,0
6,8782,1
6,8783,1
6,8784,1
6,8786,0
6,8787,1
6,8788,1
6,8790,0
6,8791,0
6,8793,0
6,8795,1
6,8796,1
6,8799,1
6,8800,1
6,8805,1
6,8807,0
6,8810,1
6,8812,0
6,8812,1
6,8814,1
6,8815,1
6,8816,1
6,8817,0
6,8821,0
6,8828,1
6,8832,0
6,8838,1
6,8844,0
6,8845,1
6,8846,1
6,8847,1
6,8851,0
6,8852,0
6,8859,1
6,8863,0
6,8868,0
6,8869,0
6,8878,1
6,8879,0
6,8879,1
6,8883,1
6,8884,1
6,8888,0
6,8890,1
6,8892,0
6,8893,1
6,8895,0
6,8897,1
6,8904,1
6,8906,0
6,8908,0
6,8913,1
6,8915,0
6,8917,1
6,8927,0
6,8933,1
6,8938,1
6,8939,0
6,8947,0
6,8949,0
6,8952,1
6,8955,0
6,8957,1
6,8976,1
6,8978,1
6,8985,0
6,8990,0
6,8992,0
6,8992,1
6,8995,1
6,9010,1
6,9013,1
6,9017,0
6,9019,0
6,9021,0
6,9022,0
6,9024,0
6,9024,1
6,9026,1
6,9031,0
6,9042,1
6,9051,1
6,9066,1
6,9071,0
6,9071,1
6,9074,1
6,9076,0
6,9079,1
6,9084,0
6,9103,0
6,9106,0
6,9108,1
6,9156,0
6,9160,1
6,9161,1
6,9204,0
6,9220,0
6,9225,0
6,9230,0
6,9231,1
6,9234,1
6,9236,1
6,9256,1
6,9267,1
6,9273,0
6,9278,1
6,9280,1
6,9285,1
6,9290,0
6,9324,0
6,9339,0
6,9341,0
6,9344,0
6,9349,0
6,9352,0
6,9357,1
6,9949,1
6,9954,0
6,9959,0
6,9959,1
6,9964,0
6,9969,1
6,9974,1
6,9979,1
6,9999,0
6,10004,0
6,10017,1
6,10030,0
6,10031,0
6,10035,1
6,10044,0
6,10046,1
6,10049,0
6,10049,1
6,10051,0
6,10053,1
6,10054,0
6,10054,1
6,10056,0
6,10058,0
6,10061,0
6,10061,1
6,10063,1
6,10066,0
6,10068,1
6,10072,0
6,10072,1
6,10073,1
6,10075,1
6,10077,1
6,10078,1
6,10082,0
6,10083,0
6,10083,1
6,10087,0
6,10087,1
6,10088,0
6,10152,0
6,10157,0
6,10162,1
6,10163,1
6,10168,1
6,10177,1
6,10182,0
6,10182,1
6,10187,0
6,10187,1
6,10190,0
6,10192,0
6,10197,1
6,10209,1
6,10214,1
6,10219,1
6,10220,0
6,10224,1
6,10225,0
6,10229,0
6,10230,0
6,10234,0
6,10235,0
6,10240,1
6,10243,0
6,10245,1
6,10248,0
6,10250,0
6,10250,1
6,10252,1
6,10253,1
6,10254,1
6,10256,1
6,10257,1
6,10259,0
6,10261,0
6,10262,1
6,10263,0
6,10266,0
6,10266,1
6,10267,1
6,10268,1
6,10272,0
6,10276,0
6,10276,1
6,10277,0
6,10281,1
6,10282,0
6,10282,1
6,10284,1
6,10285,1
6,10286,0
6,10287,0
6,10288,0
6,10289,0
6,10290,0
6,10292,1
6,10293,0
6,10293,1
6,10295,1
6,10296,0
6,10298,0
6,10298,1
6,10300,0
6,10301,0
6,10302,0
6,10303,1
6,10307,0
6,10308,1
6,10309,0
6,10309,1
6,10310,1
6,10311,0
6,10314,1
6,10315,0
6,10315,1
6,10327,0
6,10330,0
6,10332,1
6,10335,1
6,10336,0
6,10337,1
6,10340,0
6,10340,1
6,10347,0
6,10347,1
6,10349,1
6,10352,0
6,10352,1
6,10353,0
6,10354,0
6,10354,1
6,10359,0
6,10360,0
6,10361,0
6,10361,1
6,10364,1
6,10365,0
6,10366,1
6,10369,0
6,10370,0
6,10371,1
6,10374,0
6,10374,1
6,10378,0
6,10379,1
6,10381,0
6,10383,1
6,10384,0
6,10385,1
6,10388,0
6,10388,1
6,10390,0
6,10390,1
6,10391,1
6,10394,0
6,10395,1
6,10398,0
6,10400,1
6,10401,0
6,10404,1
6,10405,0
6,10410,0
6,10410,1
6,10415,0
6,10416,1
6,10420,0
6,10421,0
6,10422,0
6,10425,1
6,10426,1
6,10430,0
6,10432,1
6,10437,1
6,10442,0
6,10443,0
6,10444,1
6,10448,1
6,10449,1
6,10453,1
6,10454,0
6,10454,1
6,10455,1
6,10458,0
6,10459,1
6,10460,1
6,10462,1
6,10463,1
6,10467,1
6,10468,0
6,10471,0
6,10472,0
6,10473,1
6,10475,1
6,10476,1
6,10478,1
6,10479,1
6,10480,0
6,10483,0
6,10484,1
6,10485,0
6,10486,1
6,10488,0
6,10489,0
6,10489,1
6,10491,0
6,10492,0
6,10494,1
6,10495,0
6,10496,0
6,10500,0
6,10503,1
6,10504,0
6,10508,0
6,10509,0
6,10512,0
6,10513,1
6,10518,0
6,10520,0
6,10521,0
6,10522,0
6,10525,1
6,10528,0
6,10531,0
6,10533,0
6,10533,1
6,10540,0
6,10541,1
6,10542,0
6,10544,1
6,10545,0
6,10549,1
6,10551,0
6,10553,1
6,10555,1
6,10556,1
6,10557,1
6,10558,1
6,10562,1
6,10564,0
6,10565,1
6,10566,1
6,10567,1
6,10568,0
6,10570,0
6,10571,0
6,10572,0
6,10574,1
6,10583,1
6,10584,1
6,10594,0
6,10596,0
6,10597,0
6,10598,1
6,10599,1
6,10601,0
6,10606,1
6,10608,1
6,10610,1
6,10611,0
6,10614,1
6,10622,0
6,10627,1
6,10628,0
6,10629,0
6,10630,0
6,10633,0
6,10634,1
6,10635,1
6,10637,1
6,10638,0
6,10639,1
6,10640,0
6,10642,1
6,10643,1
6,10644,1
6,10646,0
6,10647,0
6,10650,0
6,10651,0
6,10652,0
6,10653,0
6,10654,0
6,10656,0
6,10657,1
6,10662,1
6,10663,0
6,10668,1
6,10669,1
6,10671,0
6,10671,1
6,10672,1
6,10675,1
6,10676,1
6,10678,1
6,10679,1
6,10691,1
6,10696,1
6,10698,0
6,10698,1
6,10703,0
6,10707,0
6,10709,0
6,10714,1
6,10719,0
6,10721,1
6,10722,0
6,10725,0
6,10725,1
6,10727,1
6,10729,0
6,10731,1
6,10735,1
6,10737,1
6,10739,1
6,10740,1
6,10742,0
6,10744,0
6,10745,1
6,10746,1
6,10755,0
6,10762,1
6,10767,1
6,10771,0
6,10771,1
6,10772,1
6,10775,0
6,10776,0
6,10776,1
6,10777,1
6,10789,0
6,10791,1
6,10792,1
6,10796,1
6,10800,1
6,10811,0
6,10813,0
6,10820,1
6,10829,1
6,10834,1
6,10845,1
6,10881,0
6,11011,0
6,11043,0
6,11062,1
6,11085,0
6,11172,1
6,11192,1
6,11197,0
6,11202,0
6,11202,1
6,11207,1
6,11212,0
6,11269,0
6,11274,1
6,11294,0
6,11300,0
6,11314,1
6,11317,0
6,11319,0
6,11322,0
6,11324,0
6,11329,0
6,11334,1
6,11343,0
6,11348,1
6,11404,0
6,11548,0
6,11559,0
6,11564,1
6,11619,0
6,11624,1
6,11692,1
6,11784,1
6,11789,0
6,12310,1
6,12315,0
6,12336,0
6,12358,1
6,12363,1
6,12407,1
6,12412,0
6,12412,1
6,12417,1
6,12422,0
6,12439,0
6,12556,0
6,12561,0
6,12563,1
6,12574,0
6,12578,1
6,12583,1
6,12584,0
6,12584,1
6,12588,0
6,12589,0
6,12590,1
6,12599,1
6,12600,1
6,12609,0
6,12634,1
6,12643,0
6,12647,1
6,12663,1
6,12671,0
6,12672,1
6,12673,0
6,12676,1
6,12679,0
6,12681,1
6,12699,0
6,12700,0
6,12700,1
6,12702,0
6,12704,0
6,12705,1
6,12709,0
6,12710,1
6,12712,1
6,12717,0
6,12719,1
6,12724,0
6,12725,1
6,12730,1
6,12731,0
6,12735,0
6,12735,1
6,12737,1
6,12739,1
6,12740,1
6,12744,0
6,12749,0
6,12754,0
6,12755,1
6,12766,1
6,12768,1
6,12769,1
6,12771,1
6,12774,0
6,12776,1
6,12788,0
6,12793,0
6,12798,1
6,12799,0
6,12799,1
6,12800,0
6,12805,1
6,12807,1
6,12808,1
6,12810,1
6,12812,0
6,12812,1
6,12815,1
6,12820,1
6,12827,0
6,12831,0
6,12832,1
6,12835,1
6,12836,0
6,12837,1
6,12842,0
6,12842,1
6,12844,1
6,12847,0
6,12849,1
6,12854,0
6,12857,1
6,12859,0
6,12862,0
6,12862,1
6,12865,1
6,12867,0
6,12870,0
6,12870,1
6,12875,1
6,12882,1
6,12884,1
6,12886,0
6,12887,0
6,12888,1
6,12889,1
6,12891,0
6,12892,1
6,12898,0
6,12903,0
6,12903,1
6,12908,0
6,12909,1
6,12913,1
6,12914,0
6,12918,1
6,12919,1
6,12923,0
6,12926,0
6,12931,1
6,12935,1
6,12936,0
6,12940,1
6,12943,0
6,12946,0
6,12950,1
6,12951,1
6,12955,0
6,12964,0
6,12969,1
6,12974,0
6,12979,1
6,13018,0
6,13022,1
6,13023,1
6,13027,1
6,13032,0
6,13037,1
6,13042,0
6,13047,1
6,13052,1
6,13060,1
6,13065,0
6,13065,1
6,13070,0
6,13075,0
6,13086,0
6,13088,1
6,13091,1
6,13092,1
6,13096,1
6,13097,0
6,13102,0
6,13108,1
6,13113,1
6,13114,0
6,13119,0
6,13124,0
6,13129,1
6,13134,0
6,13136,1
6,13139,0
6,13141,1
6,13143,0
6,13144,0
6,13146,0
6,13148,0
6,13151,0
6,13153,1
6,13158,1
6,13163,0
6,13168,0
6,13171,1
6,13173,0
6,13176,0
6,13178,0
6,13182,0
6,13183,1
6,13185,0
6,13187,1
6,13188,1
6,13190,0
6,13193,0
6,13193,1
6,13198,0
6,13215,0
6,13220,1
6,13224,0
6,13229,1
6,13250,1
6,13255,0
6,13256,0
6,13261,0
6,13261,1
6,13265,1
6,13270,1
6,13313,0
6,13314,0
6,13318,0
6,13323,0
6,13328,1
6,13333,1
6,13338,0
6,13343,1
6,13348,0
6,13353,1
6,13358,1
6,13369,0
6,13407,0
6,13412,0
6,13466,0
6,13471,1
6,13476,0
6,13604,1
6,13609,0
6,13613,1
6,13614,0
6,13618,0
6,13650,0
6,13655,0
6,13660,0
6,13677,0
6,13682,1
6,13684,0
6,13693,0
6,13695,0
6,13695,1
6,13700,0
6,13701,0
6,13705,1
6,13706,1
6,13710,0
6,13716,1
6,13721,0
6,13723,1
6,13726,0
6,13726,1
6,13727,0
6,13728,0
6,13730,0
6,13731,0
6,13732,1
6,13734,0
6,13737,1
6,13738,1
6,13743,1
6,13748,1
6,13777,0
6,13785,0
6,13801,1
6,13808,1
6,13810,0
6,13815,1
6,13825,0
6,13834,1
6,13835,0
6,13842,0
6,13846,1
6,13847,0
6,13848,0
6,13850,1
6,13851,1
6,13855,0
6,13856,1
6,13860,1
6,13865,0
6,13868,0
6,13868,1
6,13870,1
6,13871,1
6,13872,1
6,13873,1
6,13877,1
6,13878,0
6,13879,1
6,13882,0
6,13882,1
6,13889,0
6,13889,1
6,13891,1
6,13895,1
6,13896,0
6,13899,1
6,13902,1
6,13903,1
6,13905,0
6,13908,0
6,13908,1
6,13909,0
6,13910,0
6,13910,1
6,13911,0
6,13913,1
6,13916,0
6,13917,0
6,13918,0
6,13920,1
6,13921,0
6,13924,1
6,13926,1
6,13928,0
6,13930,0
6,13934,1
6,13936,1
6,13939,0
6,13940,0
6,13941,0
6,13944,1
6,13946,1
6,13947,0
6,13949,0
6,13959,1
6,13962,0
6,13964,1
6,13965,1
6,13966,1
6,13976,0
6,13980,0
6,13981,0
6,13983,0
6,13989,0
6,13995,1
6,13998,1
6,14002,0
6,14006,0
6,14007,0
6,14010,0
6,14011,1
6,14021,1
6,14024,0
6,14024,1
6,14025,0
6,14038,0
6,14041,0
6,14046,1
6,14047,1
6,14050,0
6,14050,1
6,14052,0
6,14054,0
6,14055,1
6,14057,0
6,14059,1
6,14063,0
6,14073,1
6,14078,0
6,14081,1
6,14084,0
6,14085,0
6,14086,1
6,14087,0
6,14088,0
6,14088,1
6,14090,0
6,14091,0
6,14093,1
6,14094,0
6,14095,0
6,14097,1
6,14102,0
6,14102,1
6,14106,0
6,14106,1
6,14110,1
6,14112,1
6,14113,0
6,14114,0
6,14116,0
6,14120,0
6,14123,1
6,14126,0
6,14129,0
6,14129,1
6,14131,1
6,14134,1
6,14136,0
6,14140,0
6,14140,1
6,14147,1
6,14149,1
6,14152,0
6,14153,1
6,14155,1
6,14157,1
6,14159,0
6,14159,1
6,14162,1
6,14166,0
6,14172,1
6,14173,0
6,14178,1
6,14184,1
6,14185,1
6,14187,1
6,14189,1
6,14195,0
6,14200,1
6,14201,0
6,14202,0
6,14204,1
6,14227,1
6,14230,0
6,14230,1
6,14231,1
6,14232,1
6,14235,0
6,14236,0
6,14239,1
6,14240,1
6,14249,0
6,14256,1
6,14261,1
6,14275,1
6,14278,1
6,14285,1
6,14290,1
6,14306,0
6,14310,0
6,14330,1
6,14360,0
6,14380,1
6,14387,0
6,14389,0
6,14396,0
6,14401,0
6,14404,1
6,14427,0
6,14431,0
6,14482,1
6,14615,0
6,14922,0
6,14961,0
6,15025,0
6,15067,1
6,15124,0
6,15152,0
6,15167,1
6,15170,1
6,15175,1
6,15202,0
6,15207,0
6,15259,0
6,15264,0
6,15265,0
6,15270,0
6,15276,0
6,15291,0
6,15296,1
6,15327,0
6,15335,1
6,15338,1
6,15347,0
6,15352,1
6,15366,1
6,15378,1
6,15400,1
6,15425,1
6,15438,1
6,15443,0
6,15455,1
6,15459,0
6,15460,1
6,15462,1
6,15482,1
6,15487,1
6,15490,0
6,15492,1
6,15495,0
6,15497,0
6,15502,1
6,15503,0
6,15504,1
6,15505,0
6,15507,1
6,15509,0
6,15514,0
6,15519,0
6,15524,0
6,15526,0
6,15528,1
6,15529,0
6,15531,0
6,15536,0
6,15538,0
6,15540,1
6,15545,0
6,15565,0
6,15569,1
6,15579,0
6,15582,1
6,15587,0
6,15588,1
6,15589,1
6,15593,1
6,15597,0
6,15600,1
6,15602,0
6,15605,0
6,15606,1
6,15607,0
6,15609,0
6,15610,1
6,15611,1
6,15612,1
6,15617,1
6,15628,1
6,15629,0
6,15633,0
6,15641,0
6,15642,1
6,15646,0
6,15647,0
6,15647,1
6,15650,0
6,15652,0
6,15654,0
6,15655,0
6,15655,1
6,15658,1
6,15659,0
6,15660,1
6,15662,0
6,15663,0
6,15671,0
6,15675,0
6,15675,1
6,15676,1
6,15682,1
6,15690,1
6,15693,1
6,15694,0
6,15698,0
6,15699,0
6,15701,0
6,15703,0
6,15704,1
6,15706,0
6,15706,1
6,15711,0
6,15716,1
6,15718,0
6,15721,0
6,15722,1
6,15724,1
6,15726,0
6,15729,1
6,15734,0
6,15739,1
6,15742,1
6,15744,0
6,15749,0
6,15749,1
6,15750,0
6,15754,1
6,15759,0
6,15760,0
6,15760,1
6,15761,1
6,15764,1
6,15765,0
6,15766,1
6,15770,0
6,15772,0
6,15774,1
6,15784,0
6,15785,0
6,15786,1
6,15788,1
6,15789,0
6,15790,1
6,15791,1
6,15793,0
6,15794,0
6,15796,1
6,15798,1
6,15799,0
6,15801,0
6,15803,0
6,15803,1
6,15808,0
6,15808,1
6,15809,0
6,15813,0
6,15814,1
6,15818,0
6,15819,1
6,15822,0
6,15823,1
6,15824,0
6,15827,1
6,15828,0
6,15828,1
6,15833,0
6,15833,1
6,15834,0
6,15838,0
6,15839,0
6,15844,0
6,15847,1
6,15849,0
6,15850,0
6,15852,1
6,15853,0
6,15858,1
6,15863,0
6,15879,0
6,15883,0
6,15888,0
6,15889,1
6,15893,0
6,15896,0
6,15901,0
6,15906,1
6,15911,1
6,15916,0
6,15916,1
6,15921,0
6,15923,0
6,15925,0
6,15930,0
6,15930,1
6,15932,0
6,15937,1
6,15938,0
6,15940,0
6,15941,0
6,15942,1
6,15946,1
6,15976,0
6,15977,0
6,15977,1
6,15981,0
6,15986,1
6,15988,1
6,15991,1
6,15992,1
6,15994,0
6,15994,1
6,15995,1
6,15996,0
6,15996,1
6,15997,0
6,16001,0
6,16006,0
6,16007,0
6,16009,0
6,16012,1
6,16016,0
6,16017,0
6,16019,1
6,16039,0
6,16043,1
6,16046,1
6,16047,0
6,16048,0
6,16050,1
6,16052,0
6,16063,0
6,16066,1
6,16068,1
6,16070,1
6,16071,0
6,16072,0
6,16073,0
6,16075,1
6,16077,0
6,16078,0
6,16081,1
6,16083,1
6,16085,0
6,16088,0
6,16091,0
6,16092,0
6,16093,0
6,16097,0
6,16102,0
6,16102,1
6,16114,0
6,16115,1
6,16116,0
6,16119,1
6,16120,1
6,16121,0
6,16124,1
6,16127,0
6,16128,1
6,16140,0
6,16145,0
6,16146,0
6,16150,1
6,16152,1
6,16155,0
6,16159,1
6,16160,1
6,16162,0
6,16165,0
6,16167,1
6,16169,0
6,16170,1
6,16171,1
6,16173,0
6,16175,0
6,16176,0
6,16176,1
6,16191,1
6,16204,0
6,16213,1
6,16214,1
6,16217,1
6,16232,0
6,16248,0
6,16255,0
6,16321,0
6,16326,0
6,16336,0
6,16341,1
6,16363,1
6,16371,0
7,43,0
7,56,1
7,117,0
7,159,0
7,394,0
7,518,1
7,569,1
7,635,0
7,635,1
7,639,0
7,684,1
7,693,1
7,720,0
7,724,1
7,725,1
7,729,1
7,730,0
7,739,1
7,746,0
7,751,1
7,756,1
7,768,0
7,772,0
7,773,0
7,777,0
7,782,1
7,783,1
7,787,0
7,787,1
7,792,1
7,795,1
7,797,1
7,805,0
7,813,0
7,814,0
7,814,1
7,819,0
7,822,0
7,822,1
7,829,1
7,843,1
7,848,0
7,849,0
7,855,0
7,860,1
7,867,1
7,872,1
7,877,0
7,879,1
7,885,0
7,888,1
7,902,1
7,916,1
7,921,0
7,924,1
7,925,1
7,929,0
7,930,1
7,931,0
7,932,1
7,939,0
7,942,1
7,947,1
7,948,1
7,949,1
7,952,0
7,957,1
7,958,0
7,962,0
7,962,1
7,967,0
7,968,0
7,971,0
7,972,0
7,973,1
7,976,1
7,985,1
7,989,1
7,990,1
7,999,1
7,1008,1
7,1011,1
7,1013,0
7,1015,1
7,1017,0
7,1020,1
7,1023,0
7,1025,1
7,1026,0
7,1026,1
7,1028,0
7,1030,1
7,1031,0
7,1031,1
7,1032,0
7,1033,1
7,1035,0
7,1036,0
7,1037,0
7,1037,1
7,1039,0
7,1047,1
7,1052,0
7,1052,1
7,1061,0
7,1062,0
7,1064,1
7,1066,0
7,1068,0
7,1068,1
7,1070,0
7,1070,1
7,1073,0
7,1077,1
7,1081,0
7,1081,1
7,1084,1
7,1085,0
7,1092,1
7,1096,0
7,1096,1
7,1098,0
7,1099,1
7,1104,1
7,1108,1
7,1110,1
7,1115,0
7,1118,0
7,1119,0
7,1121,0
7,1122,1
7,1123,1
7,1124,1
7,1125,0
7,1126,1
7,1128,0
7,1130,1
7,1131,1
7,1132,1
7,1138,0
7,1138,1
7,1141,1
7,1145,1
7,1148,0
7,1149,1
7,1158,0
7,1163,0
7,1168,1
7,1171,0
7,1173,1
7,1174,0
7,1176,1
7,1181,0
7,1184,0
7,1184,1
7,1186,0
7,1187,1
7,1188,0
7,1188,1
7,1189,0
7,1196,0
7,1197,0
7,1200,1
7,1205,0
7,1209,1
7,1210,0
7,1216,1
7,1222,1
7,1224,1
7,1225,1
7,1228,1
7,1229,1
7,1232,1
7,1237,0
7,1238,0
7,1242,1
7,1244,1
7,1245,1
7,1249,0
7,1250,0
7,1250,1
7,1251,1
7,1254,0
7,1259,0
7,1262,1
7,1263,0
7,1263,1
7,1265,0
7,1267,1
7,1268,1
7,1269,0
7,1276,1
7,1277,1
7,1278,0
7,1279,1
7,1280,0
7,1283,0
7,1288,1
7,1290,0
7,1292,1
7,1296,1
7,1299,0
7,1299,1
7,1304,1
7,1305,0
7,1306,1
7,1312,0
7,1313,1
7,1315,0
7,1316,1
7,1318,1
7,1319,0
7,1326,0
7,1328,1
7,1329,0
7,1330,0
7,1331,0
7,1333,0
7,1336,0
7,1338,1
7,1340,1
7,1342,1
7,1344,1
7,1350,0
7,1351,0
7,1353,1
7,1357,0
7,1361,0
7,1361,1
7,1362,0
7,1367,1
7,1370,0
7,1371,1
7,1372,0
7,1373,1
7,1375,0
7,1378,1
7,1382,0
7,1385,0
7,1385,1
7,1392,1
7,1393,0
7,1396,0
7,1397,0
7,1398,0
7,1401,1
7,1402,1
7,1403,0
7,1407,1
7,1410,1
7,1411,0
7,1414,1
7,1420,0
7,1421,1
7,1424,1
7,1429,0
7,1433,0
7,1434,1
7,1436,1
7,1438,1
7,1441,0
7,1444,1
7,1447,0
7,1449,1
7,1451,1
7,1454,1
7,1455,0
7,1460,1
7,1464,0
7,1467,0
7,1468,0
7,1469,0
7,1474,1
7,1475,1
7,1477,0
7,1479,1
7,1480,0
7,1484,1
7,1490,1
7,1491,1
7,1494,0
7,1496,1
7,1502,0
7,1503,0
7,1506,0
7,1507,0
7,1508,0
7,1517,0
7,1519,1
7,1523,0
7,1525,1
7,1533,0
7,1535,1
7,1536,1
7,1538,1
7,1539,0
7,1545,1
7,1546,1
7,1547,1
7,1551,0
7,1551,1
7,1557,0
7,1557,1
7,1561,0
7,1561,1
7,1563,0
7,1563,1
7,1565,0
7,1566,1
7,1577,0
7,1582,0
7,1584,0
7,1591,1
7,1592,1
7,1596,1
7,1597,1
7,1601,0
7,1602,1
7,1605,1
7,1611,1
7,1613,1
7,1617,0
7,1630,1
7,1631,0
7,1641,1
7,1642,1
7,1644,0
7,1645,0
7,1646,0
7,1647,1
7,1651,1
7,1652,1
7,1657,0
7,1660,0
7,1675,1
7,1678,0
7,1703,0
7,1706,0
7,1707,1
7,1709,0
7,1710,1
7,1721,0
7,1728,1
7,1729,0
7,1729,1
7,1742,0
7,1745,0
7,1752,1
7,1773,1
7,1776,1
7,1778,0
7,1794,0
7,1795,0
7,1797,1
7,1808,1
7,1811,0
7,1825,0
7,1831,0
7,1836,0
7,1853,0
7,1854,0
7,1864,0
7,1865,0
7,1865,1
7,1869,0
7,1870,1
7,1878,1
7,1884,1
7,1886,0
7,1888,1
7,1895,1
7,1899,1
7,1905,0
7,1906,0
7,1915,1
7,1916,0
7,1916,1
7,1923,1
7,1927,1
7,1931,1
7,1933,0
7,1936,1
7,1939,1
7,1941,1
7,1949,1
7,1951,0
7,1951,1
7,1952,1
7,1961,1
7,1965,0
7,1970,0
7,1971,1
7,1980,0
7,1983,1
7,1985,0
7,1988,0
7,1989,1
7,1992,1
7,1993,1
7,1999,0
7,2000,1
7,2006,1
7,2010,0
7,2018,0
7,2027,0
7,2027,1
7,2028,1
7,2034,1
7,2035,1
7,2036,0
7,2038,0
7,2042,0
7,2043,0
7,2045,1
7,2046,1
7,2047,1
7,2048,1
7,2051,0
7,2053,1
7,2054,0
7,2055,1
7,2056,0
7,2062,1
7,2065,1
7,2066,0
7,2067,1
7,2075,1
7,2078,0
7,2078,1
7,2079,1
7,2086,0
7,2087,0
7,2088,0
7,2100,1
7,2102,0
7,2102,1
7,2104,0
7,2107,0
7,2113,0
7,2114,1
7,2118,0
7,2122,0
7,2126,0
7,2129,1
7,2135,1
7,2139,1
7,2140,1
7,2143,1
7,2145,0
7,2156,0
7,2157,0
7,2158,0
7,2163,0
7,2166,0
7,2168,0
7,2170,0
7,2172,1
7,2174,1
7,2177,0
7,2179,0
7,2179,1
7,2187,1
7,2188,0
7,2190,0
7,2194,1
7,2195,1
7,2202,1
7,2204,0
7,2207,0
7,2208,1
7,2213,1
7,2219,0
7,2220,0
7,2222,1
7,2223,1
7,2230,0
7,2230,1
7,2233,1
7,2239,1
7,2242,1
7,2245,1
7,2247,1
7,2250,1
7,2255,1
7,2256,1
7,2260,0
7,2267,1
7,2271,1
7,2278,1
7,2281,1
7,2285,0
7,2286,0
7,2286,1
7,2292,0
7,2295,0
7,2295,1
7,2296,0
7,2304,0
7,2304,1
7,2305,1
7,2306,0
7,2307,1
7,2308,0
7,2310,0
7,2311,1
7,2312,1
7,2317,1
7,2321,0
7,2321,1
7,2322,1
7,2323,1
7,2324,1
7,2331,0
7,2332,1
7,2333,0
7,2339,1
7,2340,1
7,2341,1
7,2354,0
7,2365,1
7,2366,0
7,2367,0
7,2374,1
7,2375,1
7,2377,0
7,2378,0
7,2381,0
7,2382,1
7,2385,1
7,2386,0
7,2388,1
7,2391,0
7,2391,1
7,2393,1
7,2395,1
7,2398,0
7,2400,1
7,2401,0
7,2405,0
7,2406,1
7,2411,1
7,2413,1
7,2417,1
7,2419,0
7,2420,1
7,2426,1
7,2428,1
7,2429,0
7,2432,1
7,2437,0
7,2437,1
7,2438,1
7,2439,0
7,2441,0
7,2443,1
7,2444,1
7,2447,1
7,2449,1
7,2450,1
7,2451,0
7,2451,1
7,2454,1
7,2455,0
7,2455,1
7,2458,0
7,2464,0
7,2464,1
7,2466,1
7,2467,1
7,2470,1
7,2472,0
7,2472,1
7,2474,1
7,2478,1
7,2479,0
7,2482,1
7,2485,0
7,2486,0
7,2486,1
7,2487,1
7,2489,1
7,2491,0
7,2492,0
7,2493,0
7,2494,1
7,2495,0
7,2496,1
7,2497,1
7,2499,0
7,2501,0
7,2504,1
7,2510,1
7,2511,1
7,2516,1
7,2519,0
7,2523,1
7,2526,0
7,2527,1
7,2530,1
7,2531,0
7,2532,0
7,2533,0
7,2534,0
7,2535,0
7,2535,1
7,2540,0
7,2541,0
7,2545,1
7,2547,0
7,2547,1
7,2549,0
7,2550,1
7,2554,1
7,2556,0
7,2561,0
7,2561,1
7,2564,0
7,2566,0
7,2566,1
7,2567,1
7,2576,1
7,2578,0
7,2580,1
7,2581,0
7,2581,1
7,2583,0
7,2586,1
7,2588,0
7,2588,1
7,2589,1
7,2593,0
7,2596,0
7,2597,0
7,2600,1
7,2601,0
7,2601,1
7,2602,1
7,2616,0
7,2618,0
7,2620,1
7,2622,0
7,2624,0
7,2629,0
7,2636,0
7,2639,0
7,2641,1
7,2642,0
7,2643,0
7,2644,0
7,2644,1
7,2646,0
7,2651,1
7,2653,1
7,2657,1
7,2658,1
7,2659,1
7,2660,0
7,2665,1
7,2666,0
7,2672,1
7,2673,0
7,2674,1
7,2678,0
7,2681,1
7,2686,0
7,2686,1
7,2693,1
7,2695,0
7,2695,1
7,2696,0
7,2702,0
7,2703,0
7,2707,1
7,2708,1
7,2710,0
7,2713,0
7,2715,0
7,2715,1
7,2716,0
7,2716,1
7,2717,1
7,2718,0
7,2720,0
7,2721,0
7,2723,0
7,2726,0
7,2733,1
7,2734,0
7,2734,1
7,2736,0
7,2739,1
7,2744,0
7,2749,0
7,2749,1
7,2752,0
7,2752,1
7,2756,1
7,2758,0
7,2759,1
7,2761,0
7,2762,0
7,2763,0
7,2765,1
7,2766,0
7,2767,1
7,2768,0
7,2771,0
7,2771,1
7,2772,1
7,2773,0
7,2776,0
7,2776,1
7,2777,0
7,2780,0
7,2781,0
7,2782,1
7,2785,0
7,2786,0
7,2787,0
7,2787,1
7,2790,1
7,2794,1
7,2798,1
7,2799,0
7,2802,0
7,2802,1
7,2803,0
7,2803,1
7,2805,1
7,2806,1
7,2807,1
7,2810,0
7,2810,1
7,2811,0
7,2812,0
7,2818,0
7,2819,0
7,2821,1
7,2822,0
7,2824,1
7,2825,0
7,2827,1
7,2828,1
7,2832,0
7,2837,1
7,2840,0
7,2840,1
7,2842,0
7,2845,1
7,2846,1
7,2847,0
7,2847,1
7,2849,1
7,2851,0
7,2851,1
7,2852,0
7,2853,1
7,2854,0
7,2854,1
7,2856,1
7,2858,0
7,2859,0
7,2859,1
7,2861,0
7,2862,0
7,2863,0
7,2863,1
7,2864,1
7,2865,1
7,2870,1
7,2871,0
7,2872,0
7,2873,0
7,2874,1
7,2875,0
7,2876,0
7,2883,0
7,2884,0
7,2885,0
7,2885,1
7,2886,1
7,2887,0
7,2889,1
7,2890,0
7,2895,1
7,2898,0
7,2898,1
7,2899,1
7,2900,0
7,2902,0
7,2903,1
7,2904,0
7,2905,1
7,2906,0
7,2906,1
7,2908,0
7,2911,1
7,2912,1
7,2913,1
7,2914,0
7,2915,0
7,2915,1
7,2920,0
7,2928,1
7,2929,1
7,2931,0
7,2931,1
7,2933,0
7,2938,1
7,2942,1
7,2945,1
7,2947,0
7,2951,0
7,2952,0
7,2952,1
7,2957,0
7,2962,1
7,2963,0
7,2973,1
7,2977,1
7,2983,0
7,2983,1
7,2984,0
7,2985,1
7,2997,0
7,3001,1
7,3006,1
7,3009,1
7,3012,1
7,3025,1
7,3026,0
7,3028,1
7,3029,1
7,3031,0
7,3031,1
7,3032,1
7,3036,0
7,3037,0
7,3041,0
7,3041,1
7,3043,1
7,3045,0
7,3047,1
7,3048,0
7,3049,0
7,3051,0
7,3051,1
7,3053,0
7,3053,1
7,3054,1
7,3056,0
7,3057,1
7,3059,0
7,3059,1
7,3060,0
7,3061,0
7,3061,1
7,3062,0
7,3063,0
7,3064,0
7,3064,1
7,3065,1
7,3066,1
7,3067,1
7,3068,0
7,3069,0
7,3069,1
7,3070,1
7,3071,1
7,3074,0
7,3074,1
7,3075,1
7,3076,0
7,3080,0
7,3081,1
7,3090,1
7,3092,1
7,3095,1
7,3096,1
7,3097,0
7,3098,0
7,3098,1
7,3102,1
7,3103,0
7,3105,0
7,3107,0
7,3107,1
7,3108,0
7,3110,0
7,3111,1
7,3112,1
7,3115,0
7,3116,0
7,3117,1
7,3118,0
7,3120,0
7,3120,1
7,3123,1
7,3124,0
7,3125,0
7,3129,0
7,3131,0
7,3133,0
7,3136,0
7,3137,1
7,3142,1
7,3143,0
7,3144,0
7,3147,0
7,3148,0
7,3148,1
7,3152,0
7,3153,1
7,3154,0
7,3156,1
7,3159,1
7,3160,0
7,3161,1
7,3163,0
7,3164,0
7,3165,0
7,3165,1
7,3166,0
7,3167,0
7,3170,0
7,3175,0
7,3175,1
7,3176,0
7,3176,1
7,3177,0
7,3179,0
7,3180,0
7,3180,1
7,3181,0
7,3181,1
7,3182,0
7,3182,1
7,3185,0
7,3186,0
7,3186,1
7,3187,1
7,3188,0
7,3191,0
7,3194,0
7,3195,1
7,3200,0
7,3200,1
7,3203,1
7,3205,1
7,3210,0
7,3210,1
7,3214,1
7,3215,1
7,3222,0
7,3222,1
7,3225,0
7,3228,1
7,3229,0
7,3230,0
7,3230,1
7,3231,0
7,3232,0
7,3237,0
7,3243,0
7,3244,0
7,3244,1
7,3246,0
7,3246,1
7,3248,1
7,3251,0
7,3251,1
7,3253,1
7,3256,0
7,3257,0
7,3260,1
7,3261,0
7,3265,0
7,3266,1
7,3270,1
7,3273,0
7,3274,0
7,3276,1
7,3278,0
7,3278,1
7,3281,0
7,3282,0
7,3283,0
7,3283,1
7,3285,0
7,3286,1
7,3288,1
7,3289,1
7,3290,1
7,3292,0
7,3293,1
7,3294,1
7,3295,0
7,3297,1
7,3299,1
7,3302,0
7,3303,1
7,3304,0
7,3308,0
7,3316,0
7,3317,1
7,3318,1
7,3319,0
7,3323,0
7,3329,0
7,3329,1
7,3331,0
7,3331,1
7,3334,0
7,3334,1
7,3335,0
7,3338,0
7,3340,1
7,3341,1
7,3345,1
7,3346,0
7,3346,1
7,3350,1
7,3351,1
7,3352,0
7,3355,0
7,3355,1
7,3357,1
7,3362,0
7,3364,0
7,3367,1
7,3368,1
7,3369,1
7,3370,1
7,3371,0
7,3375,0
7,3382,0
7,3387,0
7,3388,0
7,3388,1
7,3392,0
7,3393,1
7,3396,0
7,3409,0
7,3410,0
7,3410,1
7,3412,0
7,3414,1
7,3415,0
7,3415,1
7,3418,0
7,3421,0
7,3421,1
7,3426,0
7,3433,0
7,3438,0
7,3439,0
7,3443,1
7,3447,0
7,3449,0
7,3453,0
7,3453,1
7,3454,1
7,3459,0
7,3460,0
7,3467,0
7,3467,1
7,3470,0
7,3472,0
7,3473,1
7,3477,1
7,3478,0
7,3478,1
7,3483,0
7,3483,1
7,3485,0
7,3495,0
7,3506,0
7,3522,0
7,3530,1
7,3533,1
7,3534,0
7,3534,1
7,3539,0
7,3539,1
7,3544,1
7,3548,0
7,3551,0
7,3555,1
7,3557,0
7,3580,0
7,3584,1
7,3589,1
7,3591,1
7,3593,0
7,3593,1
7,3598,0
7,3598,1
7,3599,1
7,3602,1
7,3603,1
7,3604,0
7,3605,1
7,3607,0
7,3608,0
7,3609,0
7,3618,1
7,3620,1
7,3628,0
7,3630,1
7,3633,1
7,3643,0
7,3644,1
7,3648,0
7,3648,1
7,3657,1
7,3660,1
7,3662,1
7,3667,0
7,3675,1
7,3695,0
7,3702,1
7,3714,0
7,3716,1
7,3729,1
7,3730,1
7,3768,0
7,3769,1
7,3777,0
7,3849,0
7,3853,0
7,3866,0
7,3877,1
7,3885,0
7,3893,0
7,3942,1
7,3992,0
7,4125,0
7,4155,0
7,4160,0
7,4161,1
7,4166,0
7,4171,0
7,4176,1
7,4181,0
7,4185,0
7,4190,1
7,4218,1
7,4223,1
7,4228,1
7,4243,1
7,4248,1
7,4253,0
7,4257,1
7,4258,0
7,4262,1
7,4267,0
7,4295,0
7,4300,1
7,4305,0
7,4305,1
7,4310,0
7,4315,0
7,4319,1
7,4321,0
7,4324,1
7,4326,0
7,4326,1
7,4331,0
7,4340,0
7,4345,0
7,4346,0
7,4351,1
7,4355,1
7,4360,0
7,4360,1
7,4368,0
7,4373,1
7,4378,0
7,4399,1
7,4404,1
7,4409,0
7,4413,0
7,4417,0
7,4418,1
7,4420,0
7,4421,1
7,4422,1
7,4426,0
7,4426,1
7,4431,0
7,4433,0
7,4435,1
7,4438,0
7,4440,0
7,4440,1
7,4443,0
7,4458,1
7,4463,0
7,4463,1
7,4525,1
7,4530,1
7,4609,0
7,4614,0
7,4614,1
7,4619,0
7,4633,1
7,4638,0
7,4638,1
7,4643,1
7,4647,0
7,4652,1
7,4653,0
7,4657,1
7,4658,1
7,4659,0
7,4823,0
7,4828,1
7,4833,1
7,4865,1
7,4870,0
7,4870,1
7,4875,1
7,4880,0
7,4885,1
7,4971,0
7,5085,0
7,5090,1
7,5110,1
7,5115,1
7,5140,0
7,5146,0
7,5167,1
7,5168,1
7,5172,1
7,5173,1
7,5174,0
7,5179,0
7,5179,1
7,5180,0
7,5183,0
7,5183,1
7,5184,0
7,5185,0
7,5185,1
7,5186,0
7,5188,0
7,5191,1
7,5193,1
7,5195,1
7,5196,0
7,5200,0
7,5201,1
7,5205,0
7,5206,0
7,5206,1
7,5211,1
7,5230,0
7,5235,0
7,5247,1
7,5252,1
7,5253,0
7,5258,0
7,5259,0
7,5264,0
7,5266,0
7,5267,0
7,5269,0
7,5274,0
7,5279,1
7,5296,0
7,5301,0
7,5306,1
7,5326,1
7,5345,1
7,5346,0
7,5349,1
7,5351,1
7,5354,0
7,5354,1
7,5356,1
7,5357,1
7,5358,0
7,5360,1
7,5362,1
7,5364,1
7,5365,0
7,5367,1
7,5369,1
7,5401,0
7,5405,1
7,5406,1
7,5411,0
7,5415,0
7,5420,0
7,5425,0
7,5425,1
7,5430,0
7,5430,1
7,5435,1
7,5438,0
7,5440,0
7,5441,1
7,5456,0
7,5458,0
7,5458,1
7,5463,1
7,5473,1
7,5474,1
7,5476,0
7,5478,1
7,5479,0
7,5484,1
7,5490,0
7,5516,0
7,5525,0
7,5530,1
7,5537,1
7,5540,1
7,5545,0
7,5545,1
7,5550,1
7,5562,1
7,5563,1
7,5568,1
7,5571,1
7,5573,1
7,5576,0
7,5576,1
7,5577,0
7,5581,1
7,5584,0
7,5593,0
7,5596,0
7,5603,1
7,5605,0
7,5608,0
7,5610,1
7,5612,1
7,5616,1
7,5624,0
7,5630,1
7,5632,0
7,5632,1
7,5638,0
7,5638,1
7,5643,1
7,5646,1
7,5647,1
7,5654,0
7,5657,1
7,5658,0
7,5659,1
7,5660,0
7,5664,0
7,5665,1
7,5670,0
7,5674,0
7,5675,1
7,5678,0
7,5679,0
7,5680,0
7,5680,1
7,5686,0
7,5688,1
7,5691,1
7,5700,0
7,5703,1
7,5709,0
7,5712,0
7,5727,0
7,5729,1
7,5733,0
7,5739,1
7,5744,1
7,5747,0
7,5748,0
7,5749,1
7,5750,1
7,5751,0
7,5753,0
7,5754,0
7,5756,0
7,5760,1
7,5767,0
7,5768,0
7,5768,1
7,5770,1
7,5773,0
7,5773,1
7,5775,1
7,5778,1
7,5779,1
7,5780,1
7,5784,0
7,5784,1
7,5790,0
7,5795,1
7,5796,1
7,5797,0
7,5802,0
7,5831,1
7,5832,1
7,5833,0
7,5841,1
7,5846,1
7,5847,0
7,5852,1
7,5854,0
7,5863,0
7,5864,0
7,5868,0
7,5873,1
7,5874,1
7,5879,0
7,5881,1
7,5886,0
7,5890,0
7,5892,0
7,5904,1
7,5909,1
7,5914,0
7,5920,0
7,5921,1
7,5922,0
7,5924,1
7,5925,1
7,5926,0
7,5929,0
7,5934,0
7,5935,1
7,5946,0
7,5947,1
7,5949,1
7,5951,0
7,5957,0
7,5967,1
7,5972,1
7,5973,0
7,5977,0
7,6014,1
7,6020,1
7,6024,0
7,6036,0
7,6041,0
7,6046,0
7,6050,1
7,6054,1
7,6062,0
7,6065,1
7,6067,1
7,6069,0
7,6070,1
7,6072,1
7,6085,1
7,6089,0
7,6090,0
7,6091,1
7,6092,0
7,6093,1
7,6116,0
7,6116,1
7,6122,1
7,6123,0
7,6127,0
7,6128,1
7,6132,0
7,6135,0
7,6137,1
7,6140,0
7,6142,0
7,6143,1
7,6145,1
7,6160,0
7,6164,0
7,6174,0
7,6203,1
7,6219,1
7,6289,0
7,6317,1
7,6319,0
7,6322,1
7,6327,1
7,6400,1
7,6410,1
7,6419,0
7,6429,0
7,6443,1
7,6456,0
7,6469,1
7,6496,0
7,6504,1
7,6506,0
7,6508,1
7,6512,1
7,6554,1
7,6561,0
7,6592,1
7,6608,1
7,6622,1
7,6626,1
7,6636,0
7,6636,1
7,6667,0
7,6668,0
7,6670,0
7,6725,0
7,6731,1
7,6751,1
7,6776,0
7,6788,1
7,6799,0
7,6823,0
7,6828,1
7,6831,0
7,6870,0
7,6888,1
7,6909,0
7,6910,0
7,6918,0
7,6921,1
7,6923,1
7,6928,0
7,6929,1
7,6934,0
7,6939,0
7,6959,0
7,6980,1
7,6999,1
7,7002,0
7,7013,1
7,7019,1
7,7049,1
7,7059,0
7,7084,0
7,7089,0
7,7100,0
7,7114,1
7,7126,1
7,7138,0
7,7150,1
7,7182,0
7,7188,1
7,7190,1
7,7194,0
7,7203,0
7,7216,0
7,7227,0
7,7240,1
7,7244,1
7,7256,0
7,7258,1
7,7263,0
7,7268,1
7,7280,1
7,7284,0
7,7287,1
7,7297,1
7,7302,1
7,7308,0
7,7328,1
7,7345,0
7,7349,0
7,7355,0
7,7366,1
7,7398,1
7,7409,0
7,7410,0
7,7414,0
7,7420,1
7,7426,1
7,7428,1
7,7429,1
7,7430,1
7,7433,1
7,7436,1
7,7440,1
7,7442,1
7,7445,0
7,7448,0
7,7451,0
7,7453,1
7,7454,1
7,7467,1
7,7469,0
7,7478,1
7,7493,1
7,7494,0
7,7497,1
7,7502,0
7,7505,0
7,7511,0
7,7519,0
7,7519,1
7,7529,1
7,7531,0
7,7536,0
7,7537,1
7,7542,0
7,7544,0
7,7553,0
7,7556,1
7,7563,0
7,7570,1
7,7577,0
7,7585,0
7,7586,0
7,7586,1
7,7596,1
7,7599,0
7,7601,0
7,7603,0
7,7606,1
7,7608,1
7,7617,1
7,7618,0
7,7620,0
7,7622,1
7,7623,1
7,7629,0
7,7634,1
7,7637,0
7,7641,0
7,7643,0
7,7647,1
7,7649,1
7,7652,0
7,7652,1
7,7656,1
7,7657,0
7,7657,1
7,7661,0
7,7662,0
7,7662,1
7,7666,0
7,7666,1
7,7667,0
7,7670,0
7,7678,1
7,7687,0
7,7692,0
7,7695,0
7,7697,0
7,7701,1
7,7702,1
7,7704,0
7,7705,0
7,7708,1
7,7709,0
7,7713,1
7,7715,1
7,7717,0
7,7721,1
7,7724,1
7,7728,0
7,7731,1
7,7732,1
7,7738,0
7,7739,0
7,7741,0
7,7742,1
7,7744,1
7,7745,1
7,7746,1
7,7747,0
7,7751,0
7,7752,0
7,7752,1
7,7753,1
7,7754,0
7,7756,0
7,7757,1
7,7758,0
7,7762,1
7,7765,1
7,7766,0
7,7767,0
7,7768,1
7,7773,0
7,7779,0
7,7782,0
7,7784,0
7,7784,1
7,7786,0
7,7787,0
7,7787,1
7,7790,1
7,7791,1
7,7794,0
7,7795,0
7,7796,0
7,7797,1
7,7798,1
7,7800,0
7,7800,1
7,7801,1
7,7803,0
7,7805,0
7,7807,0
7,7807,1
7,7809,1
7,7810,0
7,7814,1
7,7815,1
7,7823,1
7,7830,0
7,7835,0
7,7839,0
7,7840,1
7,7842,1
7,7847,1
7,7848,0
7,7850,1
7,7855,0
7,7857,0
7,7857,1
7,7859,1
7,7861,1
7,7862,0
7,7863,0
7,7863,1
7,7865,1
7,7867,0
7,7868,0
7,7868,1
7,7869,1
7,7870,0
7,7871,0
7,7872,0
7,7873,1
7,7874,0
7,7875,0
7,7877,1
7,7878,1
7,7879,1
7,7883,1
7,7886,0
7,7887,0
7,7890,1
7,7898,1
7,7900,0
7,7902,0
7,7904,1
7,7906,0
7,7909,0
7,7912,0
7,7913,0
7,7919,1
7,7920,1
7,7923,0
7,7924,0
7,7926,0
7,7928,1
7,7938,1
7,7941,0
7,7942,0
7,7945,0
7,7947,1
7,7953,0
7,7957,1
7,7959,1
7,7962,1
7,7964,1
7,7965,1
7,7966,1
7,7967,0
7,7968,0
7,7972,0
7,7973,1
7,7974,1
7,7976,0
7,7977,1
7,7978,0
7,7980,0
7,7981,1
7,7982,1
7,7993,0
7,7994,1
7,7995,1
7,7997,0
7,8000,0
7,8009,0
7,8012,0
7,8021,0
7,8023,1
7,8025,0
7,8028,0
7,8028,1
7,8029,1
7,8030,1
7,8032,1
7,8034,0
7,8034,1
7,8035,0
7,8037,0
7,8038,1
7,8039,0
7,8040,0
7,8042,0
7,8042,1
7,8043,0
7,8043,1
7,8044,0
7,8044,1
7,8047,0
7,8047,1
7,8048,0
7,8049,1
7,8053,1
7,8054,1
7,8058,1
7,8059,0
7,8060,1
7,8063,0
7,8075,0
7,8075,1
7,8077,0
7,8079,0
7,8082,1
7,8083,0
7,8087,0
7,8087,1
7,8089,1
7,8092,1
7,8097,1
7,8098,0
7,8102,0
7,8103,0
7,8104,0
7,8107,1
7,8109,1
7,8110,1
7,8111,1
7,8112,0
7,8114,1
7,8115,0
7,8115,1
7,8117,1
7,8119,0
7,8119,1
7,8120,0
7,8120,1
7,8124,0
7,8127,0
7,8129,1
7,8134,0
7,8135,0
7,8138,0
7,8139,1
7,8140,0
7,8144,0
7,8149,1
7,8154,0
7,8154,1
7,8161,0
7,8161,1
7,8164,1
7,8166,1
7,8167,0
7,8169,0
7,8172,0
7,8173,1
7,8174,0
7,8176,0
7,8177,1
7,8179,1
7,8180,1
7,8184,0
7,8185,1
7,8194,1
7,8197,0
7,8201,1
7,8204,0
7,8204,1
7,8205,0
7,8210,1
7,8212,1
7,8213,1
7,8215,0
7,8216,0
7,8222,0
7,8224,0
7,8228,1
7,8234,1
7,8238,0
7,8240,0
7,8243,0
7,8244,1
7,8247,0
7,8248,0
7,8249,1
7,8255,1
7,8256,0
7,8259,0
7,8260,0
7,8261,0
7,8267,1
7,8271,0
7,8272,0
7,8273,0
7,8274,1
7,8276,0
7,8280,0
7,8281,1
7,8283,0
7,8286,0
7,8291,1
7,8294,1
7,8295,1
7,8301,1
7,8303,0
7,8304,0
7,8305,0
7,8308,1
7,8309,0
7,8312,1
7,8313,1
7,8314,0
7,8315,0
7,8316,1
7,8317,1
7,8319,1
7,8321,0
7,8322,0
7,8326,1
7,8327,0
7,8330,1
7,8332,0
7,8334,1
7,8337,0
7,8340,1
7,8342,1
7,8343,1
7,8344,1
7,8347,0
7,8348,1
7,8354,0
7,8354,1
7,8357,0
7,8359,1
7,8361,0
7,8362,0
7,8369,1
7,8370,0
7,8370,1
7,8371,1
7,8373,1
7,8378,1
7,8379,0
7,8381,1
7,8388,0
7,8388,1
7,8389,1
7,8391,1
7,8392,1
7,8395,0
7,8396,0
7,8399,0
7,8400,1
7,8404,0
7,8406,0
7,8413,0
7,8417,0
7,8421,1
7,8430,1
7,8432,0
7,8433,0
7,8433,1
7,8437,1
7,8439,0
7,8443,1
7,8445,1
7,8446,0
7,8446,1
7,8451,1
7,8458,1
7,8459,1
7,8464,1
7,8467,0
7,8471,1
7,8474,0
7,8475,0
7,8482,1
7,8486,1
7,8488,1
7,8496,0
7,8498,1
7,8499,1
7,8502,1
7,8503,0
7,8504,1
7,8507,0
7,8507,1
7,8508,1
7,8512,0
7,8514,1
7,8518,0
7,8519,1
7,8521,1
7,8525,1
7,8530,1
7,8533,0
7,8535,0
7,8536,0
7,8540,1
7,8545,1
7,8548,0
7,8548,1
7,8554,0
7,8556,0
7,8557,0
7,8558,0
7,8559,1
7,8561,0
7,8563,1
7,8567,0
7,8570,1
7,8574,1
7,8577,1
7,8578,1
7,8580,1
7,8585,1
7,8588,0
7,8590,0
7,8590,1
7,8593,0
7,8599,0
7,8600,1
7,8601,1
7,8605,1
7,8609,0
7,8610,0
7,8615,0
7,8619,0
7,8623,1
7,8625,0
7,8634,1
7,8638,0
7,8639,0
7,8643,1
7,8644,1
7,8645,0
7,8648,1
7,8650,0
7,8651,1
7,8652,0
7,8653,1
7,8659,1
7,8662,0
7,8663,1
7,8668,0
7,8670,0
7,8675,0
7,8678,1
7,8680,1
7,8688,0
7,8689,0
7,8692,1
7,8693,0
7,8694,0
7,8695,0
7,8699,1
7,8700,1
7,8703,0
7,8708,1
7,8716,1
7,8721,0
7,8724,0
7,8725,1
7,8726,0
7,8738,0
7,8740,0
7,8741,0
7,8743,0
7,8746,1
7,8751,1
7,8762,1
7,8763,1
7,8768,1
7,8770,1
7,8771,1
7,8773,0
7,8773,1
7,8775,1
7,8778,1
7,8790,0
7,8791,1
7,8795,1
7,8800,0
7,8801,1
7,8810,0
7,8814,0
7,8817,0
7,8818,1
7,8826,1
7,8830,0
7,8844,1
7,8852,1
7,8853,0
7,8854,0
7,8857,0
7,8863,1
7,8876,1
7,8886,0
7,8896,1
7,8899,0
7,8910,0
7,8913,1
7,8918,0
7,8930,0
7,8931,0
7,8935,1
7,8939,0
7,8949,0
7,8954,0
7,8959,0
7,8962,0
7,8964,1
7,8967,1
7,8976,1
7,8980,1
7,8989,1
7,8992,1
7,8998,1
7,9002,0
7,9007,0
7,9020,1
7,9025,1
7,9030,0
7,9051,1
7,9079,0
7,9083,1
7,9084,1
7,9088,0
7,9109,1
7,9130,1
7,9135,1
7,9140,1
7,9143,1
7,9149,1
7,9160,0
7,9220,0
7,9237,1
7,9251,0
7,9272,0
7,9275,0
7,9291,0
7,9296,0
7,9480,1
7,10995,0
7,11000,0
7,11204,0
7,11233,0
7,11238,0
7,11313,0
7,11322,1
7,11399,1
7,11404,0
7,11409,1
7,11600,1
7,11849,1
7,11882,1
7,11887,0
7,11892,0
7,11896,1
7,11897,0
7,11901,0
7,11902,0
7,11906,0
7,11907,0
7,11911,0
7,11912,0
7,11917,1
7,11968,0
7,11969,0
7,11969,1
7,11973,1
7,11974,0
7,11978,1
7,11979,0
7,11983,0
7,11983,1
7,11992,1
7,11997,0
7,11997,1
7,12000,1
7,12005,1
7,12018,0
7,12019,0
7,12022,1
7,12036,0
7,12049,0
7,12050,1
7,12052,0
7,12055,1
7,12060,0
7,12064,1
7,12065,0
7,12075,1
7,12076,0
7,12081,0
7,12082,0
7,12092,1
7,12099,1
7,12103,0
7,12106,0
7,12111,1
7,12113,0
7,12116,1
7,12124,0
7,12128,0
7,12129,1
7,12130,0
7,12135,0
7,12135,1
7,12136,0
7,12139,1
7,12140,0
7,12140,1
7,12141,0
7,12151,0
7,12157,1
7,12158,0
7,12159,1
7,12161,0
7,12166,1
7,12167,0
7,12170,0
7,12171,0
7,12171,1
7,12172,1
7,12173,0
7,12175,0
7,12178,0
7,12181,1
7,12183,0
7,12188,1
7,12190,0
7,12190,1
7,12191,1
7,12192,0
7,12193,1
7,12197,0
7,12200,1
7,12201,0
7,12203,1
7,12206,0
7,12208,0
7,12214,1
7,12217,1
7,12218,1
7,12219,1
7,12220,0
7,12221,0
7,12222,1
7,12223,0
7,12223,1
7,12224,1
7,12226,0
7,12229,0
7,12230,1
7,12231,1
7,12232,0
7,12234,0
7,12235,0
7,12236,0
7,12238,1
7,12239,0
7,12239,1
7,12240,0
7,12240,1
7,12241,1
7,12244,1
7,12249,1
7,12250,1
7,12253,1
7,12255,0
7,12256,0
7,12257,0
7,12258,1
7,12265,0
7,12266,0
7,12270,0
7,12270,1
7,12272,1
7,12273,1
7,12277,0
7,12278,0
7,12278,1
7,12280,0
7,12280,1
7,12281,1
7,12285,1
7,12286,1
7,12289,0
7,12291,0
7,12292,0
7,12292,1
7,12294,1
7,12298,0
7,12298,1
7,12301,0
7,12302,0
7,12305,0
7,12308,1
7,12309,0
7,12310,1
7,12311,0
7,12312,1
7,12313,0
7,12313,1
7,12315,0
7,12318,0
7,12319,0
7,12321,0
7,12328,0
7,12331,1
7,12333,1
7,12336,0
7,12336,1
7,12339,1
7,12340,1
7,12341,0
7,12343,1
7,12345,1
7,12347,0
7,12349,1
7,12352,1
7,12354,1
7,12356,1
7,12357,0
7,12357,1
7,12358,1
7,12360,1
7,12361,0
7,12362,0
7,12362,1
7,12363,1
7,12364,0
7,12365,0
7,12366,1
7,12368,0
7,12369,0
7,12369,1
7,12370,0
7,12373,0
7,12379,0
7,12380,0
7,12381,1
7,12382,0
7,12382,1
7,12390,1
7,12391,1
7,12393,0
7,12394,1
7,12395,1
7,12399,1
7,12404,1
7,12405,0
7,12406,0
7,12411,0
7,12412,1
7,12417,1
7,12424,1
7,12431,0
7,12432,1
7,12435,0
7,12435,1
7,12437,0
7,12444,1
7,12448,0
7,12448,1
7,12451,0
7,12453,1
7,12456,0
7,12458,0
7,12460,1
7,12461,1
7,12464,1
7,12465,0
7,12466,0
7,12471,0
7,12471,1
7,12473,0
7,12473,1
7,12474,0
7,12476,0
7,12477,1
7,12482,1
7,12483,0
7,12487,1
7,12493,1
7,12498,1
7,12502,0
7,12504,1
7,12511,0
7,12513,1
7,12514,1
7,12515,0
7,12515,1
7,12528,0
7,12545,1
7,12565,0
7,12572,1
7,12577,1
7,12596,0
7,12599,1
7,12603,0
7,12609,1
7,12612,1
7,12625,0
7,12625,1
7,12648,1
7,12671,1
7,12681,1
7,12689,0
7,12823,1
7,13824,1
7,13829,1
7,13843,0
7,13848,1
7,13853,0
7,13858,1
7,13870,1
7,13872,1
7,13875,0
7,13877,0
7,13880,0
7,13882,0
7,13891,0
7,13894,0
7,13896,0
7,13899,0
7,13901,1
7,13904,1
7,13906,0
7,13906,1
7,13911,1
7,13938,1
7,13943,0
7,13943,1
7,13944,0
7,13945,1
7,13948,1
7,13952,0
7,13953,0
7,13957,0
7,13968,0
7,13968,1
7,13973,0
7,13973,1
7,13978,1
7,14029,0
7,14034,0
7,14034,1
7,14039,0
7,14056,0
7,14061,0
7,14061,1
7,14062,0
7,14066,0
7,14067,0
7,14086,1
7,14107,0
7,14112,0
7,14117,0
7,14121,1
7,14126,0
7,14131,0
7,14132,0
7,14136,0
7,14137,1
7,14164,1
7,14166,1
7,14169,1
7,14177,0
7,14178,1
7,14179,0
7,14179,1
7,14182,1
7,14184,0
7,14187,1
7,14188,0
7,14193,0
7,14265,1
7,14293,0
7,14298,0
7,14302,1
7,14303,0
7,14307,0
7,14307,1
7,14312,1
7,14333,0
7,14337,0
7,14345,1
7,14349,0
7,14350,0
7,14350,1
7,14354,1
7,14355,1
7,14356,1
7,14360,0
7,14361,0
7,14361,1
7,14366,0
7,14366,1
7,14370,1
7,14371,0
7,14375,0
7,14375,1
7,14380,0
7,14381,1
7,14385,1
7,14387,0
7,14387,1
7,14390,0
7,14392,0
7,14395,0
7,14395,1
7,14397,1
7,14400,0
7,14400,1
7,14402,0
7,14405,0
7,14405,1
7,14407,0
7,14407,1
7,14417,1
7,14418,1
7,14422,0
7,14423,1
7,14426,0
7,14427,0
7,14427,1
7,14428,0
7,14431,0
7,14432,0
7,14432,1
7,14433,1
7,14436,0
7,14437,0
7,14437,1
7,14441,1
7,14442,1
7,14446,1
7,14447,0
7,14447,1
7,14448,1
7,14451,0
7,14453,0
7,14457,0
7,14469,1
7,14471,1
7,14474,1
7,14476,1
7,14480,1
7,14485,0
7,14490,0
7,14495,1
7,14500,1
7,14531,1
7,14536,0
7,14546,0
7,14658,1
7,14667,1
7,14678,1
7,14709,1
7,14714,0
7,14719,0
7,14723,1
7,14724,0
7,14725,1
7,14729,1
7,14734,0
7,14735,0
7,14737,1
7,14744,1
7,14746,0
7,14750,0
7,14750,1
7,14753,0
7,14761,0
7,14762,1
7,14771,0
7,14790,0
7,14792,1
7,14799,1
7,14806,0
7,14809,0
7,14810,0
7,14813,1
7,14826,1
7,14834,0
7,14852,0
7,14855,1
7,14856,1
7,14858,1
7,14860,0
7,14865,1
7,14869,0
7,14870,1
7,14880,0
7,14883,1
7,14885,0
7,14894,1
7,14903,0
7,14903,1
7,14905,1
7,14912,1
7,14915,1
7,14925,1
7,14926,1
7,14927,1
7,14928,0
7,14930,1
7,14932,0
7,14935,0
7,14937,0
7,14937,1
7,14938,0
7,14941,1
7,14944,0
7,14946,1
7,14948,0
7,14950,0
7,14951,1
7,14952,0
7,14952,1
7,14954,1
7,14955,0
7,14956,1
7,14958,0
7,14960,1
7,14966,1
7,14969,0
7,14972,1
7,14978,1
7,14980,1
7,14981,0
7,14982,1
7,14987,0
7,14990,1
7,14993,1
7,14995,1
7,14999,0
7,15001,1
7,15002,1
7,15005,0
7,15005,1
7,15012,1
7,15014,0
7,15016,1
7,15019,0
7,15020,1
7,15023,1
7,15025,1
7,15026,0
7,15029,1
7,15030,1
7,15033,0
7,15035,0
7,15041,0
7,15041,1
7,15042,1
7,15043,1
7,15045,0
7,15047,1
7,15050,0
7,15052,1
7,15056,0
7,15058,0
7,15059,0
7,15059,1
7,15061,0
7,15062,0
7,15064,1
7,15066,1
7,15067,1
7,15072,0
7,15072,1
7,15073,0
7,15076,1
7,15077,0
7,15079,1
7,15081,0
7,15088,1
7,15089,0
7,15090,0
7,15095,0
7,15095,1
7,15099,1
7,15100,0
7,15103,1
7,15104,0
7,15105,1
7,15106,1
7,15109,0
7,15112,1
7,15117,0
7,15118,0
7,15119,1
7,15120,0
7,15122,0
7,15123,0
7,15124,0
7,15125,0
7,15126,1
7,15127,0
7,15128,0
7,15132,0
7,15133,1
7,15134,0
7,15136,1
7,15146,1
7,15150,0
7,15150,1
7,15152,0
7,15153,0
7,15154,1
7,15155,0
7,15156,1
7,15158,0
7,15163,1
7,15168,1
7,15169,0
7,15171,1
7,15173,0
7,15175,1
7,15177,1
7,15178,1
7,15179,0
7,15181,0
7,15189,0
7,15190,1
7,15191,0
7,15191,1
7,15194,0
7,15195,1
7,15197,1
7,15198,0
7,15199,0
7,15199,1
7,15200,0
7,15200,1
7,15201,0
7,15205,1
7,15208,1
7,15209,1
7,15210,0
7,15212,0
7,15214,1
7,15216,0
7,15218,0
7,15219,1
7,15220,1
7,15224,1
7,15226,1
7,15227,0
7,15229,1
7,15230,1
7,15232,0
7,15234,1
7,15236,0
7,15242,0
7,15243,1
7,15244,1
7,15247,0
7,15247,1
7,15251,0
7,15252,1
7,15255,1
7,15257,1
7,15259,1
7,15260,0
7,15262,0
7,15265,1
7,15266,1
7,15267,0
7,15268,0
7,15268,1
7,15270,1
7,15273,1
7,15274,0
7,15278,1
7,15279,0
7,15279,1
7,15281,0
7,15282,1
7,15283,1
7,15284,0
7,15286,1
7,15287,1
7,15288,1
7,15290,0
7,15291,1
7,15292,0
7,15292,1
7,15293,0
7,15293,1
7,15295,0
7,15295,1
7,15297,0
7,15297,1
7,15300,0
7,15303,0
7,15305,0
7,15306,0
7,15307,0
7,15308,0
7,15308,1
7,15312,0
7,15315,0
7,15316,0
7,15316,1
7,15317,0
7,15317,1
7,15318,1
7,15319,0
7,15322,0
7,15326,0
7,15326,1
7,15327,0
7,15327,1
7,15334,1
7,15335,0
7,15336,0
7,15338,0
7,15338,1
7,15340,1
7,15346,0
7,15347,1
7,15349,1
7,15357,0
7,15362,1
7,15363,1
7,15365,1
7,15366,1
7,15373,1
7,15375,1
7,15376,0
7,15376,1
7,15378,1
7,15379,0
7,15380,1
7,15383,0
7,15387,1
7,15388,0
7,15390,1
7,15391,0
7,15391,1
7,15392,0
7,15392,1
7,15395,0
7,15396,1
7,15397,1
7,15398,1
7,15400,0
7,15400,1
7,15409,1
7,15410,0
7,15415,0
7,15416,1
7,15421,0
7,15422,0
7,15424,0
7,15427,1
7,15431,0
7,15431,1
7,15432,0
7,15433,1
7,15437,0
7,15439,1
7,15442,1
7,15446,1
7,15447,0
7,15448,1
7,15450,1
7,15451,0
7,15457,1
7,15459,0
7,15461,0
7,15461,1
7,15465,1
7,15466,0
7,15469,0
7,15471,0
7,15474,1
7,15477,1
7,15479,1
7,15480,0
7,15480,1
7,15484,1
7,15485,1
7,15486,1
7,15493,0
7,15496,0
7,15497,1
7,15500,1
7,15501,0
7,15503,0
7,15505,0
7,15505,1
7,15507,0
7,15509,0
7,15510,0
7,15512,1
7,15513,0
7,15515,1
7,15518,0
7,15518,1
7,15520,0
7,15520,1
7,15522,0
7,15523,0
7,15525,1
7,15527,1
7,15529,0
7,15530,0
7,15531,1
7,15534,0
7,15544,0
7,15545,0
7,15545,1
7,15549,0
7,15549,1
7,15550,0
7,15550,1
7,15551,0
7,15551,1
7,15553,1
7,15555,0
7,15559,0
7,15559,1
7,15560,1
7,15561,1
7,15563,1
7,15564,1
7,15566,0
7,15567,0
7,15567,1
7,15570,0
7,15571,0
7,15571,1
7,15572,1
7,15573,0
7,15574,0
7,15574,1
7,15575,0
7,15577,1
7,15578,0
7,15578,1
7,15579,0
7,15579,1
7,15580,1
7,15584,1
7,15585,1
7,15586,1
7,15587,0
7,15589,0
7,15589,1
7,15590,0
7,15591,0
7,15592,1
7,15594,1
7,15599,1
7,15601,0
7,15603,1
7,15604,0
7,15605,1
7,15606,1
7,15614,1
7,15616,0
7,15617,0
7,15620,0
7,15620,1
7,15622,0
7,15622,1
7,15624,1
7,15626,0
7,15628,1
7,15629,0
7,15634,0
7,15634,1
7,15635,1
7,15641,1
7,15642,0
7,15642,1
7,15644,0
7,15644,1
7,15645,0
7,15651,0
7,15651,1
7,15652,0
7,15652,1
7,15653,1
7,15654,1
7,15655,1
7,15656,1
7,15660,0
7,15660,1
7,15662,0
7,15665,0
7,15666,0
7,15668,1
7,15670,0
7,15671,0
7,15673,1
7,15674,0
7,15675,1
7,15676,0
7,15678,0
7,15679,1
7,15680,0
7,15680,1
7,15683,0
7,15684,0
7,15684,1
7,15687,0
7,15688,0
7,15689,1
7,15690,0
7,15690,1
7,15695,0
7,15695,1
7,15698,0
7,15700,1
7,15702,1
7,15707,0
7,15707,1
7,15710,1
7,15711,0
7,15712,0
7,15712,1
7,15713,0
7,15714,1
7,15715,0
7,15717,1
7,15719,0
7,15721,1
7,15723,1
7,15724,0
7,15726,0
7,15726,1
7,15729,0
7,15729,1
7,15730,1
7,15732,0
7,15734,0
7,15734,1
7,15735,0
7,15737,0
7,15738,0
7,15739,0
7,15740,0
7,15740,1
7,15743,1
7,15749,1
7,15752,0
7,15758,0
7,15759,0
7,15762,1
7,15763,1
7,15766,0
7,15768,0
7,15771,0
7,15771,1
7,15774,1
7,15775,0
7,15776,0
7,15777,0
7,15778,1
7,15782,0
7,15782,1
7,15787,1
7,15788,0
7,15789,1
7,15790,0
7,15792,1
7,15796,0
7,15797,1
7,15798,1
7,15800,1
7,15805,0
7,15805,1
7,15806,0
7,15807,1
7,15810,1
7,15811,0
7,15811,1
7,15814,0
7,15815,0
7,15816,0
7,15816,1
7,15819,0
7,15819,1
7,15826,1
7,15827,1
7,15828,1
7,15830,0
7,15831,1
7,15832,1
7,15835,1
7,15837,0
7,15837,1
7,15839,0
7,15840,0
7,15842,0
7,15845,0
7,15845,1
7,15846,1
7,15851,0
7,15851,1
7,15852,1
7,15853,1
7,15855,1
7,15856,1
7,15858,1
7,15860,0
7,15862,0
7,15869,1
7,15871,1
7,15872,0
7,15873,1
7,15880,1
7,15882,1
7,15884,1
7,15885,0
7,15886,1
7,15887,0
7,15888,0
7,15891,0
7,15892,0
7,15892,1
7,15893,0
7,15893,1
7,15894,1
7,15896,0
7,15896,1
7,15897,0
7,15898,0
7,15899,0
7,15901,0
7,15901,1
7,15902,0
7,15903,0
7,15906,1
7,15907,1
7,15908,0
7,15908,1
7,15911,1
7,15912,0
7,15912,1
7,15913,0
7,15915,0
7,15916,0
7,15917,0
7,15917,1
7,15921,0
7,15922,0
7,15924,0
7,15928,1
7,15932,1
7,15935,1
7,15936,1
7,15939,0
7,15940,0
7,15940,1
7,15942,0
7,15943,0
7,15944,0
7,15944,1
7,15946,1
7,15948,0
7,15948,1
7,15953,0
7,15953,1
7,15954,0
7,15956,0
7,15957,0
7,15957,1
7,15959,0
7,15962,1
7,15964,0
7,15966,1
7,15967,1
7,15969,1
7,15972,0
7,15973,1
7,15974,0
7,15976,1
7,15977,1
7,15978,0
7,15979,0
7,15979,1
7,15980,1
7,15982,0
7,15982,1
7,15983,0
7,15984,1
7,15986,0
7,15986,1
7,15987,0
7,15988,0
7,15988,1
7,15992,1
7,15993,0
7,15994,1
7,15995,1
7,15997,0
7,15997,1
7,16000,0
7,16001,0
7,16002,0
7,16002,1
7,16005,0
7,16005,1
7,16006,1
7,16010,0
7,16010,1
7,16011,1
7,16014,0
7,16015,1
7,16018,0
7,16018,1
7,16019,0
7,16020,0
7,16023,1
7,16025,1
7,16029,0
7,16033,0
7,16033,1
7,16038,0
7,16038,1
7,16039,0
7,16039,1
7,16040,0
7,16040,1
7,16042,1
7,16045,0
7,16047,0
7,16048,0
7,16049,0
7,16050,1
7,16051,1
7,16053,0
7,16055,1
7,16056,0
7,16058,1
7,16060,0
7,16061,0
7,16062,0
7,16062,1
7,16063,1
7,16065,1
7,16066,1
7,16067,1
7,16068,0
7,16068,1
7,16069,0
7,16069,1
7,16074,0
7,16074,1
7,16077,0
7,16078,0
7,16079,1
7,16081,0
7,16082,0
7,16082,1
7,16083,0
7,16083,1
7,16089,1
7,16093,0
7,16094,0
7,16094,1
7,16096,0
7,16097,1
7,16099,0
7,16099,1
7,16100,1
7,16101,0
7,16102,1
7,16103,1
7,16104,0
7,16105,0
7,16106,0
7,16110,1
7,16111,1
7,16115,1
7,16116,1
7,16121,1
7,16122,1
7,16123,0
7,16125,0
7,16129,0
7,16129,1
7,16130,0
7,16133,1
7,16134,1
7,16138,1
7,16141,0
7,16142,0
7,16144,1
7,16150,0
7,16151,1
7,16155,0
7,16156,0
7,16158,1
7,16161,0
7,16162,1
7,16163,1
7,16167,1
7,16171,1
7,16172,1
7,16175,0
7,16176,1
7,16177,0
7,16178,1
7,16181,0
7,16184,0
7,16186,0
7,16188,1
7,16189,1
7,16190,0
7,16198,1
7,16201,0
7,16203,1
7,16204,0
7,16207,0
7,16211,0
7,16214,1
7,16216,1
7,16219,1
7,16223,1
7,16227,1
7,16229,1
7,16230,0
7,16233,1
7,16234,0
7,16237,0
7,16237,1
7,16238,1
7,16239,0
7,16240,0
7,16241,1
7,16242,0
7,16243,0
7,16243,1
7,16244,0
7,16247,0
7,16247,1
7,16248,1
7,16252,0
7,16254,1
7,16255,1
7,16257,0
7,16259,1
7,16261,1
7,16262,0
7,16264,1
7,16266,1
7,16269,0
7,16269,1
7,16270,1
7,16274,1
7,16279,1
7,16287,0
7,16300,1
7,16301,0
7,16302,1
7,16305,0
7,16306,0
7,16306,1
7,16310,0
7,16313,1
7,16317,0
7,16318,1
7,16320,1
7,16321,0
7,16322,1
7,16323,0
7,16326,1
7,16328,1
7,16333,0
7,16338,0
7,16348,0
7,16354,1
7,16355,0
7,16360,0
7,16363,0
7,16367,0
7,16371,1
7,16374,0
7,16376,1
7,16377,1
7,16381,1
8,5,1
8,8,1
8,9,1
8,10,0
8,10,1
8,13,1
8,14,0
8,15,0
8,18,1
8,19,0
8,23,1
8,29,0
8,30,1
8,35,1
8,36,0
8,44,1
8,58,1
8,61,1
8,63,0
8,68,1
8,74,0
8,76,1
8,79,1
8,83,1
8,86,0
8,89,1
8,90,0
8,91,0
8,100,1
8,103,0
8,105,1
8,107,0
8,108,1
8,109,1
8,114,1
8,117,1
8,118,0
8,122,0
8,122,1
8,123,0
8,128,1
8,129,1
8,133,1
8,140,0
8,141,0
8,146,0
8,149,1
8,157,1
8,161,0
8,162,0
8,162,1
8,164,0
8,165,0
8,167,1
8,169,1
8,170,1
8,171,1
8,172,1
8,175,1
8,176,0
8,176,1
8,177,1
8,178,0
8,178,1
8,179,1
8,181,1
8,183,0
8,183,1
8,184,1
8,192,1
8,201,0
8,204,1
8,207,1
8,210,1
8,212,0
8,212,1
8,214,1
8,216,0
8,221,0
8,221,1
8,222,1
8,228,1
8,229,1
8,234,1
8,236,1
8,243,0
8,245,0
8,253,1
8,255,0
8,256,1
8,258,1
8,260,1
8,262,1
8,263,1
8,264,0
8,266,1
8,267,0
8,271,0
8,272,1
8,274,0
8,275,0
8,277,0
8,280,0
8,281,1
8,282,0
8,284,0
8,285,1
8,286,1
8,287,1
8,291,0
8,294,1
8,295,0
8,295,1
8,297,0
8,299,0
8,299,1
8,301,0
8,302,1
8,303,0
8,311,1
8,312,0
8,312,1
8,315,0
8,316,0
8,316,1
8,321,1
8,323,1
8,324,0
8,327,0
8,332,1
8,334,0
8,339,1
8,342,0
8,344,0
8,345,0
8,346,0
8,347,0
8,348,1
8,351,1
8,357,1
8,358,0
8,360,1
8,361,1
8,363,0
8,364,1
8,365,0
8,365,1
8,366,0
8,366,1
8,370,0
8,373,0
8,375,1
8,376,0
8,377,0
8,379,0
8,379,1
8,380,0
8,381,0
8,382,1
8,383,1
8,385,1
8,386,1
8,387,0
8,387,1
8,388,1
8,389,0
8,389,1
8,391,1
8,392,0
8,395,0
8,398,0
8,399,1
8,404,0
8,404,1
8,406,0
8,406,1
8,407,0
8,409,0
8,409,1
8,410,0
8,411,1
8,413,0
8,414,0
8,414,1
8,415,0
8,416,1
8,417,0
8,419,0
8,420,1
8,422,1
8,423,1
8,425,0
8,430,0
8,430,1
8,431,0
8,432,0
8,434,0
8,434,1
8,435,0
8,439,0
8,442,0
8,445,0
8,446,1
8,449,0
8,451,0
8,452,0
8,453,0
8,456,0
8,457,1
8,459,1
8,460,1
8,462,0
8,462,1
8,464,1
8,465,0
8,466,0
8,466,1
8,470,0
8,470,1
8,471,0
8,472,0
8,475,0
8,475,1
8,476,0
8,476,1
8,477,0
8,478,1
8,479,0
8,481,1
8,484,0
8,485,0
8,486,0
8,489,0
8,489,1
8,490,1
8,491,1
8,493,0
8,494,1
8,497,0
8,497,1
8,498,1
8,501,1
8,502,0
8,502,1
8,503,1
8,504,0
8,504,1
8,507,0
8,510,1
8,511,0
8,512,1
8,517,0
8,518,1
8,519,0
8,523,1
8,525,1
8,526,0
8,527,1
8,530,0
8,531,0
8,532,0
8,535,0
8,536,0
8,537,1
8,539,0
8,540,1
8,543,0
8,546,1
8,547,1
8,548,0
8,550,0
8,551,0
8,553,0
8,553,1
8,554,0
8,555,0
8,556,1
8,558,0
8,559,0
8,559,1
8,560,1
8,561,0
8,561,1
8,564,0
8,568,1
8,570,0
8,570,1
8,572,0
8,574,0
8,577,0
8,578,1
8,579,1
8,580,1
8,584,1
8,585,0
8,588,0
8,589,0
8,590,0
8,593,0
8,597,0
8,598,0
8,598,1
8,599,0
8,602,1
8,603,0
8,603,1
8,608,0
8,608,1
8,610,1
8,613,1
8,614,0
8,614,1
8,615,0
8,616,0
8,616,1
8,619,0
8,619,1
8,621,1
8,625,0
8,628,0
8,628,1
8,631,0
8,632,1
8,633,0
8,633,1
8,634,0
8,637,0
8,638,0
8,640,0
8,643,1
8,644,1
8,645,1
8,646,0
8,648,1
8,649,1
8,650,1
8,651,0
8,652,1
8,653,0
8,654,0
8,656,0
8,657,1
8,660,0
8,663,0
8,667,1
8,668,0
8,670,0
8,671,1
8,674,0
8,674,1
8,676,0
8,677,1
8,679,0
8,680,0
8,681,0
8,683,1
8,689,0
8,689,1
8,692,1
8,695,1
8,699,0
8,700,1
8,703,0
8,705,0
8,705,1
8,707,0
8,708,0
8,710,1
8,711,0
8,713,1
8,714,1
8,715,0
8,715,1
8,716,0
8,717,1
8,719,1
8,724,0
8,725,0
8,726,0
8,726,1
8,728,0
8,728,1
8,729,0
8,729,1
8,730,0
8,731,1
8,732,1
8,734,0
8,735,0
8,736,1
8,740,0
8,741,0
8,744,0
8,745,0
8,747,0
8,748,1
8,751,1
8,752,0
8,753,1
8,755,1
8,756,1
8,758,1
8,761,0
8,762,0
8,765,0
8,767,0
8,767,1
8,770,0
8,773,1
8,774,0
8,777,1
8,778,0
8,779,1
8,780,0
8,781,0
8,783,0
8,784,0
8,788,0
8,790,0
8,790,1
8,794,1
8,799,0
8,800,1
8,803,0
8,803,1
8,804,1
8,806,1
8,808,0
8,811,1
8,812,0
8,813,0
8,815,1
8,817,0
8,818,0
8,821,1
8,823,0
8,824,0
8,832,1
8,836,0
8,838,1
8,841,1
8,843,0
8,843,1
8,845,0
8,846,1
8,848,0
8,849,1
8,850,1
8,851,1
8,854,1
8,859,1
8,860,1
8,862,0
8,865,0
8,867,1
8,869,1
8,870,0
8,870,1
8,871,1
8,873,0
8,874,0
8,875,0
8,876,1
8,877,1
8,878,1
8,879,0
8,879,1
8,881,0
8,882,1
8,884,0
8,884,1
8,885,0
8,885,1
8,886,0
8,888,1
8,889,1
8,890,0
8,892,0
8,892,1
8,894,0
8,894,1
8,895,0
8,895,1
8,896,0
8,900,0
8,904,1
8,906,0
8,906,1
8,909,0
8,909,1
8,910,1
8,912,1
8,913,1
8,914,1
8,916,0
8,916,1
8,918,0
8,919,1
8,920,0
8,920,1
8,922,1
8,923,0
8,925,1
8,926,1
8,927,0
8,927,1
8,929,1
8,931,0
8,933,0
8,935,0
8,937,0
8,943,0
8,947,0
8,948,0
8,952,1
8,953,0
8,954,0
8,957,1
8,958,1
8,960,1
8,961,0
8,963,1
8,964,0
8,966,0
8,967,0
8,969,1
8,970,0
8,970,1
8,971,1
8,974,1
8,975,1
8,976,0
8,976,1
8,977,0
8,977,1
8,980,0
8,981,0
8,982,0
8,985,1
8,987,1
8,988,0
8,988,1
8,990,1
8,991,0
8,992,1
8,993,0
8,993,1
8,994,0
8,994,1
8,995,1
8,996,0
8,996,1
8,999,0
8,1000,1
8,1004,0
8,1008,1
8,1010,1
8,1012,0
8,1013,0
8,1013,1
8,1014,1
8,1015,0
8,1018,0
8,1019,1
8,1020,1
8,1021,1
8,1022,0
8,1027,1
8,1028,0
8,1031,1
8,1032,1
8,1033,0
8,1034,0
8,1036,0
8,1038,0
8,1039,0
8,1040,0
8,1044,1
8,1045,0
8,1062,0
8,1062,1
8,1064,1
8,1067,1
8,1071,0
8,1071,1
8,1072,1
8,1079,0
8,1082,1
8,1086,0
8,1087,1
8,1091,1
8,1095,1
8,1097,0
8,1100,0
8,1102,1
8,1103,0
8,1103,1
8,1105,0
8,1105,1
8,1119,1
8,1123,0
8,1124,1
8,1125,1
8,1127,0
8,1129,0
8,1130,0
8,1135,1
8,1140,0
8,1140,1
8,1142,1
8,1143,1
8,1151,1
8,1152,1
8,1158,1
8,1163,0
8,1165,0
8,1168,0
8,1173,0
8,1177,0
8,1177,1
8,1179,0
8,1183,0
8,1184,1
8,1187,1
8,1190,0
8,1197,1
8,1202,0
8,1203,1
8,1204,1
8,1205,0
8,1207,1
8,1211,1
8,1215,0
8,1216,0
8,1217,1
8,1220,1
8,1221,0
8,1226,0
8,1226,1
8,1227,0
8,1229,0
8,1231,0
8,1232,0
8,1236,0
8,1237,1
8,1239,1
8,1241,1
8,1244,0
8,1244,1
8,1246,0
8,1252,1
8,1254,1
8,1255,1
8,1257,0
8,1257,1
8,1259,0
8,1260,1
8,1261,1
8,1263,0
8,1263,1
8,1265,1
8,1273,0
8,1273,1
8,1274,1
8,1277,1
8,1278,1
8,1286,0
8,1286,1
8,1289,1
8,1290,1
8,1291,1
8,1294,1
8,1295,1
8,1297,1
8,1298,1
8,1299,1
8,1300,0
8,1302,0
8,1304,0
8,1304,1
8,1309,0
8,1309,1
8,1310,0
8,1314,1
8,1317,1
8,1318,0
8,1320,1
8,1322,1
8,1324,1
8,1325,0
8,1331,1
8,1333,1
8,1336,1
8,1337,0
8,1341,0
8,1342,0
8,1346,1
8,1358,1
8,1361,1
8,1370,0
8,1372,0
8,1377,1
8,1379,0
8,1382,1
8,1384,1
8,1387,1
8,1389,1
8,1392,0
8,1392,1
8,1394,0
8,1399,0
8,1400,0
8,1402,0
8,1405,0
8,1405,1
8,1407,0
8,1408,0
8,1412,1
8,1418,0
8,1421,0
8,1423,1
8,1425,1
8,1426,0
8,1426,1
8,1427,0
8,1427,1
8,1428,0
8,1429,0
8,1430,0
8,1430,1
8,1433,1
8,1434,0
8,1437,1
8,1443,1
8,1444,1
8,1452,0
8,1468,1
8,1472,0
8,1472,1
8,1477,1
8,1482,1
8,1485,0
8,1487,1
8,1490,0
8,1496,0
8,1499,1
8,1500,1
8,1503,1
8,1505,0
8,1506,1
8,1508,0
8,1508,1
8,1513,0
8,1513,1
8,1514,0
8,1519,0
8,1519,1
8,1524,0
8,1525,0
8,1526,0
8,1529,1
8,1530,0
8,1531,1
8,1536,1
8,1537,1
8,1549,0
8,1551,1
8,1554,0
8,1554,1
8,1559,0
8,1559,1
8,1560,0
8,1562,0
8,1563,0
8,1564,0
8,1564,1
8,1565,1
8,1568,1
8,1569,0
8,1569,1
8,1574,0
8,1574,1
8,1576,1
8,1580,1
8,1583,0
8,1584,1
8,1587,1
8,1592,1
8,1593,0
8,1597,0
8,1600,0
8,1604,1
8,1607,0
8,1624,0
8,1625,0
8,1632,0
8,1632,1
8,1633,1
8,1634,0
8,1635,0
8,1637,0
8,1637,1
8,1639,0
8,1640,1
8,1645,0
8,1646,1
8,1651,1
8,1656,0
8,1657,0
8,1661,0
8,1666,1
8,1668,0
8,1669,1
8,1670,1
8,1671,1
8,1672,0
8,1674,0
8,1674,1
8,1677,0
8,1677,1
8,1678,1
8,1679,1
8,1687,0
8,1694,0
8,1696,1
8,1701,0
8,1701,1
8,1707,0
8,1709,0
8,1713,0
8,1713,1
8,1714,1
8,1718,0
8,1718,1
8,1719,0
8,1720,1
8,1723,1
8,1725,0
8,1730,0
8,1730,1
8,1732,0
8,1734,0
8,1735,0
8,1737,0
8,1737,1
8,1738,0
8,1739,0
8,1739,1
8,1742,0
8,1742,1
8,1743,0
8,1744,0
8,1747,1
8,1748,1
8,1750,0
8,1752,0
8,1752,1
8,1753,0
8,1755,1
8,1757,0
8,1763,0
8,1766,1
8,1768,0
8,1772,0
8,1773,0
8,1775,0
8,1775,1
8,1777,0
8,1778,1
8,1779,1
8,1784,0
8,1784,1
8,1787,0
8,1789,1
8,1792,0
8,1797,1
8,1798,0
8,1798,1
8,1799,1
8,1802,0
8,1803,1
8,1804,0
8,1804,1
8,1807,0
8,1808,1
8,1812,0
8,1814,1
8,1815,0
8,1819,0
8,1819,1
8,1824,0
8,1825,1
8,1830,1
8,1831,1
8,1834,0
8,1835,1
8,1838,1
8,1839,0
8,1840,0
8,1840,1
8,1845,0
8,1848,1
8,1854,0
8,1855,1
8,1859,0
8,1877,0
8,1878,1
8,1880,0
8,1882,0
8,1884,0
8,1885,0
8,1887,1
8,1888,1
8,1889,0
8,1890,0
8,1892,0
8,1893,0
8,1894,1
8,1895,1
8,1898,0
8,1902,0
8,1908,0
8,1912,1
8,1920,0
8,1921,1
8,1930,0
8,1938,0
8,1943,1
8,1946,1
8,1949,0
8,1949,1
8,1951,0
8,1964,1
8,1965,1
8,1967,1
8,1972,0
8,1972,1
8,1973,0
8,1975,1
8,1976,0
8,1978,0
8,1978,1
8,1980,1
8,1981,0
8,1981,1
8,1983,0
8,1986,0
8,1986,1
8,1988,1
8,1991,0
8,2001,0
8,2004,1
8,2005,1
8,2010,0
8,2013,1
8,2015,0
8,2015,1
8,2020,1
8,2021,0
8,2023,0
8,2026,0
8,2026,1
8,2027,0
8,2028,0
8,2031,0
8,2036,0
8,2042,0
8,2045,1
8,2050,1
8,2054,1
8,2055,0
8,2060,0
8,2063,1
8,2064,0
8,2065,1
8,2068,1
8,2070,1
8,2075,0
8,2083,0
8,2084,1
8,2089,0
8,2098,1
8,2104,0
8,2108,1
8,2109,1
8,2112,1
8,2113,0
8,2114,1
8,2115,0
8,2117,0
8,2118,0
8,2119,0
8,2119,1
8,2120,1
8,2121,1
8,2123,0
8,2123,1
8,2124,0
8,2124,1
8,2125,0
8,2125,1
8,2126,1
8,2128,0
8,2129,1
8,2130,1
8,2133,0
8,2136,0
8,2138,1
8,2139,1
8,2140,1
8,2141,1
8,2145,1
8,2148,0
8,2150,1
8,2153,0
8,2157,0
8,2158,1
8,2162,1
8,2163,0
8,2163,1
8,2164,0
8,2166,0
8,2167,0
8,2168,1
8,2169,0
8,2169,1
8,2170,1
8,2174,1
8,2180,0
8,2190,0
8,2192,0
8,2192,1
8,2195,0
8,2197,0
8,2197,1
8,2201,1
8,2202,0
8,2205,1
8,2206,0
8,2210,1
8,2211,1
8,2216,1
8,2227,0
8,2232,0
8,2233,0
8,2235,1
8,2241,0
8,2249,0
8,2250,0
8,2252,0
8,2255,0
8,2260,0
8,2268,0
8,2271,1
8,2273,0
8,2278,1
8,2284,1
8,2285,0
8,2286,0
8,2289,0
8,2290,1
8,2292,0
8,2295,0
8,2298,0
8,2300,0
8,2305,0
8,2310,0
8,2315,0
8,2316,1
8,2317,1
8,2326,0
8,2329,1
8,2330,1
8,2332,1
8,2333,1
8,2338,1
8,2339,0
8,2340,1
8,2343,1
8,2347,1
8,2348,1
8,2349,0
8,2349,1
8,2353,1
8,2354,1
8,2355,1
8,2357,1
8,2360,1
8,2363,1
8,2369,1
8,2370,1
8,2372,0
8,2375,0
8,2375,1
8,2377,1
8,2379,0
8,2388,0
8,2389,1
8,2391,0
8,2393,1
8,2396,0
8,2396,1
8,2397,1
8,2398,1
8,2401,0
8,2402,0
8,2405,1
8,2406,0
8,2411,0
8,2414,1
8,2417,0
8,2420,1
8,2421,0
8,2422,0
8,2427,0
8,2430,1
8,2435,1
8,2439,0
8,2441,1
8,2442,1
8,2446,0
8,2452,0
8,2452,1
8,2454,0
8,2454,1
8,2462,1
8,2466,1
8,2470,0
8,2471,1
8,2476,0
8,2478,1
8,2483,0
8,2486,1
8,2487,0
8,2491,0
8,2492,1
8,2493,0
8,2495,1
8,2497,0
8,2504,0
8,2504,1
8,2505,0
8,2506,0
8,2510,0
8,2511,1
8,2512,1
8,2513,1
8,2514,0
8,2518,1
8,2519,1
8,2523,0
8,2524,0
8,2524,1
8,2525,1
8,2536,0
8,2539,1
8,2541,0
8,2546,0
8,2546,1
8,2550,0
8,2552,1
8,2556,1
8,2558,1
8,2560,1
8,2563,0
8,2564,0
8,2565,1
8,2567,1
8,2570,0
8,2571,0
8,2573,0
8,2578,0
8,2580,1
8,2581,1
8,2582,0
8,2586,0
8,2589,0
8,2592,1
8,2593,0
8,2594,0
8,2596,0
8,2597,1
8,2598,0
8,2600,0
8,2603,0
8,2604,0
8,2609,1
8,2610,0
8,2616,0
8,2618,0
8,2622,0
8,2622,1
8,2623,0
8,2624,0
8,2628,1
8,2629,1
8,2631,0
8,2632,1
8,2640,0
8,2644,1
8,2645,0
8,2647,1
8,2648,1
8,2649,0
8,2650,0
8,2652,0
8,2653,0
8,2661,1
8,2662,0
8,2664,0
8,2665,1
8,2667,0
8,2668,1
8,2669,0
8,2672,1
8,2674,1
8,2676,1
8,2680,0
8,2680,1
8,2681,0
8,2684,0
8,2685,0
8,2686,0
8,2688,0
8,2688,1
8,2691,1
8,2696,1
8,2699,0
8,2700,0
8,2701,0
8,2706,0
8,2706,1
8,2707,1
8,2708,1
8,2709,0
8,2711,0
8,2711,1
8,2713,0
8,2715,1
8,2724,1
8,2726,0
8,2727,0
8,2729,1
8,2732,0
8,2734,0
8,2736,0
8,2736,1
8,2742,0
8,2749,1
8,2750,0
8,2751,0
8,2755,1
8,2758,0
8,2760,0
8,2760,1
8,2763,0
8,2763,1
8,2764,0
8,2766,1
8,2769,0
8,2770,1
8,2771,1
8,2772,1
8,2774,1
8,2775,1
8,2777,1
8,2780,0
8,2781,0
8,2783,0
8,2785,0
8,2786,1
8,2793,0
8,2795,1
8,2796,1
8,2800,0
8,2801,1
8,2803,0
8,2806,1
8,2807,0
8,2807,1
8,2818,1
8,2819,0
8,2821,1
8,2822,0
8,2826,1
8,2828,0
8,2828,1
8,2831,0
8,2835,0
8,2837,1
8,2838,1
8,2846,0
8,2848,1
8,2850,0
8,2856,1
8,2858,1
8,2859,0
8,2861,1
8,2862,1
8,2865,1
8,2873,0
8,2874,0
8,2875,0
8,2878,0
8,2879,1
8,2882,1
8,2884,0
8,2886,0
8,2887,0
8,2894,0
8,2894,1
8,2905,1
8,2908,1
8,2913,1
8,2917,0
8,2918,1
8,2920,1
8,2923,1
8,2929,0
8,2930,0
8,2940,1
8,2941,1
8,2945,0
8,2953,1
8,2957,0
8,2960,0
8,2961,0
8,2962,0
8,2967,0
8,2972,1
8,2974,0
8,2976,0
8,2977,1
8,2983,1
8,2984,1
8,2995,0
8,2996,1
8,2999,1
8,3002,1
8,3006,0
8,3007,1
8,3009,0
8,3009,1
8,3010,0
8,3012,1
8,3015,1
8,3016,0
8,3020,0
8,3020,1
8,3021,0
8,3023,0
8,3027,1
8,3028,1
8,3031,1
8,3035,0
8,3037,1
8,3039,0
8,3044,0
8,3045,0
8,3046,0
8,3049,1
8,3052,1
8,3054,1
8,3055,0
8,3056,0
8,3058,1
8,3060,0
8,3064,1
8,3066,0
8,3068,0
8,3071,0
8,3073,1
8,3074,0
8,3077,0
8,3079,1
8,3088,0
8,3090,0
8,3090,1
8,3091,1
8,3092,1
8,3094,0
8,3097,1
8,3102,0
8,3102,1
8,3106,1
8,3107,0
8,3109,0
8,3113,1
8,3114,0
8,3114,1
8,3115,0
8,3117,1
8,3120,1
8,3129,0
8,3131,0
8,3132,0
8,3133,0
8,3134,0
8,3136,1
8,3137,1
8,3141,0
8,3142,1
8,3146,1
8,3149,0
8,3150,1
8,3151,1
8,3153,1
8,3154,0
8,3154,1
8,3169,1
8,3170,1
8,3171,1
8,3175,0
8,3180,1
8,3181,1
8,3185,0
8,3186,0
8,3189,1
8,3195,1
8,3198,1
8,3201,1
8,3202,1
8,3203,1
8,3206,0
8,3206,1
8,3209,1
8,3210,1
8,3211,1
8,3212,0
8,3212,1
8,3215,0
8,3216,0
8,3217,1
8,3221,0
8,3221,1
8,3222,1
8,3224,0
8,3224,1
8,3230,1
8,3240,1
8,3243,0
8,3247,1
8,3248,1
8,3253,0
8,3254,1
8,3255,0
8,3257,1
8,3259,0
8,3260,0
8,3262,1
8,3263,0
8,3265,1
8,3268,1
8,3269,1
8,3273,0
8,3274,1
8,3279,1
8,3280,1
8,3283,0
8,3286,0
8,3288,0
8,3291,1
8,3294,0
8,3297,0
8,3307,1
8,3309,1
8,3310,0
8,3311,0
8,3314,0
8,3314,1
8,3316,0
8,3317,0
8,3317,1
8,3318,0
8,3319,0
8,3321,1
8,3330,1
8,3334,0
8,3336,1
8,3338,1
8,3341,0
8,3343,1
8,3345,1
8,3346,0
8,3346,1
8,3351,1
8,3352,0
8,3359,1
8,3360,1
8,3361,1
8,3363,0
8,3366,1
8,3371,0
8,3371,1
8,3372,1
8,3373,0
8,3376,0
8,3387,1
8,3391,1
8,3394,1
8,3395,1
8,3396,1
8,3399,0
8,3400,0
8,3400,1
8,3401,1
8,3404,1
8,3405,1
8,3406,1
8,3410,0
8,3410,1
8,3411,1
8,3416,0
8,3418,1
8,3419,0
8,3419,1
8,3420,0
8,3422,0
8,3423,0
8,3424,1
8,3430,1
8,3432,0
8,3432,1
8,3439,1
8,3446,1
8,3449,1
8,3452,1
8,3453,0
8,3454,1
8,3457,0
8,3459,0
8,3460,1
8,3461,1
8,3464,1
8,3465,1
8,3468,0
8,3469,1
8,3471,1
8,3476,1
8,3478,1
8,3479,0
8,3485,1
8,3490,0
8,3491,0
8,3493,0
8,3495,0
8,3497,0
8,3498,0
8,3498,1
8,3499,1
8,3500,0
8,3501,1
8,3504,0
8,3506,1
8,3507,0
8,3507,1
8,3509,1
8,3512,0
8,3515,0
8,3518,0
8,3523,1
8,3524,0
8,3524,1
8,3525,0
8,3529,0
8,3530,1
8,3531,1
8,3532,1
8,3533,0
8,3534,0
8,3535,0
8,3537,0
8,3540,0
8,3542,0
8,3545,0
8,3546,0
8,3547,0
8,3547,1
8,3556,1
8,3557,0
8,3560,0
8,3562,1
8,3564,1
8,3565,1
8,3568,1
8,3572,1
8,3574,1
8,3575,0
8,3578,1
8,3579,1
8,3582,1
8,3583,1
8,3585,0
8,3587,0
8,3587,1
8,3591,0
8,3594,0
8,3599,1
8,3602,1
8,3604,1
8,3606,1
8,3609,0
8,3616,0
8,3620,0
8,3620,1
8,3621,1
8,3625,0
8,3628,1
8,3630,0
8,3631,1
8,3633,1
8,3634,1
8,3635,0
8,3635,1
8,3636,1
8,3639,1
8,3641,1
8,3648,1
8,3651,1
8,3654,0
8,3656,0
8,3657,0
8,3658,1
8,3663,0
8,3664,0
8,3667,1
8,3669,0
8,3671,1
8,3674,0
8,3677,0
8,3677,1
8,3680,0
8,3686,1
8,3691,1
8,3692,0
8,3693,0
8,3695,1
8,3696,1
8,3703,0
8,3708,0
8,3709,0
8,3710,0
8,3710,1
8,3722,1
8,3723,1
8,3724,1
8,3729,0
8,3730,0
8,3731,0
8,3732,1
8,3733,1
8,3735,1
8,3736,0
8,3737,0
8,3738,1
8,3740,1
8,3741,0
8,3741,1
8,3742,1
8,3747,0
8,3748,0
8,3750,0
8,3753,1
8,3755,1
8,3758,0
8,3758,1
8,3761,0
8,3761,1
8,3765,0
8,3766,0
8,3772,1
8,3777,1
8,3780,0
8,3781,0
8,3782,1
8,3785,1
8,3790,0
8,3791,1
8,3793,1
8,3794,0
8,3795,0
8,3796,0
8,3796,1
8,3798,1
8,3801,1
8,3806,1
8,3807,0
8,3812,1
8,3813,1
8,3815,1
8,3816,1
8,3817,0
8,3818,0
8,3819,1
8,3822,0
8,3822,1
8,3823,0
8,3826,0
8,3827,1
8,3828,1
8,3829,0
8,3831,1
8,3832,0
8,3833,1
8,3834,0
8,3834,1
8,3837,0
8,3845,0
8,3847,1
8,3849,0
8,3854,0
8,3854,1
8,3855,1
8,3856,1
8,3857,1
8,3862,0
8,3862,1
8,3863,1
8,3867,0
8,3868,0
8,3868,1
8,3869,0
8,3870,1
8,3874,1
8,3876,1
8,3879,1
8,3882,0
8,3888,0
8,3892,1
8,3894,0
8,3894,1
8,3895,1
8,3898,0
8,3899,0
8,3904,1
8,3905,1
8,3908,0
8,3911,0
8,3913,1
8,3916,0
8,3918,0
8,3918,1
8,3921,1
8,3924,0
8,3926,1
8,3933,0
8,3933,1
8,3934,0
8,3941,1
8,3951,1
8,3954,1
8,3955,1
8,3958,0
8,3962,1
8,3967,0
8,3968,1
8,3970,0
8,3971,0
8,3972,0
8,3972,1
8,3973,0
8,3977,0
8,3982,0
8,3984,1
8,3987,0
8,3991,0
8,3991,1
8,3994,0
8,4000,0
8,4004,1
8,4005,0
8,4009,0
8,4009,1
8,4010,0
8,4011,0
8,4012,1
8,4018,1
8,4024,1
8,4027,0
8,4039,0
8,4046,0
8,4048,0
8,4048,1
8,4049,0
8,4052,0
8,4053,0
8,4054,0
8,4057,0
8,4059,1
8,4064,0
8,4068,0
8,4068,1
8,4070,1
8,4075,0
8,4078,1
8,4079,0
8,4085,0
8,4086,1
8,4087,0
8,4087,1
8,4088,1
8,4090,0
8,4090,1
8,4099,0
8,4105,0
8,4109,1
8,4112,1
8,4114,0
8,4114,1
8,4117,1
8,4118,1
8,4122,1
8,4123,0
8,4123,1
8,4124,1
8,4125,1
8,4127,0
8,4128,0
8,4129,1
8,4130,0
8,4133,0
8,4134,0
8,4144,1
8,4148,1
8,4152,0
8,4154,1
8,4158,0
8,4166,0
8,4173,1
8,4176,0
8,4178,1
8,4181,0
8,4183,1
8,4184,0
8,4186,0
8,4188,0
8,4190,0
8,4191,1
8,4193,1
8,4200,0
8,4202,0
8,4208,1
8,4210,0
8,4214,1
8,4218,0
8,4219,1
8,4228,0
8,4229,0
8,4233,1
8,4234,1
8,4236,1
8,4239,1
8,4241,0
8,4242,0
8,4244,1
8,4249,0
8,4253,1
8,4259,0
8,4261,1
8,4262,0
8,4265,0
8,4266,0
8,4269,0
8,4269,1
8,4270,1
8,4271,1
8,4278,0
8,4283,1
8,4289,1
8,4290,1
8,4291,1
8,4293,1
8,4296,1
8,4299,0
8,4300,1
8,4304,1
8,4305,0
8,4310,1
8,4312,1
8,4315,0
8,4317,0
8,4324,0
8,4326,1
8,4328,0
8,4328,1
8,4330,1
8,4331,1
8,4333,1
8,4341,1
8,4342,0
8,4344,0
8,4346,1
8,4347,1
8,4351,1
8,4355,0
8,4355,1
8,4356,0
8,4357,1
8,4358,0
8,4359,1
8,4360,0
8,4364,1
8,4365,0
8,4369,1
8,4373,0
8,4385,0
8,4387,1
8,4388,0
8,4390,0
8,4390,1
8,4391,0
8,4391,1
8,4392,1
8,4393,1
8,4394,1
8,4395,0
8,4397,0
8,4398,0
8,4402,1
8,4403,0
8,4403,1
8,4405,1
8,4408,0
8,4411,1
8,4412,0
8,4414,1
8,4415,0
8,4416,1
8,4417,0
8,4417,1
8,4418,0
8,4419,1
8,4420,0
8,4422,1
8,4423,0
8,4423,1
8,4425,0
8,4426,0
8,4429,1
8,4430,0
8,4433,1
8,4434,1
8,4437,0
8,4439,1
8,4440,1
8,4442,0
8,4445,1
8,4448,0
8,4448,1
8,4449,1
8,4450,1
8,4451,0
8,4453,0
8,4453,1
8,4454,0
8,4457,1
8,4459,0
8,4462,1
8,4463,1
8,4464,0
8,4467,0
8,4471,0
8,4471,1
8,4477,1
8,4478,1
8,4481,0
8,4482,1
8,4486,0
8,4487,0
8,4489,0
8,4490,0
8,4492,1
8,4493,0
8,4495,1
8,4496,0
8,4499,0
8,4501,1
8,4502,1
8,4503,1
8,4504,1
8,4505,0
8,4506,0
8,4507,1
8,4508,0
8,4508,1
8,4509,0
8,4509,1
8,4511,0
8,4512,1
8,4513,0
8,4514,0
8,4514,1
8,4515,0
8,4516,0
8,4517,1
8,4519,1
8,4520,1
8,4522,1
8,4523,1
8,4525,0
8,4526,1
8,4527,1
8,4528,1
8,4533,1
8,4534,0
8,4534,1
8,4535,1
8,4537,1
8,4538,0
8,4538,1
8,4539,0
8,4540,0
8,4542,0
8,4543,1
8,4545,0
8,4545,1
8,4546,0
8,4547,1
8,4549,1
8,4550,1
8,4551,0
8,4553,1
8,4554,0
8,4555,1
8,4558,1
8,4561,1
8,4563,1
8,4564,1
8,4567,1
8,4568,0
8,4568,1
8,4571,0
8,4571,1
8,4572,0
8,4572,1
8,4573,0
8,4575,1
8,4576,1
8,4577,1
8,4578,0
8,4579,1
8,4580,0
8,4581,1
8,4582,1
8,4583,0
8,4583,1
8,4584,0
8,4586,0
8,4588,1
8,4591,0
8,4592,1
8,4593,0
8,4593,1
8,4594,0
8,4594,1
8,4595,0
8,4595,1
8,4596,0
8,4596,1
8,4597,1
8,4598,0
8,4598,1
8,4599,0
8,4600,0
8,4601,1
8,4602,1
8,4603,0
8,4603,1
8,4604,0
8,4605,1
8,4606,1
8,4607,1
8,4608,0
8,4609,0
8,4613,0
8,4616,1
8,4617,0
8,4619,0
8,4622,0
8,4623,0
8,4625,0
8,4625,1
8,4629,0
8,4629,1
8,4630,0
8,4634,0
8,4634,1
8,4635,0
8,4637,1
8,4638,0
8,4639,0
8,4641,0
8,4646,0
8,4647,1
8,4648,1
8,4649,1
8,4650,0
8,4651,0
8,4654,0
8,4655,0
8,4655,1
8,4657,0
8,4660,0
8,4661,1
8,4662,0
8,4663,1
8,4664,1
8,4665,0
8,4665,1
8,4666,0
8,4667,0
8,4668,0
8,4669,0
8,4670,0
8,4670,1
8,4671,0
8,4674,0
8,4674,1
8,4675,0
8,4676,0
8,4677,0
8,4679,0
8,4681,0
8,4683,1
8,4684,0
8,4685,0
8,4686,0
8,4687,1
8,4689,1
8,4690,0
8,4691,1
8,4697,1
8,4698,0
8,4699,1
8,4701,0
8,4703,0
8,4704,0
8,4706,0
8,4709,1
8,4710,0
8,4710,1
8,4713,0
8,4713,1
8,4714,0
8,4716,0
8,4721,0
8,4721,1
8,4724,0
8,4726,0
8,4727,0
8,4729,1
8,4730,1
8,4731,0
8,4731,1
8,4732,0
8,4733,0
8,4734,0
8,4735,0
8,4736,1
8,4738,1
8,4739,0
8,4739,1
8,4740,0
8,4741,1
8,4742,0
8,4743,1
8,4747,1
8,4748,1
8,4749,0
8,4750,0
8,4750,1
8,4752,0
8,4753,0
8,4754,1
8,4757,1
8,4759,1
8,4761,0
8,4761,1
8,4762,1
8,4764,0
8,4764,1
8,4769,0
8,4769,1
8,4770,0
8,4770,1
8,4771,0
8,4772,1
8,4774,0
8,4775,1
8,4776,0
8,4776,1
8,4778,0
8,4781,0
8,4781,1
8,4782,0
8,4785,0
8,4785,1
8,4786,0
8,4788,1
8,4789,0
8,4791,0
8,4794,1
8,4796,0
8,4798,1
8,4799,0
8,4801,0
8,4803,1
8,4805,1
8,4806,0
8,4807,1
8,4808,1
8,4811,0
8,4811,1
8,4812,1
8,4813,0
8,4813,1
8,4814,1
8,4816,1
8,4817,0
8,4817,1
8,4818,1
8,4819,1
8,4821,0
8,4821,1
8,4822,0
8,4823,1
8,4824,0
8,4824,1
8,4826,0
8,4827,0
8,4828,0
8,4831,0
8,4831,1
8,4832,1
8,4835,1
8,4836,0
8,4836,1
8,4839,0
8,4839,1
8,4840,1
8,4841,0
8,4842,0
8,4842,1
8,4843,1
8,4844,1
8,4846,1
8,4847,1
8,4848,0
8,4851,0
8,4852,1
8,4853,1
8,4858,0
8,4858,1
8,4860,0
8,4860,1
8,4863,0
8,4866,0
8,4868,0
8,4869,0
8,4872,1
8,4873,0
8,4873,1
8,4875,0
8,4877,1
8,4878,1
8,4879,0
8,4881,0
8,4886,0
8,4886,1
8,4887,0
8,4887,1
8,4888,0
8,4888,1
8,4891,0
8,4894,1
8,4895,1
8,4896,0
8,4898,1
8,4900,1
8,4901,1
8,4903,0
8,4903,1
8,4906,1
8,4909,0
8,4909,1
8,4910,0
8,4913,1
8,4919,0
8,4921,0
8,4922,1
8,4923,0
8,4923,1
8,4925,1
8,4927,0
8,4928,1
8,4929,1
8,4931,1
8,4936,1
8,4937,0
8,4938,0
8,4939,1
8,4941,0
8,4942,0
8,4943,0
8,4945,1
8,4947,0
8,4948,0
8,4952,0
8,4955,0
8,4956,0
8,4956,1
8,4957,1
8,4959,0
8,4959,1
8,4962,0
8,4964,0
8,4965,1
8,4968,1
8,4969,1
8,4970,0
8,4973,1
8,4976,0
8,4977,0
8,4981,1
8,4984,1
8,4987,0
8,4989,0
8,4990,0
8,4994,1
8,4999,1
8,5001,1
8,5002,1
8,5003,0
8,5007,0
8,5008,1
8,5009,0
8,5012,0
8,5017,0
8,5018,0
8,5019,0
8,5020,1
8,5021,0
8,5022,0
8,5022,1
8,5024,0
8,5025,0
8,5027,1
8,5029,0
8,5029,1
8,5030,0
8,5034,0
8,5034,1
8,5035,0
8,5038,0
8,5039,0
8,5040,1
8,5043,1
8,5046,0
8,5047,0
8,5048,0
8,5049,0
8,5049,1
8,5054,0
8,5058,0
8,5059,0
8,5062,0
8,5065,1
8,5066,1
8,5067,0
8,5068,0
8,5069,1
8,5071,0
8,5072,1
8,5073,0
8,5075,0
8,5077,0
8,5079,0
8,5082,1
8,5084,1
8,5086,0
8,5089,0
8,5095,0
8,5099,0
8,5103,1
8,5104,0
8,5104,1
8,5106,1
8,5108,0
8,5109,1
8,5111,0
8,5112,0
8,5112,1
8,5118,0
8,5119,1
8,5120,0
8,5121,0
8,5122,0
8,5124,0
8,5124,1
8,5125,0
8,5128,1
8,5130,0
8,5131,1
8,5132,1
8,5133,0
8,5133,1
8,5135,0
8,5139,1
8,5140,0
8,5140,1
8,5141,1
8,5143,0
8,5146,0
8,5146,1
8,5147,1
8,5151,0
8,5153,0
8,5156,0
8,5158,1
8,5161,0
8,5162,0
8,5164,0
8,5165,0
8,5165,1
8,5167,1
8,5168,0
8,5169,0
8,5170,0
8,5171,1
8,5172,0
8,5173,0
8,5176,1
8,5182,1
8,5186,0
8,5186,1
8,5189,1
8,5190,1
8,5191,1
8,5193,1
8,5194,1
8,5196,0
8,5196,1
8,5204,0
8,5205,0
8,5207,1
8,5211,0
8,5211,1
8,5213,0
8,5213,1
8,5216,0
8,5219,0
8,5223,1
8,5225,0
8,5226,1
8,5228,0
8,5231,1
8,5232,0
8,5234,0
8,5234,1
8,5235,0
8,5239,1
8,5240,0
8,5242,1
8,5245,0
8,5247,0
8,5247,1
8,5249,1
8,5250,1
8,5254,0
8,5256,0
8,5257,1
8,5259,0
8,5260,1
8,5261,0
8,5262,0
8,5262,1
8,5265,0
8,5265,1
8,5267,0
8,5269,0
8,5271,0
8,5272,0
8,5273,1
8,5279,1
8,5280,0
8,5283,0
8,5283,1
8,5286,0
8,5287,0
8,5287,1
8,5288,1
8,5291,0
8,5292,0
8,5293,0
8,5294,1
8,5295,1
8,5299,1
8,5300,1
8,5304,1
8,5308,0
8,5310,1
8,5311,1
8,5314,0
8,5315,0
8,5316,0
8,5317,0
8,5317,1
8,5324,0
8,5325,1
8,5327,1
8,5328,1
8,5330,0
8,5332,1
8,5333,0
8,5333,1
8,5335,0
8,5336,1
8,5339,1
8,5340,0
8,5342,0
8,5344,0
8,5346,0
8,5347,1
8,5348,0
8,5348,1
8,5351,0
8,5352,0
8,5352,1
8,5355,0
8,5358,0
8,5359,1
8,5362,1
8,5365,1
8,5367,0
8,5367,1
8,5368,1
8,5369,0
8,5369,1
8,5372,0
8,5376,1
8,5378,0
8,5380,0
8,5380,1
8,5383,1
8,5385,0
8,5390,0
8,5392,0
8,5395,0
8,5397,0
8,5398,0
8,5400,0
8,5402,0
8,5403,0
8,5405,1
8,5409,1
8,5411,1
8,5412,1
8,5413,0
8,5414,1
8,5417,1
8,5418,1
8,5420,1
8,5421,0
8,5422,0
8,5423,0
8,5425,1
8,5441,0
8,5445,0
8,5446,0
8,5447,0
8,5448,0
8,5449,0
8,5450,0
8,5454,0
8,5455,0
8,5455,1
8,5460,0
8,5460,1
8,5470,0
8,5472,1
8,5480,0
8,5482,1
8,5484,0
8,5485,1
8,5486,0
8,5488,1
8,5491,0
8,5491,1
8,5496,1
8,5501,0
8,5514,1
8,5515,0
8,5515,1
8,5517,1
8,5518,1
8,5520,1
8,5522,0
8,5525,0
8,5527,0
8,5534,1
8,5538,1
8,5545,0
8,5547,0
8,5550,1
8,5551,0
8,5551,1
8,5552,0
8,5554,1
8,5555,0
8,5556,0
8,5557,1
8,5559,1
8,5562,1
8,5563,0
8,5567,0
8,5567,1
8,5568,1
8,5570,0
8,5572,0
8,5572,1
8,5573,1
8,5574,0
8,5576,0
8,5580,1
8,5584,0
8,5595,0
8,5597,1
8,5598,1
8,5600,0
8,5601,1
8,5602,1
8,5603,0
8,5605,1
8,5608,1
8,5609,1
8,5611,0
8,5612,1
8,5613,1
8,5614,1
8,5615,1
8,5618,0
8,5618,1
8,5622,0
8,5623,0
8,5623,1
8,5624,0
8,5624,1
8,5628,0
8,5640,0
8,5641,1
8,5642,0
8,5651,1
8,5654,0
8,5654,1
8,5657,0
8,5659,0
8,5662,1
8,5663,1
8,5664,1
8,5665,1
8,5667,1
8,5672,1
8,5673,1
8,5675,0
8,5678,0
8,5680,0
8,5684,0
8,5685,1
8,5688,1
8,5699,1
8,5701,1
8,5707,0
8,5708,0
8,5708,1
8,5709,1
8,5711,1
8,5713,1
8,5729,1
8,5733,0
8,5738,0
8,5741,0
8,5744,1
8,5746,0
8,5758,0
8,5762,1
8,5763,0
8,5765,0
8,5772,1
8,5783,1
8,5784,0
8,5791,0
8,5792,0
8,5796,0
8,5805,0
8,5806,1
8,5810,1
8,5813,0
8,5814,1
8,5815,0
8,5817,0
8,5818,0
8,5822,0
8,5823,0
8,5823,1
8,5824,0
8,5824,1
8,5825,1
8,5829,1
8,5837,1
8,5845,0
8,5846,0
8,5855,0
8,5872,1
8,5878,1
8,5884,1
8,5887,0
8,5891,1
8,5906,1
8,5909,1
8,5911,0
8,5914,1
8,5915,0
8,5916,1
8,5919,1
8,5921,0
8,5930,1
8,5931,1
8,5933,1
8,5935,1
8,5947,1
8,5977,0
8,5982,0
8,5988,0
8,5990,0
8,5994,1
8,5995,0
8,5999,1
8,6006,0
8,6017,0
8,6022,0
8,6022,1
8,6027,1
8,6031,0
8,6032,1
8,6042,0
8,6044,1
8,6045,1
8,6053,1
8,6065,1
8,6073,1
8,6078,1
8,6091,1
8,6095,1
8,6099,1
8,6102,0
8,6104,1
8,6112,1
8,6126,0
8,6128,1
8,6142,1
8,6159,0
8,6181,0
8,6205,0
8,6214,0
8,6214,1
8,6227,0
8,6230,0
8,6232,0
8,6234,1
8,6235,1
8,6240,0
8,6244,1
8,6247,1
8,6250,1
8,6252,0
8,6253,1
8,6256,1
8,6262,1
8,6264,1
8,6266,0
8,6269,1
8,6275,1
8,6282,0
8,6283,1
8,6287,1
8,6289,0
8,6292,1
8,6293,0
8,6294,0
8,6295,0
8,6296,1
8,6299,0
8,6301,1
8,6302,1
8,6303,1
8,6306,0
8,6319,0
8,6323,0
8,6325,0
8,6328,1
8,6333,1
8,6335,1
8,6338,0
8,6343,1
8,6347,0
8,6353,0
8,6356,1
8,6362,0
8,6362,1
8,6373,0
8,6375,0
8,6378,0
8,6380,0
8,6382,0
8,6383,0
8,6384,1
8,6387,0
8,6389,1
8,6405,1
8,6407,1
8,6410,0
8,6410,1
8,6414,0
8,6418,0
8,6418,1
8,6419,1
8,6422,0
8,6423,1
8,6424,1
8,6425,1
8,6428,0
8,6439,1
8,6440,0
8,6442,1
8,6450,0
8,6451,0
8,6454,0
8,6460,0
8,6462,1
8,6463,1
8,6464,1
8,6466,0
8,6466,1
8,6467,1
8,6471,0
8,6472,0
8,6472,1
8,6474,1
8,6475,1
8,6480,1
8,6484,1
8,6485,0
8,6487,1
8,6490,0
8,6493,1
8,6494,1
8,6496,1
8,6498,1
8,6501,1
8,6505,0
8,6505,1
8,6506,0
8,6509,0
8,6513,1
8,6517,0
8,6521,0
8,6522,0
8,6528,0
8,6530,1
8,6531,0
8,6533,1
8,6535,1
8,6537,0
8,6544,0
8,6544,1
8,6549,0
8,6555,1
8,6559,1
8,6563,0
8,6569,1
8,6574,1
8,6576,0
8,6576,1
8,6579,0
8,6580,1
8,6584,0
8,6584,1
8,6586,1
8,6587,0
8,6587,1
8,6588,1
8,6589,0
8,6590,0
8,6591,0
8,6592,1
8,6595,0
8,6598,1
8,6602,0
8,6603,0
8,6605,1
8,6606,0
8,6610,0
8,6620,0
8,6623,0
8,6624,0
8,6624,1
8,6625,1
8,6626,1
8,6631,1
8,6635,0
8,6639,1
8,6641,1
8,6644,0
8,6645,1
8,6651,1
8,6655,0
8,6656,0
8,6658,0
8,6661,1
8,6662,1
8,6665,1
8,6669,1
8,6674,1
8,6679,0
8,6691,0
8,6695,0
8,6704,0
8,6708,1
8,6719,0
8,6720,0
8,6724,0
8,6726,0
8,6740,1
8,6744,0
8,6745,1
8,6747,0
8,6749,0
8,6750,1
8,6751,0
8,6752,1
8,6754,0
8,6756,1
8,6768,0
8,6778,0
8,6783,1
8,6798,1
8,6801,1
8,6807,0
8,6809,1
8,6815,0
8,6819,0
8,6824,1
8,6827,0
8,6832,1
8,6839,0
8,6839,1
8,6844,1
8,6846,0
8,6849,0
8,6858,1
8,6860,1
8,6867,1
8,6870,0
8,6877,0
8,6879,1
8,6885,1
8,6886,0
8,6901,0
8,6915,1
8,6935,0
8,6938,0
8,6943,0
8,6947,0
8,6950,1
8,6952,1
8,6953,0
8,6957,0
8,6965,0
8,6975,0
8,6977,1
8,6978,0
8,6983,0
8,6984,1
8,6988,0
8,7001,0
8,7002,1
8,7021,1
8,7024,0
8,7029,0
8,7034,1
8,7038,1
8,7051,0
8,7056,0
8,7061,1
8,7062,0
8,7066,0
8,7070,0
8,7071,0
8,7075,1
8,7076,0
8,7080,1
8,7085,1
8,7089,1
8,7096,1
8,7125,0
8,7135,1
8,7141,1
8,7152,0
8,7157,0
8,7179,1
8,7184,0
8,7190,1
8,7193,0
8,7194,0
8,7195,1
8,7196,0
8,7198,0
8,7198,1
8,7199,0
8,7200,1
8,7201,1
8,7202,0
8,7203,0
8,7204,0
8,7217,0
8,7221,0
8,7222,0
8,7224,1
8,7230,0
8,7231,1
8,7232,1
8,7235,0
8,7236,0
8,7244,1
8,7248,1
8,7250,1
8,7252,1
8,7255,1
8,7268,0
8,7272,0
8,7275,1
8,7288,0
8,7291,1
8,7302,0
8,7305,1
8,7308,0
8,7314,1
8,7315,1
8,7320,0
8,7325,1
8,7335,1
8,7340,0
8,7350,0
8,7355,1
8,7376,0
8,7379,0
8,7381,0
8,7383,1
8,7384,1
8,7390,0
8,7393,1
8,7395,1
8,7397,1
8,7398,0
8,7399,1
8,7403,0
8,7404,0
8,7407,0
8,7419,0
8,7432,1
8,7433,1
8,7435,0
8,7437,0
8,7438,0
8,7445,1
8,7450,1
8,7460,0
8,7462,0
8,7471,0
8,7479,1
8,7491,0
8,7493,1
8,7496,0
8,7498,1
8,7501,0
8,7503,1
8,7504,0
8,7506,0
8,7506,1
8,7510,0
8,7512,1
8,7515,1
8,7517,1
8,7524,1
8,7526,1
8,7531,1
8,7535,1
8,7536,1
8,7540,0
8,7542,0
8,7545,1
8,7547,0
8,7554,1
8,7557,1
8,7559,1
8,7562,0
8,7564,1
8,7565,1
8,7570,0
8,7572,0
8,7573,1
8,7575,0
8,7578,1
8,7585,0
8,7590,0
8,7595,0
8,7605,1
8,7607,0
8,7610,1
8,7612,0
8,7612,1
8,7615,0
8,7619,0
8,7631,1
8,7633,0
8,7635,1
8,7638,1
8,7640,1
8,7643,1
8,7645,0
8,7646,1
8,7648,1
8,7650,0
8,7650,1
8,7655,1
8,7670,0
8,7675,1
8,7689,1
8,7709,0
8,7714,1
8,7717,0
8,7718,1
8,7723,1
8,7728,0
8,7729,1
8,7733,1
8,7734,1
8,7738,1
8,7748,0
8,7770,0
8,7771,1
8,7776,0
8,7777,0
8,7782,1
8,7784,0
8,7787,1
8,7789,1
8,7790,1
8,7791,0
8,7795,1
8,7796,0
8,7800,0
8,7801,1
8,7806,0
8,7827,1
8,7832,1
8,7863,1
8,7871,1
8,7873,1
8,7930,0
8,7930,1
8,7937,0
8,7940,0
8,7942,1
8,7943,1
8,7945,1
8,7946,1
8,7947,1
8,7948,0
8,7950,0
8,7953,1
8,7955,0
8,7958,1
8,7963,0
8,7966,0
8,7968,0
8,7968,1
8,7971,0
8,7973,0
8,7976,0
8,7976,1
8,7977,1
8,7981,0
8,7982,0
8,7985,1
8,7987,1
8,7988,0
8,7990,1
8,7991,0
8,7992,1
8,7993,0
8,7993,1
8,7995,0
8,7996,1
8,7997,1
8,8000,0
8,8005,0
8,8010,0
8,8017,0
8,8022,1
8,8027,0
8,8031,1
8,8034,0
8,8039,0
8,8044,0
8,8047,1
8,8049,0
8,8050,1
8,8054,1
8,8056,1
8,8061,0
8,8061,1
8,8064,1
8,8066,0
8,8068,1
8,8069,1
8,8071,0
8,8072,0
8,8073,0
8,8073,1
8,8074,1
8,8083,0
8,8086,0
8,8086,1
8,8095,1
8,8100,0
8,8106,1
8,8125,1
8,8126,1
8,8127,0
8,8131,1
8,8132,0
8,8134,0
8,8135,0
8,8136,0
8,8136,1
8,8139,1
8,8140,1
8,8141,0
8,8144,0
8,8150,0
8,8150,1
8,8159,1
8,8175,1
8,8180,0
8,8181,0
8,8185,1
8,8186,0
8,8190,1
8,8195,0
8,8197,0
8,8198,0
8,8199,1
8,8201,0
8,8202,0
8,8204,0
8,8206,0
8,8207,1
8,8208,1
8,8209,0
8,8209,1
8,8211,0
8,8213,0
8,8219,1
8,8220,0
8,8221,1
8,8225,1
8,8226,0
8,8229,0
8,8230,0
8,8231,0
8,8232,1
8,8234,0
8,8235,0
8,8235,1
8,8236,1
8,8237,0
8,8237,1
8,8238,0
8,8239,1
8,8242,0
8,8249,0
8,8250,0
8,8250,1
8,8251,1
8,8252,1
8,8254,0
8,8257,1
8,8258,1
8,8259,0
8,8261,0
8,8262,0
8,8262,1
8,8263,0
8,8266,0
8,8267,1
8,8268,0
8,8269,1
8,8270,0
8,8274,0
8,8275,1
8,8276,0
8,8278,1
8,8279,1
8,8280,0
8,8281,0
8,8284,1
8,8286,0
8,8287,1
8,8288,0
8,8289,0
8,8289,1
8,8292,1
8,8293,1
8,8294,0
8,8294,1
8,8296,1
8,8297,0
8,8298,0
8,8299,1
8,8300,0
8,8303,0
8,8303,1
8,8305,0
8,8305,1
8,8306,0
8,8309,1
8,8310,0
8,8310,1
8,8311,0
8,8313,1
8,8314,0
8,8315,0
8,8317,1
8,8319,0
8,8319,1
8,8321,0
8,8322,0
8,8323,1
8,8325,0
8,8326,0
8,8327,1
8,8329,0
8,8330,0
8,8330,1
8,8332,0
8,8332,1
8,8333,0
8,8337,0
8,8337,1
8,8338,1
8,8339,0
8,8339,1
8,8340,1
8,8341,1
8,8342,0
8,8344,0
8,8344,1
8,8345,0
8,8346,0
8,8348,1
8,8349,1
8,8350,1
8,8352,0
8,8353,0
8,8353,1
8,8354,0
8,8354,1
8,8355,1
8,8356,1
8,8359,1
8,8360,0
8,8360,1
8,8361,1
8,8362,0
8,8363,1
8,8367,0
8,8368,0
8,8369,0
8,8371,1
8,8372,0
8,8372,1
8,8373,1
8,8375,0
8,8375,1
8,8376,0
8,8377,1
8,8378,0
8,8379,1
8,8380,0
8,8380,1
8,8382,0
8,8382,1
8,8383,0
8,8384,0
8,8384,1
8,8385,0
8,8386,0
8,8387,0
8,8388,0
8,8391,0
8,8397,0
8,8397,1
8,8398,0
8,8398,1
8,8400,1
8,8401,0
8,8402,0
8,8403,0
8,8406,0
8,8407,1
8,8411,1
8,8412,0
8,8413,0
8,8413,1
8,8415,0
8,8415,1
8,8416,1
8,8417,0
8,8417,1
8,8419,0
8,8420,0
8,8420,1
8,8423,0
8,8423,1
8,8424,0
8,8425,0
8,8427,0
8,8427,1
8,8429,0
8,8430,0
8,8434,0
8,8435,0
8,8436,1
8,8437,1
8,8439,0
8,8439,1
8,8440,0
8,8441,0
8,8443,0
8,8445,1
8,8447,0
8,8448,0
8,8449,0
8,8449,1
8,8450,1
8,8451,0
8,8451,1
8,8452,0
8,8452,1
8,8453,0
8,8453,1
8,8454,0
8,8455,0
8,8455,1
8,8456,0
8,8457,1
8,8458,1
8,8460,0
8,8461,0
8,8462,0
8,8462,1
8,8464,0
8,8465,0
8,8466,1
8,8470,1
8,8471,0
8,8471,1
8,8472,0
8,8472,1
8,8474,1
8,8475,0
8,8475,1
8,8476,0
8,8478,0
8,8478,1
8,8479,0
8,8479,1
8,8481,1
8,8482,0
8,8482,1
8,8483,1
8,8485,1
8,8486,1
8,8487,1
8,8488,1
8,8489,0
8,8491,0
8,8491,1
8,8492,0
8,8492,1
8,8493,0
8,8494,1
8,8495,0
8,8496,0
8,8497,1
8,8499,0
8,8499,1
8,8500,0
8,8500,1
8,8503,0
8,8503,1
8,8504,0
8,8506,0
8,8506,1
8,8509,0
8,8509,1
8,8510,1
8,8511,0
8,8512,0
8,8513,0
8,8513,1
8,8515,1
8,8516,0
8,8517,0
8,8517,1
8,8518,1
8,8519,1
8,8521,0
8,8523,1
8,8524,1
8,8525,1
8,8526,0
8,8526,1
8,8527,0
8,8527,1
8,8528,0
8,8529,0
8,8529,1
8,8533,1
8,8535,0
8,8536,1
8,8539,1
8,8540,1
8,8541,0
8,8541,1
8,8542,0
8,8543,0
8,8543,1
8,8544,0
8,8544,1
8,8545,1
8,8546,0
8,8546,1
8,8547,0
8,8547,1
8,8548,0
8,8549,0
8,8549,1
8,8551,0
8,8552,0
8,8552,1
8,8555,0
8,8555,1
8,8556,1
8,8558,0
8,8558,1
8,8559,0
8,8560,0
8,8561,0
8,8561,1
8,8562,0
8,8563,0
8,8563,1
8,8564,0
8,8565,0
8,8565,1
8,8567,0
8,8568,1
8,8569,1
8,8570,0
8,8570,1
8,8572,1
8,8573,1
8,8574,1
8,8575,1
8,8576,0
8,8577,1
8,8578,1
8,8579,0
8,8581,0
8,8581,1
8,8582,0
8,8583,0
8,8583,1
8,8584,0
8,8585,0
8,8585,1
8,8586,0
8,8586,1
8,8590,0
8,8590,1
8,8591,1
8,8592,1
8,8593,1
8,8594,0
8,8595,1
8,8596,0
8,8596,1
8,8597,1
8,8599,1
8,8600,1
8,8601,1
8,8602,1
8,8604,1
8,8605,0
8,8607,1
8,8608,0
8,8609,1
8,8610,0
8,8610,1
8,8611,0
8,8613,0
8,8614,1
8,8615,1
8,8617,1
8,8618,1
8,8619,0
8,8619,1
8,8621,1
8,8624,0
8,8625,0
8,8627,0
8,8627,1
8,8628,0
8,8628,1
8,8629,0
8,8629,1
8,8630,0
8,8631,0
8,8631,1
8,8632,0
8,8634,0
8,8634,1
8,8635,1
8,8636,1
8,8637,0
8,8637,1
8,8638,0
8,8638,1
8,8639,0
8,8639,1
8,8640,0
8,8640,1
8,8641,0
8,8642,0
8,8642,1
8,8644,0
8,8645,1
8,8647,0
8,8648,1
8,8649,0
8,8653,0
8,8654,1
8,8655,0
8,8655,1
8,8657,0
8,8657,1
8,8658,0
8,8658,1
8,8660,1
8,8661,0
8,8662,0
8,8663,1
8,8665,0
8,8665,1
8,8667,1
8,8668,0
8,8670,1
8,8672,1
8,8673,0
8,8674,0
8,8674,1
8,8675,0
8,8676,0
8,8676,1
8,8677,1
8,8678,0
8,8679,0
8,8680,0
8,8680,1
8,8681,0
8,8682,1
8,8684,0
8,8685,0
8,8686,0
8,8686,1
8,8687,1
8,8688,0
8,8689,0
8,8690,0
8,8691,0
8,8691,1
8,8693,0
8,8693,1
8,8695,0
8,8696,1
8,8697,1
8,8698,0
8,8698,1
8,8699,0
8,8699,1
8,8703,0
8,8703,1
8,8705,1
8,8706,0
8,8708,0
8,8708,1
8,8712,1
8,8713,1
8,8714,1
8,8718,1
8,8721,1
8,8723,1
8,8725,0
8,8725,1
8,8730,1
8,8731,0
8,8732,0
8,8732,1
8,8733,1
8,8735,0
8,8744,1
8,8746,1
8,8748,1
8,8749,1
8,8751,1
8,8752,1
8,8755,0
8,8755,1
8,8757,0
8,8759,1
8,8760,0
8,8764,1
8,8766,0
8,8767,0
8,8770,1
8,8783,1
8,8784,1
8,8785,1
8,8786,1
8,8788,0
8,8789,0
8,8790,1
8,8794,0
8,8797,0
8,8797,1
8,8798,1
8,8800,1
8,8802,1
8,8806,1
8,8810,1
8,8813,1
8,8815,0
8,8815,1
8,8816,1
8,8817,1
8,8818,1
8,8820,0
8,8822,0
8,8824,1
8,8827,0
8,8834,1
8,8837,0
8,8839,0
8,8840,0
8,8841,0
8,8843,1
8,8844,1
8,8845,1
8,8849,0
8,8851,1
8,8859,1
8,8864,0
8,8865,1
8,8874,0
8,8880,0
8,8884,0
8,8885,0
8,8888,1
8,8892,0
8,8894,0
8,8896,0
8,8897,0
8,8898,1
8,8899,0
8,8903,1
8,8912,1
8,8924,1
8,8926,0
8,8928,1
8,8930,0
8,8943,1
8,8955,0
8,8957,1
8,8959,0
8,8962,0
8,8963,1
8,8964,1
8,8967,0
8,8967,1
8,8988,1
8,8993,0
8,9026,0
8,9042,0
8,9047,1
8,9052,0
8,9067,0
8,9088,1
8,9089,1
8,9092,0
8,9106,1
8,9124,1
8,9151,1
8,9153,1
8,9168,0
8,9181,0
8,9237,1
8,9249,0
8,9268,0
8,9271,0
8,9278,0
8,9278,1
8,9296,0
8,9297,0
8,9327,1
8,9340,0
8,9350,1
8,9355,0
8,9355,1
8,9358,1
8,9360,0
8,9370,1
8,9374,1
8,9375,0
8,9380,0
8,9380,1
8,9384,1
8,9385,1
8,9387,0
8,9392,1
8,9395,0
8,9399,0
8,9400,0
8,9413,0
8,9413,1
8,9418,1
8,9422,0
8,9424,1
8,9425,1
8,9431,1
8,9432,0
8,9434,0
8,9438,0
8,9439,0
8,9441,0
8,9442,1
8,9445,0
8,9446,1
8,9449,1
8,9452,1
8,9457,0
8,9459,1
8,9460,0
8,9463,1
8,9464,1
8,9473,0
8,9473,1
8,9475,0
8,9477,1
8,9480,0
8,9482,0
8,9482,1
8,9487,1
8,9488,0
8,9492,0
8,9492,1
8,9497,0
8,9500,1
8,9501,1
8,9509,0
8,9514,1
8,9518,0
8,9521,0
8,9523,0
8,9526,0
8,9526,1
8,9527,1
8,9530,1
8,9532,1
8,9534,1
8,9535,0
8,9545,0
8,9550,1
8,9551,1
8,9555,1
8,9557,0
8,9557,1
8,9559,1
8,9560,0
8,9561,1
8,9566,1
8,9574,1
8,9575,0
8,9575,1
8,9576,0
8,9576,1
8,9578,1
8,9579,1
8,9580,1
8,9581,0
8,9582,0
8,9583,1
8,9584,0
8,9584,1
8,9585,1
8,9589,1
8,9592,0
8,9592,1
8,9594,1
8,9596,1
8,9599,1
8,9600,1
8,9605,1
8,9607,0
8,9611,1
8,9613,1
8,9614,1
8,9615,0
8,9617,0
8,9621,1
8,9625,0
8,9626,0
8,9627,1
8,9632,0
8,9633,0
8,9636,0
8,9638,0
8,9638,1
8,9640,0
8,9645,0
8,9646,0
8,9649,0
8,9651,1
8,9653,0
8,9653,1
8,9654,0
8,9657,1
8,9663,1
8,9664,1
8,9665,1
8,9667,0
8,9671,0
8,9672,0
8,9672,1
8,9674,0
8,9675,1
8,9678,0
8,9678,1
8,9679,1
8,9680,0
8,9683,0
8,9687,0
8,9689,1
8,9691,0
8,9695,1
8,9698,1
8,9700,1
8,9701,0
8,9703,0
8,9705,1
8,9710,0
8,9713,1
8,9714,0
8,9720,0
8,9721,0
8,9721,1
8,9726,0
8,9727,0
8,9727,1
8,9730,0
8,9735,1
8,9736,1
8,9748,0
8,9750,0
8,9754,0
8,9755,1
8,9756,0
8,9757,0
8,9758,1
8,9761,1
8,9764,0
8,9768,0
8,9774,1
8,9775,1
8,9777,1
8,9778,0
8,9781,1
8,9785,0
8,9787,1
8,9788,0
8,9789,0
8,9790,1
8,9791,0
8,9791,1
8,9793,1
8,9799,0
8,9800,0
8,9802,0
8,9803,1
8,9805,1
8,9810,1
8,9811,1
8,9816,0
8,9817,0
8,9818,1
8,9821,1
8,9822,0
8,9822,1
8,9825,1
8,9826,1
8,9830,0
8,9832,0
8,9832,1
8,9833,1
8,9834,0
8,9838,1
8,9844,1
8,9848,1
8,9849,1
8,9851,0
8,9851,1
8,9852,0
8,9855,1
8,9857,1
8,9859,0
8,9859,1
8,9860,0
8,9861,1
8,9863,1
8,9866,0
8,9868,1
8,9871,1
8,9876,0
8,9880,0
8,9882,1
8,9883,1
8,9884,1
8,9892,1
8,9893,1
8,9895,0
8,9899,0
8,9899,1
8,9900,1
8,9901,0
8,9911,1
8,9912,0
8,9915,0
8,9915,1
8,9918,0
8,9918,1
8,9920,1
8,9924,0
8,9925,1
8,9926,0
8,9929,1
8,9930,0
8,9930,1
8,9931,1
8,9933,1
8,9938,1
8,9939,0
8,9942,0
8,9942,1
8,9946,0
8,9947,0
8,9949,1
8,9950,0
8,9951,0
8,9952,0
8,9953,1
8,9955,0
8,9958,0
8,9959,1
8,9961,0
8,9964,0
8,9966,1
8,9967,1
8,9971,0
8,9972,0
8,9974,0
8,9974,1
8,9977,1
8,9978,0
8,9980,0
8,9981,1
8,9983,0
8,9984,0
8,9985,1
8,9987,1
8,9988,1
8,9990,1
8,9992,0
8,9993,1
8,9997,1
8,10000,1
8,10003,1
8,10004,1
8,10006,1
8,10007,1
8,10008,1
8,10009,0
8,10010,0
8,10013,0
8,10015,0
8,10018,0
8,10018,1
8,10020,1
8,10021,0
8,10022,1
8,10023,0
8,10024,0
8,10026,0
8,10027,0
8,10027,1
8,10029,1
8,10030,0
8,10030,1
8,10032,0
8,10035,1
8,10037,0
8,10037,1
8,10039,1
8,10040,0
8,10047,0
8,10047,1
8,10048,1
8,10053,0
8,10058,1
8,10060,1
8,10064,0
8,10064,1
8,10065,0
8,10066,0
8,10066,1
8,10069,0
8,10073,1
8,10075,0
8,10076,0
8,10076,1
8,10080,0
8,10081,1
8,10082,0
8,10082,1
8,10084,1
8,10085,0
8,10087,1
8,10089,1
8,10090,0
8,10091,1
8,10092,1
8,10097,1
8,10099,0
8,10100,0
8,10101,0
8,10103,0
8,10103,1
8,10105,1
8,10106,0
8,10107,0
8,10110,0
8,10111,0
8,10111,1
8,10112,0
8,10113,1
8,10114,1
8,10116,1
8,10118,0
8,10119,1
8,10120,0
8,10121,0
8,10121,1
8,10122,0
8,10123,1
8,10124,1
8,10126,1
8,10127,1
8,10128,1
8,10129,1
8,10130,0
8,10131,0
8,10131,1
8,10133,0
8,10133,1
8,10136,0
8,10138,0
8,10138,1
8,10140,0
8,10140,1
8,10141,0
8,10142,0
8,10145,1
8,10146,1
8,10149,1
8,10150,1
8,10151,0
8,10151,1
8,10155,1
8,10158,0
8,10158,1
8,10159,0
8,10159,1
8,10160,0
8,10160,1
8,10161,0
8,10165,1
8,10168,0
8,10169,1
8,10170,1
8,10172,0
8,10174,0
8,10177,0
8,10178,0
8,10180,1
8,10181,1
8,10182,1
8,10185,1
8,10190,0
8,10191,0
8,10192,0
8,10193,1
8,10197,1
8,10199,0
8,10205,0
8,10207,1
8,10208,0
8,10214,1
8,10216,0
8,10219,0
8,10219,1
8,10220,1
8,10223,1
8,10230,0
8,10230,1
8,10233,0
8,10233,1
8,10237,0
8,10238,0
8,10242,0
8,10244,1
8,10245,0
8,10249,0
8,10250,0
8,10250,1
8,10251,1
8,10257,0
8,10258,1
8,10261,0
8,10262,0
8,10263,0
8,10263,1
8,10265,1
8,10267,0
8,10270,1
8,10272,0
8,10273,0
8,10276,1
8,10281,1
8,10287,0
8,10289,0
8,10289,1
8,10290,0
8,10295,0
8,10296,1
8,10297,1
8,10299,0
8,10299,1
8,10301,1
8,10304,0
8,10306,1
8,10309,0
8,10312,0
8,10313,0
8,10314,0
8,10314,1
8,10316,1
8,10317,0
8,10318,0
8,10319,1
8,10320,0
8,10321,1
8,10323,1
8,10325,0
8,10325,1
8,10329,1
8,10337,0
8,10341,0
8,10341,1
8,10345,1
8,10347,1
8,10349,0
8,10352,0
8,10353,1
8,10356,0
8,10359,1
8,10363,1
8,10364,0
8,10365,0
8,10366,1
8,10367,1
8,10371,1
8,10375,0
8,10375,1
8,10376,1
8,10378,1
8,10380,0
8,10382,0
8,10382,1
8,10385,0
8,10386,0
8,10392,0
8,10393,0
8,10395,1
8,10396,0
8,10396,1
8,10397,1
8,10398,1
8,10399,1
8,10403,0
8,10404,0
8,10406,1
8,10408,1
8,10409,0
8,10412,0
8,10413,1
8,10414,1
8,10415,0
8,10415,1
8,10419,0
8,10420,0
8,10421,1
8,10428,1
8,10431,0
8,10432,1
8,10433,1
8,10434,1
8,10435,0
8,10436,0
8,10437,0
8,10439,0
8,10439,1
8,10444,0
8,10445,0
8,10446,0
8,10446,1
8,10447,1
8,10448,1
8,10449,1
8,10451,0
8,10451,1
8,10460,0
8,10469,0
8,10469,1
8,10472,0
8,10472,1
8,10474,1
8,10476,0
8,10479,0
8,10480,0
8,10480,1
8,10481,0
8,10484,1
8,10485,0
8,10486,1
8,10494,1
8,10498,1
8,10501,1
8,10505,1
8,10513,1
8,10514,1
8,10521,1
8,10522,0
8,10522,1
8,10524,1
8,10528,0
8,10535,0
8,10540,1
8,10542,1
8,10543,0
8,10544,1
8,10552,0
8,10553,1
8,10555,0
8,10555,1
8,10562,1
8,10569,1
8,10578,0
8,10578,1
8,10579,1
8,10581,1
8,10583,0
8,10603,1
8,10604,0
8,10607,1
8,10608,0
8,10618,1
8,10620,1
8,10626,0
8,10627,1
8,10630,1
8,10635,1
8,10639,1
8,10643,0
8,10644,0
8,10652,1
8,10653,1
8,10655,0
8,10657,0
8,10658,0
8,10660,1
8,10663,1
8,10665,0
8,10665,1
8,10668,0
8,10672,1
8,10675,0
8,10677,1
8,10681,0
8,10685,0
8,10687,0
8,10687,1
8,10690,0
8,10691,0
8,10695,0
8,10698,0
8,10710,0
8,10711,0
8,10714,0
8,10714,1
8,10718,0
8,10719,1
8,10726,0
8,10727,0
8,10728,1
8,10730,0
8,10733,0
8,10735,0
8,10736,0
8,10740,0
8,10741,1
8,10743,1
8,10745,1
8,10747,1
8,10758,1
8,10760,0
8,10760,1
8,10765,1
8,10769,1
8,10774,0
8,10774,1
8,10776,0
8,10778,0
8,10781,1
8,10783,0
8,10783,1
8,10785,0
8,10788,1
8,10789,0
8,10790,0
8,10796,0
8,10802,1
8,10804,0
8,10807,1
8,10808,1
8,10813,1
8,10818,0
8,10819,0
8,10826,1
8,10829,0
8,10831,0
8,10836,0
8,10839,1
8,10844,0
8,10849,1
8,10854,0
8,10854,1
8,10857,0
8,10862,1
8,10866,1
8,10869,0
8,10871,1
8,10872,1
8,10876,0
8,10879,1
8,10880,1
8,10884,1
8,10885,0
8,10885,1
8,10890,0
8,10895,0
8,10900,1
8,10903,0
8,10905,0
8,10908,1
8,10916,0
8,10928,1
8,10931,0
8,10933,0
8,10936,1
8,10938,1
8,10942,0
8,10943,0
8,10948,0
8,10958,1
8,10959,1
8,10963,0
8,10965,1
8,10968,1
8,10971,1
8,10989,0
8,10994,1
8,10995,0
8,10999,0
8,11000,0
8,11005,0
8,11007,1
8,11008,1
8,11013,0
8,11015,0
8,11018,1
8,11020,0
8,11020,1
8,11023,0
8,11025,1
8,11030,1
8,11034,1
8,11036,1
8,11038,0
8,11039,1
8,11041,0
8,11043,0
8,11045,1
8,11049,0
8,11052,0
8,11054,1
8,11056,0
8,11059,0
8,11064,0
8,11064,1
8,11069,1
8,11077,1
8,11080,0
8,11084,1
8,11094,0
8,11101,0
8,11104,1
8,11106,0
8,11115,0
8,11117,0
8,11118,1
8,11120,1
8,11127,1
8,11129,1
8,11132,1
8,11142,0
8,11143,0
8,11148,1
8,11149,1
8,11151,0
8,11152,0
8,11154,0
8,11166,0
8,11173,0
8,11179,1
8,11181,0
8,11189,0
8,11190,0
8,11194,0
8,11198,1
8,11200,0
8,11202,0
8,11205,1
8,11212,0
8,11214,1
8,11221,1
8,11226,0
8,11229,1
8,11231,0
8,11234,0
8,11235,1
8,11236,0
8,11240,0
8,11251,1
8,11265,0
8,11265,1
8,11270,0
8,11272,0
8,11275,0
8,11276,0
8,11276,1
8,11277,0
8,11278,1
8,11281,0
8,11281,1
8,11283,0
8,11286,0
8,11290,0
8,11291,0
8,11291,1
8,11292,0
8,11294,1
8,11296,1
8,11297,0
8,11297,1
8,11299,1
8,11302,0
8,11303,0
8,11306,1
8,11311,1
8,11312,1
8,11325,1
8,11326,1
8,11327,0
8,11330,1
8,11331,1
8,11333,0
8,11336,1
8,11340,1
8,11341,0
8,11342,0
8,11346,0
8,11347,0
8,11350,1
8,11358,0
8,11363,0
8,11366,0
8,11368,1
8,11372,0
8,11372,1
8,11377,1
8,11392,1
8,11397,1
8,11400,1
8,11402,0
8,11403,1
8,11408,0
8,11413,0
8,11415,1
8,11418,1
8,11422,1
8,11423,1
8,11424,1
8,11425,0
8,11427,1
8,11429,0
8,11430,0
8,11435,0
8,11449,1
8,11454,0
8,11454,1
8,11456,1
8,11458,1
8,11459,1
8,11462,0
8,11463,1
8,11464,0
8,11465,0
8,11466,0
8,11466,1
8,11467,1
8,11468,0
8,11471,1
8,11473,0
8,11473,1
8,11477,1
8,11478,0
8,11479,1
8,11480,0
8,11480,1
8,11483,0
8,11484,1
8,11485,0
8,11487,0
8,11489,0
8,11490,0
8,11491,1
8,11493,1
8,11494,0
8,11494,1
8,11495,0
8,11495,1
8,11496,1
8,11500,1
8,11501,0
8,11502,0
8,11510,0
8,11511,1
8,11512,1
8,11516,0
8,11517,0
8,11524,1
8,11526,0
8,11527,1
8,11529,1
8,11530,0
8,11531,1
8,11532,0
8,11538,1
8,11542,1
8,11543,0
8,11543,1
8,11544,0
8,11547,0
8,11550,1
8,11557,1
8,11558,1
8,11562,1
8,11563,1
8,11565,1
8,11567,0
8,11572,1
8,11575,0
8,11576,1
8,11577,0
8,11582,0
8,11586,1
8,11587,0
8,11589,1
8,11594,1
8,11595,0
8,11600,0
8,11603,0
8,11605,0
8,11606,0
8,11608,1
8,11610,1
8,11611,1
8,11613,1
8,11619,1
8,11620,1
8,11621,1
8,11622,0
8,11625,0
8,11627,0
8,11628,1
8,11630,1
8,11633,1
8,11640,0
8,11642,0
8,11643,1
8,11645,0
8,11651,1
8,11654,0
8,11655,1
8,11656,0
8,11656,1
8,11660,1
8,11661,0
8,11662,1
8,11663,0
8,11665,0
8,11667,0
8,11668,0
8,11671,0
8,11673,0
8,11675,0
8,11675,1
8,11676,0
8,11678,0
8,11679,0
8,11679,1
8,11680,0
8,11683,0
8,11684,1
8,11686,0
8,11687,0
8,11688,1
8,11691,0
8,11691,1
8,11693,1
8,11694,0
8,11696,0
8,11696,1
8,11699,0
8,11700,0
8,11704,0
8,11706,1
8,11707,1
8,11708,0
8,11711,1
8,11712,1
8,11713,0
8,11716,1
8,11718,0
8,11719,0
8,11720,0
8,11721,1
8,11722,1
8,11724,1
8,11725,1
8,11728,0
8,11728,1
8,11729,1
8,11730,0
8,11731,0
8,11732,1
8,11735,0
8,11736,0
8,11739,0
8,11740,0
8,11742,0
8,11744,1
8,11745,0
8,11745,1
8,11747,1
8,11749,0
8,11750,1
8,11758,1
8,11760,1
8,11761,0
8,11762,0
8,11762,1
8,11763,0
8,11766,1
8,11768,1
8,11771,0
8,11771,1
8,11772,0
8,11773,0
8,11773,1
8,11777,0
8,11777,1
8,11778,1
8,11780,0
8,11782,0
8,11785,0
8,11786,1
8,11787,0
8,11788,1
8,11790,1
8,11791,0
8,11791,1
8,11793,0
8,11793,1
8,11794,0
8,11795,1
8,11796,0
8,11797,1
8,11798,1
8,11800,0
8,11801,0
8,11801,1
8,11803,0
8,11804,1
8,11805,1
8,11808,1
8,11810,0
8,11811,1
8,11813,0
8,11814,0
8,11815,0
8,11816,1
8,11818,1
8,11820,0
8,11821,1
8,11823,1
8,11824,1
8,11825,1
8,11826,0
8,11826,1
8,11829,0
8,11829,1
8,11830,0
8,11832,1
8,11834,0
8,11835,0
8,11836,1
8,11837,0
8,11838,1
8,11839,1
8,11840,0
8,11841,0
8,11841,1
8,11843,0
8,11844,0
8,11845,1
8,11846,1
8,11848,0
8,11848,1
8,11850,0
8,11851,0
8,11853,0
8,11855,0
8,11862,1
8,11863,1
8,11865,1
8,11866,0
8,11867,1
8,11869,1
8,11870,0
8,11870,1
8,11871,0
8,11871,1
8,11872,0
8,11874,1
8,11875,0
8,11876,0
8,11876,1
8,11877,1
8,11879,0
8,11879,1
8,11881,1
8,11882,0
8,11885,0
8,11887,0
8,11888,0
8,11890,0
8,11890,1
8,11891,1
8,11893,1
8,11894,0
8,11894,1
8,11895,1
8,11896,0
8,11896,1
8,11897,0
8,11898,0
8,11898,1
8,11900,0
8,11901,1
8,11902,1
8,11903,0
8,11903,1
8,11904,0
8,11904,1
8,11905,0
8,11905,1
8,11907,1
8,11908,0
8,11910,0
8,11911,0
8,11911,1
8,11914,1
8,11916,0
8,11916,1
8,11919,1
8,11920,0
8,11920,1
8,11921,1
8,11922,0
8,11923,0
8,11924,1
8,11926,1
8,11927,0
8,11927,1
8,11928,1
8,11929,0
8,11929,1
8,11937,0
8,11937,1
8,11939,0
8,11940,0
8,11941,1
8,11943,0
8,11944,0
8,11944,1
8,11945,1
8,11947,1
8,11948,0
8,11948,1
8,11949,1
8,11950,1
8,11953,0
8,11953,1
8,11955,0
8,11959,0
8,11959,1
8,11960,0
8,11962,1
8,11964,0
8,11964,1
8,11965,1
8,11967,0
8,11967,1
8,11968,0
8,11973,0
8,11974,1
8,11977,0
8,11977,1
8,11978,1
8,11982,0
8,11982,1
8,11983,0
8,11983,1
8,11984,0
8,11985,0
8,11986,0
8,11987,0
8,11987,1
8,11988,0
8,11990,0
8,11990,1
8,11991,0
8,11991,1
8,11992,0
8,11993,0
8,11994,0
8,11996,0
8,11996,1
8,11999,0
8,11999,1
8,12000,0
8,12000,1
8,12001,0
8,12003,0
8,12004,0
8,12004,1
8,12005,0
8,12006,1
8,12007,0
8,12007,1
8,12011,0
8,12011,1
8,12012,0
8,12012,1
8,12013,0
8,12015,0
8,12018,1
8,12020,0
8,12022,1
8,12023,0
8,12024,0
8,12024,1
8,12026,0
8,12028,0
8,12029,1
8,12030,0
8,12031,1
8,12032,1
8,12033,1
8,12035,1
8,12036,0
8,12037,0
8,12037,1
8,12039,0
8,12041,1
8,12043,1
8,12044,0
8,12045,1
8,12046,0
8,12049,0
8,12050,1
8,12051,0
8,12051,1
8,12054,1
8,12056,0
8,12058,0
8,12059,1
8,12060,0
8,12062,1
8,12063,1
8,12065,1
8,12066,0
8,12067,0
8,12067,1
8,12069,1
8,12070,0
8,12071,0
8,12071,1
8,12074,1
8,12076,1
8,12079,1
8,12086,1
8,12089,1
8,12093,0
8,12094,0
8,12094,1
8,12095,1
8,12096,0
8,12100,0
8,12100,1
8,12101,0
8,12102,0
8,12104,0
8,12105,0
8,12105,1
8,12106,1
8,12110,0
8,12117,0
8,12117,1
8,12119,0
8,12121,0
8,12121,1
8,12122,0
8,12122,1
8,12125,0
8,12125,1
8,12128,0
8,12129,0
8,12130,0
8,12131,1
8,12132,1
8,12134,0
8,12134,1
8,12135,0
8,12136,1
8,12137,0
8,12137,1
8,12138,1
8,12139,0
8,12139,1
8,12141,0
8,12141,1
8,12142,1
8,12143,1
8,12145,0
8,12149,0
8,12150,0
8,12151,1
8,12152,0
8,12154,0
8,12156,1
8,12157,1
8,12160,0
8,12162,0
8,12163,1
8,12166,0
8,12168,0
8,12168,1
8,12169,0
8,12169,1
8,12170,1
8,12171,0
8,12172,0
8,12172,1
8,12173,0
8,12175,1
8,12176,0
8,12177,0
8,12178,1
8,12179,1
8,12180,0
8,12180,1
8,12182,0
8,12183,0
8,12184,0
8,12185,0
8,12185,1
8,12186,0
8,12189,0
8,12190,1
8,12191,0
8,12192,1
8,12193,0
8,12194,0
8,12198,0
8,12198,1
8,12199,0
8,12200,1
8,12201,1
8,12202,0
8,12202,1
8,12203,0
8,12203,1
8,12206,0
8,12210,0
8,12211,1
8,12212,1
8,12216,0
8,12219,0
8,12219,1
8,12222,1
8,12224,1
8,12225,1
8,12226,0
8,12227,0
8,12228,0
8,12228,1
8,12229,1
8,12230,0
8,12230,1
8,12231,0
8,12231,1
8,12232,0
8,12234,1
8,12235,1
8,12236,1
8,12237,0
8,12238,1
8,12239,1
8,12240,0
8,12240,1
8,12241,1
8,12243,0
8,12243,1
8,12244,0
8,12244,1
8,12245,0
8,12245,1
8,12246,0
8,12246,1
8,12247,0
8,12248,0
8,12250,0
8,12251,0
8,12251,1
8,12252,1
8,12254,0
8,12256,0
8,12256,1
8,12257,0
8,12259,0
8,12261,1
8,12262,1
8,12263,1
8,12266,0
8,12268,0
8,12270,0
8,12271,1
8,12272,0
8,12273,0
8,12273,1
8,12274,1
8,12275,0
8,12276,0
8,12278,1
8,12279,1
8,12281,0
8,12281,1
8,12282,0
8,12282,1
8,12283,1
8,12285,1
8,12286,0
8,12286,1
8,12287,0
8,12287,1
8,12289,1
8,12290,0
8,12291,0
8,12291,1
8,12292,0
8,12294,0
8,12294,1
8,12295,0
8,12295,1
8,12296,0
8,12297,0
8,12297,1
8,12299,0
8,12300,0
8,12300,1
8,12302,0
8,12303,1
8,12304,1
8,12306,0
8,12307,0
8,12307,1
8,12308,0
8,12308,1
8,12309,0
8,12309,1
8,12310,1
8,12312,0
8,12313,1
8,12314,0
8,12314,1
8,12315,0
8,12317,0
8,12319,0
8,12320,0
8,12320,1
8,12321,1
8,12322,1
8,12323,0
8,12323,1
8,12324,0
8,12324,1
8,12325,1
8,12326,0
8,12328,1
8,12329,0
8,12330,0
8,12332,1
8,12333,1
8,12334,0
8,12336,1
8,12337,0
8,12338,0
8,12339,1
8,12340,0
8,12340,1
8,12341,0
8,12342,1
8,12343,0
8,12347,0
8,12347,1
8,12348,0
8,12348,1
8,12349,0
8,12349,1
8,12350,0
8,12356,0
8,12356,1
8,12357,0
8,12359,0
8,12361,0
8,12361,1
8,12363,1
8,12364,1
8,12365,0
8,12365,1
8,12366,0
8,12366,1
8,12369,1
8,12370,0
8,12371,1
8,12372,1
8,12373,0
8,12375,1
8,12377,0
8,12377,1
8,12378,1
8,12379,0
8,12380,0
8,12380,1
8,12381,1
8,12384,1
8,12385,0
8,12389,1
8,12391,0
8,12391,1
8,12392,1
8,12394,1
8,12395,0
8,12397,1
8,12398,0
8,12399,0
8,12401,0
8,12401,1
8,12403,0
8,12404,0
8,12405,0
8,12405,1
8,12406,1
8,12407,0
8,12407,1
8,12408,0
8,12408,1
8,12410,0
8,12411,0
8,12412,0
8,12413,0
8,12413,1
8,12414,0
8,12415,1
8,12416,0
8,12417,0
8,12417,1
8,12418,1
8,12419,1
8,12420,0
8,12421,0
8,12422,0
8,12422,1
8,12424,1
8,12425,0
8,12425,1
8,12426,0
8,12426,1
8,12427,1
8,12428,1
8,12429,1
8,12430,0
8,12430,1
8,12432,1
8,12437,0
8,12439,0
8,12439,1
8,12440,0
8,12440,1
8,12442,0
8,12443,0
8,12444,0
8,12445,1
8,12447,0
8,12452,0
8,12452,1
8,12455,1
8,12456,1
8,12458,1
8,12459,0
8,12460,1
8,12461,0
8,12461,1
8,12463,0
8,12466,0
8,12466,1
8,12467,0
8,12467,1
8,12469,0
8,12469,1
8,12470,0
8,12471,0
8,12472,0
8,12472,1
8,12474,1
8,12476,0
8,12478,0
8,12478,1
8,12479,1
8,12481,1
8,12482,1
8,12483,1
8,12484,1
8,12485,1
8,12487,0
8,12488,1
8,12489,0
8,12489,1
8,12490,1
8,12492,0
8,12492,1
8,12493,0
8,12495,0
8,12495,1
8,12497,1
8,12498,1
8,12499,0
8,12499,1
8,12500,1
8,12501,1
8,12503,1
8,12504,1
8,12505,0
8,12505,1
8,12506,0
8,12506,1
8,12507,0
8,12508,0
8,12508,1
8,12509,0
8,12511,0
8,12511,1
8,12513,1
8,12514,0
8,12515,1
8,12516,1
8,12517,0
8,12517,1
8,12518,0
8,12518,1
8,12519,1
8,12520,0
8,12520,1
8,12521,1
8,12522,1
8,12523,0
8,12523,1
8,12525,0
8,12525,1
8,12528,0
8,12529,1
8,12530,0
8,12530,1
8,12531,0
8,12533,0
8,12534,0
8,12534,1
8,12536,0
8,12537,1
8,12539,1
8,12540,1
8,12541,0
8,12541,1
8,12542,1
8,12543,0
8,12543,1
8,12545,0
8,12549,1
8,12552,1
8,12554,0
8,12554,1
8,12555,1
8,12560,0
8,12562,0
8,12562,1
8,12564,1
8,12566,0
8,12566,1
8,12568,1
8,12569,0
8,12571,1
8,12572,0
8,12572,1
8,12573,0
8,12574,0
8,12575,1
8,12577,0
8,12577,1
8,12579,1
8,12581,1
8,12582,0
8,12583,1
8,12584,1
8,12585,0
8,12586,0
8,12588,0
8,12589,0
8,12591,0
8,12591,1
8,12594,0
8,12594,1
8,12595,1
8,12596,0
8,12597,0
8,12598,0
8,12598,1
8,12600,1
8,12601,0
8,12601,1
8,12602,1
8,12603,0
8,12603,1
8,12605,1
8,12606,0
8,12608,0
8,12608,1
8,12612,0
8,12616,0
8,12619,0
8,12620,1
8,12621,1
8,12625,0
8,12627,0
8,12627,1
8,12628,0
8,12628,1
8,12629,1
8,12630,0
8,12630,1
8,12632,1
8,12633,0
8,12633,1
8,12634,0
8,12634,1
8,12635,1
8,12637,1
8,12638,1
8,12639,0
8,12639,1
8,12640,1
8,12641,0
8,12643,0
8,12644,1
8,12645,0
8,12646,1
8,12648,0
8,12649,0
8,12649,1
8,12650,1
8,12651,1
8,12652,1
8,12653,1
8,12655,0
8,12655,1
8,12658,1
8,12660,0
8,12661,0
8,12662,0
8,12662,1
8,12664,1
8,12666,0
8,12666,1
8,12667,1
8,12668,0
8,12669,0
8,12671,0
8,12672,1
8,12676,0
8,12676,1
8,12678,0
8,12681,1
8,12682,0
8,12682,1
8,12687,1
8,12691,1
8,12692,1
8,12694,0
8,12696,0
8,12697,1
8,12701,0
8,12702,0
8,12703,0
8,12704,1
8,12705,0
8,12705,1
8,12706,0
8,12707,0
8,12709,1
8,12710,0
8,12713,0
8,12714,0
8,12714,1
8,12717,1
8,12719,0
8,12719,1
8,12720,0
8,12722,1
8,12725,0
8,12725,1
8,12726,0
8,12726,1
8,12727,0
8,12728,0
8,12728,1
8,12729,1
8,12730,0
8,12731,1
8,12733,0
8,12733,1
8,12734,0
8,12736,1
8,12737,1
8,12738,0
8,12738,1
8,12739,1
8,12741,1
8,12742,0
8,12744,0
8,12748,0
8,12750,1
8,12752,1
8,12754,1
8,12755,1
8,12756,1
8,12758,1
8,12759,0
8,12760,0
8,12760,1
8,12762,0
8,12764,0
8,12766,1
8,12767,0
8,12769,0
8,12769,1
8,12770,0
8,12771,0
8,12774,1
8,12776,0
8,12776,1
8,12778,1
8,12779,1
8,12782,0
8,12788,0
8,12791,1
8,12795,1
8,12798,1
8,12800,1
8,12801,1
8,12805,1
8,12807,1
8,12808,1
8,12809,0
8,12810,1
8,12811,0
8,12813,0
8,12815,1
8,12817,0
8,12817,1
8,12822,1
8,12823,0
8,12824,0
8,12825,0
8,12826,0
8,12826,1
8,12827,0
8,12828,1
8,12829,1
8,12833,0
8,12834,0
8,12837,0
8,12840,1
8,12842,0
8,12845,0
8,12847,0
8,12850,0
8,12852,1
8,12853,1
8,12855,1
8,12858,0
8,12860,1
8,12862,0
8,12863,1
8,12864,1
8,12865,1
8,12867,0
8,12868,0
8,12868,1
8,12869,1
8,12870,1
8,12871,0
8,12872,1
8,12873,0
8,12874,0
8,12874,1
8,12877,0
8,12877,1
8,12878,0
8,12878,1
8,12879,1
8,12882,0
8,12885,0
8,12885,1
8,12887,0
8,12887,1
8,12891,0
8,12892,1
8,12897,1
8,12900,0
8,12906,1
8,12907,0
8,12912,1
8,12913,0
8,12917,1
8,12918,0
8,12919,0
8,12921,0
8,12921,1
8,12922,0
8,12924,0
8,12925,1
8,12926,0
8,12927,0
8,12929,0
8,12929,1
8,12930,1
8,12932,1
8,12933,0
8,12934,0
8,12936,1
8,12937,0
8,12939,1
8,12943,0
8,12944,1
8,12948,1
8,12953,1
8,12957,1
8,12960,1
8,12967,0
8,12968,1
8,12970,1
8,12972,1
8,12975,1
8,12977,0
8,12989,0
8,12990,1
8,12991,0
8,13002,1
8,13004,0
8,13005,1
8,13008,1
8,13009,0
8,13010,1
8,13012,0
8,13013,0
8,13018,1
8,13025,1
8,13032,1
8,13035,0
8,13035,1
8,13041,0
8,13041,1
8,13042,0
8,13042,1
8,13048,0
8,13049,0
8,13049,1
8,13050,0
8,13055,0
8,13067,1
8,13071,1
8,13074,0
8,13078,1
8,13085,1
8,13086,0
8,13091,1
8,13095,1
8,13108,1
8,13114,1
8,13118,1
8,13122,0
8,13124,1
8,13126,0
8,13126,1
8,13127,0
8,13128,0
8,13129,0
8,13134,1
8,13142,0
8,13145,0
8,13147,0
8,13148,1
8,13152,0
8,13152,1
8,13153,0
8,13154,1
8,13156,0
8,13156,1
8,13159,1
8,13160,0
8,13161,1
8,13163,0
8,13164,1
8,13165,1
8,13167,1
8,13169,1
8,13173,1
8,13174,0
8,13175,1
8,13178,0
8,13179,0
8,13180,0
8,13183,0
8,13188,0
8,13189,0
8,13196,0
8,13197,0
8,13198,1
8,13203,0
8,13210,0
8,13214,1
8,13228,0
8,13228,1
8,13232,0
8,13233,1
8,13237,0
8,13238,0
8,13238,1
8,13242,0
8,13248,1
8,13249,1
8,13252,0
8,13253,0
8,13257,1
8,13266,1
8,13274,0
8,13278,0
8,13280,1
8,13282,1
8,13283,1
8,13286,0
8,13288,0
8,13289,1
8,13296,0
8,13297,1
8,13301,0
8,13301,1
8,13310,0
8,13312,1
8,13315,1
8,13319,0
8,13323,0
8,13323,1
8,13325,1
8,13326,1
8,13330,0
8,13334,0
8,13335,1
8,13338,1
8,13346,1
8,13349,0
8,13352,0
8,13359,0
8,13364,1
8,13365,0
8,13369,0
8,13369,1
8,13370,0
8,13374,1
8,13377,0
8,13387,1
8,13389,1
8,13394,0
8,13395,1
8,13396,1
8,13400,1
8,13401,1
8,13405,1
8,13410,0
8,13411,0
8,13412,1
8,13414,0
8,13415,0
8,13415,1
8,13421,0
8,13424,1
8,13428,0
8,13428,1
8,13431,1
8,13435,0
8,13436,0
8,13437,0
8,13440,1
8,13442,0
8,13445,0
8,13452,1
8,13461,0
8,13464,0
8,13464,1
8,13465,1
8,13468,0
8,13473,0
8,13473,1
8,13479,0
8,13487,1
8,13492,1
8,13493,0
8,13500,1
8,13503,0
8,13507,0
8,13507,1
8,13509,1
8,13512,0
8,13513,1
8,13521,1
8,13523,1
8,13525,0
8,13528,0
8,13530,0
8,13533,0
8,13536,0
8,13544,0
8,13545,0
8,13549,0
8,13549,1
8,13550,0
8,13552,1
8,13555,1
8,13558,1
8,13559,1
8,13560,0
8,13563,0
8,13565,0
8,13570,0
8,13572,1
8,13577,1
8,13585,0
8,13589,1
8,13595,1
8,13597,1
8,13603,0
8,13606,0
8,13609,0
8,13614,1
8,13618,0
8,13621,1
8,13625,0
8,13630,0
8,13636,1
8,13637,0
8,13643,1
8,13644,0
8,13648,0
8,13649,1
8,13653,1
8,13654,0
8,13654,1
8,13658,1
8,13660,0
8,13663,1
8,13665,0
8,13665,1
8,13669,1
8,13670,0
8,13673,0
8,13673,1
8,13677,1
8,13679,0
8,13680,1
8,13681,0
8,13682,0
8,13686,0
8,13686,1
8,13687,0
8,13689,1
8,13690,1
8,13696,0
8,13698,0
8,13699,1
8,13709,0
8,13716,0
8,13716,1
8,13721,0
8,13723,0
8,13729,0
8,13732,1
8,13735,1
8,13738,1
8,13742,1
8,13751,1
8,13756,0
8,13757,1
8,13763,1
8,13764,1
8,13769,0
8,13773,1
8,13774,1
8,13780,1
8,13782,0
8,13787,0
8,13792,0
8,13799,1
8,13800,0
8,13804,0
8,13812,0
8,13817,0
8,13822,0
8,13824,1
8,13834,1
8,13839,1
8,13845,1
8,13847,0
8,13852,0
8,13853,0
8,13853,1
8,13856,0
8,13856,1
8,13859,1
8,13862,1
8,13864,1
8,13879,1
8,13884,0
8,13885,0
8,13888,0
8,13889,1
8,13890,1
8,13903,0
8,13905,0
8,13907,0
8,13908,1
8,13910,1
8,13924,0
8,13929,1
8,13934,1
8,13946,0
8,13961,1
8,13966,0
8,13971,1
8,13978,0
8,13992,0
8,13994,1
8,13997,0
8,14000,1
8,14002,1
8,14005,1
8,14007,0
8,14007,1
8,14012,0
8,14012,1
8,14023,1
8,14028,0
8,14030,1
8,14031,1
8,14032,1
8,14033,0
8,14041,0
8,14042,0
8,14046,1
8,14047,1
8,14048,0
8,14051,0
8,14052,1
8,14056,1
8,14057,1
8,14058,0
8,14060,0
8,14061,0
8,14062,1
8,14084,1
8,14088,1
8,14111,0
8,14115,0
8,14120,0
8,14122,0
8,14131,1
8,14132,1
8,14153,0
8,14168,0
8,14189,1
8,14198,0
8,14200,0
8,14201,0
8,14203,1
8,14206,0
8,14214,0
8,14219,0
8,14220,1
8,14224,0
8,14226,0
8,14227,1
8,14232,1
8,14238,1
8,14249,0
8,14252,1
8,14268,1
8,14271,0
8,14273,0
8,14275,1
8,14277,0
8,14280,1
8,14282,0
8,14284,1
8,14289,0
8,14292,1
8,14293,0
8,14298,0
8,14303,1
8,14306,0
8,14308,1
8,14316,1
8,14321,1
8,14327,1
8,14331,1
8,14339,0
8,14342,1
8,14353,1
8,14364,0
8,14364,1
8,14368,1
8,14373,0
8,14378,0
8,14379,0
8,14384,0
8,14393,1
8,14394,0
8,14402,1
8,14406,1
8,14408,1
8,14413,1
8,14415,1
8,14416,0
8,14417,1
8,14421,0
8,14426,0
8,14426,1
8,14438,1
8,14439,1
8,14444,1
8,14446,1
8,14449,1
8,14450,0
8,14454,0
8,14460,1
8,14461,1
8,14467,0
8,14469,0
8,14476,1
8,14477,0
8,14484,0
8,14489,1
8,14490,1
8,14492,1
8,14505,0
8,14534,1
8,14539,1
8,14550,1
8,14551,0
8,14555,1
8,14560,1
8,14562,1
8,14566,0
8,14566,1
8,14570,1
8,14585,0
8,14593,1
8,14595,1
8,14596,1
8,14620,0
8,14635,1
8,14639,0
8,14640,1
8,14641,1
8,14653,0
8,14689,0
8,14689,1
8,14692,1
8,14694,1
8,14701,1
8,14711,0
8,14712,1
8,14715,0
8,14716,1
8,14717,0
8,14718,0
8,14719,1
8,14721,1
8,14724,1
8,14729,0
8,14730,1
8,14731,1
8,14732,1
8,14735,1
8,14737,0
8,14744,1
8,14746,0
8,14748,0
8,14751,1
8,14760,0
8,14764,0
8,14772,1
8,14780,0
8,14788,0
8,14789,0
8,14794,1
8,14802,0
8,14806,0
8,14807,0
8,14812,1
8,14814,0
8,14818,0
8,14820,1
8,14823,1
8,14825,1
8,14834,1
8,14839,1
8,14840,0
8,14845,0
8,14847,1
8,14848,0
8,14850,0
8,14852,0
8,14855,0
8,14858,1
8,14859,1
8,14861,0
8,14864,0
8,14866,1
8,14873,0
8,14878,1
8,14881,1
8,14883,1
8,14884,1
8,14888,1
8,14889,1
8,14890,0
8,14897,0
8,14898,0
8,14898,1
8,14900,1
8,14906,1
8,14908,1
8,14912,0
8,14916,0
8,14917,0
8,14917,1
8,14920,0
8,14921,1
8,14924,1
8,14925,0
8,14926,0
8,14927,1
8,14933,1
8,14938,0
8,14938,1
8,14942,0
8,14943,1
8,14944,0
8,14948,1
8,14949,0
8,14954,0
8,14956,1
8,14958,1
8,14961,1
8,14962,1
8,14964,1
8,14996,0
8,15004,0
8,15007,0
8,15012,0
8,15013,1
8,15016,1
8,15024,0
8,15030,1
8,15033,0
8,15035,1
8,15037,1
8,15039,0
8,15040,1
8,15041,0
8,15042,0
8,15046,0
8,15047,0
8,15048,0
8,15055,1
8,15059,1
8,15075,1
8,15076,1
8,15102,0
8,15106,0
8,15107,0
8,15110,1
8,15112,1
8,15113,1
8,15116,1
8,15121,1
8,15125,1
8,15126,0
8,15127,0
8,15130,0
8,15136,1
8,15140,0
8,15144,0
8,15146,1
8,15149,0
8,15149,1
8,15150,1
8,15153,0
8,15159,0
8,15169,1
8,15171,0
8,15172,0
8,15172,1
8,15173,0
8,15187,1
8,15189,0
8,15194,0
8,15195,1
8,15197,1
8,15198,1
8,15199,1
8,15200,0
8,15205,1
8,15206,1
8,15208,1
8,15213,0
8,15216,1
8,15220,1
8,15221,1
8,15230,1
8,15231,1
8,15237,1
8,15238,1
8,15241,1
8,15242,0
8,15245,0
8,15246,0
8,15246,1
8,15249,0
8,15250,0
8,15253,1
8,15255,1
8,15256,1
8,15260,1
8,15261,1
8,15263,0
8,15264,0
8,15268,1
8,15269,1
8,15270,0
8,15271,0
8,15272,0
8,15273,1
8,15275,1
8,15282,1
8,15285,0
8,15289,0
8,15291,1
8,15296,0
8,15297,1
8,15302,1
8,15303,0
8,15303,1
8,15304,0
8,15310,0
8,15317,1
8,15318,1
8,15323,0
8,15325,0
8,15334,0
8,15335,0
8,15336,0
8,15337,1
8,15340,0
8,15340,1
8,15343,1
8,15347,0
8,15351,0
8,15354,0
8,15355,1
8,15357,0
8,15361,0
8,15363,0
8,15369,1
8,15372,1
8,15373,0
8,15374,1
8,15378,0
8,15379,1
8,15382,1
8,15383,0
8,15385,1
8,15390,0
8,15391,1
8,15393,0
8,15394,1
8,15396,0
8,15400,0
8,15403,0
8,15405,1
8,15406,0
8,15406,1
8,15407,1
8,15408,1
8,15410,1
8,15412,1
8,15414,1
8,15415,1
8,15416,1
8,15419,0
8,15429,1
8,15432,1
8,15435,0
8,15435,1
8,15436,1
8,15443,0
8,15444,1
8,15446,0
8,15452,0
8,15458,1
8,15459,0
8,15461,1
8,15465,1
8,15466,1
8,15468,0
8,15469,1
8,15474,0
8,15475,0
8,15478,0
8,15480,1
8,15485,0
8,15485,1
8,15490,1
8,15497,0
8,15500,1
8,15501,0
8,15502,1
8,15506,0
8,15518,0
8,15521,1
8,15526,0
8,15529,0
8,15544,1
8,15546,0
8,15548,1
8,15550,0
8,15551,0
8,15552,0
8,15554,1
8,15560,0
8,15560,1
8,15568,0
8,15573,0
8,15575,1
8,15576,0
8,15584,0
8,15586,0
8,15591,1
8,15594,1
8,15605,1
8,15609,1
8,15615,1
8,15622,0
8,15627,1
8,15628,0
8,15631,0
8,15631,1
8,15633,1
8,15637,1
8,15638,0
8,15640,1
8,15641,1
8,15644,1
8,15645,1
8,15646,0
8,15647,0
8,15647,1
8,15649,0
8,15650,1
8,15653,1
8,15655,0
8,15656,0
8,15665,1
8,15670,0
8,15672,0
8,15674,1
8,15680,1
8,15681,0
8,15682,1
8,15685,1
8,15695,1
8,15701,1
8,15705,0
8,15705,1
8,15706,0
8,15711,1
8,15712,1
8,15713,0
8,15715,0
8,15719,1
8,15721,0
8,15725,1
8,15729,1
8,15733,0
8,15736,1
8,15741,0
8,15743,1
8,15746,0
8,15746,1
8,15749,1
8,15754,1
8,15759,1
8,15766,0
8,15777,0
8,15789,1
8,15793,0
8,15794,0
8,15797,0
8,15802,1
8,15803,0
8,15806,0
8,15811,0
8,15815,0
8,15816,0
8,15820,1
8,15831,1
8,15833,1
8,15836,1
8,15843,0
8,15843,1
8,15850,1
8,15861,1
8,15862,0
8,15869,1
8,15875,1
8,15887,0
8,15890,0
8,15891,0
8,15892,1
8,15896,1
8,15897,1
8,15898,0
8,15900,1
8,15903,0
8,15904,0
8,15908,0
8,15919,1
8,15923,1
8,15932,0
8,15933,0
8,15939,1
8,15942,1
8,15945,0
8,15947,1
8,15950,0
8,15951,1
8,15955,0
8,15958,1
8,15960,0
8,15960,1
8,15963,1
8,15965,1
8,15968,1
8,15973,1
8,15974,0
8,15982,1
8,15984,1
8,15988,0
8,15993,1
8,15994,0
8,15995,1
8,15998,1
8,15999,0
8,16003,0
8,16003,1
8,16004,0
8,16007,1
8,16008,0
8,16009,1
8,16010,1
8,16011,1
8,16015,0
8,16016,0
8,16020,1
8,16021,1
8,16030,1
8,16042,0
8,16042,1
8,16047,1
8,16057,0
8,16060,0
8,16062,1
8,16065,1
8,16067,1
8,16078,1
8,16082,0
8,16085,0
8,16087,0
8,16108,1
8,16112,0
8,16114,0
8,16117,1
8,16119,0
8,16122,1
8,16124,1
8,16127,1
8,16135,1
8,16140,0
8,16144,0
8,16149,0
8,16152,0
8,16155,0
8,16160,0
8,16161,1
8,16164,1
8,16165,0
8,16166,1
8,16169,1
8,16171,1
8,16174,0
8,16176,0
8,16181,1
8,16186,1
8,16187,1
8,16188,0
8,16190,1
8,16192,1
8,16193,0
8,16195,1
8,16196,0
8,16197,1
8,16201,1
8,16202,1
8,16206,0
8,16208,0
8,16217,0
8,16219,0
8,16222,1
8,16227,1
8,16231,0
8,16236,0
8,16246,1
8,16256,1
8,16261,0
8,16261,1
8,16266,0
8,16270,0
8,16271,1
8,16275,1
8,16291,0
8,16296,1
8,16301,1
8,16306,0
8,16325,1
8,16327,0
8,16336,0
8,16341,0
8,16348,1
8,16353,0
8,16358,1
8,16362,0
8,16367,1
8,16372,0
9,3,1
9,8,0
9,13,1
9,18,0
9,23,0
9,28,1
9,40,1
9,45,0
9,45,1
9,47,0
9,52,1
9,55,1
9,56,1
9,59,1
9,60,0
9,61,1
9,64,1
9,66,0
9,68,0
9,89,1
9,94,0
9,125,1
9,130,0
9,134,1
9,135,0
9,139,0
9,148,1
9,152,0
9,154,1
9,157,1
9,159,1
9,163,1
9,164,1
9,166,0
9,168,0
9,168,1
9,169,1
9,170,0
9,171,0
9,173,0
9,174,1
9,175,0
9,175,1
9,178,1
9,182,1
9,184,0
9,187,0
9,189,1
9,192,0
9,194,0
9,197,1
9,202,0
9,218,0
9,223,0
9,223,1
9,228,1
9,241,1
9,259,0
9,268,1
9,269,0
9,277,1
9,280,1
9,282,1
9,287,0
9,288,1
9,293,1
9,294,0
9,294,1
9,298,1
9,299,0
9,303,1
9,316,1
9,317,1
9,320,0
9,322,1
9,326,1
9,327,1
9,330,1
9,331,0
9,358,0
9,358,1
9,363,0
9,363,1
9,372,1
9,374,1
9,377,0
9,391,1
9,412,0
9,422,0
9,425,0
9,430,1
9,431,1
9,435,0
9,435,1
9,439,0
9,445,0
9,447,1
9,450,0
9,450,1
9,452,1
9,453,1
9,455,1
9,457,1
9,460,1
9,463,0
9,465,0
9,465,1
9,466,0
9,470,1
9,475,0
9,479,0
9,479,1
9,480,1
9,481,0
9,482,0
9,485,0
9,486,1
9,487,0
9,488,0
9,489,1
9,490,1
9,491,1
9,492,1
9,494,0
9,497,1
9,502,0
9,503,1
9,504,1
9,508,0
9,510,1
9,517,1
9,521,1
9,522,0
9,528,1
9,536,1
9,539,0
9,542,1
9,543,0
9,543,1
9,547,0
9,547,1
9,548,1
9,550,0
9,550,1
9,551,1
9,552,0
9,552,1
9,553,1
9,555,0
9,555,1
9,558,0
9,562,0
9,564,1
9,566,1
9,567,1
9,570,0
9,570,1
9,573,1
9,574,1
9,575,1
9,581,1
9,583,0
9,586,1
9,593,0
9,595,1
9,596,0
9,597,0
9,598,1
9,599,1
9,601,1
9,602,0
9,606,1
9,607,1
9,609,1
9,612,0
9,612,1
9,613,0
9,614,0
9,614,1
9,615,0
9,618,0
9,618,1
9,620,1
9,622,0
9,625,0
9,625,1
9,626,0
9,628,0
9,630,0
9,632,0
9,632,1
9,634,1
9,635,1
9,636,1
9,638,1
9,639,1
9,640,1
9,645,0
9,646,1
9,648,0
9,649,1
9,651,1
9,652,0
9,655,0
9,658,0
9,661,0
9,662,0
9,663,0
9,664,0
9,665,0
9,667,1
9,669,0
9,670,0
9,671,0
9,672,1
9,673,0
9,674,1
9,678,1
9,680,1
9,681,0
9,681,1
9,682,0
9,684,1
9,685,1
9,687,0
9,687,1
9,688,0
9,688,1
9,690,0
9,691,0
9,695,1
9,696,1
9,699,0
9,699,1
9,700,0
9,701,1
9,702,1
9,704,0
9,704,1
9,706,1
9,707,0
9,707,1
9,708,1
9,709,1
9,710,1
9,711,0
9,711,1
9,713,1
9,714,0
9,715,1
9,716,0
9,717,0
9,719,0
9,720,1
9,722,0
9,723,1
9,724,1
9,725,0
9,727,0
9,727,1
9,728,0
9,729,0
9,731,0
9,732,1
9,733,1
9,739,0
9,739,1
9,741,0
9,741,1
9,742,0
9,743,0
9,746,0
9,746,1
9,747,0
9,749,1
9,750,0
9,750,1
9,753,0
9,754,0
9,755,1
9,756,0
9,758,0
9,758,1
9,759,0
9,762,1
9,764,0
9,764,1
9,767,0
9,767,1
9,769,0
9,770,1
9,773,0
9,774,1
9,775,0
9,776,1
9,777,1
9,781,1
9,783,0
9,784,1
9,785,1
9,786,0
9,786,1
9,791,1
9,793,0
9,793,1
9,794,0
9,794,1
9,796,0
9,797,0
9,798,1
9,799,0
9,800,1
9,801,1
9,802,1
9,803,0
9,803,1
9,804,0
9,805,0
9,806,1
9,807,0
9,808,0
9,809,0
9,809,1
9,811,0
9,812,1
9,815,0
9,816,0
9,817,0
9,817,1
9,818,0
9,818,1
9,821,0
9,821,1
9,823,0
9,825,0
9,825,1
9,827,0
9,828,1
9,831,1
9,833,0
9,834,0
9,836,0
9,836,1
9,837,1
9,838,0
9,838,1
9,839,1
9,840,0
9,842,0
9,842,1
9,843,0
9,845,0
9,845,1
9,846,1
9,852,0
9,853,0
9,855,0
9,855,1
9,857,1
9,860,0
9,862,0
9,863,1
9,864,1
9,865,1
9,866,0
9,867,1
9,869,0
9,870,1
9,873,0
9,874,0
9,875,0
9,875,1
9,876,0
9,878,0
9,879,1
9,880,1
9,881,1
9,882,1
9,886,1
9,887,0
9,887,1
9,889,0
9,889,1
9,890,0
9,893,0
9,894,1
9,895,0
9,895,1
9,896,0
9,896,1
9,899,1
9,900,1
9,902,0
9,902,1
9,905,1
9,907,0
9,908,1
9,912,1
9,913,0
9,914,0
9,916,0
9,916,1
9,917,0
9,918,1
9,919,0
9,920,0
9,920,1
9,922,0
9,922,1
9,925,1
9,926,0
9,926,1
9,927,0
9,928,0
9,928,1
9,929,0
9,931,0
9,932,1
9,933,1
9,934,0
9,934,1
9,935,1
9,940,1
9,942,0
9,945,0
9,947,1
9,948,1
9,950,0
9,954,0
9,954,1
9,957,1
9,958,0
9,958,1
9,959,1
9,961,0
9,961,1
9,962,0
9,963,0
9,965,0
9,966,1
9,967,1
9,968,1
9,969,0
9,970,1
9,971,1
9,973,0
9,976,0
9,976,1
9,977,1
9,978,0
9,978,1
9,979,1
9,980,0
9,982,1
9,983,0
9,984,1
9,985,1
9,987,0
9,987,1
9,989,1
9,992,0
9,992,1
9,993,0
9,994,1
9,995,1
9,996,0
9,996,1
9,998,0
9,999,1
9,1001,1
9,1002,1
9,1003,0
9,1003,1
9,1004,1
9,1005,0
9,1006,0
9,1007,1
9,1010,0
9,1011,0
9,1012,0
9,1012,1
9,1013,0
9,1013,1
9,1014,1
9,1015,1
9,1016,1
9,1017,0
9,1019,1
9,1021,0
9,1021,1
9,1023,0
9,1025,1
9,1028,1
9,1029,1
9,1030,0
9,1032,1
9,1033,0
9,1033,1
9,1034,1
9,1038,1
9,1041,0
9,1041,1
9,1045,1
9,1047,0
9,1051,1
9,1052,0
9,1052,1
9,1053,0
9,1054,0
9,1054,1
9,1055,1
9,1059,0
9,1060,1
9,1063,1
9,1065,0
9,1065,1
9,1066,1
9,1067,0
9,1067,1
9,1069,0
9,1070,1
9,1071,1
9,1074,0
9,1074,1
9,1075,0
9,1077,0
9,1078,0
9,1078,1
9,1079,0
9,1082,1
9,1087,1
9,1088,1
9,1089,1
9,1090,1
9,1092,1
9,1093,0
9,1095,1
9,1096,0
9,1097,1
9,1100,0
9,1102,0
9,1103,0
9,1103,1
9,1107,1
9,1108,0
9,1109,0
9,1111,0
9,1111,1
9,1113,0
9,1114,0
9,1115,1
9,1116,0
9,1118,0
9,1120,0
9,1125,1
9,1126,0
9,1129,0
9,1133,1
9,1134,1
9,1136,0
9,1137,1
9,1138,1
9,1142,0
9,1143,1
9,1144,0
9,1145,1
9,1146,0
9,1147,0
9,1147,1
9,1148,0
9,1148,1
9,1151,0
9,1151,1
9,1154,1
9,1157,1
9,1159,1
9,1163,0
9,1164,1
9,1165,0
9,1166,1
9,1169,1
9,1171,1
9,1172,0
9,1173,1
9,1174,0
9,1174,1
9,1175,0
9,1176,0
9,1176,1
9,1178,0
9,1182,1
9,1185,0
9,1186,1
9,1187,0
9,1188,1
9,1190,1
9,1192,1
9,1193,0
9,1195,0
9,1199,1
9,1201,1
9,1203,1
9,1206,0
9,1208,1
9,1209,1
9,1210,1
9,1211,0
9,1211,1
9,1214,0
9,1214,1
9,1215,0
9,1216,0
9,1216,1
9,1217,0
9,1218,0
9,1218,1
9,1223,1
9,1224,1
9,1225,1
9,1227,0
9,1230,0
9,1232,1
9,1233,0
9,1234,0
9,1235,0
9,1236,1
9,1239,1
9,1240,0
9,1241,1
9,1242,0
9,1242,1
9,1244,0
9,1247,0
9,1250,0
9,1250,1
9,1251,0
9,1251,1
9,1254,0
9,1255,0
9,1255,1
9,1256,0
9,1256,1
9,1257,0
9,1257,1
9,1258,0
9,1259,1
9,1261,0
9,1263,0
9,1263,1
9,1265,1
9,1268,0
9,1268,1
9,1270,1
9,1273,0
9,1274,1
9,1276,0
9,1279,0
9,1280,0
9,1282,0
9,1283,0
9,1283,1
9,1285,1
9,1286,1
9,1287,0
9,1288,1
9,1290,1
9,1291,0
9,1292,1
9,1293,0
9,1293,1
9,1295,0
9,1295,1
9,1297,1
9,1298,0
9,1299,0
9,1302,0
9,1302,1
9,1303,0
9,1304,0
9,1304,1
9,1307,1
9,1310,0
9,1312,0
9,1314,0
9,1315,1
9,1332,0
9,1333,0
9,1339,0
9,1340,1
9,1343,0
9,1343,1
9,1345,0
9,1348,0
9,1349,1
9,1350,0
9,1351,0
9,1353,1
9,1354,0
9,1358,0
9,1358,1
9,1360,1
9,1363,0
9,1363,1
9,1365,0
9,1366,0
9,1366,1
9,1367,1
9,1368,0
9,1370,0
9,1371,1
9,1373,1
9,1375,1
9,1377,1
9,1381,1
9,1386,1
9,1387,1
9,1388,1
9,1396,0
9,1396,1
9,1398,1
9,1400,0
9,1402,1
9,1403,1
9,1405,0
9,1407,0
9,1408,0
9,1409,1
9,1411,0
9,1412,0
9,1414,0
9,1416,1
9,1417,0
9,1418,0
9,1419,0
9,1419,1
9,1422,0
9,1423,0
9,1423,1
9,1424,0
9,1427,1
9,1428,1
9,1433,1
9,1437,1
9,1439,0
9,1441,1
9,1442,1
9,1443,1
9,1446,0
9,1447,1
9,1448,0
9,1453,1
9,1461,1
9,1462,0
9,1465,1
9,1466,1
9,1470,0
9,1471,0
9,1474,0
9,1475,1
9,1476,0
9,1476,1
9,1477,0
9,1478,1
9,1479,1
9,1480,0
9,1481,0
9,1481,1
9,1482,1
9,1484,0
9,1485,0
9,1486,1
9,1489,0
9,1489,1
9,1497,0
9,1497,1
9,1501,0
9,1502,0
9,1502,1
9,1505,0
9,1505,1
9,1506,0
9,1507,0
9,1507,1
9,1510,0
9,1512,0
9,1512,1
9,1515,0
9,1516,0
9,1517,0
9,1519,1
9,1521,0
9,1521,1
9,1524,0
9,1526,0
9,1526,1
9,1534,1
9,1538,0
9,1538,1
9,1543,1
9,1545,1
9,1548,0
9,1548,1
9,1549,0
9,1549,1
9,1551,0
9,1553,0
9,1553,1
9,1554,0
9,1556,1
9,1558,1
9,1559,1
9,1560,0
9,1562,0
9,1570,0
9,1570,1
9,1572,1
9,1573,1
9,1583,0
9,1587,0
9,1592,0
9,1594,0
9,1599,0
9,1608,0
9,1608,1
9,1611,1
9,1612,0
9,1613,0
9,1614,0
9,1614,1
9,1615,1
9,1616,1
9,1619,1
9,1620,0
9,1625,0
9,1629,1
9,1630,1
9,1635,0
9,1637,1
9,1640,1
9,1642,1
9,1646,1
9,1656,0
9,1662,0
9,1662,1
9,1669,1
9,1670,1
9,1674,0
9,1675,0
9,1675,1
9,1676,1
9,1680,1
9,1681,0
9,1685,0
9,1690,1
9,1697,0
9,1697,1
9,1701,1
9,1702,0
9,1702,1
9,1706,0
9,1706,1
9,1707,1
9,1708,0
9,1710,0
9,1711,1
9,1713,0
9,1715,1
9,1720,1
9,1731,1
9,1745,0
9,1746,0
9,1750,0
9,1750,1
9,1751,1
9,1756,0
9,1756,1
9,1762,0
9,1766,1
9,1767,1
9,1768,1
9,1770,0
9,1773,0
9,1773,1
9,1774,0
9,1775,0
9,1778,1
9,1780,0
9,1782,1
9,1785,0
9,1787,1
9,1795,0
9,1797,1
9,1798,0
9,1798,1
9,1799,0
9,1800,1
9,1802,0
9,1802,1
9,1803,0
9,1804,1
9,1805,1
9,1806,0
9,1807,1
9,1808,0
9,1811,0
9,1812,0
9,1813,0
9,1814,1
9,1818,1
9,1819,0
9,1834,1
9,1842,0
9,1843,1
9,1846,1
9,1850,0
9,1850,1
9,1853,1
9,1854,0
9,1856,1
9,1859,1
9,1860,0
9,1865,0
9,1868,1
9,1869,0
9,1869,1
9,1870,0
9,1870,1
9,1872,0
9,1872,1
9,1873,0
9,1874,0
9,1874,1
9,1875,0
9,1877,0
9,1877,1
9,1881,0
9,1882,0
9,1883,0
9,1886,0
9,1887,0
9,1887,1
9,1888,1
9,1892,1
9,1898,1
9,1912,0
9,1918,0
9,1921,1
9,1924,1
9,1926,0
9,1931,1
9,1932,0
9,1933,1
9,1937,0
9,1938,0
9,1938,1
9,1939,0
9,1941,0
9,1941,1
9,1942,0
9,1943,0
9,1945,0
9,1946,0
9,1946,1
9,1950,0
9,1951,1
9,1954,1
9,1955,1
9,1957,1
9,1959,1
9,1963,0
9,1963,1
9,1964,0
9,1968,0
9,1969,0
9,1973,1
9,1975,0
9,1976,0
9,1978,0
9,1989,1
9,1996,1
9,1998,0
9,1999,1
9,2000,0
9,2003,1
9,2004,1
9,2016,0
9,2017,0
9,2022,0
9,2022,1
9,2023,1
9,2026,0
9,2027,0
9,2028,1
9,2030,0
9,2030,1
9,2033,1
9,2035,0
9,2035,1
9,2038,0
9,2039,1
9,2040,1
9,2042,1
9,2043,1
9,2044,1
9,2047,0
9,2054,0
9,2061,1
9,2065,0
9,2066,0
9,2066,1
9,2068,0
9,2069,0
9,2071,1
9,2072,0
9,2073,1
9,2077,0
9,2078,0
9,2090,1
9,2092,0
9,2097,0
9,2101,0
9,2103,0
9,2104,0
9,2106,0
9,2107,0
9,2108,0
9,2109,0
9,2109,1
9,2111,0
9,2114,1
9,2116,0
9,2120,0
9,2129,1
9,2130,0
9,2135,1
9,2137,1
9,2142,0
9,2142,1
9,2147,1
9,2151,1
9,2152,0
9,2156,1
9,2157,0
9,2161,0
9,2164,0
9,2166,0
9,2173,1
9,2178,0
9,2183,0
9,2183,1
9,2186,1
9,2191,1
9,2192,0
9,2194,1
9,2196,1
9,2199,0
9,2203,0
9,2208,1
9,2244,1
9,2251,0
9,2256,0
9,2261,1
9,2264,0
9,2289,0
9,2294,1
9,2299,1
9,2301,0
9,2317,0
9,2321,0
9,2326,1
9,2331,0
9,2332,0
9,2336,1
9,2337,0
9,2350,1
9,2355,0
9,2355,1
9,2360,0
9,2360,1
9,2365,0
9,2376,1
9,2381,1
9,2394,1
9,2399,0
9,2399,1
9,2404,0
9,2404,1
9,2409,1
9,2413,0
9,2429,1
9,2437,0
9,2440,1
9,2442,1
9,2445,0
9,2487,0
9,2533,0
9,2538,1
9,2543,0
9,2543,1
9,2548,1
9,2600,0
9,2605,1
9,2610,1
9,2613,1
9,2618,0
9,2633,0
9,2655,1
9,2660,1
9,2836,1
9,2841,0
9,2853,0
9,2858,1
9,2863,1
9,2870,0
9,2906,1
9,2911,1
9,2916,1
9,2922,1
9,2929,1
9,2934,0
9,2939,1
9,2940,1
9,2944,0
9,2949,1
9,2954,1
9,2959,1
9,2964,0
9,2988,1
9,3006,0
9,3013,1
9,3018,1
9,3021,0
9,3032,0
9,3033,1
9,3038,0
9,3045,1
9,3046,1
9,3050,1
9,3051,0
9,3073,0
9,3075,0
9,3075,1
9,3076,0
9,3076,1
9,3077,0
9,3078,1
9,3079,1
9,3080,0
9,3081,1
9,3082,1
9,3083,0
9,3084,1
9,3086,1
9,3087,1
9,3089,1
9,3091,1
9,3092,1
9,3094,0
9,3099,1
9,3101,0
9,3101,1
9,3102,0
9,3104,1
9,3105,0
9,3106,1
9,3108,1
9,3112,1
9,3117,0
9,3118,0
9,3118,1
9,3121,1
9,3122,0
9,3124,0
9,3125,0
9,3126,0
9,3126,1
9,3128,0
9,3128,1
9,3130,0
9,3131,1
9,3133,1
9,3134,0
9,3135,0
9,3136,0
9,3140,1
9,3141,0
9,3145,0
9,3146,1
9,3149,0
9,3159,1
9,3173,0
9,3174,0
9,3176,0
9,3180,0
9,3180,1
9,3181,1
9,3182,1
9,3183,0
9,3184,1
9,3188,0
9,3188,1
9,3189,1
9,3191,0
9,3192,1
9,3193,0
9,3196,1
9,3198,0
9,3199,0
9,3199,1
9,3206,0
9,3207,1
9,3208,1
9,3209,0
9,3210,1
9,3212,1
9,3213,0
9,3215,1
9,3219,1
9,3220,0
9,3221,0
9,3221,1
9,3223,0
9,3225,0
9,3226,1
9,3229,0
9,3233,0
9,3234,0
9,3235,1
9,3236,0
9,3239,1
9,3241,0
9,3241,1
9,3244,0
9,3245,1
9,3251,1
9,3255,1
9,3257,1
9,3258,1
9,3260,1
9,3261,0
9,3262,0
9,3271,0
9,3275,0
9,3276,1
9,3279,0
9,3280,0
9,3281,0
9,3281,1
9,3282,0
9,3282,1
9,3283,0
9,3286,0
9,3290,0
9,3290,1
9,3291,0
9,3296,1
9,3297,1
9,3298,0
9,3299,1
9,3300,0
9,3301,1
9,3304,0
9,3304,1
9,3310,0
9,3311,1
9,3313,0
9,3313,1
9,3316,0
9,3317,0
9,3317,1
9,3318,0
9,3320,1
9,3321,1
9,3323,0
9,3323,1
9,3324,0
9,3324,1
9,3326,0
9,3327,0
9,3328,0
9,3332,1
9,3333,1
9,3335,1
9,3338,1
9,3340,0
9,3342,1
9,3343,0
9,3344,1
9,3349,1
9,3350,0
9,3352,0
9,3355,1
9,3356,0
9,3359,0
9,3363,0
9,3364,0
9,3370,0
9,3371,1
9,3374,1
9,3375,0
9,3376,0
9,3377,1
9,3378,0
9,3379,0
9,3380,0
9,3380,1
9,3381,0
9,3382,1
9,3384,1
9,3385,1
9,3389,0
9,3398,0
9,3404,0
9,3405,0
9,3408,0
9,3413,0
9,3413,1
9,3415,1
9,3416,0
9,3417,0
9,3419,0
9,3421,1
9,3426,0
9,3428,0
9,3429,1
9,3433,1
9,3434,0
9,3435,1
9,3436,1
9,3437,0
9,3437,1
9,3438,1
9,3439,1
9,3441,0
9,3442,1
9,3443,1
9,3447,1
9,3448,1
9,3449,0
9,3452,1
9,3454,0
9,3459,1
9,3460,0
9,3463,1
9,3465,0
9,3465,1
9,3466,0
9,3472,1
9,3475,0
9,3475,1
9,3476,0
9,3476,1
9,3479,0
9,3480,0
9,3484,0
9,3484,1
9,3489,0
9,3490,1
9,3494,0
9,3495,0
9,3497,1
9,3499,1
9,3504,0
9,3506,0
9,3506,1
9,3507,0
9,3511,0
9,3512,1
9,3514,1
9,3515,0
9,3516,0
9,3517,1
9,3520,1
9,3521,0
9,3525,0
9,3526,0
9,3527,0
9,3528,1
9,3530,0
9,3533,1
9,3535,0
9,3537,0
9,3541,0
9,3544,1
9,3556,0
9,3557,1
9,3558,1
9,3562,1
9,3565,0
9,3567,0
9,3574,1
9,3576,1
9,3578,0
9,3582,0
9,3583,0
9,3587,1
9,3588,1
9,3589,0
9,3619,1
9,3622,0
9,3623,0
9,3624,1
9,3632,0
9,3633,1
9,3645,1
9,3649,0
9,3650,0
9,3652,0
9,3655,0
9,3658,0
9,3658,1
9,3674,1
9,3678,0
9,3684,0
9,3688,0
9,3692,0
9,3695,0
9,3699,0
9,3700,1
9,3719,1
9,3725,0
9,3727,1
9,3734,0
9,3739,1
9,3744,1
9,3749,0
9,3750,1
9,3751,0
9,3756,0
9,3758,1
9,3759,0
9,3759,1
9,3762,0
9,3764,1
9,3766,1
9,3767,0
9,3768,0
9,3769,0
9,3773,0
9,3796,0
9,3797,0
9,3798,0
9,3801,1
9,3802,0
9,3802,1
9,3807,1
9,3808,1
9,3811,0
9,3812,1
9,3817,0
9,3829,0
9,3835,1
9,3844,0
9,3848,1
9,3853,1
9,3854,0
9,3858,0
9,3859,0
9,3860,0
9,3860,1
9,3863,0
9,3868,0
9,3881,0
9,3886,1
9,3887,1
9,3891,0
9,3895,1
9,3904,1
9,3908,1
9,3909,1
9,3913,0
9,3914,0
9,3914,1
9,3918,1
9,3919,0
9,3919,1
9,3920,1
9,3923,1
9,3924,0
9,3928,0
9,3929,1
9,3931,1
9,3932,0
9,3933,0
9,3936,1
9,3952,1
9,3956,1
9,3961,0
9,3966,0
9,3983,0
9,3985,1
9,3995,1
9,4001,0
9,4002,1
9,4014,1
9,4016,0
9,4017,0
9,4019,1
9,4022,1
9,4024,1
9,4032,1
9,4047,0
9,4052,1
9,4072,1
9,4073,1
9,4077,0
9,4080,0
9,4082,0
9,4083,0
9,4083,1
9,4086,0
9,4086,1
9,4088,0
9,4092,0
9,4093,0
9,4097,1
9,4103,0
9,4108,0
9,4112,0
9,4114,1
9,4117,0
9,4119,1
9,4122,1
9,4123,1
9,4126,0
9,4127,0
9,4128,0
9,4128,1
9,4131,0
9,4131,1
9,4133,0
9,4135,1
9,4136,0
9,4138,1
9,4139,0
9,4141,0
9,4141,1
9,4144,0
9,4151,0
9,4154,1
9,4175,1
9,4183,0
9,4184,0
9,4185,1
9,4189,1
9,4191,0
9,4194,0
9,4198,0
9,4201,0
9,4203,0
9,4204,1
9,4208,0
9,4211,0
9,4212,0
9,4213,1
9,4215,1
9,4218,1
9,4219,1
9,4220,0
9,4225,0
9,4225,1
9,4228,1
9,4230,0
9,4232,0
9,4233,0
9,4233,1
9,4236,0
9,4238,0
9,4239,0
9,4240,0
9,4241,1
9,4243,0
9,4245,0
9,4247,1
9,4248,1
9,4249,1
9,4250,0
9,4253,0
9,4253,1
9,4254,0
9,4255,1
9,4256,1
9,4257,0
9,4258,1
9,4259,1
9,4261,0
9,4261,1
9,4263,1
9,4264,0
9,4264,1
9,4265,0
9,4266,0
9,4267,0
9,4268,1
9,4269,0
9,4273,1
9,4274,1
9,4276,0
9,4281,0
9,4281,1
9,4282,0
9,4282,1
9,4284,0
9,4285,0
9,4286,1
9,4287,0
9,4288,1
9,4290,1
9,4291,0
9,4292,1
9,4293,0
9,4295,1
9,4297,1
9,4299,0
9,4299,1
9,4301,1
9,4303,1
9,4304,0
9,4307,0
9,4308,0
9,4309,1
9,4312,0
9,4312,1
9,4313,0
9,4313,1
9,4314,0
9,4317,0
9,4318,0
9,4319,1
9,4321,1
9,4322,0
9,4322,1
9,4325,0
9,4326,1
9,4327,1
9,4329,1
9,4330,1
9,4333,0
9,4334,0
9,4335,1
9,4338,1
9,4339,0
9,4343,0
9,4344,1
9,4346,0
9,4347,0
9,4351,0
9,4351,1
9,4355,0
9,4356,0
9,4356,1
9,4358,0
9,4359,1
9,4361,0
9,4364,1
9,4365,0
9,4366,1
9,4368,1
9,4369,0
9,4371,0
9,4371,1
9,4373,0
9,4373,1
9,4376,0
9,4376,1
9,4378,0
9,4380,1
9,4381,0
9,4383,0
9,4383,1
9,4384,0
9,4384,1
9,4386,0
9,4387,1
9,4389,1
9,4390,0
9,4390,1
9,4391,1
9,4392,0
9,4393,1
9,4394,0
9,4396,1
9,4398,1
9,4399,1
9,4400,0
9,4401,0
9,4401,1
9,4402,1
9,4404,0
9,4406,0
9,4406,1
9,4407,1
9,4408,0
9,4408,1
9,4409,1
9,4410,1
9,4411,1
9,4412,0
9,4415,1
9,4416,0
9,4417,1
9,4419,1
9,4421,0
9,4422,1
9,4423,0
9,4423,1
9,4424,1
9,4425,1
9,4426,1
9,4428,1
9,4429,0
9,4430,1
9,4432,1
9,4434,1
9,4435,0
9,4438,0
9,4439,1
9,4441,0
9,4444,0
9,4444,1
9,4445,1
9,4447,0
9,4448,1
9,4449,1
9,4450,0
9,4450,1
9,4451,0
9,4451,1
9,4453,0
9,4454,0
9,4454,1
9,4455,0
9,4455,1
9,4456,0
9,4457,1
9,4458,0
9,4459,1
9,4462,0
9,4463,0
9,4464,0
9,4465,0
9,4467,0
9,4467,1
9,4469,0
9,4470,0
9,4471,1
9,4475,0
9,4477,0
9,4477,1
9,4478,0
9,4483,0
9,4484,0
9,4484,1
9,4485,0
9,4485,1
9,4486,1
9,4487,0
9,4488,0
9,4488,1
9,4489,0
9,4489,1
9,4490,0
9,4492,0
9,4492,1
9,4496,0
9,4497,0
9,4497,1
9,4499,0
9,4499,1
9,4500,0
9,4500,1
9,4502,0
9,4502,1
9,4504,1
9,4506,0
9,4507,0
9,4507,1
9,4508,1
9,4512,0
9,4512,1
9,4513,0
9,4514,0
9,4514,1
9,4515,0
9,4515,1
9,4516,1
9,4521,0
9,4523,0
9,4525,0
9,4529,0
9,4531,0
9,4531,1
9,4533,0
9,4535,0
9,4535,1
9,4536,0
9,4536,1
9,4537,0
9,4537,1
9,4538,0
9,4539,0
9,4539,1
9,4541,0
9,4542,0
9,4542,1
9,4543,0
9,4543,1
9,4544,0
9,4545,1
9,4546,0
9,4547,0
9,4547,1
9,4549,0
9,4550,0
9,4554,0
9,4557,0
9,4557,1
9,4559,0
9,4559,1
9,4560,0
9,4562,0
9,4565,0
9,4565,1
9,4566,1
9,4567,1
9,4568,1
9,4570,0
9,4570,1
9,4573,0
9,4575,1
9,4576,0
9,4577,1
9,4578,1
9,4583,1
9,4585,0
9,4585,1
9,4586,0
9,4588,1
9,4589,0
9,4589,1
9,4590,0
9,4591,0
9,4593,0
9,4593,1
9,4594,0
9,4594,1
9,4595,0
9,4596,0
9,4596,1
9,4597,0
9,4597,1
9,4598,1
9,4599,0
9,4601,0
9,4602,0
9,4604,1
9,4605,0
9,4605,1
9,4607,1
9,4609,1
9,4610,1
9,4612,0
9,4613,0
9,4613,1
9,4615,1
9,4617,0
9,4618,0
9,4618,1
9,4619,0
9,4621,1
9,4622,1
9,4624,1
9,4626,1
9,4629,0
9,4630,0
9,4630,1
9,4631,1
9,4632,0
9,4633,0
9,4634,1
9,4637,0
9,4638,0
9,4639,0
9,4641,1
9,4642,1
9,4643,1
9,4644,0
9,4644,1
9,4645,1
9,4647,1
9,4649,1
9,4650,1
9,4651,1
9,4653,1
9,4657,0
9,4657,1
9,4659,1
9,4661,1
9,4668,1
9,4669,0
9,4669,1
9,4670,0
9,4671,0
9,4671,1
9,4675,0
9,4676,1
9,4678,0
9,4678,1
9,4679,0
9,4680,0
9,4680,1
9,4683,0
9,4684,0
9,4685,0
9,4689,0
9,4689,1
9,4691,0
9,4693,1
9,4694,0
9,4694,1
9,4695,0
9,4696,1
9,4697,1
9,4699,0
9,4700,1
9,4701,1
9,4702,0
9,4703,1
9,4704,1
9,4705,0
9,4707,0
9,4708,0
9,4709,1
9,4710,1
9,4711,0
9,4711,1
9,4712,1
9,4714,0
9,4717,1
9,4718,0
9,4719,0
9,4721,0
9,4724,1
9,4725,0
9,4727,1
9,4729,0
9,4731,0
9,4731,1
9,4733,1
9,4734,1
9,4737,0
9,4738,0
9,4739,0
9,4741,0
9,4742,1
9,4743,0
9,4744,0
9,4746,0
9,4747,0
9,4747,1
9,4748,0
9,4749,0
9,4750,0
9,4750,1
9,4751,0
9,4751,1
9,4755,0
9,4758,0
9,4758,1
9,4759,0
9,4759,1
9,4761,0
9,4761,1
9,4763,0
9,4765,1
9,4768,1
9,4770,0
9,4776,1
9,4777,1
9,4778,1
9,4781,0
9,4782,0
9,4789,1
9,4791,1
9,4792,0
9,4794,0
9,4794,1
9,4797,0
9,4800,1
9,4803,0
9,4803,1
9,4804,0
9,4805,0
9,4806,1
9,4807,1
9,4808,1
9,4809,1
9,4816,0
9,4823,0
9,4824,0
9,4831,0
9,4838,1
9,4840,1
9,4842,1
9,4843,1
9,4845,1
9,4848,1
9,4854,1
9,4855,1
9,4857,0
9,4858,1
9,4859,0
9,4860,0
9,4863,0
9,4863,1
9,4865,1
9,4873,1
9,4879,0
9,4884,0
9,4884,1
9,4887,1
9,4889,1
9,4892,1
9,4894,1
9,4895,0
9,4897,1
9,4899,0
9,4902,0
9,4904,0
9,4907,1
9,4908,1
9,4911,0
9,4914,0
9,4914,1
9,4919,0
9,4919,1
9,4922,0
9,4930,0
9,4933,1
9,4938,0
9,4943,1
9,4944,1
9,4951,1
9,4953,0
9,4959,0
9,4960,1
9,4963,0
9,4964,0
9,4964,1
9,4965,0
9,4966,1
9,4970,0
9,4970,1
9,4974,1
9,4976,0
9,4976,1
9,4977,0
9,4982,0
9,4985,0
9,4985,1
9,5001,0
9,5017,0
9,5022,1
9,5028,1
9,5029,1
9,5032,1
9,5034,0
9,5035,1
9,5037,0
9,5042,0
9,5042,1
9,5050,0
9,5051,0
9,5051,1
9,5053,1
9,5054,0
9,5054,1
9,5055,0
9,5055,1
9,5059,0
9,5061,1
9,5062,0
9,5062,1
9,5063,1
9,5064,0
9,5066,0
9,5067,0
9,5068,1
9,5076,1
9,5078,0
9,5079,0
9,5083,0
9,5086,1
9,5088,1
9,5094,1
9,5096,1
9,5098,1
9,5101,0
9,5101,1
9,5102,0
9,5103,1
9,5105,1
9,5106,0
9,5106,1
9,5110,0
9,5111,1
9,5115,0
9,5116,0
9,5122,1
9,5126,1
9,5127,0
9,5129,1
9,5132,1
9,5136,1
9,5137,1
9,5142,0
9,5151,0
9,5152,1
9,5161,1
9,5162,0
9,5170,0
9,5173,1
9,5175,0
9,5178,0
9,5199,0
9,5206,0
9,5209,1
9,5211,1
9,5212,0
9,5227,1
9,5235,0
9,5245,0
9,5250,0
9,5250,1
9,5252,0
9,5255,1
9,5267,1
9,5269,1
9,5272,0
9,5274,0
9,5277,0
9,5279,1
9,5282,1
9,5284,0
9,5288,1
9,5289,1
9,5294,1
9,5297,1
9,5300,1
9,5301,1
9,5302,1
9,5307,1
9,5313,1
9,5318,1
9,5321,0
9,5324,0
9,5330,0
9,5333,1
9,5337,1
9,5344,1
9,5348,1
9,5350,1
9,5361,1
9,5366,0
9,5368,1
9,5370,0
9,5395,1
9,5397,0
9,5437,1
9,5442,1
9,5444,0
9,5447,1
9,5451,1
9,5452,1
9,5453,0
9,5456,0
9,5457,1
9,5458,0
9,5471,1
9,5476,0
9,5500,0
9,5501,0
9,5505,1
9,5533,0
9,5536,0
9,5538,1
9,5539,0
9,5562,1
9,5567,0
9,5569,0
9,5573,1
9,5578,0
9,5584,1
9,5589,0
9,5599,0
9,5632,1
9,5635,1
9,5636,1
9,5640,1
9,5641,0
9,5641,1
9,5645,0
9,5657,1
9,5659,1
9,5685,0
9,5690,1
9,5695,1
9,5701,1
9,5706,1
9,5708,0
9,5721,1
9,5731,0
9,5736,0
9,5741,0
9,5741,1
9,5746,0
9,5754,1
9,5755,1
9,5761,1
9,5766,0
9,5771,1
9,5782,0
9,5799,0
9,5804,0
9,5804,1
9,5808,1
9,5810,0
9,5812,1
9,5813,0
9,5815,1
9,5827,0
9,5858,0
9,5870,1
9,5875,0
9,5891,0
9,5906,0
9,5918,0
9,5920,1
9,5945,1
9,5948,0
9,5953,1
9,5956,0
9,5958,1
9,5961,0
9,5963,0
9,5968,0
9,5973,1
9,5978,1
9,5983,0
9,5984,1
9,5985,1
9,5989,0
9,5990,1
9,5991,1
9,5994,0
9,6001,1
9,6051,1
9,6054,0
9,6055,0
9,6059,1
9,6060,0
9,6062,1
9,6067,0
9,6069,1
9,6074,0
9,6074,1
9,6077,1
9,6111,1
9,6117,1
9,6122,0
9,6155,0
9,6160,0
9,6189,1
9,6194,1
9,6198,1
9,6199,0
9,6200,0
9,6200,1
9,6205,1
9,6246,1
9,6249,1
9,6270,1
9,6280,1
9,6285,1
9,6290,0
9,6320,0
9,6325,1
9,6330,1
9,6369,0
9,6400,1
9,6417,0
9,6482,1
9,6616,0
9,6627,0
9,6632,1
9,6663,0
9,6668,1
9,6673,0
9,6711,0
9,6716,0
9,6721,0
9,6862,0
9,6867,1
9,6912,1
9,6917,1
9,6927,1
9,6932,0
9,6939,0
9,6940,0
9,6944,1
9,6948,1
9,6949,1
9,6953,1
9,6954,1
9,6958,0
9,6965,0
9,6969,0
9,6994,0
9,6999,1
9,7025,0
9,7104,1
9,7178,1
9,7182,0
9,7183,0
9,7186,0
9,7187,1
9,7188,1
9,7191,0
9,7193,1
9,7195,1
9,7197,1
9,7202,0
9,7207,0
9,7208,1
9,7211,1
9,7212,1
9,7215,1
9,7216,0
9,7221,1
9,7235,1
9,7251,0
9,7255,1
9,7258,1
9,7260,0
9,7263,0
9,7263,1
9,7265,0
9,7268,0
9,7268,1
9,7270,0
9,7273,1
9,7274,0
9,7275,1
9,7279,0
9,7280,0
9,7281,0
9,7283,0
9,7283,1
9,7285,1
9,7286,1
9,7288,1
9,7290,1
9,7291,0
9,7295,1
9,7296,1
9,7297,0
9,7300,1
9,7301,1
9,7302,1
9,7304,0
9,7305,0
9,7306,0
9,7309,1
9,7310,1
9,7311,1
9,7316,0
9,7317,1
9,7321,1
9,7322,1
9,7324,1
9,7325,1
9,7326,1
9,7327,0
9,7329,1
9,7330,0
9,7330,1
9,7331,0
9,7379,1
9,7384,0
9,7389,1
9,7394,0
9,7396,0
9,7398,1
9,7401,0
9,7403,1
9,7406,0
9,7410,1
9,7411,0
9,7415,0
9,7415,1
9,7416,0
9,7420,1
9,7427,0
9,7432,0
9,7432,1
9,7440,1
9,7445,0
9,7450,0
9,7450,1
9,7452,0
9,7455,1
9,7457,0
9,7460,1
9,7462,0
9,7467,1
9,7472,1
9,7477,1
9,7481,0
9,7486,0
9,7488,0
9,7491,0
9,7492,0
9,7493,0
9,7517,1
9,7521,0
9,7531,0
9,7534,1
9,7536,0
9,7538,0
9,7541,1
9,7544,1
9,7546,0
9,7549,1
9,7554,1
9,7559,0
9,7564,1
9,7566,0
9,7572,0
9,7576,1
9,7591,0
9,7591,1
9,7594,0
9,7595,1
9,7596,0
9,7599,0
9,7600,0
9,7605,0
9,7607,0
9,7612,0
9,7612,1
9,7617,0
9,7618,0
9,7624,1
9,7626,1
9,7636,1
9,7637,0
9,7640,0
9,7641,1
9,7644,1
9,7645,0
9,7647,1
9,7651,0
9,7653,0
9,7655,1
9,7656,1
9,7665,0
9,7668,0
9,7669,0
9,7670,0
9,7684,1
9,7686,1
9,7689,0
9,7690,0
9,7694,0
9,7695,0
9,7697,0
9,7698,1
9,7699,1
9,7700,0
9,7703,1
9,7706,1
9,7707,1
9,7708,1
9,7713,1
9,7714,0
9,7716,1
9,7717,0
9,7721,0
9,7723,0
9,7723,1
9,7727,1
9,7732,0
9,7738,1
9,7741,1
9,7742,0
9,7743,1
9,7746,1
9,7751,0
9,7752,0
9,7755,0
9,7761,1
9,7763,0
9,7766,0
9,7769,1
9,7776,1
9,7777,0
9,7777,1
9,7779,1
9,7781,1
9,7784,0
9,7786,0
9,7788,0
9,7789,0
9,7790,0
9,7799,0
9,7799,1
9,7802,1
9,7803,0
9,7810,1
9,7813,0
9,7813,1
9,7814,0
9,7818,1
9,7819,0
9,7820,0
9,7822,1
9,7824,1
9,7825,1
9,7826,0
9,7828,1
9,7830,0
9,7830,1
9,7831,0
9,7832,0
9,7835,0
9,7840,1
9,7841,1
9,7842,1
9,7843,0
9,7845,1
9,7847,0
9,7852,0
9,7853,0
9,7854,0
9,7858,0
9,7862,1
9,7867,1
9,7872,0
9,7878,1
9,7879,0
9,7881,1
9,7882,1
9,7890,0
9,7893,1
9,7894,0
9,7896,0
9,7898,1
9,7899,1
9,7900,1
9,7903,1
9,7904,1
9,7906,0
9,7910,0
9,7911,0
9,7915,1
9,7917,1
9,7918,0
9,7921,0
9,7922,0
9,7931,1
9,7933,1
9,7943,0
9,7944,1
9,7950,1
9,7955,1
9,7958,1
9,7967,1
9,7968,0
9,7970,1
9,7971,0
9,7975,0
9,7976,0
9,7976,1
9,7980,0
9,7981,0
9,7985,1
9,7986,0
9,7987,0
9,7988,1
9,7990,0
9,7992,1
9,7993,1
9,7996,0
9,7998,1
9,7999,1
9,8000,1
9,8001,0
9,8004,1
9,8005,0
9,8009,0
9,8009,1
9,8010,1
9,8011,1
9,8012,0
9,8014,0
9,8015,1
9,8016,0
9,8017,1
9,8020,0
9,8020,1
9,8024,0
9,8028,0
9,8042,0
9,8043,0
9,8044,0
9,8045,1
9,8047,0
9,8050,0
9,8051,0
9,8052,1
9,8055,0
9,8057,0
9,8058,1
9,8064,1
9,8075,0
9,8078,0
9,8094,0
9,8095,1
9,8099,1
9,8100,1
9,8103,0
9,8105,1
9,8106,1
9,8107,1
9,8108,0
9,8109,1
9,8110,0
9,8118,1
9,8122,0
9,8128,0
9,8128,1
9,8129,0
9,8130,0
9,8136,1
9,8141,0
9,8147,0
9,8152,1
9,8153,0
9,8158,0
9,8159,1
9,8163,0
9,8163,1
9,8164,1
9,8166,0
9,8167,1
9,8168,0
9,8168,1
9,8170,0
9,8170,1
9,8173,0
9,8173,1
9,8174,1
9,8176,0
9,8179,0
9,8180,1
9,8181,1
9,8185,0
9,8190,1
9,8193,0
9,8196,1
9,8210,0
9,8228,1
9,8235,1
9,8240,0
9,8244,0
9,8252,1
9,8256,0
9,8261,1
9,8262,0
9,8263,1
9,8268,0
9,8268,1
9,8273,0
9,8281,0
9,8286,0
9,8291,1
9,8294,0
9,8296,1
9,8301,1
9,8308,1
9,8313,1
9,8318,0
9,8331,0
9,8347,0
9,8352,0
9,8354,0
9,8360,0
9,8414,0
9,8448,0
9,8450,0
9,8453,1
9,8454,0
9,8454,1
9,8456,0
9,8462,0
9,8466,0
9,8473,0
9,8474,0
9,8475,1
9,8479,1
9,8480,1
9,8485,0
9,8487,1
9,8490,1
9,8495,1
9,8500,0
9,8505,1
9,8507,0
9,8509,0
9,8511,0
9,8521,1
9,8530,1
9,8540,0
9,8553,1
9,8578,0
9,8578,1
9,8597,0
9,8721,0
9,8739,1
9,9947,0
9,9961,1
9,9974,0
9,9998,0
9,10003,0
9,10026,0
9,10100,0
9,10135,1
9,10150,0
9,10174,1
9,10179,1
9,10235,1
9,10312,0
9,10392,1
9,10479,0
9,10484,0
9,10526,1
9,10773,0
9,10778,1
9,10785,1
9,10790,0
9,10795,1
9,10819,0
9,10838,0
9,10843,0
9,10906,0
9,10911,1
9,10912,1
9,10915,0
9,10920,1
9,10925,0
9,10940,0
9,10942,1
9,10945,1
9,10950,1
9,10957,0
9,10979,0
9,10983,1
9,10988,0
9,10988,1
9,10993,1
9,11012,1
9,11013,1
9,11014,0
9,11018,0
9,11018,1
9,11019,1
9,11023,0
9,11024,1
9,11028,0
9,11028,1
9,11033,1
9,11035,0
9,11035,1
9,11037,1
9,11038,1
9,11040,0
9,11043,0
9,11043,1
9,11044,1
9,11048,0
9,11048,1
9,11051,1
9,11052,1
9,11053,1
9,11055,0
9,11055,1
9,11056,1
9,11057,1
9,11059,1
9,11060,0
9,11061,1
9,11062,0
9,11066,0
9,11067,0
9,11071,0
9,11076,0
9,11077,1
9,11078,0
9,11085,1
9,11094,1
9,11097,0
9,11097,1
9,11098,1
9,11099,0
9,11101,1
9,11103,0
9,11103,1
9,11104,0
9,11104,1
9,11106,1
9,11108,1
9,11109,0
9,11109,1
9,11110,0
9,11119,0
9,11121,0
9,11124,0
9,11126,0
9,11127,0
9,11127,1
9,11128,0
9,11132,0
9,11132,1
9,11137,1
9,11139,0
9,11140,1
9,11144,0
9,11145,1
9,11147,1
9,11152,0
9,11154,1
9,11157,0
9,11157,1
9,11159,0
9,11162,0
9,11166,1
9,11167,1
9,11172,1
9,11173,0
9,11174,1
9,11177,0
9,11178,0
9,11182,1
9,11183,1
9,11185,0
9,11185,1
9,11188,1
9,11189,0
9,11190,1
9,11191,0
9,11195,0
9,11195,1
9,11196,1
9,11200,0
9,11206,0
9,11207,0
9,11208,0
9,11208,1
9,11210,0
9,11211,1
9,11212,0
9,11213,0
9,11214,1
9,11215,0
9,11215,1
9,11220,0
9,11220,1
9,11225,0
9,11228,1
9,11229,0
9,11231,1
9,11234,0
9,11234,1
9,11235,0
9,11236,1
9,11237,0
9,11237,1
9,11238,1
9,11240,0
9,11241,1
9,11242,0
9,11243,1
9,11246,1
9,11247,0
9,11248,1
9,11249,0
9,11250,0
9,11251,1
9,11254,1
9,11255,0
9,11256,0
9,11256,1
9,11257,1
9,11258,0
9,11258,1
9,11261,0
9,11261,1
9,11262,0
9,11262,1
9,11264,0
9,11264,1
9,11265,1
9,11269,1
9,11270,0
9,11274,1
9,11275,0
9,11275,1
9,11276,1
9,11277,0
9,11278,0
9,11279,0
9,11280,0
9,11280,1
9,11281,0
9,11283,0
9,11283,1
9,11285,1
9,11287,1
9,11288,1
9,11289,0
9,11291,1
9,11293,1
9,11295,0
9,11297,0
9,11297,1
9,11298,1
9,11299,1
9,11301,1
9,11304,0
9,11305,1
9,11306,1
9,11307,0
9,11308,1
9,11310,0
9,11311,1
9,11312,0
9,11313,0
9,11313,1
9,11315,0
9,11316,1
9,11317,1
9,11318,0
9,11318,1
9,11320,0
9,11321,1
9,11322,0
9,11324,1
9,11327,0
9,11327,1
9,11328,0
9,11329,1
9,11330,0
9,11331,1
9,11333,0
9,11334,0
9,11335,0
9,11335,1
9,11336,0
9,11339,1
9,11341,1
9,11343,1
9,11344,0
9,11345,0
9,11345,1
9,11346,0
9,11346,1
9,11348,0
9,11350,1
9,11352,1
9,11353,0
9,11353,1
9,11354,1
9,11357,1
9,11358,0
9,11360,1
9,11365,0
9,11366,0
9,11367,1
9,11371,0
9,11372,0
9,11374,0
9,11374,1
9,11375,0
9,11376,0
9,11377,0
9,11378,1
9,11379,0
9,11379,1
9,11380,1
9,11382,0
9,11382,1
9,11383,0
9,11383,1
9,11384,0
9,11385,0
9,11386,0
9,11387,0
9,11387,1
9,11388,0
9,11388,1
9,11389,0
9,11390,0
9,11391,0
9,11391,1
9,11392,0
9,11392,1
9,11393,1
9,11394,1
9,11395,0
9,11395,1
9,11396,0
9,11397,1
9,11398,0
9,11399,1
9,11402,1
9,11404,0
9,11404,1
9,11405,1
9,11406,1
9,11407,0
9,11408,0
9,11409,0
9,11411,0
9,11412,0
9,11413,0
9,11415,0
9,11416,0
9,11416,1
9,11417,0
9,11418,0
9,11418,1
9,11419,0
9,11420,0
9,11420,1
9,11421,0
9,11422,1
9,11423,0
9,11423,1
9,11424,0
9,11427,1
9,11429,0
9,11430,1
9,11431,1
9,11433,0
9,11434,0
9,11435,0
9,11435,1
9,11436,0
9,11437,0
9,11438,0
9,11439,0
9,11442,1
9,11444,1
9,11448,1
9,11449,0
9,11459,0
9,11461,1
9,11462,1
9,11463,1
9,11467,0
9,11471,0
9,11471,1
9,11472,0
9,11473,0
9,11474,0
9,11476,0
9,11477,0
9,11478,0
9,11478,1
9,11479,1
9,11481,1
9,11483,0
9,11484,1
9,11485,0
9,11488,0
9,11488,1
9,11490,0
9,11492,0
9,11496,0
9,11496,1
9,11498,0
9,11500,0
9,11500,1
9,11501,0
9,11502,1
9,11503,1
9,11504,1
9,11505,1
9,11506,1
9,11507,0
9,11507,1
9,11508,0
9,11509,1
9,11511,1
9,11512,0
9,11512,1
9,11513,1
9,11516,1
9,11517,0
9,11518,1
9,11523,1
9,11525,0
9,11527,1
9,11531,0
9,11532,0
9,11533,0
9,11534,0
9,11534,1
9,11539,0
9,11539,1
9,11544,0
9,11544,1
9,11546,1
9,11549,1
9,11551,1
9,11554,0
9,11556,1
9,11559,0
9,11565,0
9,11569,1
9,11573,1
9,11577,0
9,11579,1
9,11582,0
9,11587,0
9,11590,1
9,11591,1
9,11592,0
9,11595,1
9,11596,1
9,11597,0
9,11597,1
9,11602,0
9,11603,1
9,11604,0
9,11615,0
9,11619,0
9,11624,0
9,11626,0
9,11632,0
9,11634,1
9,11637,0
9,11639,1
9,11644,0
9,11644,1
9,11648,0
9,11649,1
9,11653,0
9,11654,0
9,11657,0
9,11660,0
9,11662,1
9,11663,0
9,11667,0
9,11668,1
9,11669,0
9,11672,0
9,11673,0
9,11673,1
9,11684,1
9,11688,1
9,11689,1
9,11691,0
9,11696,1
9,11699,0
9,11700,0
9,11706,1
9,11707,0
9,11708,1
9,11710,0
9,11713,0
9,11714,1
9,11715,1
9,11716,1
9,11717,0
9,11722,0
9,11727,0
9,11730,0
9,11743,1
9,11747,0
9,11758,1
9,11759,0
9,11760,0
9,11762,0
9,11764,1
9,11775,0
9,11783,1
9,11785,0
9,11785,1
9,11787,1
9,11789,0
9,11790,0
9,11791,1
9,11792,0
9,11793,1
9,11795,0
9,11796,0
9,11797,0
9,11804,0
9,11807,0
9,11808,0
9,11810,0
9,11812,0
9,11814,1
9,11816,0
9,11816,1
9,11820,0
9,11822,1
9,11823,1
9,11825,0
9,11827,1
9,11837,1
9,11840,0
9,11849,1
9,11851,1
9,11856,0
9,11869,0
9,11869,1
9,11874,1
9,11877,0
9,11882,0
9,11893,0
9,11895,0
9,11919,1
9,11924,0
9,11925,1
9,11944,1
9,12033,1
9,12040,1
9,12042,1
9,12047,0
9,12058,0
9,12070,1
9,12071,0
9,12289,1
9,12315,1
9,12316,1
9,12356,1
9,12360,0
9,12364,0
9,12389,1
9,12394,0
9,12406,0
9,12429,1
9,12431,0
9,12440,1
9,12466,0
9,12472,1
9,12477,1
9,12488,1
9,12492,1
9,12504,1
9,12514,1
9,12520,1
9,12522,0
9,12525,0
9,12544,1
9,12551,0
9,12555,1
9,12556,0
9,12557,1
9,12561,0
9,12574,0
9,12584,0
9,12587,1
9,12592,0
9,12596,0
9,12600,1
9,12603,1
9,12609,0
9,12618,0
9,12628,1
9,12660,0
9,12765,1
9,12770,1
9,12773,1
9,12833,1
9,12914,0
9,12946,1
9,12980,1
9,13014,0
9,13102,0
9,13103,0
9,13168,0
9,13198,1
9,13274,1
9,13277,0
9,13306,0
9,13329,0
9,13334,1
9,13340,1
9,13344,1
9,13361,1
9,13366,0
9,13366,1
9,13379,0
9,13381,1
9,13382,1
9,13386,1
9,13391,1
9,13405,1
9,13410,0
9,13424,1
9,13429,1
9,13438,0
9,13445,0
9,13450,0
9,13450,1
9,13455,1
9,13460,0
9,13460,1
9,13466,0
9,13471,1
9,13489,1
9,13494,0
9,13497,0
9,13502,1
9,13504,1
9,13507,0
9,13521,1
9,13524,1
9,13526,1
9,13527,0
9,13531,0
9,13532,1
9,13536,1
9,13537,1
9,13541,0
9,13542,1
9,13547,1
9,13553,0
9,13564,0
9,13566,0
9,13569,1
9,13571,0
9,13574,1
9,13579,0
9,13579,1
9,13584,0
9,13587,0
9,13591,1
9,13592,0
9,13596,1
9,13597,0
9,13601,1
9,13602,0
9,13603,1
9,13604,0
9,13604,1
9,13608,0
9,13609,1
9,13610,1
9,13615,1
9,13618,0
9,13619,1
9,13624,1
9,13626,1
9,13633,1
9,13634,0
9,13635,1
9,13646,0
9,13658,1
9,13662,1
9,13707,0
9,13727,1
9,13746,1
9,13747,1
9,13763,0
9,13765,0
9,13769,0
9,13770,1
9,13771,1
9,13778,0
9,13783,0
9,13784,1
9,13785,0
9,13787,1
9,13788,1
9,13797,1
9,13800,0
9,13804,0
9,13805,0
9,13806,1
9,13808,0
9,13809,1
9,13810,0
9,13810,1
9,13811,0
9,13813,0
9,13813,1
9,13815,1
9,13818,0
9,13818,1
9,13820,0
9,13830,0
9,13835,0
9,13835,1
9,13836,1
9,13837,1
9,13840,1
9,13842,1
9,13844,0
9,13847,0
9,13848,0
9,13849,1
9,13854,1
9,13858,1
9,13873,1
9,13877,1
9,13878,0
9,13881,1
9,13882,1
9,13886,1
9,13887,1
9,13892,1
9,13896,0
9,13896,1
9,13897,1
9,13899,1
9,13900,0
9,13901,0
9,13910,0
9,13912,1
9,13918,1
9,13920,0
9,13925,0
9,13925,1
9,13926,1
9,13929,1
9,13930,1
9,13932,1
9,13935,1
9,13939,1
9,13941,1
9,13943,1
9,13949,0
9,13950,1
9,13952,0
9,13973,1
9,13977,1
9,13980,0
9,13980,1
9,13982,0
9,13985,0
9,13987,1
9,13990,1
9,13992,1
9,13995,0
9,13997,1
9,14003,0
9,14022,0
9,14030,0
9,14033,1
9,14039,1
9,14041,0
9,14043,0
9,14048,1
9,14051,0
9,14053,0
9,14054,0
9,14057,0
9,14058,1
9,14062,1
9,14064,1
9,14068,0
9,14073,0
9,14074,0
9,14078,0
9,14082,0
9,14082,1
9,14084,1
9,14089,1
9,14090,1
9,14098,0
9,14101,0
9,14101,1
9,14103,0
9,14103,1
9,14105,1
9,14106,1
9,14113,0
9,14116,1
9,14124,0
9,14127,0
9,14127,1
9,14129,0
9,14139,0
9,14140,1
9,14142,0
9,14145,1
9,14147,1
9,14152,1
9,14153,0
9,14156,1
9,14161,1
9,14164,0
9,14170,0
9,14174,1
9,14177,0
9,14177,1
9,14179,0
9,14181,1
9,14184,1
9,14185,1
9,14186,0
9,14188,0
9,14191,1
9,14192,1
9,14193,1
9,14194,0
9,14198,0
9,14198,1
9,14199,0
9,14199,1
9,14201,1
9,14202,1
9,14206,0
9,14210,0
9,14210,1
9,14215,0
9,14218,0
9,14219,0
9,14221,0
9,14222,1
9,14223,1
9,14224,1
9,14225,0
9,14227,1
9,14228,0
9,14229,1
9,14231,1
9,14235,0
9,14237,0
9,14237,1
9,14238,1
9,14242,0
9,14243,0
9,14244,0
9,14245,1
9,14247,0
9,14250,1
9,14251,1
9,14253,1
9,14254,0
9,14256,1
9,14258,0
9,14259,1
9,14260,0
9,14262,0
9,14263,0
9,14265,1
9,14269,0
9,14273,0
9,14273,1
9,14275,1
9,14277,1
9,14278,1
9,14279,1
9,14280,0
9,14284,1
9,14285,1
9,14288,1
9,14289,0
9,14292,0
9,14293,0
9,14293,1
9,14295,0
9,14297,1
9,14299,0
9,14299,1
9,14300,1
9,14301,0
9,14302,1
9,14308,0
9,14309,0
9,14310,1
9,14313,0
9,14313,1
9,14314,0
9,14315,0
9,14315,1
9,14316,0
9,14316,1
9,14318,0
9,14321,1
9,14322,1
9,14323,0
9,14323,1
9,14324,1
9,14325,0
9,14325,1
9,14327,1
9,14328,0
9,14328,1
9,14329,1
9,14332,1
9,14333,1
9,14334,0
9,14334,1
9,14335,0
9,14337,0
9,14337,1
9,14341,0
9,14346,0
9,14347,0
9,14347,1
9,14348,1
9,14350,0
9,14351,1
9,14352,0
9,14354,0
9,14354,1
9,14356,0
9,14357,1
9,14362,0
9,14364,0
9,14365,0
9,14366,1
9,14367,1
9,14370,0
9,14372,0
9,14373,0
9,14374,1
9,14377,0
9,14377,1
9,14379,1
9,14381,0
9,14383,1
9,14385,0
9,14386,1
9,14387,0
9,14389,0
9,14391,0
9,14393,1
9,14394,1
9,14395,0
9,14400,0
9,14400,1
9,14401,1
9,14403,0
9,14403,1
9,14404,0
9,14404,1
9,14405,1
9,14408,0
9,14409,0
9,14412,0
9,14414,0
9,14414,1
9,14416,1
9,14418,0
9,14419,1
9,14420,0
9,14421,0
9,14421,1
9,14422,0
9,14423,1
9,14426,0
9,14426,1
9,14427,0
9,14429,0
9,14430,1
9,14431,0
9,14433,0
9,14433,1
9,14434,0
9,14435,0
9,14436,0
9,14437,1
9,14439,0
9,14440,1
9,14441,1
9,14442,0
9,14442,1
9,14443,0
9,14443,1
9,14444,1
9,14445,0
9,14446,0
9,14446,1
9,14450,0
9,14451,0
9,14453,1
9,14458,1
9,14459,0
9,14459,1
9,14461,0
9,14461,1
9,14462,1
9,14463,0
9,14464,0
9,14465,1
9,14467,0
9,14469,1
9,14471,0
9,14472,0
9,14475,1
9,14478,1
9,14484,0
9,14484,1
9,14489,0
9,14490,0
9,14492,0
9,14492,1
9,14494,1
9,14496,1
9,14497,0
9,14497,1
9,14499,0
9,14501,0
9,14501,1
9,14502,0
9,14502,1
9,14503,0
9,14503,1
9,14505,0
9,14506,0
9,14506,1
9,14507,0
9,14507,1
9,14508,0
9,14508,1
9,14511,1
9,14512,0
9,14513,0
9,14514,0
9,14516,0
9,14516,1
9,14517,0
9,14518,1
9,14520,0
9,14525,0
9,14525,1
9,14526,1
9,14528,0
9,14529,0
9,14529,1
9,14530,0
9,14530,1
9,14532,0
9,14532,1
9,14534,0
9,14535,0
9,14537,0
9,14537,1
9,14538,0
9,14539,1
9,14540,0
9,14540,1
9,14541,0
9,14543,1
9,14545,0
9,14545,1
9,14546,1
9,14547,0
9,14549,1
9,14550,0
9,14551,1
9,14553,0
9,14553,1
9,14554,0
9,14554,1
9,14555,0
9,14555,1
9,14556,0
9,14556,1
9,14558,1
9,14559,0
9,14560,1
9,14561,0
9,14561,1
9,14563,1
9,14564,1
9,14565,0
9,14565,1
9,14566,0
9,14568,1
9,14569,0
9,14570,0
9,14570,1
9,14571,0
9,14572,0
9,14572,1
9,14573,0
9,14574,1
9,14575,0
9,14576,0
9,14576,1
9,14580,1
9,14582,1
9,14583,0
9,14583,1
9,14584,0
9,14587,0
9,14587,1
9,14588,1
9,14589,0
9,14590,1
9,14592,0
9,14592,1
9,14593,0
9,14593,1
9,14594,0
9,14594,1
9,14595,0
9,14596,0
9,14596,1
9,14597,0
9,14598,1
9,14599,0
9,14599,1
9,14600,0
9,14601,0
9,14602,0
9,14602,1
9,14603,0
9,14603,1
9,14604,0
9,14606,0
9,14606,1
9,14607,0
9,14607,1
9,14610,0
9,14610,1
9,14612,0
9,14612,1
9,14613,0
9,14613,1
9,14615,0
9,14618,0
9,14619,0
9,14619,1
9,14621,0
9,14621,1
9,14622,1
9,14623,0
9,14623,1
9,14624,1
9,14625,0
9,14625,1
9,14628,1
9,14629,0
9,14629,1
9,14630,0
9,14632,0
9,14632,1
9,14633,0
9,14633,1
9,14634,1
9,14635,0
9,14636,0
9,14637,1
9,14638,1
9,14639,1
9,14640,0
9,14640,1
9,14641,0
9,14641,1
9,14642,0
9,14643,0
9,14643,1
9,14644,0
9,14644,1
9,14645,0
9,14645,1
9,14648,0
9,14648,1
9,14649,1
9,14650,0
9,14651,0
9,14652,0
9,14652,1
9,14653,0
9,14654,1
9,14656,0
9,14656,1
9,14658,0
9,14660,0
9,14665,0
9,14666,1
9,14667,0
9,14668,1
9,14669,0
9,14669,1
9,14670,0
9,14670,1
9,14671,1
9,14673,1
9,14674,0
9,14675,0
9,14675,1
9,14676,0
9,14676,1
9,14677,0
9,14677,1
9,14679,0
9,14680,1
9,14681,0
9,14683,0
9,14686,0
9,14688,1
9,14689,0
9,14689,1
9,14690,0
9,14691,0
9,14692,0
9,14692,1
9,14694,0
9,14694,1
9,14696,0
9,14697,1
9,14698,0
9,14699,0
9,14700,0
9,14700,1
9,14702,1
9,14703,0
9,14704,1
9,14705,1
9,14706,1
9,14708,1
9,14709,1
9,14710,0
9,14710,1
9,14711,0
9,14711,1
9,14712,0
9,14713,1
9,14714,0
9,14715,1
9,14716,1
9,14718,0
9,14720,1
9,14721,0
9,14722,0
9,14724,0
9,14724,1
9,14726,0
9,14727,1
9,14728,0
9,14728,1
9,14729,1
9,14731,1
9,14732,1
9,14733,0
9,14733,1
9,14734,0
9,14735,0
9,14736,0
9,14736,1
9,14737,1
9,14738,0
9,14738,1
9,14739,1
9,14740,0
9,14740,1
9,14742,1
9,14743,1
9,14744,0
9,14744,1
9,14745,1
9,14746,0
9,14746,1
9,14747,0
9,14747,1
9,14748,0
9,14748,1
9,14749,0
9,14750,0
9,14750,1
9,14753,0
9,14754,0
9,14755,0
9,14756,1
9,14757,0
9,14758,0
9,14761,0
9,14761,1
9,14762,1
9,14763,0
9,14764,0
9,14764,1
9,14765,1
9,14766,0
9,14767,0
9,14767,1
9,14768,1
9,14769,0
9,14770,0
9,14770,1
9,14771,0
9,14772,1
9,14775,0
9,14776,0
9,14777,0
9,14778,0
9,14778,1
9,14779,0
9,14779,1
9,14780,1
9,14781,0
9,14782,0
9,14782,1
9,14783,0
9,14783,1
9,14784,1
9,14785,1
9,14786,1
9,14787,0
9,14787,1
9,14789,0
9,14790,0
9,14791,0
9,14793,0
9,14793,1
9,14794,1
9,14795,1
9,14797,0
9,14801,0
9,14801,1
9,14802,0
9,14804,0
9,14805,0
9,14805,1
9,14806,0
9,14806,1
9,14807,0
9,14807,1
9,14808,0
9,14810,1
9,14812,0
9,14813,1
9,14816,0
9,14817,0
9,14817,1
9,14818,0
9,14820,1
9,14821,1
9,14822,1
9,14824,1
9,14826,1
9,14827,0
9,14827,1
9,14829,1
9,14830,0
9,14830,1
9,14832,0
9,14833,1
9,14834,0
9,14835,0
9,14835,1
9,14836,1
9,14837,0
9,14838,0
9,14839,0
9,14840,0
9,14840,1
9,14842,0
9,14842,1
9,14845,1
9,14846,1
9,14847,0
9,14848,0
9,14849,1
9,14850,0
9,14850,1
9,14852,1
9,14853,0
9,14853,1
9,14855,0
9,14856,0
9,14857,0
9,14858,0
9,14863,1
9,14865,0
9,14865,1
9,14867,1
9,14870,0
9,14871,1
9,14872,0
9,14874,0
9,14875,0
9,14875,1
9,14876,1
9,14877,1
9,14878,0
9,14878,1
9,14880,0
9,14881,1
9,14883,0
9,14883,1
9,14885,0
9,14885,1
9,14887,1
9,14888,0
9,14889,0
9,14890,1
9,14891,0
9,14891,1
9,14892,0
9,14894,0
9,14894,1
9,14895,0
9,14895,1
9,14896,0
9,14896,1
9,14897,0
9,14897,1
9,14898,0
9,14900,0
9,14900,1
9,14903,1
9,14904,0
9,14905,0
9,14906,1
9,14907,0
9,14908,1
9,14909,0
9,14910,0
9,14910,1
9,14911,0
9,14911,1
9,14912,1
9,14913,0
9,14913,1
9,14914,1
9,14916,1
9,14917,0
9,14917,1
9,14919,1
9,14920,0
9,14920,1
9,14924,0
9,14924,1
9,14926,1
9,14927,0
9,14929,1
9,14930,0
9,14930,1
9,14932,0
9,14933,0
9,14934,0
9,14934,1
9,14936,1
9,14937,0
9,14938,0
9,14938,1
9,14939,1
9,14940,1
9,14943,0
9,14944,0
9,14944,1
9,14947,0
9,14950,0
9,14951,0
9,14954,1
9,14955,0
9,14955,1
9,14956,1
9,14959,0
9,14960,1
9,14961,0
9,14961,1
9,14962,0
9,14963,1
9,14966,1
9,14967,0
9,14968,1
9,14969,0
9,14970,1
9,14975,1
9,14976,1
9,14977,1
9,14979,1
9,14980,1
9,14981,0
9,14981,1
9,14983,0
9,14983,1
9,14984,0
9,14984,1
9,14985,1
9,14987,1
9,14988,0
9,14988,1
9,14989,0
9,14990,1
9,14994,0
9,14995,0
9,14995,1
9,14997,1
9,14998,0
9,14998,1
9,14999,0
9,14999,1
9,15004,0
9,15004,1
9,15006,0
9,15006,1
9,15011,0
9,15011,1
9,15012,1
9,15014,1
9,15015,0
9,15016,1
9,15017,0
9,15019,0
9,15020,0
9,15026,1
9,15027,0
9,15028,0
9,15029,1
9,15031,0
9,15032,1
9,15033,1
9,15035,1
9,15036,1
9,15037,0
9,15038,0
9,15041,0
9,15041,1
9,15042,1
9,15044,0
9,15045,0
9,15045,1
9,15050,0
9,15051,1
9,15052,1
9,15056,0
9,15057,1
9,15058,0
9,15059,0
9,15060,0
9,15061,0
9,15064,0
9,15068,1
9,15073,1
9,15076,1
9,15079,0
9,15080,1
9,15081,0
9,15083,1
9,15085,0
9,15085,1
9,15086,0
9,15086,1
9,15091,1
9,15092,1
9,15094,0
9,15094,1
9,15097,1
9,15098,0
9,15101,0
9,15102,1
9,15103,0
9,15103,1
9,15104,1
9,15105,1
9,15110,1
9,15111,1
9,15112,0
9,15113,0
9,15114,0
9,15114,1
9,15116,0
9,15116,1
9,15117,1
9,15119,1
9,15121,1
9,15122,1
9,15126,0
9,15128,0
9,15136,0
9,15141,1
9,15142,1
9,15143,0
9,15145,0
9,15149,0
9,15149,1
9,15152,0
9,15157,0
9,15159,0
9,15162,1
9,15163,0
9,15164,1
9,15165,0
9,15169,1
9,15170,1
9,15174,0
9,15179,0
9,15179,1
9,15184,0
9,15186,0
9,15188,0
9,15189,1
9,15191,1
9,15201,0
9,15206,0
9,15210,0
9,15212,0
9,15212,1
9,15213,1
9,15219,1
9,15224,0
9,15227,0
9,15237,0
9,15240,0
9,15240,1
9,15250,1
9,15268,1
9,15276,0
9,15277,0
9,15280,1
9,15284,0
9,15284,1
9,15287,1
9,15288,1
9,15290,0
9,15293,1
9,15297,0
9,15345,1
9,15351,1
9,15352,0
9,15365,1
9,15366,0
9,15383,0
9,15386,1
9,15387,1
9,15402,1
9,15444,1
9,15458,0
9,15511,1
9,15546,0
9,15550,0
9,15562,1
9,15588,0
9,15598,1
9,15621,0
9,15648,0
9,15652,1
9,15665,1
9,15679,1
9,15682,0
9,15686,1
9,15701,0
9,15705,0
9,15720,0
9,15723,0
9,15737,0
9,15745,0
9,15745,1
9,15757,0
9,15759,1
9,15764,1
9,15770,0
9,15774,0
9,15778,0
9,15789,0
9,15805,0
9,15809,1
9,15812,1
9,15815,0
9,15816,1
9,15824,0
9,15844,0
9,15854,1
9,15865,0
9,15873,0
9,15879,0
9,15880,1
9,15904,0
9,15904,1
9,15911,0
9,15929,1
9,15932,1
9,15943,1
9,15946,1
9,15956,0
9,15960,1
9,15963,1
9,15981,0
9,15986,0
9,15991,0
9,15997,0
9,16007,0
9,16013,1
9,16020,0
9,16028,0
9,16029,0
9,16032,0
9,16051,1
9,16062,1
9,16063,0
9,16071,0
9,16078,0
9,16095,0
9,16102,1
9,16106,0
9,16107,1
9,16111,0
9,16129,0
9,16129,1
9,16131,0
9,16136,1
9,16142,1
9,16144,1
9,16154,1
9,16158,0
9,16166,1
9,16167,0
9,16179,1
9,16185,0
9,16187,0
9,16191,0
9,16192,1
9,16199,1
9,16203,0
9,16206,1
9,16208,1
9,16209,0
9,16210,0
9,16213,0
9,16217,1
9,16224,1
9,16229,0
9,16241,0
9,16242,0
9,16243,0
9,16250,1
9,16253,1
9,16259,1
9,16265,0
9,16268,0
9,16275,0
9,16283,1
9,16289,1
9,16293,0
9,16296,0
9,16296,1
9,16303,1
9,16308,1
9,16309,1
9,16330,1
9,16332,0
9,16333,0
9,16341,0
9,16350,0
9,16351,0
9,16361,0
9,16369,1
10,2,0
10,3,1
10,4,0
10,5,1
10,11,0
10,14,1
10,20,0
10,21,0
10,22,0
10,23,0
10,25,1
10,26,1
10,27,1
10,30,0
10,31,1
10,34,0
10,42,0
10,44,0
10,54,0
10,56,1
10,57,0
10,62,1
10,64,0
10,66,0
10,66,1
10,68,1
10,73,1
10,74,1
10,77,0
10,82,1
10,86,0
10,87,0
10,102,1
10,106,0
10,107,1
10,110,0
10,112,1
10,120,1
10,123,1
10,125,0
10,130,1
10,131,0
10,139,1
10,142,0
10,143,0
10,152,0
10,153,1
10,157,0
10,159,0
10,164,0
10,165,1
10,168,0
10,169,1
10,178,0
10,180,0
10,181,1
10,187,0
10,188,0
10,189,1
10,190,1
10,191,1
10,199,0
10,202,0
10,206,0
10,216,1
10,218,0
10,226,0
10,235,1
10,242,1
10,243,1
10,249,0
10,261,0
10,266,1
10,267,0
10,270,0
10,270,1
10,272,1
10,274,0
10,276,0
10,277,0
10,287,1
10,293,0
10,295,1
10,296,1
10,299,1
10,308,1
10,309,1
10,311,0
10,312,1
10,313,0
10,314,1
10,315,1
10,320,0
10,324,1
10,328,0
10,330,1
10,332,0
10,334,1
10,344,1
10,345,0
10,348,0
10,348,1
10,349,1
10,357,1
10,362,0
10,367,0
10,367,1
10,368,1
10,379,0
10,380,1
10,382,1
10,383,0
10,384,1
10,387,0
10,389,0
10,389,1
10,393,0
10,399,0
10,399,1
10,400,0
10,410,0
10,415,1
10,417,1
10,418,0
10,420,1
10,421,1
10,426,1
10,427,1
10,428,1
10,431,0
10,432,0
10,436,1
10,437,1
10,438,1
10,439,0
10,442,0
10,442,1
10,444,1
10,447,0
10,451,0
10,452,1
10,454,1
10,458,0
10,458,1
10,460,0
10,461,1
10,462,0
10,466,0
10,469,0
10,473,1
10,474,0
10,476,1
10,478,0
10,484,0
10,484,1
10,485,0
10,491,0
10,493,1
10,494,1
10,496,0
10,497,0
10,500,0
10,502,0
10,506,0
10,507,0
10,516,1
10,517,0
10,519,1
10,523,1
10,524,0
10,524,1
10,525,0
10,526,0
10,528,0
10,528,1
10,530,0
10,532,1
10,533,0
10,538,0
10,540,0
10,543,0
10,543,1
10,546,0
10,547,1
10,548,1
10,549,0
10,551,1
10,552,0
10,553,1
10,555,0
10,559,0
10,561,1
10,562,1
10,569,1
10,571,0
10,572,1
10,575,0
10,575,1
10,577,0
10,580,1
10,582,0
10,584,0
10,584,1
10,585,0
10,586,1
10,587,1
10,588,0
10,590,1
10,591,0
10,592,1
10,594,1
10,597,1
10,600,1
10,602,1
10,603,0
10,604,1
10,606,0
10,606,1
10,607,1
10,611,0
10,612,0
10,613,1
10,617,0
10,618,0
10,618,1
10,619,0
10,619,1
10,622,1
10,623,1
10,625,1
10,627,1
10,629,0
10,632,1
10,633,0
10,634,0
10,635,0
10,636,1
10,638,0
10,638,1
10,642,0
10,643,0
10,643,1
10,644,0
10,645,1
10,646,0
10,646,1
10,647,0
10,650,0
10,650,1
10,651,1
10,652,1
10,657,0
10,661,0
10,665,1
10,666,0
10,666,1
10,670,1
10,672,1
10,673,0
10,674,0
10,678,1
10,679,0
10,680,1
10,681,0
10,681,1
10,683,1
10,684,0
10,685,1
10,687,0
10,688,1
10,690,0
10,690,1
10,692,0
10,694,1
10,695,1
10,697,0
10,698,0
10,701,1
10,703,1
10,704,0
10,705,0
10,707,1
10,709,0
10,710,1
10,711,1
10,713,1
10,716,1
10,717,0
10,720,0
10,720,1
10,721,0
10,722,0
10,724,0
10,724,1
10,726,0
10,727,1
10,728,0
10,728,1
10,729,1
10,730,0
10,730,1
10,736,1
10,738,1
10,739,1
10,741,0
10,743,1
10,746,0
10,747,0
10,749,0
10,749,1
10,751,0
10,751,1
10,758,0
10,758,1
10,762,0
10,764,0
10,765,1
10,767,1
10,768,0
10,770,0
10,770,1
10,772,0
10,772,1
10,773,0
10,774,1
10,775,1
10,776,0
10,779,1
10,780,1
10,781,1
10,782,0
10,782,1
10,783,0
10,783,1
10,784,0
10,784,1
10,787,0
10,788,1
10,790,0
10,790,1
10,791,1
10,792,1
10,794,1
10,795,1
10,798,0
10,801,0
10,802,0
10,803,1
10,805,1
10,806,0
10,809,0
10,811,0
10,812,0
10,812,1
10,816,0
10,816,1
10,817,0
10,818,0
10,819,0
10,824,0
10,825,0
10,829,1
10,831,1
10,833,1
10,834,1
10,836,1
10,837,0
10,838,0
10,838,1
10,840,0
10,842,0
10,842,1
10,843,0
10,844,1
10,846,0
10,847,1
10,848,1
10,849,0
10,850,1
10,851,1
10,855,0
10,856,1
10,857,0
10,858,1
10,859,0
10,860,0
10,860,1
10,861,1
10,862,1
10,864,1
10,866,1
10,867,0
10,868,1
10,869,1
10,870,0
10,871,0
10,882,1
10,883,0
10,884,1
10,886,1
10,893,1
10,894,1
10,896,1
10,901,1
10,902,0
10,902,1
10,904,0
10,905,1
10,907,0
10,907,1
10,908,0
10,911,0
10,913,0
10,914,0
10,917,0
10,919,0
10,924,0
10,925,1
10,926,1
10,928,0
10,929,1
10,930,0
10,930,1
10,932,1
10,934,1
10,935,0
10,935,1
10,938,1
10,939,1
10,940,0
10,940,1
10,941,0
10,941,1
10,942,0
10,943,0
10,944,0
10,944,1
10,945,0
10,946,1
10,947,0
10,948,1
10,949,0
10,950,0
10,950,1
10,952,0
10,955,0
10,955,1
10,958,1
10,959,0
10,959,1
10,960,0
10,960,1
10,961,0
10,961,1
10,962,1
10,965,0
10,966,0
10,968,1
10,969,1
10,970,0
10,971,1
10,975,0
10,976,1
10,979,1
10,980,1
10,983,1
10,984,0
10,985,0
10,987,1
10,991,0
10,991,1
10,992,0
10,993,0
10,996,0
10,999,1
10,1000,0
10,1002,0
10,1002,1
10,1003,0
10,1006,1
10,1009,0
10,1010,1
10,1013,1
10,1016,1
10,1017,0
10,1018,0
10,1020,0
10,1021,1
10,1023,0
10,1023,1
10,1024,1
10,1025,0
10,1026,1
10,1027,0
10,1028,1
10,1029,0
10,1030,1
10,1031,1
10,1034,0
10,1036,1
10,1040,0
10,1041,1
10,1043,0
10,1046,1
10,1047,0
10,1051,1
10,1052,1
10,1056,1
10,1059,0
10,1060,0
10,1060,1
10,1062,0
10,1062,1
10,1065,0
10,1066,0
10,1070,0
10,1071,0
10,1071,1
10,1072,0
10,1076,0
10,1078,1
10,1080,0
10,1081,0
10,1085,0
10,1089,0
10,1092,0
10,1094,0
10,1094,1
10,1101,1
10,1107,1
10,1111,1
10,1119,1
10,1126,1
10,1127,1
10,1128,1
10,1129,0
10,1131,0
10,1136,1
10,1140,0
10,1146,1
10,1148,0
10,1148,1
10,1149,1
10,1153,0
10,1154,1
10,1155,0
10,1159,1
10,1161,0
10,1167,0
10,1167,1
10,1168,1
10,1169,1
10,1174,0
10,1179,0
10,1181,0
10,1192,1
10,1195,1
10,1197,0
10,1199,1
10,1203,1
10,1212,0
10,1214,0
10,1215,0
10,1215,1
10,1221,1
10,1225,0
10,1227,0
10,1233,1
10,1238,0
10,1247,0
10,1247,1
10,1249,0
10,1251,0
10,1253,0
10,1254,0
10,1257,1
10,1261,0
10,1262,0
10,1266,1
10,1268,0
10,1268,1
10,1272,1
10,1274,0
10,1274,1
10,1276,0
10,1277,1
10,1279,0
10,1282,1
10,1284,1
10,1292,0
10,1293,1
10,1295,1
10,1301,1
10,1310,0
10,1314,1
10,1321,1
10,1329,0
10,1334,0
10,1337,0
10,1339,1
10,1340,0
10,1343,0
10,1344,1
10,1345,0
10,1346,1
10,1347,0
10,1348,1
10,1349,0
10,1351,1
10,1352,0
10,1353,1
10,1357,1
10,1359,1
10,1361,0
10,1364,0
10,1364,1
10,1365,1
10,1372,0
10,1375,0
10,1376,0
10,1377,0
10,1377,1
10,1379,1
10,1381,0
10,1381,1
10,1383,0
10,1386,1
10,1388,0
10,1392,1
10,1395,1
10,1399,0
10,1404,1
10,1408,0
10,1409,0
10,1410,1
10,1414,1
10,1417,1
10,1423,1
10,1425,1
10,1427,0
10,1428,0
10,1432,0
10,1434,1
10,1435,0
10,1437,0
10,1438,1
10,1442,1
10,1443,0
10,1443,1
10,1447,0
10,1448,0
10,1448,1
10,1450,0
10,1451,1
10,1453,1
10,1456,1
10,1458,0
10,1459,1
10,1461,0
10,1464,1
10,1466,0
10,1466,1
10,1467,0
10,1469,0
10,1470,1
10,1472,0
10,1473,0
10,1475,1
10,1477,1
10,1479,1
10,1480,0
10,1481,1
10,1486,1
10,1487,0
10,1488,1
10,1492,0
10,1493,1
10,1494,1
10,1495,0
10,1495,1
10,1497,0
10,1498,0
10,1500,0
10,1501,0
10,1505,1
10,1508,0
10,1511,1
10,1513,0
10,1531,0
10,1536,1
10,1538,1
10,1540,1
10,1542,0
10,1545,1
10,1546,1
10,1551,0
10,1556,1
10,1559,0
10,1563,0
10,1566,0
10,1568,0
10,1568,1
10,1569,0
10,1572,0
10,1573,0
10,1574,1
10,1576,1
10,1577,0
10,1578,0
10,1582,1
10,1583,0
10,1583,1
10,1585,1
10,1586,0
10,1588,0
10,1588,1
10,1589,0
10,1592,0
10,1593,0
10,1594,1
10,1597,1
10,1599,0
10,1600,1
10,1601,1
10,1602,0
10,1605,0
10,1606,0
10,1608,0
10,1610,0
10,1615,0
10,1615,1
10,1617,1
10,1620,0
10,1620,1
10,1625,1
10,1629,0
10,1630,0
10,1631,1
10,1633,1
10,1636,0
10,1636,1
10,1637,1
10,1641,1
10,1643,1
10,1644,0
10,1647,1
10,1650,0
10,1652,1
10,1666,0
10,1667,0
10,1668,1
10,1669,1
10,1674,0
10,1687,0
10,1689,1
10,1691,1
10,1694,1
10,1695,1
10,1696,0
10,1696,1
10,1698,0
10,1712,0
10,1714,0
10,1715,1
10,1719,1
10,1722,1
10,1730,1
10,1734,1
10,1737,0
10,1742,0
10,1744,1
10,1748,1
10,1749,0
10,1753,0
10,1754,0
10,1759,0
10,1762,0
10,1767,0
10,1777,0
10,1779,1
10,1789,1
10,1790,1
10,1791,1
10,1793,0
10,1793,1
10,1798,0
10,1803,0
10,1807,1
10,1811,0
10,1812,0
10,1816,1
10,1817,1
10,1822,0
10,1822,1
10,1827,1
10,1830,0
10,1830,1
10,1831,1
10,1833,0
10,1835,1
10,1839,0
10,1842,1
10,1844,1
10,1846,0
10,1858,1
10,1860,0
10,1862,1
10,1863,1
10,1865,1
10,1867,0
10,1869,1
10,1874,0
10,1879,0
10,1885,0
10,1886,1
10,1887,1
10,1890,0
10,1890,1
10,1891,1
10,1893,1
10,1899,1
10,1906,1
10,1907,0
10,1908,0
10,1914,0
10,1920,0
10,1921,1
10,1922,0
10,1922,1
10,1925,0
10,1925,1
10,1927,0
10,1928,0
10,1929,0
10,1930,0
10,1934,0
10,1934,1
10,1935,1
10,1939,1
10,1942,0
10,1956,0
10,1958,0
10,1959,0
10,1966,1
10,1974,0
10,1985,1
10,1995,0
10,2000,1
10,2001,1
10,2011,1
10,2014,0
10,2014,1
10,2030,1
10,2041,0
10,2046,0
10,2058,0
10,2063,1
10,2067,1
10,2070,1
10,2072,0
10,2075,1
10,2077,1
10,2081,1
10,2082,0
10,2087,1
10,2093,0
10,2098,0
10,2098,1
10,2103,0
10,2108,1
10,2113,0
10,2123,0
10,2137,0
10,2139,1
10,2142,0
10,2144,1
10,2152,0
10,2165,0
10,2170,1
10,2175,1
10,2190,1
10,2236,0
10,2241,1
10,2246,0
10,2251,0
10,2256,1
10,2261,0
10,2272,0
10,2273,1
10,2276,0
10,2277,0
10,2279,1
10,2280,1
10,2281,0
10,2284,0
10,2285,0
10,2285,1
10,2286,0
10,2288,0
10,2289,0
10,2293,0
10,2298,0
10,2298,1
10,2305,1
10,2308,0
10,2311,1
10,2316,0
10,2319,0
10,2321,0
10,2324,1
10,2326,0
10,2326,1
10,2327,1
10,2331,0
10,2332,0
10,2335,0
10,2336,1
10,2340,0
10,2344,1
10,2345,0
10,2345,1
10,2346,0
10,2349,0
10,2350,0
10,2351,1
10,2357,0
10,2358,0
10,2362,0
10,2363,0
10,2366,0
10,2371,0
10,2394,0
10,2399,1
10,2402,1
10,2403,0
10,2407,1
10,2413,0
10,2414,1
10,2419,1
10,2420,1
10,2426,1
10,2436,1
10,2437,0
10,2441,0
10,2442,0
10,2447,0
10,2464,0
10,2469,0
10,2474,1
10,2476,0
10,2484,1
10,2485,0
10,2492,1
10,2510,1
10,2532,1
10,2537,1
10,2538,0
10,2542,1
10,2543,1
10,2547,0
10,2547,1
10,2549,0
10,2552,1
10,2554,0
10,2554,1
10,2559,0
10,2559,1
10,2561,1
10,2563,0
10,2566,1
10,2568,0
10,2571,0
10,2573,0
10,2585,0
10,2588,1
10,2604,0
10,2609,0
10,2609,1
10,2610,0
10,2614,0
10,2615,0
10,2620,1
10,2634,1
10,2643,1
10,2647,0
10,2649,1
10,2652,1
10,2654,1
10,2659,0
10,2664,1
10,2669,1
10,2674,0
10,2704,1
10,2709,1
10,2714,1
10,2719,0
10,2743,0
10,2748,1
10,2776,1
10,2781,1
10,2819,1
10,2820,0
10,2821,1
10,2824,0
10,2824,1
10,2826,0
10,2829,0
10,2831,0
10,2831,1
10,2836,0
10,2836,1
10,2839,1
10,2841,0
10,2844,1
10,2846,0
10,2854,0
10,2855,0
10,2858,0
10,2860,0
10,2863,0
10,2877,0
10,2883,1
10,2888,0
10,2888,1
10,2893,0
10,2893,1
10,2898,0
10,2898,1
10,2903,0
10,2904,0
10,2909,1
10,2915,0
10,2920,0
10,2925,0
10,3099,1
10,4006,1
10,4013,1
10,4069,0
10,4074,1
10,4115,0
10,4120,1
10,4123,0
10,4125,0
10,4128,0
10,4128,1
10,4129,0
10,4130,1
10,4133,1
10,4135,0
10,4138,1
10,4139,0
10,4140,1
10,4143,1
10,4144,0
10,4144,1
10,4147,0
10,4149,0
10,4149,1
10,4152,0
10,4157,0
10,4162,0
10,4167,0
10,4167,1
10,4171,1
10,4175,0
10,4178,0
10,4182,1
10,4183,1
10,4187,0
10,4188,0
10,4194,1
10,4199,1
10,4204,0
10,4218,0
10,4222,1
10,4227,0
10,4276,0
10,4281,0
10,4281,1
10,4286,0
10,4340,0
10,4344,0
10,4356,1
10,4359,1
10,4361,1
10,4366,1
10,4369,0
10,4370,0
10,4373,1
10,4391,1
10,4392,0
10,4396,1
10,4397,0
10,4400,1
10,4401,1
10,4402,0
10,4403,1
10,4404,1
10,4405,1
10,4406,0
10,4407,1
10,4408,1
10,4409,1
10,4414,0
10,4422,0
10,4422,1
10,4427,1
10,4432,1
10,4437,1
10,4460,0
10,4465,1
10,4482,0
10,4501,1
10,4504,1
10,4505,0
10,4506,0
10,4510,1
10,4522,1
10,4525,0
10,4530,0
10,4539,1
10,4594,0
10,4605,0
10,4611,1
10,4616,0
10,4616,1
10,4618,0
10,4621,0
10,4626,0
10,4629,1
10,4630,0
10,4631,0
10,4653,0
10,4657,1
10,4658,0
10,4658,1
10,4659,0
10,4663,0
10,4663,1
10,4667,1
10,4679,1
10,4686,1
10,4687,0
10,4691,0
10,4691,1
10,4692,0
10,4696,1
10,4705,0
10,4710,0
10,4713,1
10,4720,1
10,4723,1
10,4725,1
10,4728,1
10,4733,0
10,4733,1
10,4736,0
10,4738,0
10,4738,1
10,4741,0
10,4743,1
10,4746,1
10,4750,1
10,4752,1
10,4754,1
10,4755,1
10,4759,1
10,4762,1
10,4764,1
10,4767,1
10,4769,1
10,4770,0
10,4777,1
10,4790,1
10,4798,0
10,4808,0
10,4808,1
10,4813,0
10,4824,0
10,4825,0
10,4827,1
10,4828,1
10,4829,0
10,4830,0
10,4830,1
10,4833,1
10,4834,0
10,4834,1
10,4847,1
10,4848,1
10,4849,0
10,4853,1
10,4856,0
10,4857,0
10,4859,1
10,4862,1
10,4865,1
10,4870,1
10,4873,0
10,4878,0
10,4880,0
10,4881,1
10,4886,0
10,4892,0
10,4892,1
10,4893,0
10,4897,1
10,4898,0
10,4902,0
10,4903,0
10,4904,1
10,4906,1
10,4907,0
10,4909,0
10,4914,0
10,4914,1
10,4916,1
10,4917,1
10,4918,0
10,4920,0
10,4922,0
10,4922,1
10,4924,0
10,4925,0
10,4925,1
10,4927,0
10,4927,1
10,4929,1
10,4930,1
10,4932,0
10,4932,1
10,4933,1
10,4934,0
10,4934,1
10,4935,0
10,4936,0
10,4937,0
10,4938,0
10,4939,1
10,4943,0
10,4943,1
10,4944,0
10,4944,1
10,4947,0
10,4947,1
10,4948,0
10,4948,1
10,4949,1
10,4951,0
10,4951,1
10,4952,1
10,4953,0
10,4953,1
10,4956,0
10,4958,1
10,4963,0
10,4968,1
10,4972,1
10,4973,0
10,4975,0
10,4977,0
10,4977,1
10,4985,0
10,4986,1
10,4994,1
10,4997,1
10,4998,0
10,4998,1
10,5002,1
10,5003,1
10,5005,1
10,5007,1
10,5008,1
10,5009,1
10,5010,1
10,5011,1
10,5012,0
10,5013,0
10,5014,0
10,5015,1
10,5016,1
10,5019,0
10,5019,1
10,5020,0
10,5020,1
10,5021,0
10,5024,1
10,5025,0
10,5028,0
10,5030,1
10,5038,0
10,5039,0
10,5042,1
10,5044,0
10,5047,1
10,5050,0
10,5051,0
10,5055,1
10,5056,0
10,5058,0
10,5060,0
10,5061,1
10,5062,0
10,5063,1
10,5065,0
10,5066,1
10,5067,0
10,5067,1
10,5068,0
10,5069,1
10,5070,1
10,5072,0
10,5074,0
10,5075,1
10,5076,0
10,5078,1
10,5079,0
10,5081,1
10,5083,1
10,5084,0
10,5088,1
10,5089,0
10,5091,0
10,5091,1
10,5093,1
10,5094,1
10,5095,1
10,5098,1
10,5099,1
10,5100,1
10,5103,0
10,5105,1
10,5106,1
10,5107,1
10,5110,0
10,5110,1
10,5111,0
10,5111,1
10,5113,1
10,5114,1
10,5119,0
10,5120,0
10,5121,0
10,5122,1
10,5124,0
10,5124,1
10,5126,1
10,5128,0
10,5129,0
10,5130,0
10,5139,1
10,5140,1
10,5146,1
10,5148,1
10,5149,0
10,5151,0
10,5153,1
10,5158,0
10,5159,0
10,5160,0
10,5162,1
10,5163,1
10,5165,1
10,5168,1
10,5169,1
10,5173,0
10,5174,1
10,5175,0
10,5178,0
10,5179,0
10,5180,1
10,5182,0
10,5183,0
10,5183,1
10,5184,1
10,5185,0
10,5185,1
10,5187,0
10,5188,0
10,5188,1
10,5189,1
10,5190,1
10,5191,0
10,5192,0
10,5193,0
10,5194,0
10,5195,1
10,5196,0
10,5196,1
10,5197,1
10,5198,0
10,5198,1
10,5201,1
10,5202,0
10,5203,0
10,5203,1
10,5207,0
10,5208,1
10,5210,0
10,5212,1
10,5213,0
10,5217,1
10,5218,1
10,5221,0
10,5221,1
10,5222,0
10,5224,0
10,5225,0
10,5226,0
10,5227,1
10,5228,1
10,5230,0
10,5235,0
10,5240,0
10,5242,0
10,5242,1
10,5243,0
10,5243,1
10,5245,0
10,5245,1
10,5247,0
10,5247,1
10,5248,0
10,5248,1
10,5250,0
10,5252,0
10,5252,1
10,5253,1
10,5254,0
10,5255,0
10,5255,1
10,5256,1
10,5258,1
10,5260,1
10,5261,0
10,5261,1
10,5263,0
10,5264,1
10,5266,1
10,5268,0
10,5271,1
10,5273,0
10,5276,0
10,5277,1
10,5280,1
10,5281,0
10,5285,0
10,5285,1
10,5286,0
10,5287,1
10,5289,0
10,5291,0
10,5299,0
10,5303,1
10,5305,1
10,5306,1
10,5309,0
10,5310,0
10,5310,1
10,5311,0
10,5312,1
10,5313,0
10,5314,1
10,5315,0
10,5315,1
10,5316,1
10,5317,0
10,5319,1
10,5321,1
10,5324,0
10,5325,0
10,5326,0
10,5329,0
10,5329,1
10,5330,0
10,5330,1
10,5331,0
10,5331,1
10,5334,1
10,5335,1
10,5336,1
10,5337,1
10,5339,1
10,5340,0
10,5342,0
10,5344,0
10,5344,1
10,5345,0
10,5346,0
10,5346,1
10,5347,0
10,5349,1
10,5350,1
10,5351,1
10,5352,1
10,5355,0
10,5355,1
10,5356,0
10,5357,0
10,5359,1
10,5360,0
10,5361,1
10,5362,0
10,5362,1
10,5363,0
10,5364,0
10,5364,1
10,5365,0
10,5365,1
10,5366,1
10,5367,1
10,5368,1
10,5371,0
10,5372,0
10,5375,0
10,5376,1
10,5382,1
10,5385,0
10,5386,0
10,5387,0
10,5389,0
10,5390,1
10,5391,0
10,5392,1
10,5394,1
10,5395,0
10,5396,1
10,5397,0
10,5399,0
10,5401,1
10,5402,1
10,5403,0
10,5406,1
10,5407,0
10,5407,1
10,5408,0
10,5409,0
10,5411,0
10,5411,1
10,5412,0
10,5415,1
10,5416,0
10,5416,1
10,5417,1
10,5419,1
10,5420,0
10,5421,1
10,5425,1
10,5426,1
10,5429,1
10,5430,0
10,5430,1
10,5431,0
10,5432,1
10,5433,1
10,5434,1
10,5435,0
10,5435,1
10,5437,1
10,5441,0
10,5442,0
10,5444,1
10,5446,1
10,5447,0
10,5447,1
10,5451,1
10,5452,1
10,5454,1
10,5455,0
10,5457,0
10,5459,0
10,5459,1
10,5460,1
10,5464,1
10,5469,1
10,5470,0
10,5470,1
10,5471,0
10,5472,0
10,5474,0
10,5474,1
10,5475,0
10,5476,1
10,5477,0
10,5478,1
10,5479,1
10,5481,1
10,5484,1
10,5487,1
10,5488,0
10,5492,0
10,5492,1
10,5493,0
10,5493,1
10,5495,1
10,5496,1
10,5497,0
10,5497,1
10,5498,0
10,5502,0
10,5504,1
10,5506,1
10,5509,1
10,5510,0
10,5511,1
10,5516,0
10,5516,1
10,5520,1
10,5521,0
10,5522,0
10,5522,1
10,5527,1
10,5528,0
10,5531,0
10,5531,1
10,5533,1
10,5535,0
10,5536,0
10,5536,1
10,5540,0
10,5541,0
10,5543,0
10,5546,0
10,5546,1
10,5547,0
10,5548,1
10,5550,0
10,5550,1
10,5552,0
10,5553,0
10,5553,1
10,5555,1
10,5558,0
10,5559,1
10,5562,0
10,5566,1
10,5567,1
10,5568,0
10,5568,1
10,5570,0
10,5572,1
10,5573,1
10,5577,0
10,5580,0
10,5581,0
10,5582,0
10,5582,1
10,5588,1
10,5589,0
10,5590,0
10,5593,0
10,5595,0
10,5596,1
10,5598,1
10,5599,0
10,5601,0
10,5601,1
10,5602,1
10,5604,0
10,5608,0
10,5613,0
10,5613,1
10,5618,1
10,5619,0
10,5619,1
10,5622,0
10,5623,0
10,5625,0
10,5625,1
10,5627,0
10,5628,0
10,5628,1
10,5629,1
10,5630,1
10,5632,0
10,5637,0
10,5639,1
10,5641,0
10,5642,1
10,5644,0
10,5649,0
10,5654,1
10,5657,1
10,5658,0
10,5659,1
10,5663,1
10,5668,0
10,5668,1
10,5669,1
10,5673,0
10,5674,0
10,5676,1
10,5678,1
10,5679,1
10,5682,0
10,5683,0
10,5684,0
10,5685,1
10,5687,1
10,5689,1
10,5692,0
10,5692,1
10,5694,0
10,5694,1
10,5695,1
10,5697,1
10,5699,0
10,5700,0
10,5701,0
10,5703,1
10,5704,0
10,5705,1
10,5708,0
10,5708,1
10,5710,0
10,5710,1
10,5711,1
10,5712,0
10,5715,1
10,5716,0
10,5728,1
10,5730,0
10,5733,0
10,5737,0
10,5740,0
10,5742,0
10,5742,1
10,5744,1
10,5747,1
10,5748,0
10,5749,0
10,5750,0
10,5753,1
10,5755,0
10,5760,1
10,5762,1
10,5764,1
10,5765,1
10,5767,1
10,5770,1
10,5772,0
10,5772,1
10,5775,0
10,5776,1
10,5777,0
10,5780,1
10,5781,0
10,5784,0
10,5784,1
10,5789,1
10,5790,0
10,5793,1
10,5794,0
10,5795,0
10,5798,1
10,5799,1
10,5800,0
10,5803,1
10,5804,0
10,5808,1
10,5816,0
10,5821,0
10,5826,1
10,5828,1
10,5830,1
10,5835,0
10,5836,0
10,5838,1
10,5843,1
10,5845,1
10,5847,1
10,5852,1
10,5854,0
10,5859,0
10,5862,0
10,5863,0
10,5864,1
10,5865,1
10,5869,1
10,5870,1
10,5874,0
10,5875,1
10,5877,0
10,5882,0
10,5887,0
10,5891,0
10,5896,1
10,5897,0
10,5897,1
10,5902,1
10,5906,1
10,5915,1
10,5922,0
10,5923,1
10,5924,1
10,5927,0
10,5931,0
10,5936,0
10,5936,1
10,5941,0
10,5941,1
10,5945,0
10,5945,1
10,5946,0
10,5950,1
10,5978,0
10,5982,0
10,5983,1
10,5987,0
10,5988,0
10,5992,0
10,5997,1
10,6001,0
10,6014,1
10,6033,0
10,6033,1
10,6037,0
10,6038,0
10,6038,1
10,6042,1
10,6043,0
10,6047,0
10,6048,0
10,6058,0
10,6063,0
10,6076,1
10,6081,0
10,6103,1
10,6149,1
10,6154,0
10,6156,0
10,6159,1
10,6161,1
10,6164,0
10,6164,1
10,6165,0
10,6166,1
10,6169,0
10,6169,1
10,6170,0
10,6170,1
10,6171,1
10,6174,0
10,6175,1
10,6177,1
10,6180,1
10,6185,0
10,6190,1
10,6219,1
10,6224,0
10,6229,1
10,6280,0
10,6285,0
10,6337,1
10,6353,0
10,6358,1
10,6363,1
10,6368,1
10,6370,0
10,6392,1
10,6477,1
10,6480,0
10,6510,1
10,6572,0
10,6669,0
10,6671,0
10,6678,1
10,6693,0
10,6702,0
10,6704,1
10,6705,0
10,6707,1
10,6713,1
10,6722,1
10,6729,1
10,6734,0
10,6741,0
10,6746,1
10,6751,1
10,6755,0
10,6756,0
10,6761,1
10,6766,1
10,6788,1
10,6793,0
10,6798,1
10,6803,1
10,6808,1
10,6810,1
10,6813,0
10,6815,0
10,6825,0
10,6942,0
10,7368,0
10,7373,1
10,8457,1
10,8462,1
10,8467,1
10,8472,1
10,8477,1
10,8482,1
10,8706,1
10,8711,0
10,8711,1
10,8716,1
10,8725,0
10,8839,1
10,8844,1
10,8869,1
10,8874,0
10,8879,0
10,8947,0
10,8968,1
10,8970,0
10,8973,0
10,8973,1
10,8975,0
10,8978,0
10,8978,1
10,8982,1
10,8983,1
10,8987,1
10,8988,0
10,8988,1
10,8989,1
10,8992,1
10,8993,0
10,8996,1
10,8997,0
10,9001,0
10,9003,1
10,9006,1
10,9008,1
10,9011,0
10,9013,1
10,9016,0
10,9018,1
10,9021,1
10,9023,0
10,9028,1
10,9032,0
10,9033,1
10,9037,1
10,9038,0
10,9042,0
10,9046,1
10,9047,0
10,9051,1
10,9052,1
10,9056,1
10,9057,0
10,9058,0
10,9065,1
10,9070,1
10,9073,0
10,9106,0
10,9116,0
10,9121,1
10,9126,1
10,9131,1
10,9137,0
10,9142,1
10,9168,0
10,9170,0
10,9172,1
10,9178,1
10,9179,1
10,9193,0
10,9194,0
10,9198,0
10,9205,0
10,9210,0
10,9221,1
10,9223,1
10,9224,0
10,9225,1
10,9226,0
10,9228,0
10,9231,1
10,9236,0
10,9240,1
10,9241,1
10,9245,0
10,9245,1
10,9247,1
10,9248,0
10,9250,0
10,9251,1
10,9252,1
10,9255,0
10,9255,1
10,9256,1
10,9257,1
10,9260,0
10,9261,0
10,9262,0
10,9267,0
10,9268,1
10,9271,0
10,9272,0
10,9277,0
10,9285,0
10,9285,1
10,9287,0
10,9295,0
10,9300,1
10,9307,1
10,9309,0
10,9311,0
10,9317,0
10,9318,1
10,9320,0
10,9323,1
10,9325,1
10,9330,1
10,9358,0
10,9361,0
10,9367,1
10,9372,1
10,9373,1
10,9377,1
10,9379,1
10,9382,1
10,9383,0
10,9399,0
10,9404,0
10,9417,0
10,9427,0
10,9434,1
10,9436,0
10,9468,1
10,9470,1
10,9472,1
10,9473,1
10,9481,0
10,9482,1
10,9493,0
10,9498,0
10,9500,0
10,9505,0
10,9514,0
10,9517,0
10,9580,0
10,9581,1
10,9582,0
10,9633,0
10,9654,0
10,9656,1
10,9660,0
10,9684,1
10,9775,0
10,9941,0
10,9946,1
10,9957,0
10,9962,1
10,9967,0
10,9967,1
10,9972,1
10,9977,1
10,9982,0
10,9996,0
10,10176,0
10,10181,1
10,10236,0
10,10297,1
10,10302,0
10,10307,1
10,10312,0
10,10312,1
10,10380,1
10,10385,0
10,10455,1
10,10460,0
10,10515,0
10,10519,0
10,10524,0
10,10529,0
10,12054,0
10,12273,1
10,12283,1
10,12323,0
10,12328,1
10,12332,0
10,12333,1
10,12337,1
10,12338,1
10,12343,0
10,12352,0
10,12357,1
10,12358,0
10,12362,1
10,12364,0
10,12365,1
10,12369,0
10,12370,1
10,12373,0
10,12375,0
10,12380,1
10,12385,1
10,12390,0
10,12390,1
10,12395,0
10,12395,1
10,12400,0
10,12400,1
10,12405,0
10,12405,1
10,12410,0
10,12415,1
10,12420,0
10,12425,0
10,12435,0
10,12440,1
10,12449,0
10,12454,0
10,12462,1
10,12467,0
10,12472,1
10,12501,1
10,12505,0
10,12506,0
10,12510,0
10,12540,0
10,12561,1
10,12566,1
10,12570,0
10,12571,0
10,12575,0
10,12575,1
10,12576,1
10,12580,1
10,12581,1
10,12585,0
10,12585,1
10,12630,1
10,12635,0
10,12648,1
10,12653,0
10,12654,1
10,12657,1
10,12658,0
10,12659,0
10,12659,1
10,12660,1
10,12662,1
10,12664,0
10,12664,1
10,12667,0
10,12668,0
10,12669,0
10,12672,0
10,12677,1
10,12682,0
10,12687,1
10,12692,1
10,12697,1
10,12702,0
10,12707,0
10,12712,1
10,12717,0
10,12724,0
10,12726,1
10,12731,1
10,12749,1
10,12754,0
10,12802,1
10,12807,0
10,12812,0
10,12812,1
10,12817,0
10,12817,1
10,12822,1
10,12914,1
10,12916,1
10,12919,0
10,12920,1
10,12921,0
10,12925,1
10,12945,1
10,12950,0
10,12950,1
10,12954,0
10,12955,0
10,12959,1
10,12974,0
10,12979,1
10,12984,0
10,13077,0
10,13103,1
10,13115,1
10,13120,1
10,13174,0
10,13178,0
10,13179,1
10,13183,1
10,13188,0
10,13201,1
10,13206,1
10,13211,0
10,13235,1
10,13240,1
10,13245,0
10,13254,0
10,13259,1
10,13264,1
10,13267,0
10,13321,1
10,13333,0
10,13338,0
10,13340,0
10,13365,1
10,13370,0
10,13375,1
10,13391,0
10,13406,0
10,13429,1
10,13434,0
10,13448,1
10,13449,1
10,13454,1
10,13475,0
10,13482,0
10,13487,1
10,13505,0
10,13510,0
10,13510,1
10,13528,1
10,13539,1
10,13573,0
10,13578,0
10,13588,0
10,13594,0
10,13596,0
10,13622,1
10,13626,1
10,13630,0
10,13640,0
10,13648,0
10,13660,1
10,13669,0
10,13672,0
10,13676,0
10,13678,1
10,13681,0
10,13687,0
10,13688,1
10,13693,0
10,13698,1
10,13711,0
10,13721,1
10,13722,0
10,13726,0
10,13734,0
10,13734,1
10,13738,1
10,13739,0
10,13740,0
10,13740,1
10,13742,1
10,13743,0
10,13744,1
10,13745,1
10,13747,1
10,13749,1
10,13750,0
10,13754,0
10,13759,1
10,13765,0
10,13766,1
10,13772,0
10,13773,0
10,13779,0
10,13782,1
10,13784,1
10,13794,0
10,13795,1
10,13801,0
10,13804,1
10,13805,1
10,13808,1
10,13809,0
10,13810,0
10,13817,0
10,13819,1
10,13824,0
10,13824,1
10,13826,0
10,13827,0
10,13831,0
10,13834,1
10,13838,1
10,13839,1
10,13840,1
10,13841,1
10,13843,0
10,13844,1
10,13845,1
10,13846,0
10,13849,0
10,13850,0
10,13851,0
10,13852,0
10,13853,0
10,13858,0
10,13858,1
10,13859,1
10,13861,0
10,13861,1
10,13865,0
10,13868,0
10,13869,1
10,13871,0
10,13872,1
10,13873,0
10,13877,0
10,13878,1
10,13879,0
10,13879,1
10,13880,1
10,13882,0
10,13882,1
10,13884,1
10,13885,0
10,13886,1
10,13888,0
10,13888,1
10,13889,1
10,13891,0
10,13893,1
10,13894,1
10,13896,0
10,13896,1
10,13897,1
10,13899,0
10,13901,0
10,13901,1
10,13902,0
10,13902,1
10,13903,0
10,13903,1
10,13910,0
10,13911,0
10,13911,1
10,13915,1
10,13917,1
10,13918,1
10,13919,1
10,13921,0
10,13923,0
10,13923,1
10,13924,0
10,13924,1
10,13925,0
10,13927,0
10,13928,0
10,13928,1
10,13931,0
10,13934,0
10,13936,0
10,13936,1
10,13937,0
10,13937,1
10,13939,0
10,13939,1
10,13940,0
10,13941,0
10,13941,1
10,13943,1
10,13944,0
10,13945,0
10,13946,0
10,13949,0
10,13949,1
10,13950,0
10,13951,0
10,13952,0
10,13955,0
10,13957,0
10,13957,1
10,13958,0
10,13959,0
10,13960,0
10,13960,1
10,13961,1
10,13962,0
10,13962,1
10,13965,0
10,13965,1
10,13966,0
10,13966,1
10,13968,0
10,13970,0
10,13970,1
10,13971,1
10,13972,1
10,13974,0
10,13975,0
10,13975,1
10,13976,0
10,13976,1
10,13977,0
10,13979,1
10,13980,1
10,13981,1
10,13982,0
10,13984,0
10,13984,1
10,13985,0
10,13985,1
10,13988,1
10,13990,0
10,13990,1
10,13994,0
10,13994,1
10,13995,0
10,13995,1
10,13996,0
10,13997,1
10,13998,0
10,13998,1
10,13999,0
10,14000,0
10,14000,1
10,14001,0
10,14001,1
10,14002,1
10,14003,0
10,14003,1
10,14004,0
10,14008,0
10,14009,0
10,14010,1
10,14011,0
10,14011,1
10,14012,1
10,14013,1
10,14014,0
10,14014,1
10,14015,1
10,14016,1
10,14017,1
10,14018,0
10,14022,1
10,14023,0
10,14024,0
10,14026,0
10,14028,0
10,14029,1
10,14030,0
10,14030,1
10,14031,1
10,14034,0
10,14035,1
10,14036,1
10,14038,0
10,14039,0
10,14043,0
10,14043,1
10,14044,1
10,14045,0
10,14045,1
10,14046,0
10,14047,1
10,14048,0
10,14048,1
10,14050,0
10,14051,1
10,14052,0
10,14052,1
10,14053,0
10,14055,1
10,14056,1
10,14057,0
10,14059,0
10,14059,1
10,14061,0
10,14061,1
10,14062,1
10,14063,0
10,14065,0
10,14065,1
10,14067,0
10,14068,0
10,14070,1
10,14071,0
10,14071,1
10,14075,0
10,14075,1
10,14077,0
10,14079,1
10,14080,0
10,14080,1
10,14081,1
10,14082,0
10,14084,0
10,14085,1
10,14086,0
10,14086,1
10,14087,0
10,14087,1
10,14090,0
10,14090,1
10,14091,0
10,14091,1
10,14093,1
10,14095,1
10,14096,0
10,14097,1
10,14099,1
10,14100,0
10,14102,0
10,14103,1
10,14104,1
10,14106,0
10,14106,1
10,14108,1
10,14109,1
10,14112,1
10,14113,0
10,14113,1
10,14115,0
10,14116,1
10,14117,1
10,14118,1
10,14120,0
10,14122,0
10,14124,0
10,14125,0
10,14125,1
10,14126,0
10,14126,1
10,14129,0
10,14130,1
10,14131,0
10,14133,0
10,14133,1
10,14134,0
10,14134,1
10,14136,0
10,14137,1
10,14138,0
10,14139,1
10,14140,1
10,14141,0
10,14141,1
10,14142,0
10,14143,0
10,14147,1
10,14148,0
10,14153,0
10,14153,1
10,14156,0
10,14156,1
10,14158,0
10,14158,1
10,14160,1
10,14165,0
10,14165,1
10,14167,1
10,14168,0
10,14169,1
10,14170,1
10,14171,1
10,14172,0
10,14173,0
10,14175,0
10,14176,1
10,14178,0
10,14179,0
10,14180,1
10,14184,0
10,14185,0
10,14193,0
10,14195,1
10,14202,1
10,14205,0
10,14206,1
10,14208,0
10,14208,1
10,14209,1
10,14211,1
10,14216,0
10,14216,1
10,14217,1
10,14218,0
10,14219,0
10,14219,1
10,14220,0
10,14221,0
10,14223,0
10,14224,1
10,14226,0
10,14229,0
10,14229,1
10,14233,0
10,14233,1
10,14234,0
10,14235,0
10,14237,0
10,14240,1
10,14243,0
10,14245,0
10,14246,1
10,14247,0
10,14248,0
10,14250,1
10,14251,0
10,14252,0
10,14253,0
10,14254,0
10,14254,1
10,14255,0
10,14256,0
10,14257,0
10,14257,1
10,14258,1
10,14259,0
10,14259,1
10,14262,0
10,14266,0
10,14268,0
10,14269,1
10,14271,1
10,14272,0
10,14274,0
10,14279,1
10,14284,0
10,14287,1
10,14288,0
10,14289,0
10,14290,0
10,14292,0
10,14293,0
10,14293,1
10,14294,1
10,14297,0
10,14299,0
10,14302,1
10,14306,0
10,14312,0
10,14314,1
10,14318,1
10,14319,0
10,14319,1
10,14324,1
10,14325,1
10,14327,1
10,14329,0
10,14329,1
10,14330,1
10,14331,0
10,14332,1
10,14335,1
10,14336,0
10,14337,1
10,14339,0
10,14342,0
10,14347,1
10,14352,1
10,14354,0
10,14355,0
10,14355,1
10,14360,0
10,14363,0
10,14364,1
10,14365,0
10,14368,1
10,14369,1
10,14377,1
10,14379,0
10,14384,1
10,14386,0
10,14395,0
10,14400,0
10,14401,0
10,14402,1
10,14408,1
10,14412,0
10,14418,0
10,14425,1
10,14427,0
10,14437,0
10,14440,1
10,14447,1
10,14462,1
10,14463,1
10,14465,1
10,14466,0
10,14471,1
10,14489,1
10,14497,1
10,14505,0
10,14542,1
10,14551,1
10,14559,1
10,14566,1
10,14610,0
10,14614,0
10,14646,1
10,14656,1
10,14677,0
10,15248,1
10,15360,1
10,15365,1
10,15373,0
10,15379,0
10,15404,0
10,15409,1
10,15417,0
10,15419,0
10,15452,0
10,15529,1
10,15534,1
10,15537,1
10,15542,0
10,15543,1
10,15574,0
10,15579,0
10,15582,1
10,15585,1
10,15591,0
10,15612,0
10,15621,1
10,15630,0
10,15632,0
10,15635,0
10,15635,1
10,15656,1
10,15663,0
10,15671,0
10,15684,1
10,15689,1
10,15694,0
10,15694,1
10,15697,1
10,15699,1
10,15702,0
10,15721,0
10,15726,0
10,15728,1
10,15731,0
10,15731,1
10,15733,0
10,15741,0
10,15746,0
10,15752,0
10,15770,1
10,15775,1
10,15777,1
10,15780,1
10,15785,1
10,15786,0
10,15802,1
10,15807,0
10,15809,0
10,15815,0
10,15825,0
10,15827,1
10,15828,1
10,15833,0
10,15849,0
10,15869,1
10,15874,0
10,15879,0
10,15886,1
10,15889,1
10,15894,1
10,15899,1
10,15904,0
10,15909,0
10,15911,1
10,15916,1
10,15918,1
10,15923,0
10,15924,1
10,15926,0
10,15928,0
10,15929,0
10,15931,1
10,15934,0
10,15947,1
10,15966,0
10,15971,0
10,15976,0
10,15981,1
10,16006,1
10,16011,0
10,16016,1
10,16018,1
10,16022,1
10,16027,1
10,16050,1
10,16075,0
10,16078,1
10,16130,0
10,16135,0
10,16140,1
10,16145,0
10,16145,1
10,16150,1
10,16158,0
10,16159,0
10,16161,1
10,16188,0
10,16209,0
10,16214,1
10,16270,0
10,16272,1
10,16277,0
10,16313,0
10,16318,0
10,16318,1
10,16319,0
10,16323,1
10,16328,0
10,16349,1
10,16354,0
10,16359,0
