accept@1231: best=1241 metric=0.758 walkback=10 bin=3
wid@1231.4867421773374: votes=5 margin=0.709
refine@0: groups=18 slopeHz=-0.24 intercept=0.040 pw=0.04/4.2 -0.36/4.3 0.10/4.2 -0.11/5.0 -0.17/5.4 -0.05/6.0 0.04/5.5 -0.09/5.8 -0.03/5.9 0.06/6.2 -0.25/5.4 0.07/7.0 -0.34/6.8 -0.35/6.2 -0.29/7.2 0.08/6.0 -0.33/6.6 -0.42/9.0 
refine@9216: groups=72 slopeHz=-0.36 intercept=-3.075 pw=-2.89/8.0 -2.39/7.8 -2.67/7.4 -2.72/7.1 -2.60/6.0 -2.74/5.5 -2.74/7.7 -2.66/7.5 -2.76/7.0 -2.60/7.5 -2.67/6.7 -2.81/7.8 -2.68/5.5 -2.78/4.8 -2.93/5.0 -2.95/7.6 -2.92/6.3 2.94/4.2 2.95/5.6 -2.54/4.3 -3.05/4.8 -3.02/3.5 -3.12/2.6 2.89/2.1 2.86/3.2 -3.08/3.4 2.67/2.6 -2.95/3.0 -2.50/1.0 2.45/2.7 -3.01/1.6 -2.99/1.4 1.41/1.2 2.33/2.8 1.50/1.5 0.88/2.8 1.44/3.2 0.26/0.7 1.35/1.8 0.92/2.3 0.75/2.0 0.73/2.5 0.90/2.4 0.79/2.7 0.91/2.8 0.87/2.9 0.74/3.2 0.90/3.3 0.69/3.0 0.75/2.4 0.75/3.6 0.79/2.9 0.77/3.3 0.89/2.3 0.73/2.7 0.89/4.1 0.47/3.1 0.74/2.7 0.74/3.3 0.73/3.1 0.59/2.9 0.51/3.6 0.68/2.6 0.22/2.7 0.44/2.6 0.18/3.4 0.43/4.8 0.46/3.3 0.66/3.1 -0.32/4.3 -0.09/3.0 0.68/1.5 
frame@11552: gain=0.616 ref=0.924 mse=0.191 tau=-0.012 omega=-1.42E-004 bad=0 tapChange=0.0261 floor=0.0261 fading=False/False preMse=0.306 energy=0.073/0.064 fresh=False phase=0.110 anchor=0.965@0.014 phi=-0.033
frame@11840: gain=0.532 ref=0.909 mse=0.250 tau=-0.013 omega=-1.03E-004 bad=0 tapChange=0.0212 floor=0.0212 fading=False/False preMse=0.400 energy=0.075/0.064 fresh=False phase=0.321 anchor=0.873@0.146 phi=-0.226
frame@12128: gain=0.576 ref=0.890 mse=0.403 tau=-0.011 omega=-4.55E-005 bad=0 tapChange=0.0424 floor=0.0223 fading=False/False preMse=0.645 energy=0.086/0.065 fresh=False phase=0.505 anchor=0.869@0.237 phi=-0.332
frame@12416: gain=0.656 ref=0.874 mse=0.345 tau=-0.015 omega=2.08E-006 bad=0 tapChange=0.0385 floor=0.0235 fading=False/False preMse=0.552 energy=0.126/0.066 fresh=False phase=0.358 anchor=0.945@0.173 phi=-0.274
frame@12704: gain=0.658 ref=0.864 mse=0.175 tau=-0.007 omega=3.13E-005 bad=0 tapChange=0.0209 floor=0.0209 fading=False/False preMse=0.281 energy=0.164/0.069 fresh=False phase=0.279 anchor=0.985@0.119 phi=-0.168
frame@12992: gain=0.649 ref=0.853 mse=0.119 tau=-0.004 omega=6.87E-005 bad=0 tapChange=0.0175 floor=0.0175 fading=False/False preMse=0.190 energy=0.167/0.074 fresh=False phase=0.296 anchor=0.981@0.139 phi=-0.215
frame@13280: gain=0.552 ref=0.843 mse=0.048 tau=-0.002 omega=7.41E-005 bad=0 tapChange=0.0141 floor=0.0141 fading=False/False preMse=0.077 energy=0.136/0.078 fresh=False phase=-0.026 anchor=0.913@0.026 phi=-0.031
frame@13568: gain=0.401 ref=0.828 mse=0.152 tau=-0.005 omega=6.08E-005 bad=0 tapChange=0.0212 floor=0.0149 fading=False/False preMse=0.242 energy=0.071/0.081 fresh=False phase=-0.138 anchor=0.734@-0.074 phi=0.077
frame@13856: gain=0.376 ref=0.807 mse=0.292 tau=-0.006 omega=-1.03E-005 bad=0 tapChange=0.0380 floor=0.0157 fading=False/False preMse=0.467 energy=0.056/0.081 fresh=False phase=-0.571 anchor=0.678@-0.317 phi=0.410
frame@14144: gain=0.356 ref=0.786 mse=0.287 tau=-0.014 omega=-8.80E-005 bad=0 tapChange=0.0453 floor=0.0166 fading=False/False preMse=0.459 energy=0.053/0.080 fresh=False phase=-0.585 anchor=0.706@-0.326 phi=0.448
frame@14432: gain=0.488 ref=0.764 mse=0.199 tau=-0.020 omega=-1.48E-004 bad=0 tapChange=0.0283 floor=0.0175 fading=False/False preMse=0.318 energy=0.077/0.078 fresh=False phase=-0.397 anchor=0.862@-0.215 phi=0.347
frame@14720: gain=0.451 ref=0.750 mse=0.164 tau=-0.018 omega=-1.65E-004 bad=0 tapChange=0.0271 floor=0.0185 fading=False/False preMse=0.263 energy=0.081/0.078 fresh=False phase=-0.089 anchor=0.823@-0.056 phi=0.094
frame@15008: gain=0.426 ref=0.735 mse=0.236 tau=-0.012 omega=-1.80E-004 bad=0 tapChange=0.0398 floor=0.0195 fading=False/False preMse=0.378 energy=0.067/0.078 fresh=False phase=-0.078 anchor=0.817@-0.040 phi=0.087
frame@15296: gain=0.390 ref=0.720 mse=0.374 tau=-0.015 omega=-1.89E-004 bad=0 tapChange=0.0458 floor=0.0206 fading=False/False preMse=0.598 energy=0.048/0.078 fresh=False phase=-0.021 anchor=0.704@-0.013 phi=0.056
frame@15584: gain=0.223 ref=0.703 mse=0.739 tau=-0.013 omega=-2.30E-004 bad=0 tapChange=0.1118 floor=0.0218 fading=False/False preMse=1.182 energy=0.045/0.076 fresh=False phase=-0.315 anchor=0.541@-0.119 phi=0.233
frame@15872: gain=0.262 ref=0.703 mse=0.756 tau=-0.004 omega=-2.30E-004 bad=1 tapChange=0.0000 floor=0.0218 fading=False/True preMse=1.209 energy=0.077/0.076 fresh=True phase=-0.823 anchor=0.719@0.000 phi=0.000
frame@16160: gain=0.545 ref=0.703 mse=0.123 tau=-0.004 omega=-1.95E-004 bad=2 tapChange=0.0615 floor=0.0229 fading=False/True preMse=0.197 energy=0.110/0.076 fresh=False phase=0.246 anchor=0.926@0.071 phi=-0.200
frame@16448: gain=0.548 ref=0.696 mse=0.128 tau=0.006 omega=-1.70E-004 bad=0 tapChange=0.0627 floor=0.0242 fading=False/True preMse=0.204 energy=0.115/0.078 fresh=False phase=0.198 anchor=0.891@0.096 phi=-0.145
frame@16736: gain=0.472 ref=0.688 mse=0.114 tau=-0.003 omega=-1.41E-004 bad=0 tapChange=0.0405 floor=0.0255 fading=False/True preMse=0.182 energy=0.085/0.080 fresh=False phase=0.203 anchor=0.816@0.110 phi=-0.165
frame@17024: gain=0.415 ref=0.677 mse=0.154 tau=0.004 omega=-1.16E-004 bad=0 tapChange=0.0701 floor=0.0269 fading=False/True preMse=0.247 energy=0.080/0.080 fresh=False phase=0.222 anchor=0.754@0.110 phi=-0.145
frame@17312: gain=0.401 ref=0.664 mse=0.196 tau=0.004 omega=-1.02E-004 bad=0 tapChange=0.0469 floor=0.0283 fading=False/True preMse=0.313 energy=0.065/0.080 fresh=False phase=0.120 anchor=0.734@0.086 phi=-0.083
frame@17600: gain=0.373 ref=0.651 mse=0.257 tau=0.011 omega=-5.53E-005 bad=0 tapChange=0.0646 floor=0.0298 fading=False/True preMse=0.411 energy=0.051/0.079 fresh=False phase=0.371 anchor=0.702@0.178 phi=-0.267
frame@17888: gain=0.396 ref=0.637 mse=0.257 tau=0.015 omega=-1.92E-005 bad=0 tapChange=0.0675 floor=0.0314 fading=False/True preMse=0.411 energy=0.063/0.078 fresh=False phase=0.273 anchor=0.796@0.137 phi=-0.208
frame@18176: gain=0.463 ref=0.625 mse=0.233 tau=0.045 omega=2.26E-005 bad=0 tapChange=0.0541 floor=0.0331 fading=False/True preMse=0.373 energy=0.085/0.077 fresh=False phase=0.331 anchor=0.842@0.169 phi=-0.241
frame@18464: gain=0.436 ref=0.617 mse=0.123 tau=0.054 omega=3.60E-005 bad=0 tapChange=0.0318 floor=0.0318 fading=False/True preMse=0.197 energy=0.074/0.078 fresh=False phase=0.089 anchor=0.854@0.065 phi=-0.077
frame@18752: gain=0.527 ref=0.608 mse=0.148 tau=0.044 omega=3.42E-005 bad=0 tapChange=0.0222 floor=0.0222 fading=False/True preMse=0.236 energy=0.071/0.077 fresh=False phase=-0.010 anchor=0.871@-0.018 phi=0.011
frame@19040: gain=0.438 ref=0.604 mse=0.284 tau=0.036 omega=1.66E-005 bad=0 tapChange=0.0506 floor=0.0234 fading=False/True preMse=0.454 energy=0.079/0.077 fresh=False phase=-0.231 anchor=0.787@-0.090 phi=0.101
frame@19328: gain=0.367 ref=0.596 mse=0.360 tau=0.026 omega=-1.06E-005 bad=0 tapChange=0.0723 floor=0.0247 fading=False/True preMse=0.575 energy=0.073/0.077 fresh=False phase=-0.367 anchor=0.748@-0.130 phi=0.157
frame@19616: gain=0.466 ref=0.584 mse=0.239 tau=0.026 omega=-8.85E-006 bad=0 tapChange=0.0651 floor=0.0260 fading=False/True preMse=0.383 energy=0.078/0.077 fresh=False phase=-0.104 anchor=0.820@-0.031 phi=-0.010
frame@19904: gain=0.567 ref=0.578 mse=0.133 tau=0.025 omega=-2.64E-006 bad=0 tapChange=0.0288 floor=0.0274 fading=False/True preMse=0.212 energy=0.104/0.077 fresh=False phase=0.031 anchor=0.898@0.004 phi=-0.036
frame@20192: gain=0.532 ref=0.578 mse=0.189 tau=0.026 omega=2.60E-006 bad=0 tapChange=0.0470 floor=0.0289 fading=False/True preMse=0.302 energy=0.094/0.078 fresh=False phase=-0.086 anchor=0.910@-0.000 phi=-0.030
frame@20480: gain=0.469 ref=0.575 mse=0.089 tau=0.022 omega=2.09E-005 bad=0 tapChange=0.0320 floor=0.0304 fading=False/True preMse=0.142 energy=0.088/0.079 fresh=False phase=0.080 anchor=0.864@0.038 phi=-0.105
frame@20768: gain=0.445 ref=0.570 mse=0.098 tau=0.027 omega=1.70E-005 bad=0 tapChange=0.0292 floor=0.0292 fading=False/True preMse=0.157 energy=0.052/0.080 fresh=False phase=-0.059 anchor=0.797@-0.024 phi=0.022
frame@21056: gain=0.230 ref=0.564 mse=0.319 tau=0.023 omega=-9.94E-006 bad=0 tapChange=0.0532 floor=0.0308 fading=False/True preMse=0.510 energy=0.020/0.078 fresh=False phase=-0.254 anchor=0.478@-0.138 phi=0.155
frame@21344: gain=0.061 ref=0.564 mse=0.658 tau=0.053 omega=-9.94E-006 bad=1 tapChange=0.0000 floor=0.0308 fading=False/True preMse=1.052 energy=0.026/0.078 fresh=True phase=0.097 anchor=0.455@0.000 phi=0.000
frame@21632: gain=0.357 ref=0.564 mse=0.214 tau=0.055 omega=-3.12E-005 bad=2 tapChange=0.1677 floor=0.0324 fading=True/True preMse=0.343 energy=0.051/0.078 fresh=False phase=-0.184 anchor=0.778@-0.057 phi=0.123
frame@21920: gain=0.431 ref=0.553 mse=0.281 tau=0.059 omega=-3.26E-005 bad=0 tapChange=0.1113 floor=0.0341 fading=True/True preMse=0.449 energy=0.064/0.077 fresh=False phase=-0.022 anchor=0.801@-0.026 phi=0.008
frame@22208: gain=0.488 ref=0.547 mse=0.141 tau=0.064 omega=-2.04E-005 bad=0 tapChange=0.0516 floor=0.0359 fading=True/True preMse=0.225 energy=0.069/0.076 fresh=False phase=0.064 anchor=0.856@0.031 phi=-0.070
frame@22496: gain=0.463 ref=0.544 mse=0.171 tau=0.076 omega=-2.58E-005 bad=0 tapChange=0.0254 floor=0.0254 fading=True/True preMse=0.273 energy=0.044/0.076 fresh=False phase=-0.034 anchor=0.801@-0.013 phi=0.031
frame@22784: gain=0.476 ref=0.540 mse=0.182 tau=0.064 omega=-6.52E-005 bad=0 tapChange=0.0287 floor=0.0267 fading=True/True preMse=0.290 energy=0.046/0.074 fresh=False phase=-0.252 anchor=0.821@-0.115 phi=0.227
frame@23072: gain=0.477 ref=0.537 mse=0.156 tau=0.063 omega=-6.35E-005 bad=0 tapChange=0.0269 floor=0.0269 fading=True/True preMse=0.250 energy=0.067/0.073 fresh=False phase=0.022 anchor=0.859@0.002 phi=-0.010
frame@23360: gain=0.634 ref=0.534 mse=0.144 tau=0.055 omega=-3.72E-005 bad=0 tapChange=0.0235 floor=0.0235 fading=True/True preMse=0.230 energy=0.073/0.072 fresh=False phase=0.198 anchor=0.956@0.089 phi=-0.151
frame@23648: gain=0.549 ref=0.539 mse=0.196 tau=0.038 omega=1.97E-005 bad=0 tapChange=0.0230 floor=0.0230 fading=True/True preMse=0.314 energy=0.058/0.073 fresh=False phase=0.402 anchor=0.857@0.204 phi=-0.328
frame@23936: gain=0.523 ref=0.540 mse=0.163 tau=0.037 omega=5.76E-005 bad=0 tapChange=0.0223 floor=0.0223 fading=True/True preMse=0.260 energy=0.057/0.072 fresh=False phase=0.268 anchor=0.842@0.163 phi=-0.218
frame@24224: gain=0.513 ref=0.539 mse=0.184 tau=0.032 omega=1.03E-004 bad=0 tapChange=0.0239 floor=0.0235 fading=True/True preMse=0.294 energy=0.063/0.071 fresh=False phase=0.329 anchor=0.839@0.169 phi=-0.261
frame@24512: gain=0.306 ref=0.537 mse=0.246 tau=0.062 omega=1.01E-004 bad=0 tapChange=0.0554 floor=0.0248 fading=True/True preMse=0.393 energy=0.043/0.071 fresh=False phase=-0.030 anchor=0.665@0.015 phi=0.013
frame@24800: gain=0.201 ref=0.526 mse=0.540 tau=0.061 omega=6.87E-005 bad=0 tapChange=0.1309 floor=0.0262 fading=True/True preMse=0.864 energy=0.056/0.069 fresh=False phase=-0.638 anchor=0.579@-0.146 phi=0.183
frame@25088: gain=0.290 ref=0.526 mse=0.556 tau=0.059 omega=7.21E-005 bad=1 tapChange=0.1269 floor=0.0276 fading=True/True preMse=0.889 energy=0.095/0.069 fresh=False phase=0.157 anchor=0.737@-0.015 phi=-0.019
frame@25376: gain=0.363 ref=0.514 mse=0.320 tau=0.059 omega=4.22E-005 bad=0 tapChange=0.0887 floor=0.0290 fading=True/True preMse=0.513 energy=0.095/0.071 fresh=False phase=-0.462 anchor=0.768@-0.108 phi=0.172
frame@25664: gain=0.386 ref=0.507 mse=0.300 tau=0.050 omega=1.18E-005 bad=0 tapChange=0.0739 floor=0.0306 fading=True/True preMse=0.480 energy=0.064/0.072 fresh=False phase=-0.322 anchor=0.739@-0.115 phi=0.175
frame@25952: gain=0.450 ref=0.501 mse=0.181 tau=0.051 omega=2.70E-005 bad=0 tapChange=0.0262 floor=0.0262 fading=True/True preMse=0.289 energy=0.040/0.071 fresh=False phase=0.085 anchor=0.805@0.033 phi=-0.087
frame@26240: gain=0.288 ref=0.498 mse=0.316 tau=0.057 omega=4.78E-005 bad=0 tapChange=0.0458 floor=0.0277 fading=True/True preMse=0.506 energy=0.019/0.070 fresh=False phase=0.119 anchor=0.563@0.086 phi=-0.120
frame@26528: gain=0.217 ref=0.487 mse=0.380 tau=0.034 omega=1.12E-004 bad=0 tapChange=0.0591 floor=0.0291 fading=True/True preMse=0.609 energy=0.013/0.067 fresh=False phase=0.477 anchor=0.445@0.281 phi=-0.373
frame@26816: gain=0.327 ref=0.487 mse=0.416 tau=0.037 omega=1.84E-004 bad=1 tapChange=0.0706 floor=0.0307 fading=True/True preMse=0.665 energy=0.025/0.067 fresh=False phase=0.574 anchor=0.664@0.278 phi=-0.415
frame@27104: gain=0.281 ref=0.479 mse=0.427 tau=0.040 omega=1.74E-004 bad=0 tapChange=0.0584 floor=0.0323 fading=True/True preMse=0.684 energy=0.024/0.065 fresh=False phase=-0.019 anchor=0.584@-0.013 phi=0.059
frame@27392: gain=0.356 ref=0.470 mse=0.230 tau=0.047 omega=1.83E-004 bad=0 tapChange=0.0264 floor=0.0264 fading=True/True preMse=0.367 energy=0.018/0.063 fresh=False phase=0.050 anchor=0.660@0.043 phi=-0.050
frame@27680: gain=0.187 ref=0.464 mse=0.437 tau=0.052 omega=2.21E-004 bad=0 tapChange=0.0362 floor=0.0278 fading=True/True preMse=0.699 energy=0.007/0.061 fresh=False phase=0.357 anchor=0.405@0.184 phi=-0.220
frame@27968: gain=0.153 ref=0.464 mse=0.565 tau=0.022 omega=2.38E-004 bad=1 tapChange=0.0355 floor=0.0293 fading=True/True preMse=0.904 energy=0.007/0.061 fresh=False phase=0.236 anchor=0.305@0.098 phi=-0.100
frame@28256: gain=0.158 ref=0.464 mse=0.713 tau=0.017 omega=3.57E-004 bad=2 tapChange=0.0752 floor=0.0308 fading=True/True preMse=1.141 energy=0.012/0.061 fresh=False phase=1.149 anchor=0.377@0.556 phi=-0.680
frame@28544: gain=0.350 ref=0.464 mse=0.474 tau=0.034 omega=4.34E-004 bad=3 tapChange=0.0366 floor=0.0325 fading=True/True preMse=0.758 energy=0.023/0.061 fresh=False phase=0.540 anchor=0.647@0.344 phi=-0.447
frame@28832: gain=0.516 ref=0.458 mse=0.294 tau=0.018 omega=3.91E-004 bad=0 tapChange=0.0229 floor=0.0229 fading=True/True preMse=0.471 energy=0.034/0.059 fresh=False phase=-0.339 anchor=0.847@-0.148 phi=0.247
frame@29120: gain=0.594 ref=0.461 mse=0.441 tau=0.013 omega=3.02E-004 bad=0 tapChange=0.0282 floor=0.0242 fading=True/True preMse=0.706 energy=0.029/0.058 fresh=False phase=-0.568 anchor=0.872@-0.347 phi=0.517
frame@29408: gain=0.425 ref=0.468 mse=0.920 tau=0.012 omega=1.87E-004 bad=0 tapChange=0.0486 floor=0.0255 fading=True/True preMse=1.472 energy=0.020/0.056 fresh=False phase=-0.819 anchor=0.647@-0.506 phi=0.658
frame@29696: gain=0.443 ref=0.466 mse=0.863 tau=0.010 omega=9.11E-005 bad=0 tapChange=0.0916 floor=0.0269 fading=True/True preMse=1.380 energy=0.048/0.055 fresh=False phase=-0.761 anchor=0.715@-0.411 phi=0.554
frame@29984: gain=0.445 ref=0.464 mse=0.253 tau=0.004 omega=6.32E-005 bad=0 tapChange=0.0510 floor=0.0283 fading=True/True preMse=0.404 energy=0.063/0.054 fresh=False phase=-0.282 anchor=0.854@-0.122 phi=0.161
frame@30272: gain=0.468 ref=0.463 mse=0.193 tau=0.018 omega=7.24E-005 bad=0 tapChange=0.0341 floor=0.0298 fading=True/True preMse=0.309 energy=0.067/0.055 fresh=False phase=0.184 anchor=0.853@0.025 phi=-0.053
frame@30560: gain=0.453 ref=0.464 mse=0.364 tau=0.023 omega=1.29E-004 bad=0 tapChange=0.0548 floor=0.0314 fading=True/True preMse=0.582 energy=0.064/0.055 fresh=False phase=0.522 anchor=0.801@0.245 phi=-0.327
frame@30848: gain=0.476 ref=0.463 mse=0.254 tau=0.045 omega=1.75E-004 bad=0 tapChange=0.0364 floor=0.0331 fading=True/True preMse=0.406 energy=0.076/0.056 fresh=False phase=0.330 anchor=0.867@0.196 phi=-0.265
frame@31136: gain=0.454 ref=0.464 mse=0.134 tau=0.050 omega=1.68E-004 bad=0 tapChange=0.0199 floor=0.0199 fading=True/True preMse=0.214 energy=0.071/0.057 fresh=False phase=-0.043 anchor=0.828@-0.006 phi=0.041
frame@31424: gain=0.451 ref=0.463 mse=0.244 tau=0.037 omega=1.05E-004 bad=0 tapChange=0.0255 floor=0.0210 fading=True/True preMse=0.390 energy=0.044/0.057 fresh=False phase=-0.437 anchor=0.750@-0.262 phi=0.363
frame@31712: gain=0.379 ref=0.463 mse=0.450 tau=0.039 omega=-7.94E-006 bad=0 tapChange=0.0377 floor=0.0222 fading=True/True preMse=0.720 energy=0.024/0.057 fresh=False phase=-0.681 anchor=0.610@-0.495 phi=0.651
frame@32000: gain=0.251 ref=0.458 mse=0.371 tau=0.011 omega=-4.62E-005 bad=0 tapChange=0.0751 floor=0.0234 fading=True/True preMse=0.594 energy=0.027/0.055 fresh=False phase=-0.239 anchor=0.576@-0.235 phi=0.220
frame@32288: gain=0.294 ref=0.448 mse=0.399 tau=0.013 omega=-1.15E-005 bad=0 tapChange=0.0922 floor=0.0247 fading=True/True preMse=0.639 energy=0.036/0.054 fresh=False phase=0.309 anchor=0.655@0.100 phi=-0.200
frame@32576: gain=0.250 ref=0.440 mse=0.440 tau=0.021 omega=2.91E-005 bad=0 tapChange=0.0903 floor=0.0260 fading=True/True preMse=0.705 energy=0.029/0.053 fresh=False phase=0.338 anchor=0.585@0.148 phi=-0.234
frame@32864: gain=0.169 ref=0.431 mse=0.628 tau=0.018 omega=7.78E-005 bad=0 tapChange=0.1107 floor=0.0274 fading=True/True preMse=1.005 energy=0.029/0.052 fresh=False phase=0.637 anchor=0.500@0.196 phi=-0.281
frame@33152: gain=0.189 ref=0.431 mse=0.537 tau=0.012 omega=7.78E-005 bad=1 tapChange=0.0000 floor=0.0274 fading=True/True preMse=0.859 energy=0.024/0.052 fresh=True phase=0.504 anchor=0.470@0.000 phi=0.000
frame@33440: gain=0.261 ref=0.431 mse=0.283 tau=0.018 omega=3.06E-005 bad=2 tapChange=0.2190 floor=0.0289 fading=True/True preMse=0.453 energy=0.034/0.052 fresh=False phase=-0.319 anchor=0.655@-0.120 phi=0.272
frame@33728: gain=0.310 ref=0.422 mse=0.287 tau=0.013 omega=5.59E-006 bad=0 tapChange=0.0864 floor=0.0304 fading=True/True preMse=0.460 energy=0.030/0.051 fresh=False phase=-0.164 anchor=0.627@-0.110 phi=0.144
frame@34016: gain=0.340 ref=0.417 mse=0.302 tau=0.021 omega=-6.19E-005 bad=0 tapChange=0.0492 floor=0.0320 fading=True/True preMse=0.483 energy=0.020/0.050 fresh=False phase=-0.423 anchor=0.671@-0.259 phi=0.389
frame@34304: gain=0.450 ref=0.413 mse=0.267 tau=0.008 omega=-1.10E-004 bad=0 tapChange=0.0212 floor=0.0212 fading=True/True preMse=0.427 energy=0.021/0.048 fresh=False phase=-0.281 anchor=0.725@-0.204 phi=0.276
frame@34592: gain=0.299 ref=0.415 mse=0.548 tau=0.002 omega=-1.98E-004 bad=0 tapChange=0.0830 floor=0.0223 fading=True/True preMse=0.876 energy=0.020/0.047 fresh=False phase=-0.644 anchor=0.567@-0.348 phi=0.509
frame@34880: gain=0.412 ref=0.409 mse=0.518 tau=0.005 omega=-2.58E-004 bad=0 tapChange=0.0847 floor=0.0235 fading=True/True preMse=0.829 energy=0.039/0.046 fresh=False phase=-0.463 anchor=0.761@-0.225 phi=0.345
frame@35168: gain=0.587 ref=0.409 mse=0.362 tau=0.003 omega=-3.08E-004 bad=0 tapChange=0.0555 floor=0.0248 fading=True/True preMse=0.579 energy=0.079/0.045 fresh=False phase=-0.470 anchor=0.919@-0.182 phi=0.285
frame@35456: gain=0.483 ref=0.418 mse=0.451 tau=0.004 omega=-3.31E-004 bad=0 tapChange=0.0595 floor=0.0262 fading=True/True preMse=0.722 energy=0.112/0.047 fresh=False phase=-0.252 anchor=0.885@-0.104 phi=0.136
frame@35744: gain=0.583 ref=0.421 mse=0.124 tau=0.001 omega=-3.05E-004 bad=0 tapChange=0.0218 floor=0.0218 fading=True/True preMse=0.199 energy=0.112/0.050 fresh=False phase=0.156 anchor=0.931@0.056 phi=-0.149
frame@36032: gain=0.475 ref=0.429 mse=0.159 tau=0.002 omega=-2.77E-004 bad=0 tapChange=0.0333 floor=0.0230 fading=True/True preMse=0.254 energy=0.077/0.053 fresh=False phase=0.116 anchor=0.829@0.099 phi=-0.167
frame@36320: gain=0.362 ref=0.432 mse=0.225 tau=0.002 omega=-2.48E-004 bad=0 tapChange=0.0220 floor=0.0220 fading=True/True preMse=0.361 energy=0.040/0.054 fresh=False phase=0.177 anchor=0.681@0.132 phi=-0.164
frame@36608: gain=0.109 ref=0.428 mse=0.697 tau=0.008 omega=-1.72E-004 bad=0 tapChange=0.0776 floor=0.0232 fading=True/True preMse=1.115 energy=0.013/0.054 fresh=False phase=0.701 anchor=0.273@0.435 phi=-0.436
frame@36896: gain=0.178 ref=0.428 mse=0.899 tau=0.005 omega=-5.85E-005 bad=1 tapChange=0.2778 floor=0.0244 fading=True/True preMse=1.439 energy=0.031/0.054 fresh=False phase=1.748 anchor=0.358@0.516 phi=-0.655
frame@37184: gain=0.353 ref=0.428 mse=0.409 tau=-0.001 omega=1.85E-005 bad=2 tapChange=0.1052 floor=0.0257 fading=True/True preMse=0.655 energy=0.048/0.054 fresh=False phase=0.650 anchor=0.715@0.260 phi=-0.443
frame@37472: gain=0.421 ref=0.424 mse=0.439 tau=-0.011 omega=-1.55E-005 bad=0 tapChange=0.0934 floor=0.0271 fading=True/True preMse=0.702 energy=0.038/0.053 fresh=False phase=-0.390 anchor=0.753@-0.087 phi=0.196
frame@37760: gain=0.540 ref=0.424 mse=0.307 tau=-0.015 omega=-6.84E-005 bad=0 tapChange=0.0542 floor=0.0286 fading=True/True preMse=0.492 energy=0.046/0.053 fresh=False phase=-0.401 anchor=0.842@-0.181 phi=0.305
frame@38048: gain=0.532 ref=0.430 mse=0.300 tau=-0.012 omega=-1.02E-004 bad=0 tapChange=0.0482 floor=0.0301 fading=True/True preMse=0.481 energy=0.069/0.052 fresh=False phase=-0.355 anchor=0.867@-0.116 phi=0.191
frame@38336: gain=0.516 ref=0.435 mse=0.112 tau=-0.010 omega=-9.48E-005 bad=0 tapChange=0.0255 floor=0.0255 fading=True/True preMse=0.179 energy=0.079/0.053 fresh=False phase=-0.009 anchor=0.902@-0.010 phi=-0.040
frame@38624: gain=0.419 ref=0.439 mse=0.154 tau=-0.003 omega=-9.98E-005 bad=0 tapChange=0.0335 floor=0.0269 fading=True/True preMse=0.247 energy=0.053/0.054 fresh=False phase=-0.120 anchor=0.772@-0.024 phi=0.029
frame@38912: gain=0.189 ref=0.438 mse=0.413 tau=-0.018 omega=-1.27E-004 bad=0 tapChange=0.0753 floor=0.0284 fading=True/True preMse=0.661 energy=0.023/0.054 fresh=False phase=-0.233 anchor=0.474@-0.107 phi=0.155
frame@39200: gain=0.086 ref=0.438 mse=0.661 tau=-0.016 omega=-1.27E-004 bad=1 tapChange=0.0000 floor=0.0284 fading=True/True preMse=1.058 energy=0.032/0.054 fresh=True phase=-0.893 anchor=0.492@-0.000 phi=0.000
frame@39488: gain=0.457 ref=0.438 mse=0.305 tau=-0.004 omega=-6.77E-005 bad=2 tapChange=0.1257 floor=0.0299 fading=True/True preMse=0.489 energy=0.081/0.054 fresh=False phase=0.370 anchor=0.826@0.110 phi=-0.339
frame@39776: gain=0.565 ref=0.439 mse=0.144 tau=-0.009 omega=-5.29E-005 bad=0 tapChange=0.0677 floor=0.0315 fading=True/True preMse=0.230 energy=0.113/0.056 fresh=False phase=0.184 anchor=0.911@0.063 phi=-0.085
frame@40064: gain=0.671 ref=0.445 mse=0.120 tau=-0.010 omega=-3.00E-005 bad=0 tapChange=0.0263 floor=0.0263 fading=True/True preMse=0.192 energy=0.157/0.059 fresh=False phase=0.166 anchor=0.978@0.064 phi=-0.132
frame@40352: gain=0.517 ref=0.457 mse=0.094 tau=-0.014 omega=-6.86E-005 bad=0 tapChange=0.0300 floor=0.0277 fading=True/True preMse=0.150 energy=0.127/0.063 fresh=False phase=-0.165 anchor=0.897@-0.061 phi=0.222
frame@40640: gain=0.413 ref=0.460 mse=0.140 tau=-0.019 omega=-1.20E-004 bad=0 tapChange=0.0486 floor=0.0292 fading=True/True preMse=0.223 energy=0.075/0.067 fresh=False phase=-0.211 anchor=0.762@-0.161 phi=0.298
frame@40928: gain=0.384 ref=0.457 mse=0.291 tau=-0.018 omega=-2.15E-004 bad=0 tapChange=0.0600 floor=0.0308 fading=True/True preMse=0.465 energy=0.060/0.067 fresh=False phase=-0.587 anchor=0.697@-0.341 phi=0.543
frame@41216: gain=0.619 ref=0.454 mse=0.188 tau=-0.014 omega=-2.83E-004 bad=0 tapChange=0.0269 floor=0.0269 fading=True/True preMse=0.301 energy=0.113/0.067 fresh=False phase=-0.394 anchor=0.967@-0.225 phi=0.394
frame@41504: gain=0.732 ref=0.462 mse=0.103 tau=-0.008 omega=-3.06E-004 bad=0 tapChange=0.0319 floor=0.0283 fading=True/True preMse=0.165 energy=0.152/0.069 fresh=False phase=-0.102 anchor=1.068@-0.068 phi=0.131
frame@41792: gain=0.703 ref=0.475 mse=0.042 tau=-0.002 omega=-3.13E-004 bad=0 tapChange=0.0178 floor=0.0178 fading=True/True preMse=0.068 energy=0.155/0.073 fresh=False phase=-0.032 anchor=1.041@-0.017 phi=0.043
frame@42080: gain=0.639 ref=0.487 mse=0.041 tau=-0.001 omega=-3.15E-004 bad=0 tapChange=0.0107 floor=0.0107 fading=True/True preMse=0.066 energy=0.144/0.077 fresh=False phase=-0.027 anchor=0.992@-0.010 phi=0.012
frame@42368: gain=0.551 ref=0.494 mse=0.118 tau=-0.001 omega=-3.40E-004 bad=0 tapChange=0.0180 floor=0.0113 fading=True/True preMse=0.190 energy=0.113/0.081 fresh=False phase=-0.155 anchor=0.911@-0.080 phi=0.141
frame@42656: gain=0.494 ref=0.497 mse=0.112 tau=0.006 omega=-3.36E-004 bad=0 tapChange=0.0270 floor=0.0120 fading=True/True preMse=0.179 energy=0.102/0.082 fresh=False phase=-0.003 anchor=0.871@0.002 phi=-0.024
frame@42944: gain=0.495 ref=0.497 mse=0.113 tau=0.011 omega=-3.23E-004 bad=0 tapChange=0.0284 floor=0.0127 fading=True/True preMse=0.181 energy=0.104/0.083 fresh=False phase=0.075 anchor=0.865@0.046 phi=-0.075
frame@43232: gain=0.403 ref=0.497 mse=0.156 tau=0.012 omega=-3.17E-004 bad=0 tapChange=0.0334 floor=0.0134 fading=True/True preMse=0.250 energy=0.079/0.084 fresh=False phase=0.035 anchor=0.751@0.048 phi=-0.034
frame@43520: gain=0.331 ref=0.492 mse=0.207 tau=0.014 omega=-3.16E-004 bad=0 tapChange=0.0420 floor=0.0142 fading=True/True preMse=0.331 energy=0.049/0.084 fresh=False phase=0.069 anchor=0.652@0.029 phi=-0.001
frame@43808: gain=0.106 ref=0.484 mse=0.519 tau=-0.008 omega=-3.35E-004 bad=0 tapChange=0.1277 floor=0.0150 fading=True/True preMse=0.830 energy=0.023/0.082 fresh=False phase=-0.104 anchor=0.365@-0.033 phi=0.108
frame@44096: gain=0.071 ref=0.484 mse=0.782 tau=0.012 omega=-3.35E-004 bad=1 tapChange=0.0000 floor=0.0150 fading=True/True preMse=1.251 energy=0.027/0.082 fresh=True phase=-1.986 anchor=0.479@-0.000 phi=0.000
frame@44384: gain=0.419 ref=0.484 mse=0.165 tau=0.011 omega=-3.24E-004 bad=2 tapChange=0.1037 floor=0.0159 fading=True/True preMse=0.264 energy=0.055/0.082 fresh=False phase=0.107 anchor=0.801@0.034 phi=-0.066
frame@44672: gain=0.478 ref=0.481 mse=0.173 tau=0.013 omega=-2.70E-004 bad=0 tapChange=0.0425 floor=0.0168 fading=True/True preMse=0.277 energy=0.063/0.081 fresh=False phase=0.349 anchor=0.860@0.136 phi=-0.308
frame@44960: gain=0.464 ref=0.481 mse=0.182 tau=0.015 omega=-2.42E-004 bad=0 tapChange=0.0574 floor=0.0177 fading=True/True preMse=0.292 energy=0.050/0.080 fresh=False phase=0.201 anchor=0.788@0.132 phi=-0.162
frame@45248: gain=0.383 ref=0.480 mse=0.228 tau=0.019 omega=-1.84E-004 bad=0 tapChange=0.0378 floor=0.0187 fading=True/True preMse=0.365 energy=0.033/0.078 fresh=False phase=0.371 anchor=0.698@0.244 phi=-0.334
frame@45536: gain=0.327 ref=0.475 mse=0.327 tau=0.020 omega=-1.04E-004 bad=0 tapChange=0.0382 floor=0.0197 fading=True/True preMse=0.524 energy=0.021/0.076 fresh=False phase=0.522 anchor=0.586@0.341 phi=-0.463
frame@45824: gain=0.280 ref=0.468 mse=0.306 tau=0.026 omega=-1.64E-004 bad=0 tapChange=0.0496 floor=0.0208 fading=True/True preMse=0.490 energy=0.013/0.073 fresh=False phase=-0.392 anchor=0.535@-0.214 phi=0.351
frame@46112: gain=0.328 ref=0.458 mse=0.271 tau=0.032 omega=-1.80E-004 bad=0 tapChange=0.0395 floor=0.0219 fading=True/True preMse=0.433 energy=0.013/0.070 fresh=False phase=-0.154 anchor=0.621@-0.096 phi=0.090
frame@46400: gain=0.427 ref=0.452 mse=0.360 tau=0.037 omega=-2.63E-004 bad=0 tapChange=0.0231 floor=0.0231 fading=True/True preMse=0.577 energy=0.018/0.068 fresh=False phase=-0.487 anchor=0.713@-0.330 phi=0.478
frame@46688: gain=0.289 ref=0.451 mse=0.766 tau=0.029 omega=-1.71E-004 bad=0 tapChange=0.0873 floor=0.0244 fading=True/True preMse=1.226 energy=0.022/0.065 fresh=False phase=0.881 anchor=0.590@0.385 phi=-0.529
frame@46976: gain=0.461 ref=0.442 mse=0.685 tau=0.034 omega=-9.87E-005 bad=0 tapChange=0.0780 floor=0.0257 fading=True/True preMse=1.097 energy=0.048/0.063 fresh=False phase=0.712 anchor=0.779@0.323 phi=-0.417
frame@47264: gain=0.570 ref=0.443 mse=0.464 tau=0.014 omega=-5.34E-005 bad=0 tapChange=0.0576 floor=0.0271 fading=True/True preMse=0.742 energy=0.089/0.062 fresh=False phase=0.457 anchor=0.917@0.195 phi=-0.261
frame@47552: gain=0.577 ref=0.450 mse=0.199 tau=0.009 omega=-2.14E-005 bad=0 tapChange=0.0222 floor=0.0222 fading=True/True preMse=0.318 energy=0.115/0.063 fresh=False phase=0.243 anchor=0.928@0.131 phi=-0.184
frame@47840: gain=0.696 ref=0.456 mse=0.211 tau=0.018 omega=1.74E-005 bad=0 tapChange=0.0181 floor=0.0181 fading=True/True preMse=0.337 energy=0.171/0.066 fresh=False phase=0.278 anchor=0.996@0.140 phi=-0.224
frame@48128: gain=0.607 ref=0.468 mse=0.106 tau=0.017 omega=1.78E-005 bad=0 tapChange=0.0159 floor=0.0159 fading=True/True preMse=0.170 energy=0.127/0.071 fresh=False phase=-0.082 anchor=0.948@0.004 phi=-0.002
frame@48416: gain=0.579 ref=0.475 mse=0.123 tau=0.013 omega=8.75E-006 bad=0 tapChange=0.0149 floor=0.0149 fading=True/True preMse=0.197 energy=0.108/0.074 fresh=False phase=-0.088 anchor=0.926@-0.040 phi=0.052
frame@48704: gain=0.647 ref=0.480 mse=0.161 tau=0.007 omega=-2.29E-006 bad=0 tapChange=0.0202 floor=0.0158 fading=True/True preMse=0.258 energy=0.114/0.076 fresh=False phase=-0.087 anchor=0.943@-0.058 phi=0.064
frame@48992: gain=0.581 ref=0.489 mse=0.214 tau=0.001 omega=-3.31E-005 bad=0 tapChange=0.0403 floor=0.0166 fading=True/True preMse=0.343 energy=0.121/0.078 fresh=False phase=-0.186 anchor=0.922@-0.087 phi=0.177
frame@49280: gain=0.533 ref=0.493 mse=0.188 tau=0.000 omega=-6.95E-005 bad=0 tapChange=0.0430 floor=0.0176 fading=True/True preMse=0.301 energy=0.161/0.080 fresh=False phase=-0.194 anchor=0.891@-0.097 phi=0.210
frame@49568: gain=0.498 ref=0.495 mse=0.152 tau=-0.003 omega=-7.49E-005 bad=0 tapChange=0.0384 floor=0.0186 fading=True/True preMse=0.243 energy=0.155/0.084 fresh=False phase=0.129 anchor=0.873@-0.005 phi=0.031
frame@49856: gain=0.402 ref=0.495 mse=0.202 tau=0.000 omega=-8.73E-005 bad=0 tapChange=0.0394 floor=0.0196 fading=True/True preMse=0.323 energy=0.110/0.087 fresh=False phase=0.043 anchor=0.776@-0.010 phi=0.071
frame@50144: gain=0.279 ref=0.491 mse=0.453 tau=0.018 omega=-3.11E-005 bad=0 tapChange=0.0776 floor=0.0207 fading=True/True preMse=0.725 energy=0.049/0.089 fresh=False phase=0.591 anchor=0.552@0.268 phi=-0.324
frame@50432: gain=0.263 ref=0.480 mse=0.688 tau=0.017 omega=8.71E-005 bad=0 tapChange=0.1541 floor=0.0218 fading=True/True preMse=1.101 energy=0.035/0.087 fresh=False phase=1.071 anchor=0.488@0.524 phi=-0.681
frame@50720: gain=0.409 ref=0.469 mse=0.527 tau=0.024 omega=1.91E-004 bad=0 tapChange=0.1100 floor=0.0230 fading=True/True preMse=0.843 energy=0.051/0.084 fresh=False phase=0.745 anchor=0.724@0.330 phi=-0.598
frame@51008: gain=0.541 ref=0.466 mse=0.220 tau=0.033 omega=2.35E-004 bad=0 tapChange=0.0607 floor=0.0242 fading=True/True preMse=0.352 energy=0.079/0.082 fresh=False phase=0.307 anchor=0.881@0.164 phi=-0.255
frame@51296: gain=0.661 ref=0.470 mse=0.135 tau=0.035 omega=2.49E-004 bad=0 tapChange=0.0259 floor=0.0255 fading=True/True preMse=0.216 energy=0.120/0.082 fresh=False phase=0.097 anchor=0.988@0.054 phi=-0.083
frame@51584: gain=0.685 ref=0.480 mse=0.116 tau=0.027 omega=2.60E-004 bad=0 tapChange=0.0245 floor=0.0245 fading=True/True preMse=0.186 energy=0.167/0.084 fresh=False phase=0.050 anchor=0.987@0.039 phi=-0.063
frame@51872: gain=0.613 ref=0.490 mse=0.059 tau=0.027 omega=2.54E-004 bad=0 tapChange=0.0149 floor=0.0149 fading=True/True preMse=0.094 energy=0.159/0.088 fresh=False phase=-0.072 anchor=0.951@-0.021 phi=0.038
frame@52160: gain=0.510 ref=0.496 mse=0.094 tau=0.046 omega=2.33E-004 bad=0 tapChange=0.0349 floor=0.0158 fading=True/True preMse=0.150 energy=0.138/0.092 fresh=False phase=-0.207 anchor=0.872@-0.088 phi=0.121
frame@52448: gain=0.412 ref=0.497 mse=0.141 tau=0.038 omega=2.01E-004 bad=0 tapChange=0.0349 floor=0.0166 fading=True/True preMse=0.225 energy=0.086/0.094 fresh=False phase=-0.250 anchor=0.762@-0.130 phi=0.183
frame@52736: gain=0.349 ref=0.492 mse=0.181 tau=0.008 omega=1.82E-004 bad=0 tapChange=0.0474 floor=0.0176 fading=True/True preMse=0.289 energy=0.048/0.094 fresh=False phase=-0.079 anchor=0.674@-0.085 phi=0.109
frame@53024: gain=0.280 ref=0.485 mse=0.242 tau=0.038 omega=1.85E-004 bad=0 tapChange=0.0850 floor=0.0186 fading=True/True preMse=0.387 energy=0.026/0.091 fresh=False phase=0.056 anchor=0.592@0.020 phi=-0.018
frame@53312: gain=0.201 ref=0.475 mse=0.409 tau=0.030 omega=1.90E-004 bad=0 tapChange=0.1417 floor=0.0196 fading=True/True preMse=0.655 energy=0.026/0.088 fresh=False phase=0.082 anchor=0.535@0.045 phi=-0.025
frame@53600: gain=0.272 ref=0.475 mse=0.340 tau=0.034 omega=2.02E-004 bad=1 tapChange=0.0805 floor=0.0207 fading=True/True preMse=0.545 energy=0.023/0.088 fresh=False phase=0.088 anchor=0.595@0.048 phi=-0.070
frame@53888: gain=0.338 ref=0.465 mse=0.264 tau=0.039 omega=2.01E-004 bad=0 tapChange=0.0410 floor=0.0218 fading=True/True preMse=0.422 energy=0.023/0.085 fresh=False phase=-0.026 anchor=0.654@0.013 phi=0.001
frame@54176: gain=0.453 ref=0.459 mse=0.222 tau=0.033 omega=2.07E-004 bad=0 tapChange=0.0245 floor=0.0230 fading=True/True preMse=0.356 energy=0.029/0.082 fresh=False phase=0.067 anchor=0.794@0.019 phi=-0.032
frame@54464: gain=0.568 ref=0.458 mse=0.305 tau=0.028 omega=1.83E-004 bad=0 tapChange=0.0280 floor=0.0242 fading=True/True preMse=0.488 energy=0.036/0.079 fresh=False phase=-0.131 anchor=0.878@-0.076 phi=0.137
frame@54752: gain=0.696 ref=0.464 mse=0.573 tau=0.033 omega=1.27E-004 bad=0 tapChange=0.0813 floor=0.0255 fading=True/True preMse=0.917 energy=0.079/0.077 fresh=False phase=-0.352 anchor=0.935@-0.171 phi=0.324
frame@55040: gain=0.678 ref=0.475 mse=0.337 tau=0.033 omega=8.15E-005 bad=0 tapChange=0.0729 floor=0.0269 fading=True/True preMse=0.539 energy=0.101/0.077 fresh=False phase=-0.390 anchor=0.953@-0.149 phi=0.263
frame@55328: gain=0.612 ref=0.485 mse=0.294 tau=0.030 omega=7.36E-005 bad=0 tapChange=0.0882 floor=0.0284 fading=True/True preMse=0.470 energy=0.134/0.078 fresh=False phase=0.008 anchor=0.961@-0.031 phi=0.045
frame@55616: gain=0.725 ref=0.492 mse=0.260 tau=0.027 omega=5.08E-005 bad=0 tapChange=0.0754 floor=0.0299 fading=True/True preMse=0.417 energy=0.155/0.081 fresh=False phase=-0.208 anchor=1.002@-0.054 phi=0.131
frame@55904: gain=0.595 ref=0.503 mse=0.093 tau=0.020 omega=6.09E-005 bad=0 tapChange=0.0466 floor=0.0315 fading=True/True preMse=0.148 energy=0.179/0.085 fresh=False phase=0.041 anchor=0.969@0.009 phi=-0.058
frame@56192: gain=0.602 ref=0.508 mse=0.045 tau=0.019 omega=6.84E-005 bad=0 tapChange=0.0418 floor=0.0332 fading=True/True preMse=0.072 energy=0.169/0.089 fresh=False phase=0.014 anchor=0.957@0.016 phi=-0.043
frame@56480: gain=0.467 ref=0.513 mse=0.067 tau=0.019 omega=7.71E-005 bad=0 tapChange=0.0356 floor=0.0349 fading=True/True preMse=0.107 energy=0.124/0.093 fresh=False phase=0.008 anchor=0.852@0.022 phi=-0.050
frame@56768: gain=0.473 ref=0.510 mse=0.094 tau=0.019 omega=7.90E-005 bad=0 tapChange=0.0264 floor=0.0264 fading=True/True preMse=0.150 energy=0.117/0.095 fresh=False phase=-0.002 anchor=0.837@-0.003 phi=-0.011
frame@57056: gain=0.419 ref=0.509 mse=0.118 tau=0.017 omega=6.77E-005 bad=0 tapChange=0.0309 floor=0.0278 fading=True/True preMse=0.190 energy=0.089/0.096 fresh=False phase=-0.083 anchor=0.776@-0.062 phi=0.065
frame@57344: gain=0.474 ref=0.504 mse=0.107 tau=0.021 omega=3.48E-005 bad=0 tapChange=0.0163 floor=0.0163 fading=True/True preMse=0.171 energy=0.068/0.096 fresh=False phase=-0.230 anchor=0.839@-0.136 phi=0.189
frame@57632: gain=0.484 ref=0.503 mse=0.102 tau=0.013 omega=4.87E-005 bad=0 tapChange=0.0208 floor=0.0172 fading=True/True preMse=0.163 energy=0.059/0.094 fresh=False phase=0.119 anchor=0.863@0.020 phi=-0.080
frame@57920: gain=0.448 ref=0.502 mse=0.258 tau=0.010 omega=6.12E-005 bad=0 tapChange=0.0277 floor=0.0182 fading=True/True preMse=0.412 energy=0.057/0.093 fresh=False phase=0.116 anchor=0.800@0.050 phi=-0.072
frame@58208: gain=0.489 ref=0.499 mse=0.199 tau=0.002 omega=4.67E-005 bad=0 tapChange=0.0236 floor=0.0192 fading=True/True preMse=0.319 energy=0.073/0.091 fresh=False phase=-0.110 anchor=0.834@-0.038 phi=0.084
frame@58496: gain=0.433 ref=0.498 mse=0.156 tau=0.012 omega=2.27E-005 bad=0 tapChange=0.0290 floor=0.0202 fading=True/True preMse=0.250 energy=0.069/0.090 fresh=False phase=-0.135 anchor=0.840@-0.085 phi=0.138
frame@58784: gain=0.288 ref=0.495 mse=0.305 tau=0.014 omega=5.62E-005 bad=0 tapChange=0.0674 floor=0.0214 fading=True/True preMse=0.488 energy=0.048/0.089 fresh=False phase=0.433 anchor=0.667@0.129 phi=-0.193
frame@59072: gain=0.257 ref=0.485 mse=0.405 tau=0.015 omega=1.34E-004 bad=0 tapChange=0.0904 floor=0.0225 fading=True/True preMse=0.648 energy=0.036/0.087 fresh=False phase=0.725 anchor=0.584@0.338 phi=-0.450
frame@59360: gain=0.394 ref=0.473 mse=0.477 tau=0.008 omega=2.14E-004 bad=0 tapChange=0.0956 floor=0.0238 fading=True/True preMse=0.763 energy=0.055/0.084 fresh=False phase=0.720 anchor=0.743@0.316 phi=-0.458
frame@59648: gain=0.322 ref=0.469 mse=0.556 tau=0.006 omega=2.49E-004 bad=0 tapChange=0.1484 floor=0.0250 fading=True/True preMse=0.889 energy=0.063/0.083 fresh=False phase=0.145 anchor=0.766@0.129 phi=-0.200
frame@59936: gain=0.532 ref=0.462 mse=0.452 tau=0.009 omega=3.10E-004 bad=0 tapChange=0.1068 floor=0.0264 fading=True/True preMse=0.724 energy=0.070/0.082 fresh=False phase=0.527 anchor=0.814@0.176 phi=-0.355
frame@60224: gain=0.359 ref=0.466 mse=0.296 tau=0.008 omega=2.80E-004 bad=0 tapChange=0.0621 floor=0.0278 fading=True/True preMse=0.474 energy=0.081/0.081 fresh=False phase=-0.215 anchor=0.764@-0.044 phi=0.177
frame@60512: gain=0.318 ref=0.460 mse=0.368 tau=0.007 omega=2.42E-004 bad=0 tapChange=0.0977 floor=0.0293 fading=True/True preMse=0.588 energy=0.085/0.081 fresh=False phase=-0.334 anchor=0.759@-0.138 phi=0.216
frame@60800: gain=0.328 ref=0.453 mse=0.435 tau=0.013 omega=1.63E-004 bad=0 tapChange=0.1145 floor=0.0309 fading=True/True preMse=0.696 energy=0.084/0.081 fresh=False phase=-0.776 anchor=0.720@-0.306 phi=0.455
frame@61088: gain=0.310 ref=0.447 mse=0.460 tau=0.018 omega=1.02E-004 bad=0 tapChange=0.1367 floor=0.0325 fading=True/True preMse=0.736 energy=0.087/0.082 fresh=False phase=-0.552 anchor=0.702@-0.227 phi=0.350
frame@61376: gain=0.313 ref=0.440 mse=0.317 tau=0.015 omega=7.59E-005 bad=0 tapChange=0.0883 floor=0.0342 fading=True/True preMse=0.507 energy=0.100/0.082 fresh=False phase=-0.068 anchor=0.737@-0.080 phi=0.152
frame@61664: gain=0.231 ref=0.434 mse=0.661 tau=0.015 omega=1.04E-004 bad=0 tapChange=0.1824 floor=0.0360 fading=True/True preMse=1.057 energy=0.116/0.083 fresh=False phase=0.601 anchor=0.692@0.110 phi=-0.159
frame@61952: gain=0.272 ref=0.424 mse=0.412 tau=-0.011 omega=1.42E-004 bad=0 tapChange=0.1363 floor=0.0380 fading=True/True preMse=0.659 energy=0.092/0.084 fresh=False phase=0.472 anchor=0.703@0.171 phi=-0.219
frame@62240: gain=0.420 ref=0.416 mse=0.317 tau=0.002 omega=1.92E-004 bad=0 tapChange=0.0936 floor=0.0399 fading=True/True preMse=0.507 energy=0.093/0.085 fresh=False phase=0.498 anchor=0.827@0.192 phi=-0.289
frame@62528: gain=0.517 ref=0.416 mse=0.075 tau=0.011 omega=2.00E-004 bad=0 tapChange=0.0187 floor=0.0187 fading=True/True preMse=0.120 energy=0.096/0.085 fresh=False phase=0.027 anchor=0.902@0.053 phi=-0.048
frame@62816: gain=0.453 ref=0.421 mse=0.111 tau=0.023 omega=1.81E-004 bad=0 tapChange=0.0262 floor=0.0197 fading=True/True preMse=0.177 energy=0.066/0.086 fresh=False phase=-0.131 anchor=0.821@-0.067 phi=0.110
frame@63104: gain=0.500 ref=0.423 mse=0.074 tau=0.005 omega=1.69E-004 bad=0 tapChange=0.0159 floor=0.0159 fading=True/True preMse=0.119 energy=0.062/0.085 fresh=False phase=-0.105 anchor=0.861@-0.062 phi=0.071
frame@63392: gain=0.419 ref=0.427 mse=0.140 tau=0.020 omega=1.41E-004 bad=0 tapChange=0.0340 floor=0.0168 fading=True/True preMse=0.224 energy=0.042/0.084 fresh=False phase=-0.197 anchor=0.778@-0.095 phi=0.158
frame@63680: gain=0.396 ref=0.426 mse=0.130 tau=0.050 omega=1.50E-004 bad=0 tapChange=0.0269 floor=0.0178 fading=True/True preMse=0.208 energy=0.030/0.082 fresh=False phase=0.061 anchor=0.745@0.019 phi=-0.048
frame@63968: gain=0.385 ref=0.425 mse=0.213 tau=0.027 omega=1.60E-004 bad=0 tapChange=0.0331 floor=0.0187 fading=True/True preMse=0.341 energy=0.023/0.079 fresh=False phase=0.105 anchor=0.720@0.047 phi=-0.057
frame@64256: gain=0.405 ref=0.423 mse=0.445 tau=0.020 omega=1.00E-004 bad=0 tapChange=0.0568 floor=0.0198 fading=True/True preMse=0.713 energy=0.035/0.076 fresh=False phase=-0.492 anchor=0.693@-0.215 phi=0.343
frame@64544: gain=0.402 ref=0.422 mse=0.438 tau=0.018 omega=9.80E-005 bad=0 tapChange=0.0998 floor=0.0209 fading=True/True preMse=0.701 energy=0.066/0.074 fresh=False phase=-0.005 anchor=0.769@-0.055 phi=0.012
frame@64832: gain=0.635 ref=0.421 mse=0.254 tau=0.014 omega=6.83E-005 bad=0 tapChange=0.0611 floor=0.0220 fading=True/True preMse=0.406 energy=0.082/0.074 fresh=False phase=-0.276 anchor=0.919@-0.090 phi=0.171
frame@65120: gain=0.533 ref=0.432 mse=0.153 tau=0.011 omega=4.74E-005 bad=0 tapChange=0.0258 floor=0.0232 fading=True/True preMse=0.245 energy=0.067/0.074 fresh=False phase=-0.158 anchor=0.869@-0.064 phi=0.121
frame@65408: gain=0.491 ref=0.437 mse=0.156 tau=0.015 omega=2.44E-005 bad=0 tapChange=0.0351 floor=0.0245 fading=True/True preMse=0.250 energy=0.068/0.074 fresh=False phase=-0.207 anchor=0.882@-0.067 phi=0.132
frame@65696: gain=0.497 ref=0.439 mse=0.150 tau=0.014 omega=3.50E-005 bad=0 tapChange=0.0535 floor=0.0258 fading=True/True preMse=0.240 energy=0.070/0.073 fresh=False phase=0.097 anchor=0.887@0.013 phi=-0.061
frame@65984: gain=0.596 ref=0.442 mse=0.109 tau=0.014 omega=4.46E-005 bad=0 tapChange=0.0403 floor=0.0272 fading=True/True preMse=0.175 energy=0.079/0.073 fresh=False phase=0.093 anchor=0.959@0.049 phi=-0.055
frame@66272: gain=0.569 ref=0.450 mse=0.090 tau=0.022 omega=6.40E-005 bad=0 tapChange=0.0180 floor=0.0180 fading=True/True preMse=0.144 energy=0.080/0.074 fresh=False phase=0.144 anchor=0.920@0.082 phi=-0.112
frame@66560: gain=0.408 ref=0.456 mse=0.122 tau=0.018 omega=4.88E-005 bad=0 tapChange=0.0222 floor=0.0190 fading=True/True preMse=0.195 energy=0.042/0.074 fresh=False phase=-0.110 anchor=0.755@-0.042 phi=0.088
frame@66848: gain=0.220 ref=0.454 mse=0.356 tau=0.013 omega=3.65E-005 bad=0 tapChange=0.0729 floor=0.0200 fading=True/True preMse=0.570 energy=0.019/0.072 fresh=False phase=-0.088 anchor=0.499@-0.058 phi=0.071
frame@67136: gain=0.231 ref=0.442 mse=0.755 tau=0.018 omega=-9.67E-005 bad=0 tapChange=0.1678 floor=0.0211 fading=True/True preMse=1.208 energy=0.026/0.070 fresh=False phase=-1.387 anchor=0.422@-0.554 phi=0.767
frame@67424: gain=0.213 ref=0.431 mse=0.465 tau=0.012 omega=-1.35E-004 bad=0 tapChange=0.1086 floor=0.0223 fading=True/True preMse=0.743 energy=0.042/0.067 fresh=False phase=-0.371 anchor=0.567@-0.170 phi=0.219
frame@67712: gain=0.299 ref=0.420 mse=0.326 tau=0.014 omega=-1.40E-004 bad=0 tapChange=0.0587 floor=0.0235 fading=True/True preMse=0.521 energy=0.040/0.066 fresh=False phase=0.057 anchor=0.671@-0.017 phi=0.031
frame@68000: gain=0.370 ref=0.414 mse=0.428 tau=0.009 omega=-1.21E-004 bad=0 tapChange=0.0517 floor=0.0248 fading=True/True preMse=0.685 energy=0.044/0.065 fresh=False phase=0.285 anchor=0.747@0.094 phi=-0.112
frame@68288: gain=0.389 ref=0.412 mse=0.205 tau=0.007 omega=-9.11E-005 bad=0 tapChange=0.0329 floor=0.0261 fading=True/True preMse=0.328 energy=0.040/0.064 fresh=False phase=0.303 anchor=0.746@0.147 phi=-0.171
frame@68576: gain=0.456 ref=0.411 mse=0.216 tau=0.007 omega=-6.74E-005 bad=0 tapChange=0.0241 floor=0.0241 fading=True/True preMse=0.346 energy=0.036/0.063 fresh=False phase=0.163 anchor=0.792@0.117 phi=-0.137
frame@68864: gain=0.345 ref=0.413 mse=0.367 tau=0.024 omega=-7.09E-005 bad=0 tapChange=0.0382 floor=0.0254 fading=True/True preMse=0.587 energy=0.027/0.061 fresh=False phase=-0.089 anchor=0.646@0.000 phi=0.021
frame@69152: gain=0.231 ref=0.410 mse=0.472 tau=0.016 omega=-1.54E-004 bad=0 tapChange=0.0406 floor=0.0268 fading=True/True preMse=0.755 energy=0.013/0.060 fresh=False phase=-0.631 anchor=0.462@-0.387 phi=0.476
frame@69440: gain=0.403 ref=0.401 mse=0.706 tau=0.016 omega=-2.84E-004 bad=0 tapChange=0.0788 floor=0.0282 fading=True/True preMse=1.129 energy=0.020/0.057 fresh=False phase=-1.046 anchor=0.617@-0.586 phi=0.749
frame@69728: gain=0.500 ref=0.401 mse=0.344 tau=0.013 omega=-3.40E-004 bad=0 tapChange=0.0350 floor=0.0297 fading=True/True preMse=0.550 energy=0.039/0.055 fresh=False phase=-0.382 anchor=0.822@-0.235 phi=0.323
frame@70016: gain=0.681 ref=0.406 mse=0.124 tau=0.018 omega=-3.43E-004 bad=0 tapChange=0.0193 floor=0.0193 fading=True/True preMse=0.199 energy=0.053/0.055 fresh=False phase=0.012 anchor=0.982@-0.018 phi=0.022
frame@70304: gain=0.619 ref=0.420 mse=0.193 tau=0.016 omega=-3.63E-004 bad=0 tapChange=0.0264 floor=0.0203 fading=True/True preMse=0.308 energy=0.069/0.054 fresh=False phase=-0.149 anchor=0.963@-0.058 phi=0.113
frame@70592: gain=0.592 ref=0.430 mse=0.263 tau=0.015 omega=-3.69E-004 bad=0 tapChange=0.0407 floor=0.0215 fading=True/True preMse=0.420 energy=0.070/0.055 fresh=False phase=0.015 anchor=0.971@-0.015 phi=0.032
frame@70880: gain=0.706 ref=0.438 mse=0.226 tau=0.014 omega=-3.71E-004 bad=0 tapChange=0.0459 floor=0.0226 fading=True/True preMse=0.362 energy=0.101/0.056 fresh=False phase=-0.016 anchor=1.031@0.007 phi=0.017
frame@71168: gain=0.672 ref=0.451 mse=0.152 tau=0.015 omega=-3.37E-004 bad=0 tapChange=0.0396 floor=0.0239 fading=True/True preMse=0.244 energy=0.107/0.058 fresh=False phase=0.213 anchor=1.005@0.113 phi=-0.200
frame@71456: gain=0.572 ref=0.462 mse=0.130 tau=0.010 omega=-2.83E-004 bad=0 tapChange=0.0233 floor=0.0233 fading=True/True preMse=0.208 energy=0.093/0.061 fresh=False phase=0.336 anchor=0.915@0.198 phi=-0.310
frame@71744: gain=0.444 ref=0.468 mse=0.139 tau=0.006 omega=-2.62E-004 bad=0 tapChange=0.0278 floor=0.0246 fading=True/True preMse=0.222 energy=0.061/0.062 fresh=False phase=0.115 anchor=0.791@0.130 phi=-0.123
frame@72032: gain=0.386 ref=0.467 mse=0.247 tau=0.008 omega=-2.12E-004 bad=0 tapChange=0.0402 floor=0.0259 fading=True/True preMse=0.395 energy=0.046/0.062 fresh=False phase=0.320 anchor=0.699@0.215 phi=-0.289
frame@72320: gain=0.360 ref=0.463 mse=0.224 tau=-0.001 omega=-1.76E-004 bad=0 tapChange=0.0508 floor=0.0273 fading=True/True preMse=0.359 energy=0.047/0.061 fresh=False phase=0.219 anchor=0.732@0.160 phi=-0.202
frame@72608: gain=0.368 ref=0.457 mse=0.210 tau=0.015 omega=-1.37E-004 bad=0 tapChange=0.0425 floor=0.0288 fading=True/True preMse=0.337 energy=0.050/0.061 fresh=False phase=0.219 anchor=0.747@0.169 phi=-0.227
frame@72896: gain=0.447 ref=0.453 mse=0.134 tau=0.011 omega=-1.18E-004 bad=0 tapChange=0.0198 floor=0.0198 fading=True/True preMse=0.214 energy=0.042/0.060 fresh=False phase=0.096 anchor=0.787@0.080 phi=-0.107
frame@73184: gain=0.302 ref=0.453 mse=0.350 tau=0.011 omega=-1.12E-004 bad=0 tapChange=0.0370 floor=0.0209 fading=True/True preMse=0.560 energy=0.024/0.059 fresh=False phase=0.055 anchor=0.608@0.017 phi=-0.035
frame@73472: gain=0.292 ref=0.445 mse=0.462 tau=-0.005 omega=-1.23E-004 bad=0 tapChange=0.0486 floor=0.0221 fading=True/True preMse=0.740 energy=0.017/0.058 fresh=False phase=-0.041 anchor=0.562@-0.059 phi=0.062
frame@73760: gain=0.180 ref=0.437 mse=0.591 tau=-0.016 omega=-1.32E-004 bad=0 tapChange=0.0944 floor=0.0233 fading=True/True preMse=0.946 energy=0.028/0.056 fresh=False phase=-0.082 anchor=0.555@-0.065 phi=0.051
frame@74048: gain=0.427 ref=0.437 mse=0.524 tau=-0.018 omega=-1.33E-004 bad=1 tapChange=0.0670 floor=0.0245 fading=True/True preMse=0.839 energy=0.077/0.056 fresh=False phase=0.131 anchor=0.845@0.002 phi=0.008
frame@74336: gain=0.496 ref=0.437 mse=0.227 tau=-0.037 omega=-1.19E-004 bad=0 tapChange=0.0235 floor=0.0235 fading=True/True preMse=0.363 energy=0.098/0.057 fresh=False phase=0.140 anchor=0.915@0.075 phi=-0.083
frame@74624: gain=0.618 ref=0.440 mse=0.502 tau=-0.047 omega=-6.03E-005 bad=0 tapChange=0.0628 floor=0.0247 fading=True/True preMse=0.804 energy=0.124/0.059 fresh=False phase=0.577 anchor=0.884@0.219 phi=-0.337
frame@74912: gain=0.428 ref=0.449 mse=0.216 tau=-0.048 omega=-2.73E-005 bad=0 tapChange=0.0262 floor=0.0261 fading=True/True preMse=0.345 energy=0.090/0.062 fresh=False phase=0.160 anchor=0.788@0.142 phi=-0.190
frame@75200: gain=0.272 ref=0.448 mse=0.405 tau=-0.047 omega=1.23E-005 bad=0 tapChange=0.0777 floor=0.0275 fading=True/True preMse=0.647 energy=0.075/0.063 fresh=False phase=0.540 anchor=0.629@0.151 phi=-0.228
frame@75488: gain=0.365 ref=0.439 mse=0.327 tau=-0.052 omega=3.13E-005 bad=0 tapChange=0.0587 floor=0.0289 fading=True/True preMse=0.523 energy=0.081/0.064 fresh=False phase=0.128 anchor=0.714@0.084 phi=-0.110
frame@75776: gain=0.317 ref=0.435 mse=0.423 tau=-0.042 omega=6.82E-005 bad=0 tapChange=0.0974 floor=0.0305 fading=True/True preMse=0.677 energy=0.069/0.065 fresh=False phase=0.276 anchor=0.680@0.136 phi=-0.212
frame@76064: gain=0.302 ref=0.429 mse=0.270 tau=-0.036 omega=9.13E-005 bad=0 tapChange=0.0518 floor=0.0321 fading=True/True preMse=0.432 energy=0.047/0.065 fresh=False phase=0.203 anchor=0.636@0.086 phi=-0.133
frame@76352: gain=0.310 ref=0.423 mse=0.314 tau=-0.035 omega=1.25E-004 bad=0 tapChange=0.0501 floor=0.0338 fading=True/True preMse=0.502 energy=0.025/0.064 fresh=False phase=0.244 anchor=0.593@0.144 phi=-0.192
frame@76640: gain=0.392 ref=0.417 mse=0.335 tau=-0.005 omega=2.02E-004 bad=0 tapChange=0.0428 floor=0.0356 fading=True/True preMse=0.536 energy=0.026/0.062 fresh=False phase=0.510 anchor=0.727@0.277 phi=-0.448
frame@76928: gain=0.543 ref=0.416 mse=0.200 tau=-0.006 omega=2.21E-004 bad=0 tapChange=0.0238 floor=0.0238 fading=True/True preMse=0.321 energy=0.047/0.060 fresh=False phase=0.154 anchor=0.886@0.080 phi=-0.105
frame@77216: gain=0.588 ref=0.422 mse=0.120 tau=-0.010 omega=2.00E-004 bad=0 tapChange=0.0102 floor=0.0102 fading=True/True preMse=0.191 energy=0.059/0.060 fresh=False phase=-0.146 anchor=0.921@-0.071 phi=0.118
frame@77504: gain=0.470 ref=0.431 mse=0.210 tau=-0.034 omega=1.32E-004 bad=0 tapChange=0.0174 floor=0.0108 fading=True/True preMse=0.336 energy=0.026/0.060 fresh=False phase=-0.427 anchor=0.782@-0.266 phi=0.394
frame@77792: gain=0.535 ref=0.433 mse=0.747 tau=-0.038 omega=1.73E-006 bad=0 tapChange=0.0940 floor=0.0115 fading=True/True preMse=1.195 energy=0.040/0.058 fresh=False phase=-0.915 anchor=0.722@-0.530 phi=0.749
frame@78080: gain=0.723 ref=0.438 mse=0.541 tau=-0.030 omega=-5.98E-005 bad=0 tapChange=0.0928 floor=0.0122 fading=True/True preMse=0.866 energy=0.111/0.057 fresh=False phase=-0.527 anchor=0.939@-0.228 phi=0.354
frame@78368: gain=0.536 ref=0.452 mse=0.235 tau=-0.028 omega=-7.10E-005 bad=0 tapChange=0.0863 floor=0.0129 fading=True/True preMse=0.376 energy=0.192/0.060 fresh=False phase=-0.271 anchor=0.905@-0.080 phi=0.065
frame@78656: gain=0.614 ref=0.456 mse=0.235 tau=-0.021 omega=-3.38E-005 bad=0 tapChange=0.0559 floor=0.0136 fading=True/True preMse=0.376 energy=0.202/0.066 fresh=False phase=0.240 anchor=0.921@0.085 phi=-0.214
frame@78944: gain=0.425 ref=0.464 mse=0.222 tau=-0.017 omega=2.31E-006 bad=0 tapChange=0.0773 floor=0.0144 fading=True/True preMse=0.355 energy=0.138/0.073 fresh=False phase=0.173 anchor=0.810@0.120 phi=-0.208
frame@79232: gain=0.294 ref=0.462 mse=0.256 tau=-0.008 omega=4.06E-005 bad=0 tapChange=0.0918 floor=0.0152 fading=True/True preMse=0.410 energy=0.077/0.076 fresh=False phase=0.261 anchor=0.655@0.136 phi=-0.220
frame@79520: gain=0.278 ref=0.454 mse=0.306 tau=0.009 omega=1.07E-004 bad=0 tapChange=0.0944 floor=0.0161 fading=True/True preMse=0.490 energy=0.037/0.076 fresh=False phase=0.449 anchor=0.583@0.274 phi=-0.381
frame@79808: gain=0.239 ref=0.445 mse=0.358 tau=0.022 omega=1.42E-004 bad=0 tapChange=0.0591 floor=0.0170 fading=True/True preMse=0.573 energy=0.016/0.074 fresh=False phase=0.248 anchor=0.469@0.176 phi=-0.205
frame@80096: gain=0.068 ref=0.435 mse=0.771 tau=0.013 omega=2.08E-005 bad=0 tapChange=0.1389 floor=0.0179 fading=True/True preMse=1.234 energy=0.009/0.072 fresh=False phase=-1.671 anchor=0.203@-0.547 phi=0.699
frame@80384: gain=0.099 ref=0.435 mse=0.724 tau=0.027 omega=-5.58E-005 bad=1 tapChange=0.2263 floor=0.0189 fading=True/True preMse=1.159 energy=0.019/0.072 fresh=False phase=-1.238 anchor=0.355@-0.316 phi=0.441
frame@80672: gain=0.149 ref=0.435 mse=0.592 tau=0.028 omega=-5.58E-005 bad=2 tapChange=0.0000 floor=0.0189 fading=True/True preMse=0.946 energy=0.018/0.072 fresh=True phase=-0.755 anchor=0.370@-0.000 phi=0.000
frame@80960: gain=0.146 ref=0.435 mse=0.415 tau=0.023 omega=-3.08E-005 bad=3 tapChange=0.4306 floor=0.0200 fading=True/True preMse=0.664 energy=0.014/0.072 fresh=False phase=0.181 anchor=0.451@0.080 phi=-0.144
frame@81248: gain=0.189 ref=0.435 mse=0.466 tau=0.011 omega=-1.33E-005 bad=4 tapChange=0.2485 floor=0.0211 fading=True/True preMse=0.746 energy=0.030/0.072 fresh=False phase=-0.057 anchor=0.564@0.043 phi=-0.101
frame@81536: gain=0.241 ref=0.435 mse=0.408 tau=0.023 omega=2.35E-006 bad=5 tapChange=0.1299 floor=0.0222 fading=True/True preMse=0.653 energy=0.037/0.072 fresh=False phase=0.156 anchor=0.619@0.047 phi=-0.090
frame@81824: gain=0.493 ref=0.425 mse=0.320 tau=0.015 omega=5.04E-005 bad=0 tapChange=0.0509 floor=0.0234 fading=True/True preMse=0.511 energy=0.048/0.070 fresh=False phase=0.338 anchor=0.826@0.157 phi=-0.277
frame@82112: gain=0.411 ref=0.428 mse=0.269 tau=0.016 omega=6.97E-005 bad=0 tapChange=0.0380 floor=0.0247 fading=True/True preMse=0.430 energy=0.030/0.069 fresh=False phase=0.148 anchor=0.749@0.084 phi=-0.111
frame@82400: gain=0.297 ref=0.428 mse=0.594 tau=0.009 omega=1.04E-004 bad=0 tapChange=0.1040 floor=0.0260 fading=True/True preMse=0.951 energy=0.032/0.067 fresh=False phase=0.261 anchor=0.601@0.146 phi=-0.198
frame@82688: gain=0.432 ref=0.421 mse=0.511 tau=0.015 omega=1.20E-004 bad=0 tapChange=0.1262 floor=0.0274 fading=True/True preMse=0.817 energy=0.079/0.065 fresh=False phase=0.158 anchor=0.864@0.061 phi=-0.093
frame@82976: gain=0.534 ref=0.422 mse=0.208 tau=0.015 omega=8.92E-005 bad=0 tapChange=0.0581 floor=0.0289 fading=True/True preMse=0.333 energy=0.084/0.066 fresh=False phase=-0.237 anchor=0.926@-0.073 phi=0.179
frame@83264: gain=0.494 ref=0.427 mse=0.154 tau=0.004 omega=6.81E-005 bad=0 tapChange=0.0273 floor=0.0273 fading=True/True preMse=0.246 energy=0.057/0.067 fresh=False phase=-0.089 anchor=0.838@-0.079 phi=0.122
frame@83552: gain=0.265 ref=0.430 mse=0.489 tau=0.006 omega=-3.42E-005 bad=0 tapChange=0.0682 floor=0.0287 fading=True/True preMse=0.782 energy=0.021/0.066 fresh=False phase=-0.711 anchor=0.515@-0.384 phi=0.589
frame@83840: gain=0.393 ref=0.422 mse=0.760 tau=-0.001 omega=-2.29E-004 bad=0 tapChange=0.0850 floor=0.0303 fading=True/True preMse=1.216 energy=0.029/0.064 fresh=False phase=-1.188 anchor=0.575@-0.757 phi=1.120
frame@84128: gain=0.540 ref=0.421 mse=0.233 tau=-0.005 omega=-2.86E-004 bad=0 tapChange=0.0569 floor=0.0319 fading=True/True preMse=0.373 energy=0.071/0.062 fresh=False phase=-0.332 anchor=0.898@-0.181 phi=0.328
frame@84416: gain=0.567 ref=0.427 mse=0.141 tau=-0.009 omega=-2.83E-004 bad=0 tapChange=0.0385 floor=0.0336 fading=True/True preMse=0.226 energy=0.086/0.063 fresh=False phase=0.167 anchor=0.960@0.005 phi=-0.015
frame@84704: gain=0.358 ref=0.434 mse=0.301 tau=-0.013 omega=-2.95E-004 bad=0 tapChange=0.0679 floor=0.0353 fading=True/True preMse=0.482 energy=0.074/0.064 fresh=False phase=-0.038 anchor=0.731@-0.017 phi=0.069
frame@84992: gain=0.236 ref=0.430 mse=0.372 tau=-0.019 omega=-3.44E-004 bad=0 tapChange=0.0795 floor=0.0372 fading=True/True preMse=0.595 energy=0.047/0.064 fresh=False phase=-0.463 anchor=0.581@-0.197 phi=0.281
frame@85280: gain=0.331 ref=0.420 mse=0.410 tau=-0.008 omega=-4.36E-004 bad=0 tapChange=0.0971 floor=0.0392 fading=True/True preMse=0.656 energy=0.045/0.063 fresh=False phase=-0.707 anchor=0.695@-0.350 phi=0.530
frame@85568: gain=0.409 ref=0.416 mse=0.215 tau=-0.015 omega=-4.46E-004 bad=0 tapChange=0.0576 floor=0.0412 fading=True/True preMse=0.344 energy=0.046/0.062 fresh=False phase=0.004 anchor=0.767@-0.068 phi=0.057
frame@85856: gain=0.442 ref=0.415 mse=0.317 tau=-0.014 omega=-4.17E-004 bad=0 tapChange=0.0505 floor=0.0434 fading=True/True preMse=0.507 energy=0.045/0.062 fresh=False phase=0.177 anchor=0.779@0.105 phi=-0.164
frame@86144: gain=0.500 ref=0.417 mse=0.348 tau=-0.014 omega=-3.35E-004 bad=0 tapChange=0.0424 floor=0.0424 fading=True/True preMse=0.557 energy=0.052/0.061 fresh=False phase=0.532 anchor=0.827@0.283 phi=-0.475
frame@86432: gain=0.614 ref=0.421 mse=0.273 tau=-0.017 omega=-2.64E-004 bad=0 tapChange=0.0385 floor=0.0385 fading=True/True preMse=0.436 energy=0.074/0.060 fresh=False phase=0.449 anchor=0.938@0.262 phi=-0.407
frame@86720: gain=0.569 ref=0.431 mse=0.116 tau=-0.013 omega=-2.32E-004 bad=0 tapChange=0.0129 floor=0.0129 fading=True/True preMse=0.186 energy=0.076/0.061 fresh=False phase=0.165 anchor=0.922@0.143 phi=-0.187
frame@87008: gain=0.656 ref=0.437 mse=0.152 tau=-0.010 omega=-2.21E-004 bad=0 tapChange=0.0214 floor=0.0136 fading=True/True preMse=0.243 energy=0.108/0.062 fresh=False phase=0.050 anchor=0.969@0.059 phi=-0.063
frame@87296: gain=0.390 ref=0.448 mse=0.267 tau=0.005 omega=-2.46E-004 bad=0 tapChange=0.0553 floor=0.0144 fading=True/True preMse=0.427 energy=0.073/0.064 fresh=False phase=-0.225 anchor=0.745@-0.073 phi=0.147
frame@87584: gain=0.304 ref=0.446 mse=0.434 tau=0.008 omega=-3.03E-004 bad=0 tapChange=0.1001 floor=0.0152 fading=True/True preMse=0.694 energy=0.075/0.065 fresh=False phase=-0.551 anchor=0.683@-0.201 phi=0.327
frame@87872: gain=0.423 ref=0.438 mse=0.348 tau=0.005 omega=-3.59E-004 bad=0 tapChange=0.0869 floor=0.0161 fading=True/True preMse=0.557 energy=0.086/0.065 fresh=False phase=-0.403 anchor=0.825@-0.186 phi=0.322
frame@88160: gain=0.473 ref=0.438 mse=0.189 tau=0.004 omega=-4.06E-004 bad=0 tapChange=0.0488 floor=0.0170 fading=True/True preMse=0.302 energy=0.072/0.066 fresh=False phase=-0.280 anchor=0.859@-0.140 phi=0.273
frame@88448: gain=0.471 ref=0.439 mse=0.164 tau=0.007 omega=-3.77E-004 bad=0 tapChange=0.0383 floor=0.0179 fading=True/True preMse=0.263 energy=0.064/0.066 fresh=False phase=0.219 anchor=0.853@0.080 phi=-0.168
frame@88736: gain=0.521 ref=0.441 mse=0.256 tau=0.008 omega=-3.00E-004 bad=0 tapChange=0.0529 floor=0.0189 fading=True/True preMse=0.410 energy=0.060/0.066 fresh=False phase=0.575 anchor=0.837@0.296 phi=-0.443
frame@89024: gain=0.514 ref=0.445 mse=0.140 tau=0.010 omega=-2.55E-004 bad=0 tapChange=0.0164 floor=0.0164 fading=True/True preMse=0.224 energy=0.065/0.066 fresh=False phase=0.264 anchor=0.861@0.198 phi=-0.262
frame@89312: gain=0.375 ref=0.448 mse=0.179 tau=0.006 omega=-2.17E-004 bad=0 tapChange=0.0275 floor=0.0173 fading=True/True preMse=0.286 energy=0.057/0.066 fresh=False phase=0.225 anchor=0.716@0.169 phi=-0.216
frame@89600: gain=0.300 ref=0.445 mse=0.287 tau=-0.004 omega=-2.22E-004 bad=0 tapChange=0.0552 floor=0.0183 fading=True/True preMse=0.459 energy=0.053/0.065 fresh=False phase=-0.121 anchor=0.681@0.004 phi=0.027
frame@89888: gain=0.205 ref=0.438 mse=0.425 tau=-0.009 omega=-1.90E-004 bad=0 tapChange=0.1078 floor=0.0193 fading=True/True preMse=0.680 energy=0.057/0.065 fresh=False phase=0.492 anchor=0.627@0.133 phi=-0.183
frame@90176: gain=0.231 ref=0.426 mse=0.437 tau=-0.012 omega=-1.43E-004 bad=0 tapChange=0.0835 floor=0.0203 fading=True/True preMse=0.698 energy=0.057/0.064 fresh=False phase=0.485 anchor=0.582@0.194 phi=-0.275
frame@90464: gain=0.420 ref=0.416 mse=0.428 tau=-0.012 omega=-9.41E-005 bad=0 tapChange=0.0595 floor=0.0215 fading=True/True preMse=0.684 energy=0.062/0.064 fresh=False phase=0.333 anchor=0.756@0.175 phi=-0.279
frame@90752: gain=0.444 ref=0.416 mse=0.244 tau=-0.011 omega=-7.97E-005 bad=0 tapChange=0.0507 floor=0.0226 fading=True/True preMse=0.390 energy=0.059/0.064 fresh=False phase=0.050 anchor=0.789@0.050 phi=-0.083
frame@91040: gain=0.416 ref=0.418 mse=0.182 tau=-0.011 omega=-7.26E-005 bad=0 tapChange=0.0372 floor=0.0239 fading=True/True preMse=0.292 energy=0.047/0.064 fresh=False phase=-0.068 anchor=0.792@0.026 phi=-0.041
frame@91328: gain=0.414 ref=0.418 mse=0.202 tau=-0.004 omega=-4.39E-005 bad=0 tapChange=0.0234 floor=0.0234 fading=True/True preMse=0.323 energy=0.032/0.063 fresh=False phase=0.229 anchor=0.743@0.101 phi=-0.165
frame@91616: gain=0.506 ref=0.417 mse=0.224 tau=0.002 omega=8.75E-006 bad=0 tapChange=0.0214 floor=0.0214 fading=True/True preMse=0.358 energy=0.041/0.061 fresh=False phase=0.357 anchor=0.840@0.191 phi=-0.303
frame@91904: gain=0.388 ref=0.422 mse=0.243 tau=-0.000 omega=1.94E-005 bad=0 tapChange=0.0474 floor=0.0225 fading=True/True preMse=0.389 energy=0.034/0.060 fresh=False phase=-0.006 anchor=0.744@0.038 phi=-0.061
frame@92192: gain=0.437 ref=0.420 mse=0.314 tau=-0.004 omega=1.74E-005 bad=0 tapChange=0.0495 floor=0.0238 fading=True/True preMse=0.502 energy=0.059/0.059 fresh=False phase=-0.052 anchor=0.817@-0.023 phi=0.012
frame@92480: gain=0.597 ref=0.421 mse=0.438 tau=-0.004 omega=3.39E-005 bad=0 tapChange=0.0518 floor=0.0251 fading=True/True preMse=0.701 energy=0.094/0.059 fresh=False phase=0.062 anchor=0.913@0.046 phi=-0.095
frame@92768: gain=0.609 ref=0.430 mse=0.144 tau=-0.008 omega=3.47E-005 bad=0 tapChange=0.0225 floor=0.0225 fading=True/True preMse=0.231 energy=0.114/0.061 fresh=False phase=-0.054 anchor=0.978@-0.003 phi=-0.005
frame@93056: gain=0.609 ref=0.439 mse=0.351 tau=-0.007 omega=6.36E-005 bad=0 tapChange=0.0696 floor=0.0237 fading=True/True preMse=0.562 energy=0.132/0.063 fresh=False phase=0.283 anchor=0.984@0.079 phi=-0.166
frame@93344: gain=0.610 ref=0.447 mse=0.093 tau=-0.007 omega=7.40E-005 bad=0 tapChange=0.0294 floor=0.0250 fading=True/True preMse=0.149 energy=0.127/0.067 fresh=False phase=0.069 anchor=0.971@0.042 phi=-0.060
frame@93632: gain=0.522 ref=0.455 mse=0.058 tau=-0.005 omega=8.66E-005 bad=0 tapChange=0.0144 floor=0.0144 fading=True/True preMse=0.093 energy=0.097/0.070 fresh=False phase=0.074 anchor=0.893@0.040 phi=-0.073
frame@93920: gain=0.290 ref=0.459 mse=0.247 tau=-0.011 omega=6.12E-005 bad=0 tapChange=0.0427 floor=0.0152 fading=True/True preMse=0.394 energy=0.032/0.071 fresh=False phase=-0.154 anchor=0.558@-0.095 phi=0.146
frame@94208: gain=0.077 ref=0.450 mse=0.726 tau=-0.039 omega=-3.69E-005 bad=0 tapChange=0.1438 floor=0.0161 fading=True/True preMse=1.162 energy=0.015/0.069 fresh=False phase=-1.708 anchor=0.214@-0.497 phi=0.565
frame@94496: gain=0.293 ref=0.450 mse=1.121 tau=-0.033 omega=-2.23E-004 bad=1 tapChange=0.3596 floor=0.0170 fading=True/True preMse=1.793 energy=0.047/0.069 fresh=False phase=-2.010 anchor=0.415@-0.639 phi=1.075
frame@94784: gain=0.211 ref=0.442 mse=0.439 tau=-0.031 omega=-2.50E-004 bad=0 tapChange=0.2662 floor=0.0180 fading=True/True preMse=0.702 energy=0.075/0.068 fresh=False phase=0.001 anchor=0.717@-0.096 phi=0.152
frame@95072: gain=0.343 ref=0.431 mse=0.193 tau=-0.025 omega=-2.38E-004 bad=0 tapChange=0.0776 floor=0.0190 fading=True/True preMse=0.310 energy=0.050/0.068 fresh=False phase=0.178 anchor=0.734@0.063 phi=-0.067
frame@95360: gain=0.263 ref=0.427 mse=0.331 tau=-0.010 omega=-2.26E-004 bad=0 tapChange=0.0551 floor=0.0200 fading=True/True preMse=0.530 energy=0.021/0.068 fresh=False phase=0.137 anchor=0.537@0.075 phi=-0.068
frame@95648: gain=0.141 ref=0.418 mse=0.505 tau=-0.014 omega=-2.02E-004 bad=0 tapChange=0.0536 floor=0.0211 fading=True/True preMse=0.808 energy=0.007/0.065 fresh=False phase=0.260 anchor=0.306@0.118 phi=-0.142
frame@95936: gain=0.102 ref=0.418 mse=0.538 tau=0.001 omega=-2.51E-004 bad=1 tapChange=0.0989 floor=0.0223 fading=True/True preMse=0.861 energy=0.012/0.065 fresh=False phase=-0.466 anchor=0.345@-0.218 phi=0.284
frame@96224: gain=0.164 ref=0.418 mse=0.413 tau=-0.029 omega=-2.50E-004 bad=2 tapChange=0.0547 floor=0.0235 fading=True/True preMse=0.661 energy=0.007/0.065 fresh=False phase=0.048 anchor=0.381@-0.001 phi=-0.007
frame@96512: gain=0.235 ref=0.418 mse=0.553 tau=-0.059 omega=-1.69E-004 bad=3 tapChange=0.0247 floor=0.0247 fading=True/True preMse=0.884 energy=0.006/0.065 fresh=False phase=0.532 anchor=0.399@0.369 phi=-0.466
frame@96800: gain=0.280 ref=0.409 mse=1.028 tau=-0.057 omega=1.92E-005 bad=0 tapChange=0.0969 floor=0.0261 fading=True/True preMse=1.645 energy=0.016/0.062 fresh=False phase=1.362 anchor=0.415@0.873 phi=-1.084
frame@97088: gain=0.316 ref=0.403 mse=0.488 tau=-0.027 omega=6.33E-005 bad=0 tapChange=0.0617 floor=0.0275 fading=True/True preMse=0.782 energy=0.019/0.060 fresh=False phase=0.341 anchor=0.636@0.184 phi=-0.254
frame@97376: gain=0.279 ref=0.398 mse=0.481 tau=-0.036 omega=1.49E-004 bad=0 tapChange=0.0388 floor=0.0289 fading=True/True preMse=0.770 energy=0.014/0.058 fresh=False phase=0.574 anchor=0.512@0.380 phi=-0.492
frame@97664: gain=0.446 ref=0.392 mse=0.668 tau=-0.026 omega=2.17E-004 bad=0 tapChange=0.0809 floor=0.0305 fading=True/True preMse=1.068 energy=0.041/0.056 fresh=False phase=0.609 anchor=0.735@0.299 phi=-0.395
frame@97952: gain=0.468 ref=0.395 mse=0.483 tau=-0.023 omega=2.63E-004 bad=0 tapChange=0.0582 floor=0.0321 fading=True/True preMse=0.773 energy=0.061/0.055 fresh=False phase=0.518 anchor=0.786@0.200 phi=-0.265
frame@98240: gain=0.606 ref=0.399 mse=0.253 tau=-0.017 omega=2.91E-004 bad=0 tapChange=0.0233 floor=0.0233 fading=True/True preMse=0.405 energy=0.092/0.055 fresh=False phase=0.196 anchor=0.910@0.118 phi=-0.160
frame@98528: gain=0.538 ref=0.409 mse=0.092 tau=-0.012 omega=3.10E-004 bad=0 tapChange=0.0114 floor=0.0114 fading=True/True preMse=0.147 energy=0.064/0.057 fresh=False phase=0.118 anchor=0.908@0.068 phi=-0.107
frame@98816: gain=0.472 ref=0.416 mse=0.182 tau=0.014 omega=3.32E-004 bad=0 tapChange=0.0187 floor=0.0121 fading=True/True preMse=0.292 energy=0.058/0.057 fresh=False phase=0.137 anchor=0.823@0.091 phi=-0.130
frame@99104: gain=0.448 ref=0.418 mse=0.214 tau=0.029 omega=3.41E-004 bad=0 tapChange=0.0239 floor=0.0128 fading=True/True preMse=0.343 energy=0.045/0.057 fresh=False phase=0.053 anchor=0.797@0.033 phi=-0.049
frame@99392: gain=0.305 ref=0.420 mse=0.555 tau=0.017 omega=3.84E-004 bad=0 tapChange=0.1130 floor=0.0136 fading=True/True preMse=0.888 energy=0.073/0.057 fresh=False phase=0.337 anchor=0.706@0.126 phi=-0.251
frame@99680: gain=0.281 ref=0.414 mse=0.627 tau=0.016 omega=3.98E-004 bad=0 tapChange=0.1360 floor=0.0143 fading=True/True preMse=1.004 energy=0.114/0.058 fresh=False phase=-0.145 anchor=0.789@0.019 phi=-0.080
frame@99968: gain=0.264 ref=0.408 mse=0.481 tau=0.012 omega=4.12E-004 bad=0 tapChange=0.0866 floor=0.0152 fading=True/True preMse=0.769 energy=0.111/0.060 fresh=False phase=0.156 anchor=0.687@0.016 phi=-0.081
frame@100256: gain=0.227 ref=0.400 mse=0.529 tau=0.009 omega=4.05E-004 bad=0 tapChange=0.1097 floor=0.0160 fading=True/True preMse=0.846 energy=0.093/0.063 fresh=False phase=-0.185 anchor=0.644@-0.064 phi=0.039
frame@100544: gain=0.164 ref=0.392 mse=0.458 tau=-0.014 omega=4.19E-004 bad=0 tapChange=0.1114 floor=0.0169 fading=True/True preMse=0.732 energy=0.048/0.064 fresh=False phase=0.121 anchor=0.495@0.001 phi=-0.076
frame@100832: gain=0.086 ref=0.392 mse=0.692 tau=-0.000 omega=4.19E-004 bad=1 tapChange=0.0000 floor=0.0169 fading=True/True preMse=1.107 energy=0.035/0.064 fresh=True phase=1.223 anchor=0.545@0.000 phi=0.000
frame@101120: gain=0.192 ref=0.392 mse=0.384 tau=-0.000 omega=4.34E-004 bad=2 tapChange=0.2635 floor=0.0179 fading=True/True preMse=0.614 energy=0.022/0.064 fresh=False phase=0.161 anchor=0.507@0.080 phi=-0.090
frame@101408: gain=0.052 ref=0.382 mse=0.689 tau=0.011 omega=4.48E-004 bad=0 tapChange=0.2452 floor=0.0188 fading=True/True preMse=1.102 energy=0.018/0.062 fresh=False phase=0.198 anchor=0.334@0.054 phi=-0.082
frame@101696: gain=0.216 ref=0.382 mse=1.337 tau=0.021 omega=4.67E-004 bad=1 tapChange=0.6299 floor=0.0199 fading=True/True preMse=2.140 energy=0.047/0.062 fresh=False phase=2.821 anchor=0.359@0.075 phi=-0.110
frame@101984: gain=0.162 ref=0.373 mse=0.874 tau=0.025 omega=4.26E-004 bad=0 tapChange=0.4490 floor=0.0210 fading=True/True preMse=1.398 energy=0.115/0.062 fresh=False phase=-0.999 anchor=0.597@-0.132 phi=0.240
frame@102272: gain=0.385 ref=0.373 mse=0.439 tau=0.025 omega=3.99E-004 bad=1 tapChange=0.1921 floor=0.0221 fading=True/True preMse=0.702 energy=0.204/0.062 fresh=False phase=0.012 anchor=0.793@-0.043 phi=0.153
frame@102560: gain=0.481 ref=0.374 mse=0.190 tau=0.025 omega=3.75E-004 bad=0 tapChange=0.0752 floor=0.0233 fading=True/True preMse=0.304 energy=0.210/0.069 fresh=False phase=-0.184 anchor=0.878@-0.069 phi=0.142
frame@102848: gain=0.470 ref=0.379 mse=0.153 tau=0.027 omega=3.34E-004 bad=0 tapChange=0.0672 floor=0.0246 fading=True/True preMse=0.244 energy=0.162/0.076 fresh=False phase=-0.188 anchor=0.842@-0.097 phi=0.236
frame@103136: gain=0.406 ref=0.384 mse=0.225 tau=0.017 omega=2.73E-004 bad=0 tapChange=0.0768 floor=0.0259 fading=True/True preMse=0.359 energy=0.103/0.080 fresh=False phase=-0.420 anchor=0.784@-0.160 phi=0.351
frame@103424: gain=0.205 ref=0.385 mse=0.375 tau=0.023 omega=2.47E-004 bad=0 tapChange=0.1475 floor=0.0273 fading=True/True preMse=0.600 energy=0.029/0.081 fresh=False phase=-0.120 anchor=0.474@-0.128 phi=0.150
frame@103712: gain=0.113 ref=0.376 mse=0.591 tau=0.024 omega=2.14E-004 bad=0 tapChange=0.1590 floor=0.0288 fading=True/True preMse=0.946 energy=0.015/0.079 fresh=False phase=-0.192 anchor=0.326@-0.141 phi=0.187
frame@104000: gain=0.100 ref=0.376 mse=0.662 tau=-0.006 omega=2.43E-004 bad=1 tapChange=0.2578 floor=0.0303 fading=True/True preMse=1.059 energy=0.027/0.079 fresh=False phase=0.676 anchor=0.442@0.042 phi=-0.163
frame@104288: gain=0.167 ref=0.376 mse=0.504 tau=0.024 omega=2.43E-004 bad=2 tapChange=0.0000 floor=0.0303 fading=True/True preMse=0.807 energy=0.041/0.079 fresh=True phase=-0.735 anchor=0.561@-0.000 phi=0.000
frame@104576: gain=0.359 ref=0.376 mse=0.203 tau=0.023 omega=2.71E-004 bad=3 tapChange=0.1944 floor=0.0320 fading=True/True preMse=0.326 energy=0.045/0.079 fresh=False phase=0.213 anchor=0.794@0.070 phi=-0.166
frame@104864: gain=0.489 ref=0.375 mse=0.098 tau=0.047 omega=2.78E-004 bad=0 tapChange=0.0277 floor=0.0277 fading=True/True preMse=0.157 energy=0.043/0.077 fresh=False phase=0.050 anchor=0.834@0.043 phi=-0.039
frame@105152: gain=0.407 ref=0.381 mse=0.174 tau=0.039 omega=3.16E-004 bad=0 tapChange=0.0211 floor=0.0211 fading=True/True preMse=0.279 energy=0.026/0.075 fresh=False phase=0.248 anchor=0.713@0.133 phi=-0.219
frame@105440: gain=0.231 ref=0.382 mse=0.381 tau=0.022 omega=3.81E-004 bad=0 tapChange=0.0444 floor=0.0222 fading=True/True preMse=0.609 energy=0.013/0.073 fresh=False phase=0.420 anchor=0.416@0.306 phi=-0.373
frame@105728: gain=0.338 ref=0.375 mse=0.672 tau=0.013 omega=5.03E-004 bad=0 tapChange=0.1180 floor=0.0235 fading=True/True preMse=1.075 energy=0.025/0.070 fresh=False phase=0.985 anchor=0.568@0.507 phi=-0.706
frame@106016: gain=0.394 ref=0.373 mse=0.374 tau=0.009 omega=5.71E-004 bad=0 tapChange=0.0702 floor=0.0247 fading=True/True preMse=0.598 energy=0.031/0.068 fresh=False phase=0.492 anchor=0.707@0.269 phi=-0.388
frame@106304: gain=0.388 ref=0.374 mse=0.240 tau=0.010 omega=5.36E-004 bad=0 tapChange=0.0370 floor=0.0261 fading=True/True preMse=0.384 energy=0.024/0.066 fresh=False phase=-0.222 anchor=0.697@-0.097 phi=0.200
frame@106592: gain=0.134 ref=0.374 mse=0.582 tau=0.015 omega=5.03E-004 bad=0 tapChange=0.0963 floor=0.0275 fading=True/True preMse=0.931 energy=0.014/0.064 fresh=False phase=-0.342 anchor=0.372@-0.161 phi=0.188
frame@106880: gain=0.135 ref=0.374 mse=0.750 tau=0.015 omega=5.19E-004 bad=1 tapChange=0.1657 floor=0.0289 fading=True/True preMse=1.200 energy=0.031/0.064 fresh=False phase=0.431 anchor=0.478@0.047 phi=-0.092
frame@107168: gain=0.360 ref=0.374 mse=0.383 tau=0.018 omega=5.48E-004 bad=2 tapChange=0.0720 floor=0.0305 fading=True/True preMse=0.612 energy=0.063/0.064 fresh=False phase=0.265 anchor=0.787@0.095 phi=-0.164
frame@107456: gain=0.584 ref=0.374 mse=0.233 tau=0.021 omega=5.26E-004 bad=0 tapChange=0.0269 floor=0.0269 fading=True/True preMse=0.372 energy=0.071/0.064 fresh=False phase=-0.207 anchor=0.921@-0.071 phi=0.127
frame@107744: gain=0.553 ref=0.384 mse=0.134 tau=0.022 omega=5.37E-004 bad=0 tapChange=0.0323 floor=0.0284 fading=True/True preMse=0.214 energy=0.062/0.064 fresh=False phase=0.016 anchor=0.929@0.020 phi=-0.064
frame@108032: gain=0.539 ref=0.393 mse=0.103 tau=0.025 omega=5.48E-004 bad=0 tapChange=0.0198 floor=0.0198 fading=True/True preMse=0.165 energy=0.053/0.064 fresh=False phase=0.054 anchor=0.891@0.036 phi=-0.066
frame@108320: gain=0.531 ref=0.400 mse=0.078 tau=0.030 omega=5.40E-004 bad=0 tapChange=0.0140 floor=0.0140 fading=True/True preMse=0.124 energy=0.046/0.063 fresh=False phase=-0.093 anchor=0.926@-0.030 phi=0.046
frame@108608: gain=0.469 ref=0.407 mse=0.186 tau=0.026 omega=4.86E-004 bad=0 tapChange=0.0177 floor=0.0148 fading=True/True preMse=0.298 energy=0.038/0.063 fresh=False phase=-0.365 anchor=0.823@-0.213 phi=0.315
frame@108896: gain=0.471 ref=0.410 mse=0.294 tau=0.011 omega=4.19E-004 bad=0 tapChange=0.0222 floor=0.0156 fading=True/True preMse=0.470 energy=0.041/0.061 fresh=False phase=-0.494 anchor=0.799@-0.287 phi=0.384
frame@109184: gain=0.315 ref=0.413 mse=0.340 tau=0.022 omega=3.60E-004 bad=0 tapChange=0.0345 floor=0.0165 fading=True/True preMse=0.544 energy=0.022/0.060 fresh=False phase=-0.423 anchor=0.610@-0.283 phi=0.341
frame@109472: gain=0.164 ref=0.408 mse=0.474 tau=0.045 omega=3.85E-004 bad=0 tapChange=0.0362 floor=0.0175 fading=True/True preMse=0.759 energy=0.007/0.058 fresh=False phase=0.188 anchor=0.341@0.098 phi=-0.148
frame@109760: gain=0.019 ref=0.408 mse=0.799 tau=0.052 omega=3.81E-004 bad=1 tapChange=0.0441 floor=0.0184 fading=True/True preMse=1.278 energy=0.003/0.058 fresh=False phase=2.874 anchor=0.035@-0.688 phi=0.027
frame@110048: gain=0.346 ref=0.408 mse=1.604 tau=0.047 omega=4.07E-004 bad=2 tapChange=0.4332 floor=0.0194 fading=True/True preMse=2.567 energy=0.019/0.058 fresh=False phase=2.932 anchor=0.098@2.109 phi=-0.152
frame@110336: gain=0.166 ref=0.405 mse=1.041 tau=0.042 omega=5.29E-004 bad=0 tapChange=0.6579 floor=0.0205 fading=True/True preMse=1.666 energy=0.036/0.056 fresh=False phase=2.281 anchor=0.335@0.300 phi=-0.702
frame@110624: gain=0.216 ref=0.405 mse=0.342 tau=0.033 omega=5.32E-004 bad=1 tapChange=0.2509 floor=0.0216 fading=True/True preMse=0.547 energy=0.041/0.056 fresh=False phase=-0.073 anchor=0.627@0.009 phi=-0.016
frame@110912: gain=0.406 ref=0.395 mse=0.199 tau=0.021 omega=5.15E-004 bad=0 tapChange=0.0515 floor=0.0228 fading=True/True preMse=0.319 energy=0.031/0.056 fresh=False phase=-0.090 anchor=0.738@-0.043 phi=0.094
frame@111200: gain=0.339 ref=0.396 mse=0.228 tau=0.023 omega=5.14E-004 bad=0 tapChange=0.0575 floor=0.0241 fading=True/True preMse=0.365 energy=0.020/0.054 fresh=False phase=0.033 anchor=0.670@-0.007 phi=0.006
frame@111488: gain=0.353 ref=0.393 mse=0.236 tau=0.010 omega=4.85E-004 bad=0 tapChange=0.0299 floor=0.0254 fading=True/True preMse=0.378 energy=0.022/0.053 fresh=False phase=-0.170 anchor=0.680@-0.104 phi=0.171
frame@111776: gain=0.281 ref=0.391 mse=0.435 tau=0.005 omega=4.33E-004 bad=0 tapChange=0.0626 floor=0.0267 fading=True/True preMse=0.697 energy=0.020/0.051 fresh=False phase=-0.438 anchor=0.563@-0.225 phi=0.301
frame@112064: gain=0.266 ref=0.386 mse=0.778 tau=0.015 omega=2.68E-004 bad=0 tapChange=0.0707 floor=0.0282 fading=True/True preMse=1.245 energy=0.013/0.050 fresh=False phase=-1.235 anchor=0.404@-0.765 phi=0.947
frame@112352: gain=0.464 ref=0.380 mse=0.948 tau=0.005 omega=1.27E-004 bad=0 tapChange=0.1544 floor=0.0297 fading=True/True preMse=1.517 energy=0.033/0.048 fresh=False phase=-1.096 anchor=0.648@-0.551 phi=0.812
frame@112640: gain=0.525 ref=0.384 mse=0.334 tau=0.005 omega=8.20E-005 bad=0 tapChange=0.0678 floor=0.0313 fading=True/True preMse=0.535 energy=0.066/0.047 fresh=False phase=-0.257 anchor=0.868@-0.186 phi=0.260
frame@112928: gain=0.510 ref=0.391 mse=0.161 tau=-0.003 omega=7.19E-005 bad=0 tapChange=0.0276 floor=0.0276 fading=True/True preMse=0.257 energy=0.070/0.048 fresh=False phase=-0.060 anchor=0.888@-0.042 phi=0.058
frame@113216: gain=0.506 ref=0.397 mse=0.152 tau=-0.011 omega=8.77E-005 bad=0 tapChange=0.0275 floor=0.0275 fading=True/True preMse=0.244 energy=0.052/0.049 fresh=False phase=0.168 anchor=0.867@0.066 phi=-0.091
frame@113504: gain=0.310 ref=0.402 mse=0.322 tau=-0.011 omega=8.86E-005 bad=0 tapChange=0.0554 floor=0.0290 fading=True/True preMse=0.516 energy=0.037/0.049 fresh=False phase=0.061 anchor=0.637@0.040 phi=-0.005
frame@113792: gain=0.235 ref=0.398 mse=0.446 tau=0.007 omega=1.38E-004 bad=0 tapChange=0.0804 floor=0.0306 fading=True/True preMse=0.713 energy=0.026/0.049 fresh=False phase=0.369 anchor=0.543@0.229 phi=-0.284
frame@114080: gain=0.185 ref=0.390 mse=0.542 tau=0.004 omega=1.84E-004 bad=0 tapChange=0.1198 floor=0.0322 fading=True/True preMse=0.867 energy=0.030/0.047 fresh=False phase=0.431 anchor=0.515@0.217 phi=-0.266
frame@114368: gain=0.114 ref=0.379 mse=0.701 tau=0.001 omega=1.69E-004 bad=0 tapChange=0.1790 floor=0.0339 fading=True/True preMse=1.121 energy=0.039/0.047 fresh=False phase=-0.094 anchor=0.507@-0.009 phi=0.085
frame@114656: gain=0.277 ref=0.379 mse=0.434 tau=0.003 omega=2.14E-004 bad=1 tapChange=0.0957 floor=0.0357 fading=True/True preMse=0.695 energy=0.048/0.047 fresh=False phase=0.450 anchor=0.631@0.188 phi=-0.259
frame@114944: gain=0.322 ref=0.374 mse=0.364 tau=-0.012 omega=2.72E-004 bad=0 tapChange=0.0590 floor=0.0376 fading=True/True preMse=0.582 energy=0.031/0.047 fresh=False phase=0.414 anchor=0.659@0.247 phi=-0.335
frame@115232: gain=0.144 ref=0.372 mse=0.648 tau=-0.016 omega=2.76E-004 bad=0 tapChange=0.1191 floor=0.0395 fading=True/True preMse=1.037 energy=0.026/0.046 fresh=False phase=0.181 anchor=0.448@0.046 phi=-0.020
frame@115520: gain=0.095 ref=0.372 mse=0.774 tau=-0.018 omega=2.76E-004 bad=1 tapChange=0.0000 floor=0.0395 fading=True/True preMse=1.238 energy=0.023/0.046 fresh=True phase=-0.860 anchor=0.435@0.000 phi=0.000
frame@115808: gain=0.266 ref=0.372 mse=0.277 tau=-0.004 omega=3.32E-004 bad=2 tapChange=0.2640 floor=0.0416 fading=True/True preMse=0.443 energy=0.034/0.046 fresh=False phase=0.360 anchor=0.663@0.116 phi=-0.324
frame@116096: gain=0.503 ref=0.366 mse=0.157 tau=0.001 omega=3.50E-004 bad=0 tapChange=0.0505 floor=0.0438 fading=True/True preMse=0.251 energy=0.054/0.045 fresh=False phase=0.118 anchor=0.901@0.071 phi=-0.102
frame@116384: gain=0.564 ref=0.373 mse=0.112 tau=0.005 omega=3.38E-004 bad=0 tapChange=0.0201 floor=0.0201 fading=True/True preMse=0.178 energy=0.058/0.046 fresh=False phase=-0.026 anchor=0.914@-0.029 phi=0.070
frame@116672: gain=0.414 ref=0.383 mse=0.184 tau=0.006 omega=3.15E-004 bad=0 tapChange=0.0214 floor=0.0212 fading=True/True preMse=0.294 energy=0.045/0.046 fresh=False phase=-0.116 anchor=0.758@-0.093 phi=0.131
frame@116960: gain=0.151 ref=0.384 mse=0.488 tau=0.020 omega=2.86E-004 bad=0 tapChange=0.0947 floor=0.0223 fading=True/True preMse=0.781 energy=0.034/0.046 fresh=False phase=-0.292 anchor=0.459@-0.178 phi=0.168
frame@117248: gain=0.132 ref=0.384 mse=0.888 tau=0.016 omega=2.86E-004 bad=1 tapChange=0.0000 floor=0.0223 fading=True/True preMse=1.421 energy=0.027/0.046 fresh=True phase=-1.942 anchor=0.430@-0.000 phi=0.000
frame@117536: gain=0.276 ref=0.384 mse=0.278 tau=0.021 omega=2.54E-004 bad=2 tapChange=0.2773 floor=0.0235 fading=True/True preMse=0.445 energy=0.036/0.046 fresh=False phase=-0.195 anchor=0.681@-0.082 phi=0.186
frame@117824: gain=0.303 ref=0.379 mse=0.295 tau=0.019 omega=2.50E-004 bad=0 tapChange=0.0864 floor=0.0248 fading=True/True preMse=0.472 energy=0.027/0.046 fresh=False phase=-0.028 anchor=0.604@-0.047 phi=0.020
frame@118112: gain=0.201 ref=0.375 mse=0.389 tau=0.024 omega=2.93E-004 bad=0 tapChange=0.1052 floor=0.0262 fading=True/True preMse=0.623 energy=0.019/0.045 fresh=False phase=0.361 anchor=0.490@0.171 phi=-0.249
frame@118400: gain=0.316 ref=0.366 mse=0.317 tau=0.042 omega=3.47E-004 bad=0 tapChange=0.0560 floor=0.0276 fading=True/True preMse=0.507 energy=0.021/0.043 fresh=False phase=0.389 anchor=0.635@0.215 phi=-0.311
frame@118688: gain=0.402 ref=0.364 mse=0.219 tau=0.042 omega=3.36E-004 bad=0 tapChange=0.0330 floor=0.0291 fading=True/True preMse=0.350 energy=0.025/0.042 fresh=False phase=-0.136 anchor=0.722@-0.015 phi=0.065
frame@118976: gain=0.407 ref=0.366 mse=0.263 tau=0.050 omega=2.76E-004 bad=0 tapChange=0.0220 floor=0.0220 fading=True/True preMse=0.420 energy=0.022/0.042 fresh=False phase=-0.404 anchor=0.746@-0.233 phi=0.343
frame@119264: gain=0.326 ref=0.368 mse=0.372 tau=0.056 omega=2.23E-004 bad=0 tapChange=0.0449 floor=0.0232 fading=True/True preMse=0.595 energy=0.024/0.041 fresh=False phase=-0.479 anchor=0.645@-0.235 phi=0.310
frame@119552: gain=0.409 ref=0.366 mse=0.487 tau=0.056 omega=1.26E-004 bad=0 tapChange=0.0324 floor=0.0245 fading=True/True preMse=0.779 energy=0.029/0.040 fresh=False phase=-0.624 anchor=0.693@-0.426 phi=0.558
frame@119840: gain=0.506 ref=0.368 mse=0.410 tau=0.055 omega=1.15E-004 bad=0 tapChange=0.0341 floor=0.0258 fading=True/True preMse=0.656 energy=0.032/0.039 fresh=False phase=0.022 anchor=0.838@-0.061 phi=0.062
frame@120128: gain=0.377 ref=0.375 mse=0.504 tau=0.040 omega=1.06E-004 bad=0 tapChange=0.0609 floor=0.0272 fading=True/True preMse=0.806 energy=0.056/0.039 fresh=False phase=-0.173 anchor=0.761@-0.046 phi=0.053
frame@120416: gain=0.368 ref=0.375 mse=0.609 tau=0.036 omega=1.34E-004 bad=0 tapChange=0.0911 floor=0.0287 fading=True/True preMse=0.975 energy=0.107/0.040 fresh=False phase=0.172 anchor=0.788@0.079 phi=-0.165
frame@120704: gain=0.418 ref=0.375 mse=0.604 tau=0.032 omega=1.63E-004 bad=0 tapChange=0.1048 floor=0.0302 fading=True/True preMse=0.967 energy=0.120/0.043 fresh=False phase=0.132 anchor=0.834@0.067 phi=-0.163
frame@120992: gain=0.406 ref=0.377 mse=0.295 tau=0.029 omega=1.73E-004 bad=0 tapChange=0.0654 floor=0.0318 fading=True/True preMse=0.472 energy=0.119/0.047 fresh=False phase=-0.062 anchor=0.815@0.020 phi=-0.058
frame@121280: gain=0.197 ref=0.378 mse=0.461 tau=0.026 omega=1.57E-004 bad=0 tapChange=0.0884 floor=0.0335 fading=True/True preMse=0.738 energy=0.069/0.050 fresh=False phase=-0.277 anchor=0.535@-0.092 phi=0.093
frame@121568: gain=0.049 ref=0.369 mse=0.952 tau=0.020 omega=1.27E-004 bad=0 tapChange=0.2441 floor=0.0353 fading=True/True preMse=1.524 energy=0.033/0.051 fresh=False phase=-2.443 anchor=0.277@-0.151 phi=0.169
frame@121856: gain=0.049 ref=0.369 mse=0.811 tau=0.013 omega=1.27E-004 bad=1 tapChange=0.0000 floor=0.0353 fading=True/True preMse=1.298 energy=0.030/0.051 fresh=True phase=2.564 anchor=0.529@-0.000 phi=0.000
frame@122144: gain=0.285 ref=0.369 mse=0.344 tau=0.003 omega=4.15E-005 bad=2 tapChange=0.1936 floor=0.0371 fading=True/True preMse=0.551 energy=0.028/0.051 fresh=False phase=-0.563 anchor=0.636@-0.253 phi=0.494
frame@122432: gain=0.396 ref=0.365 mse=0.266 tau=-0.000 omega=-4.40E-007 bad=0 tapChange=0.0749 floor=0.0391 fading=True/True preMse=0.425 energy=0.038/0.050 fresh=False phase=-0.312 anchor=0.718@-0.185 phi=0.241
frame@122720: gain=0.340 ref=0.367 mse=0.350 tau=-0.003 omega=-8.84E-005 bad=0 tapChange=0.0624 floor=0.0412 fading=True/True preMse=0.560 energy=0.028/0.050 fresh=False phase=-0.607 anchor=0.635@-0.339 phi=0.507
frame@123008: gain=0.354 ref=0.365 mse=0.297 tau=-0.006 omega=-1.07E-004 bad=0 tapChange=0.0584 floor=0.0433 fading=True/True preMse=0.475 energy=0.034/0.049 fresh=False phase=-0.144 anchor=0.667@-0.120 phi=0.108
frame@123296: gain=0.582 ref=0.365 mse=0.335 tau=0.000 omega=-1.79E-004 bad=0 tapChange=0.0410 floor=0.0410 fading=True/True preMse=0.536 energy=0.060/0.048 fresh=False phase=-0.467 anchor=0.889@-0.232 phi=0.416
frame@123584: gain=0.551 ref=0.375 mse=0.175 tau=0.012 omega=-1.82E-004 bad=0 tapChange=0.0311 floor=0.0311 fading=True/True preMse=0.280 energy=0.082/0.048 fresh=False phase=0.005 anchor=0.911@-0.026 phi=0.014
frame@123872: gain=0.602 ref=0.384 mse=0.135 tau=0.016 omega=-1.89E-004 bad=0 tapChange=0.0281 floor=0.0281 fading=True/True preMse=0.216 energy=0.099/0.050 fresh=False phase=-0.049 anchor=0.942@-0.022 phi=0.039
frame@124160: gain=0.681 ref=0.395 mse=0.131 tau=0.020 omega=-1.76E-004 bad=0 tapChange=0.0247 floor=0.0247 fading=True/True preMse=0.210 energy=0.105/0.053 fresh=False phase=0.030 anchor=0.981@0.026 phi=-0.073
frame@124448: gain=0.487 ref=0.409 mse=0.144 tau=0.027 omega=-1.83E-004 bad=0 tapChange=0.0350 floor=0.0260 fading=True/True preMse=0.230 energy=0.077/0.055 fresh=False phase=-0.122 anchor=0.831@-0.047 phi=0.042
frame@124736: gain=0.337 ref=0.413 mse=0.258 tau=0.021 omega=-2.10E-004 bad=0 tapChange=0.0492 floor=0.0274 fading=True/True preMse=0.412 energy=0.035/0.056 fresh=False phase=-0.246 anchor=0.654@-0.138 phi=0.157
frame@125024: gain=0.207 ref=0.409 mse=0.445 tau=0.031 omega=-2.77E-004 bad=0 tapChange=0.0620 floor=0.0289 fading=True/True preMse=0.712 energy=0.016/0.055 fresh=False phase=-0.504 anchor=0.420@-0.300 phi=0.380
frame@125312: gain=0.266 ref=0.399 mse=0.503 tau=0.038 omega=-3.32E-004 bad=0 tapChange=0.1222 floor=0.0304 fading=True/True preMse=0.806 energy=0.031/0.053 fresh=False phase=-0.632 anchor=0.599@-0.232 phi=0.319
frame@125600: gain=0.285 ref=0.393 mse=0.433 tau=0.038 omega=-3.70E-004 bad=0 tapChange=0.0914 floor=0.0321 fading=True/True preMse=0.693 energy=0.043/0.052 fresh=False phase=-0.399 anchor=0.643@-0.172 phi=0.222
frame@125888: gain=0.331 ref=0.387 mse=0.304 tau=0.039 omega=-3.73E-004 bad=0 tapChange=0.0485 floor=0.0338 fading=True/True preMse=0.486 energy=0.050/0.052 fresh=False phase=-0.037 anchor=0.711@-0.030 phi=0.017
frame@126176: gain=0.315 ref=0.385 mse=0.428 tau=0.058 omega=-3.99E-004 bad=0 tapChange=0.0633 floor=0.0356 fading=True/True preMse=0.685 energy=0.053/0.052 fresh=False phase=-0.421 anchor=0.701@-0.101 phi=0.145
frame@126464: gain=0.444 ref=0.381 mse=0.230 tau=0.056 omega=-4.14E-004 bad=0 tapChange=0.0369 floor=0.0369 fading=True/True preMse=0.368 energy=0.060/0.052 fresh=False phase=-0.113 anchor=0.817@-0.057 phi=0.087
frame@126752: gain=0.386 ref=0.384 mse=0.247 tau=0.051 omega=-4.09E-004 bad=0 tapChange=0.0292 floor=0.0292 fading=True/True preMse=0.395 energy=0.040/0.052 fresh=False phase=0.099 anchor=0.718@0.027 phi=-0.030
frame@127040: gain=0.385 ref=0.384 mse=0.316 tau=0.040 omega=-4.18E-004 bad=0 tapChange=0.0268 floor=0.0268 fading=True/True preMse=0.506 energy=0.037/0.052 fresh=False phase=-0.017 anchor=0.681@-0.022 phi=0.053
frame@127328: gain=0.360 ref=0.384 mse=0.271 tau=0.033 omega=-3.83E-004 bad=0 tapChange=0.0308 floor=0.0282 fading=True/True preMse=0.433 energy=0.025/0.051 fresh=False phase=0.286 anchor=0.665@0.135 phi=-0.197
frame@127616: gain=0.396 ref=0.383 mse=0.604 tau=0.030 omega=-2.65E-004 bad=0 tapChange=0.0517 floor=0.0298 fading=True/True preMse=0.967 energy=0.027/0.050 fresh=False phase=0.870 anchor=0.639@0.497 phi=-0.681
frame@127904: gain=0.554 ref=0.384 mse=0.299 tau=0.032 omega=-2.02E-004 bad=0 tapChange=0.0318 floor=0.0313 fading=True/True preMse=0.479 energy=0.037/0.048 fresh=False phase=0.484 anchor=0.840@0.276 phi=-0.361
frame@128192: gain=0.603 ref=0.392 mse=0.236 tau=0.046 omega=-1.57E-004 bad=0 tapChange=0.0194 floor=0.0194 fading=True/True preMse=0.377 energy=0.047/0.048 fresh=False phase=0.273 anchor=0.936@0.177 phi=-0.263
frame@128480: gain=0.578 ref=0.403 mse=0.154 tau=0.042 omega=-1.14E-004 bad=0 tapChange=0.0173 floor=0.0173 fading=True/True preMse=0.247 energy=0.047/0.048 fresh=False phase=0.251 anchor=0.914@0.154 phi=-0.245
frame@128768: gain=0.613 ref=0.412 mse=0.254 tau=0.036 omega=-8.00E-005 bad=0 tapChange=0.0334 floor=0.0182 fading=True/True preMse=0.407 energy=0.055/0.048 fresh=False phase=0.260 anchor=0.911@0.136 phi=-0.197
frame@129056: gain=0.582 ref=0.422 mse=0.192 tau=0.026 omega=-6.38E-005 bad=0 tapChange=0.0256 floor=0.0192 fading=True/True preMse=0.308 energy=0.056/0.048 fresh=False phase=0.181 anchor=0.916@0.082 phi=-0.093
frame@129344: gain=0.541 ref=0.430 mse=0.219 tau=0.022 omega=-5.32E-005 bad=0 tapChange=0.0286 floor=0.0203 fading=True/True preMse=0.350 energy=0.067/0.049 fresh=False phase=0.123 anchor=0.896@0.063 phi=-0.061
frame@129632: gain=0.436 ref=0.435 mse=0.274 tau=0.030 omega=-6.06E-005 bad=0 tapChange=0.0389 floor=0.0214 fading=True/True preMse=0.438 energy=0.055/0.049 fresh=False phase=-0.027 anchor=0.809@-0.004 phi=0.043
frame@129920: gain=0.484 ref=0.435 mse=0.212 tau=0.032 omega=-7.75E-005 bad=0 tapChange=0.0224 floor=0.0224 fading=True/True preMse=0.338 energy=0.065/0.050 fresh=False phase=-0.102 anchor=0.886@-0.048 phi=0.097
frame@130208: gain=0.402 ref=0.438 mse=0.239 tau=0.036 omega=-8.17E-005 bad=0 tapChange=0.0301 floor=0.0236 fading=True/True preMse=0.382 energy=0.054/0.050 fresh=False phase=-0.048 anchor=0.760@-0.012 phi=0.024
frame@130496: gain=0.266 ref=0.436 mse=0.274 tau=0.032 omega=-7.96E-005 bad=0 tapChange=0.0382 floor=0.0249 fading=True/True preMse=0.438 energy=0.028/0.051 fresh=False phase=0.029 anchor=0.564@0.011 phi=-0.012
frame@130784: gain=0.086 ref=0.427 mse=0.644 tau=0.016 omega=-1.13E-004 bad=0 tapChange=0.0829 floor=0.0262 fading=True/True preMse=1.030 energy=0.011/0.050 fresh=False phase=-0.339 anchor=0.265@-0.137 phi=0.191
frame@131072: gain=0.084 ref=0.427 mse=0.792 tau=0.046 omega=1.02E-005 bad=1 tapChange=0.1329 floor=0.0276 fading=True/True preMse=1.267 energy=0.008/0.050 fresh=False phase=1.619 anchor=0.200@0.588 phi=-0.709
frame@131360: gain=0.143 ref=0.427 mse=0.496 tau=0.076 omega=6.35E-005 bad=2 tapChange=0.0339 floor=0.0291 fading=True/True preMse=0.793 energy=0.004/0.050 fresh=False phase=0.238 anchor=0.282@0.255 phi=-0.307
frame@131648: gain=0.340 ref=0.427 mse=0.372 tau=0.078 omega=2.65E-005 bad=3 tapChange=0.0512 floor=0.0307 fading=True/True preMse=0.594 energy=0.015/0.050 fresh=False phase=-0.298 anchor=0.626@-0.134 phi=0.213
frame@131936: gain=0.556 ref=0.423 mse=0.283 tau=0.073 omega=3.29E-005 bad=0 tapChange=0.0331 floor=0.0323 fading=True/True preMse=0.453 energy=0.046/0.048 fresh=False phase=0.178 anchor=0.899@0.027 phi=-0.037
frame@132224: gain=0.901 ref=0.430 mse=0.379 tau=0.069 omega=2.39E-005 bad=0 tapChange=0.0543 floor=0.0340 fading=True/True preMse=0.607 energy=0.077/0.048 fresh=False phase=-0.052 anchor=1.119@-0.022 phi=0.052
frame@132512: gain=0.785 ref=0.453 mse=0.214 tau=0.068 omega=2.55E-005 bad=0 tapChange=0.0462 floor=0.0358 fading=True/True preMse=0.343 energy=0.111/0.049 fresh=False phase=0.105 anchor=1.051@0.014 phi=-0.009
frame@132800: gain=0.563 ref=0.470 mse=0.112 tau=0.064 omega=4.40E-005 bad=0 tapChange=0.0262 floor=0.0262 fading=True/True preMse=0.179 energy=0.094/0.052 fresh=False phase=0.201 anchor=0.903@0.080 phi=-0.107
frame@133088: gain=0.327 ref=0.475 mse=0.245 tau=0.059 omega=9.64E-005 bad=0 tapChange=0.0268 floor=0.0268 fading=True/True preMse=0.392 energy=0.049/0.054 fresh=False phase=0.444 anchor=0.602@0.234 phi=-0.302
frame@133376: gain=0.183 ref=0.467 mse=0.526 tau=0.046 omega=1.85E-004 bad=0 tapChange=0.1014 floor=0.0282 fading=True/True preMse=0.842 energy=0.021/0.054 fresh=False phase=0.814 anchor=0.412@0.437 phi=-0.510
frame@133664: gain=0.248 ref=0.467 mse=0.714 tau=0.047 omega=3.16E-004 bad=1 tapChange=0.2064 floor=0.0297 fading=True/True preMse=1.143 energy=0.031/0.054 fresh=False phase=1.239 anchor=0.474@0.539 phi=-0.757
frame@133952: gain=0.327 ref=0.456 mse=0.368 tau=0.044 omega=3.46E-004 bad=0 tapChange=0.1177 floor=0.0313 fading=True/True preMse=0.589 energy=0.069/0.053 fresh=False phase=0.222 anchor=0.777@0.108 phi=-0.172
frame@134240: gain=0.365 ref=0.450 mse=0.309 tau=0.044 omega=3.48E-004 bad=0 tapChange=0.0531 floor=0.0330 fading=True/True preMse=0.494 energy=0.086/0.054 fresh=False phase=-0.008 anchor=0.771@0.019 phi=-0.009
frame@134528: gain=0.417 ref=0.445 mse=0.256 tau=0.039 omega=3.56E-004 bad=0 tapChange=0.0569 floor=0.0347 fading=True/True preMse=0.410 energy=0.091/0.055 fresh=False phase=-0.012 anchor=0.827@0.021 phi=-0.046
frame@134816: gain=0.460 ref=0.444 mse=0.217 tau=0.041 omega=4.09E-004 bad=0 tapChange=0.0272 floor=0.0272 fading=True/True preMse=0.348 energy=0.092/0.057 fresh=False phase=0.459 anchor=0.835@0.199 phi=-0.306
frame@135104: gain=0.531 ref=0.445 mse=0.146 tau=0.037 omega=4.64E-004 bad=0 tapChange=0.0183 floor=0.0183 fading=True/True preMse=0.234 energy=0.106/0.059 fresh=False phase=0.365 anchor=0.915@0.215 phi=-0.319
frame@135392: gain=0.551 ref=0.449 mse=0.116 tau=0.032 omega=5.19E-004 bad=0 tapChange=0.0121 floor=0.0121 fading=True/True preMse=0.186 energy=0.104/0.061 fresh=False phase=0.338 anchor=0.901@0.207 phi=-0.314
frame@135680: gain=0.388 ref=0.454 mse=0.269 tau=0.046 omega=5.63E-004 bad=0 tapChange=0.0413 floor=0.0128 fading=True/True preMse=0.430 energy=0.060/0.063 fresh=False phase=0.194 anchor=0.771@0.168 phi=-0.254
frame@135968: gain=0.375 ref=0.451 mse=0.576 tau=0.042 omega=6.24E-004 bad=0 tapChange=0.0547 floor=0.0135 fading=True/True preMse=0.922 energy=0.038/0.063 fresh=False phase=0.474 anchor=0.658@0.219 phi=-0.353
frame@136256: gain=0.318 ref=0.447 mse=0.559 tau=0.039 omega=6.55E-004 bad=0 tapChange=0.0717 floor=0.0143 fading=True/True preMse=0.894 energy=0.045/0.062 fresh=False phase=0.343 anchor=0.650@0.099 phi=-0.177
frame@136544: gain=0.336 ref=0.441 mse=0.555 tau=0.036 omega=6.45E-004 bad=0 tapChange=0.0928 floor=0.0151 fading=True/True preMse=0.888 energy=0.081/0.061 fresh=False phase=-0.017 anchor=0.770@-0.056 phi=0.055
frame@136832: gain=0.431 ref=0.436 mse=0.281 tau=0.039 omega=6.20E-004 bad=0 tapChange=0.0502 floor=0.0159 fading=True/True preMse=0.449 energy=0.083/0.062 fresh=False phase=-0.232 anchor=0.810@-0.116 phi=0.146
frame@137120: gain=0.461 ref=0.435 mse=0.371 tau=0.026 omega=5.47E-004 bad=0 tapChange=0.0483 floor=0.0168 fading=True/True preMse=0.594 energy=0.057/0.063 fresh=False phase=-0.532 anchor=0.751@-0.293 phi=0.419
frame@137408: gain=0.320 ref=0.437 mse=0.472 tau=0.016 omega=4.61E-004 bad=0 tapChange=0.0543 floor=0.0178 fading=True/True preMse=0.756 energy=0.030/0.063 fresh=False phase=-0.645 anchor=0.536@-0.415 phi=0.493
frame@137696: gain=0.257 ref=0.431 mse=0.883 tau=-0.004 omega=3.34E-004 bad=0 tapChange=0.1531 floor=0.0188 fading=True/True preMse=1.414 energy=0.028/0.061 fresh=False phase=-1.069 anchor=0.445@-0.580 phi=0.733
frame@137984: gain=0.258 ref=0.422 mse=0.530 tau=-0.004 omega=2.75E-004 bad=0 tapChange=0.2320 floor=0.0198 fading=True/True preMse=0.849 energy=0.042/0.059 fresh=False phase=-0.555 anchor=0.615@-0.259 phi=0.341
frame@138272: gain=0.495 ref=0.414 mse=0.223 tau=-0.007 omega=2.20E-004 bad=0 tapChange=0.0509 floor=0.0209 fading=True/True preMse=0.357 energy=0.067/0.059 fresh=False phase=-0.409 anchor=0.881@-0.183 phi=0.318
frame@138560: gain=0.589 ref=0.418 mse=0.217 tau=0.001 omega=1.57E-004 bad=0 tapChange=0.0307 floor=0.0221 fading=True/True preMse=0.347 energy=0.071/0.059 fresh=False phase=-0.423 anchor=0.942@-0.224 phi=0.359
frame@138848: gain=0.528 ref=0.426 mse=0.140 tau=-0.009 omega=1.17E-004 bad=0 tapChange=0.0158 floor=0.0158 fading=True/True preMse=0.224 energy=0.062/0.060 fresh=False phase=-0.281 anchor=0.874@-0.164 phi=0.230
frame@139136: gain=0.477 ref=0.431 mse=0.163 tau=0.005 omega=8.67E-005 bad=0 tapChange=0.0225 floor=0.0167 fading=True/True preMse=0.261 energy=0.042/0.060 fresh=False phase=-0.174 anchor=0.810@-0.114 phi=0.177
frame@139424: gain=0.316 ref=0.434 mse=0.260 tau=0.007 omega=8.94E-005 bad=0 tapChange=0.0504 floor=0.0176 fading=True/True preMse=0.416 energy=0.024/0.059 fresh=False phase=0.106 anchor=0.630@0.015 phi=-0.016
frame@139712: gain=0.295 ref=0.428 mse=0.339 tau=0.009 omega=1.35E-004 bad=0 tapChange=0.0835 floor=0.0186 fading=True/True preMse=0.543 energy=0.028/0.057 fresh=False phase=0.475 anchor=0.623@0.188 phi=-0.264
frame@140000: gain=0.430 ref=0.421 mse=0.222 tau=0.010 omega=1.62E-004 bad=0 tapChange=0.0366 floor=0.0196 fading=True/True preMse=0.356 energy=0.047/0.056 fresh=False phase=0.240 anchor=0.780@0.130 phi=-0.154
frame@140288: gain=0.450 ref=0.422 mse=0.180 tau=0.006 omega=1.86E-004 bad=0 tapChange=0.0334 floor=0.0207 fading=True/True preMse=0.287 energy=0.050/0.055 fresh=False phase=0.215 anchor=0.831@0.113 phi=-0.141
frame@140576: gain=0.618 ref=0.423 mse=0.120 tau=-0.024 omega=2.05E-004 bad=0 tapChange=0.0139 floor=0.0139 fading=True/True preMse=0.192 energy=0.059/0.055 fresh=False phase=0.143 anchor=0.972@0.064 phi=-0.105
frame@140864: gain=0.578 ref=0.433 mse=0.105 tau=-0.026 omega=2.14E-004 bad=0 tapChange=0.0129 floor=0.0129 fading=True/True preMse=0.168 energy=0.052/0.055 fresh=False phase=0.053 anchor=0.938@0.040 phi=-0.053
frame@141152: gain=0.523 ref=0.440 mse=0.094 tau=-0.023 omega=2.17E-004 bad=0 tapChange=0.0095 floor=0.0095 fading=True/True preMse=0.150 energy=0.035/0.055 fresh=False phase=0.017 anchor=0.873@0.006 phi=-0.016
frame@141440: gain=0.386 ref=0.444 mse=0.311 tau=-0.021 omega=1.86E-004 bad=0 tapChange=0.0415 floor=0.0101 fading=True/True preMse=0.497 energy=0.026/0.054 fresh=False phase=-0.238 anchor=0.685@-0.135 phi=0.175
frame@141728: gain=0.227 ref=0.441 mse=0.531 tau=-0.012 omega=9.29E-005 bad=0 tapChange=0.0664 floor=0.0107 fading=True/True preMse=0.849 energy=0.021/0.053 fresh=False phase=-0.750 anchor=0.450@-0.440 phi=0.538
frame@142016: gain=0.270 ref=0.431 mse=0.611 tau=-0.025 omega=1.60E-005 bad=0 tapChange=0.1356 floor=0.0114 fading=True/True preMse=0.978 energy=0.030/0.051 fresh=False phase=-0.816 anchor=0.567@-0.360 phi=0.443
frame@142304: gain=0.382 ref=0.423 mse=0.382 tau=-0.018 omega=-2.04E-005 bad=0 tapChange=0.0784 floor=0.0120 fading=True/True preMse=0.611 energy=0.056/0.050 fresh=False phase=-0.399 anchor=0.781@-0.154 phi=0.210
frame@142592: gain=0.483 ref=0.421 mse=0.347 tau=-0.014 omega=-2.44E-005 bad=0 tapChange=0.0475 floor=0.0127 fading=True/True preMse=0.556 energy=0.094/0.050 fresh=False phase=-0.033 anchor=0.815@-0.037 phi=0.023
frame@142880: gain=0.542 ref=0.424 mse=0.257 tau=-0.012 omega=-2.69E-006 bad=0 tapChange=0.0384 floor=0.0135 fading=True/True preMse=0.412 energy=0.081/0.052 fresh=False phase=0.207 anchor=0.851@0.070 phi=-0.125
frame@143168: gain=0.413 ref=0.430 mse=0.294 tau=-0.013 omega=1.60E-006 bad=0 tapChange=0.0774 floor=0.0142 fading=True/True preMse=0.471 energy=0.094/0.054 fresh=False phase=-0.102 anchor=0.785@0.025 phi=-0.025
frame@143456: gain=0.530 ref=0.429 mse=0.231 tau=-0.002 omega=1.11E-005 bad=0 tapChange=0.0457 floor=0.0151 fading=True/True preMse=0.370 energy=0.098/0.056 fresh=False phase=0.062 anchor=0.852@0.009 phi=-0.055
frame@143744: gain=0.440 ref=0.434 mse=0.277 tau=0.003 omega=3.30E-005 bad=0 tapChange=0.0544 floor=0.0159 fading=True/True preMse=0.443 energy=0.112/0.058 fresh=False phase=0.150 anchor=0.842@0.055 phi=-0.126
frame@144032: gain=0.478 ref=0.434 mse=0.385 tau=-0.001 omega=6.80E-005 bad=0 tapChange=0.1110 floor=0.0168 fading=True/True preMse=0.616 energy=0.138/0.061 fresh=False phase=0.203 anchor=0.839@0.097 phi=-0.202
frame@144320: gain=0.461 ref=0.436 mse=0.287 tau=-0.000 omega=6.79E-005 bad=0 tapChange=0.0911 floor=0.0177 fading=True/True preMse=0.460 energy=0.117/0.064 fresh=False phase=-0.067 anchor=0.852@0.012 phi=0.000
frame@144608: gain=0.470 ref=0.438 mse=0.167 tau=-0.002 omega=1.03E-004 bad=0 tapChange=0.0525 floor=0.0187 fading=True/True preMse=0.268 energy=0.090/0.067 fresh=False phase=0.260 anchor=0.843@0.083 phi=-0.204
frame@144896: gain=0.346 ref=0.439 mse=0.271 tau=-0.002 omega=1.18E-004 bad=0 tapChange=0.0932 floor=0.0198 fading=True/True preMse=0.433 energy=0.059/0.068 fresh=False phase=0.094 anchor=0.705@0.056 phi=-0.083
frame@145184: gain=0.335 ref=0.435 mse=0.280 tau=-0.009 omega=1.41E-004 bad=0 tapChange=0.0756 floor=0.0209 fading=True/True preMse=0.448 energy=0.069/0.068 fresh=False phase=0.197 anchor=0.712@0.093 phi=-0.132
frame@145472: gain=0.414 ref=0.430 mse=0.166 tau=0.006 omega=1.44E-004 bad=0 tapChange=0.0367 floor=0.0220 fading=True/True preMse=0.266 energy=0.073/0.068 fresh=False phase=-0.005 anchor=0.810@0.028 phi=-0.019
frame@145760: gain=0.451 ref=0.429 mse=0.075 tau=-0.012 omega=1.50E-004 bad=0 tapChange=0.0171 floor=0.0171 fading=True/True preMse=0.120 energy=0.065/0.068 fresh=False phase=0.037 anchor=0.850@0.020 phi=-0.035
frame@146048: gain=0.452 ref=0.430 mse=0.158 tau=0.016 omega=1.18E-004 bad=0 tapChange=0.0232 floor=0.0180 fading=True/True preMse=0.252 energy=0.045/0.068 fresh=False phase=-0.278 anchor=0.806@-0.111 phi=0.186
frame@146336: gain=0.283 ref=0.431 mse=0.366 tau=0.046 omega=6.08E-005 bad=0 tapChange=0.0575 floor=0.0190 fading=True/True preMse=0.585 energy=0.024/0.067 fresh=False phase=-0.376 anchor=0.565@-0.260 phi=0.327
frame@146624: gain=0.342 ref=0.424 mse=0.322 tau=0.043 omega=1.32E-005 bad=0 tapChange=0.0449 floor=0.0201 fading=True/True preMse=0.515 energy=0.029/0.065 fresh=False phase=-0.322 anchor=0.687@-0.212 phi=0.275
frame@146912: gain=0.448 ref=0.420 mse=0.277 tau=0.047 omega=-4.68E-005 bad=0 tapChange=0.0357 floor=0.0212 fading=True/True preMse=0.443 energy=0.035/0.063 fresh=False phase=-0.422 anchor=0.796@-0.242 phi=0.345
frame@147200: gain=0.438 ref=0.421 mse=0.126 tau=0.056 omega=-4.06E-005 bad=0 tapChange=0.0174 floor=0.0174 fading=True/True preMse=0.202 energy=0.028/0.061 fresh=False phase=0.044 anchor=0.801@0.001 phi=-0.036
frame@147488: gain=0.433 ref=0.422 mse=0.251 tau=0.026 omega=-8.71E-007 bad=0 tapChange=0.0235 floor=0.0183 fading=True/True preMse=0.402 energy=0.027/0.060 fresh=False phase=0.303 anchor=0.732@0.159 phi=-0.229
frame@147776: gain=0.458 ref=0.422 mse=0.203 tau=0.056 omega=5.22E-005 bad=0 tapChange=0.0152 floor=0.0152 fading=True/True preMse=0.325 energy=0.024/0.058 fresh=False phase=0.357 anchor=0.784@0.239 phi=-0.306
frame@148064: gain=0.431 ref=0.424 mse=0.190 tau=0.086 omega=1.06E-004 bad=0 tapChange=0.0148 floor=0.0148 fading=True/True preMse=0.305 energy=0.021/0.057 fresh=False phase=0.339 anchor=0.753@0.248 phi=-0.308
frame@148352: gain=0.545 ref=0.424 mse=0.508 tau=0.093 omega=2.21E-004 bad=0 tapChange=0.0337 floor=0.0157 fading=True/True preMse=0.813 energy=0.022/0.055 fresh=False phase=0.750 anchor=0.806@0.476 phi=-0.663
frame@148640: gain=0.714 ref=0.430 mse=0.345 tau=0.098 omega=2.75E-004 bad=0 tapChange=0.0331 floor=0.0165 fading=True/True preMse=0.551 energy=0.048/0.053 fresh=False phase=0.345 anchor=0.985@0.211 phi=-0.309
frame@148928: gain=0.585 ref=0.445 mse=0.382 tau=0.091 omega=3.10E-004 bad=0 tapChange=0.0587 floor=0.0175 fading=True/True preMse=0.611 energy=0.062/0.053 fresh=False phase=0.284 anchor=0.873@0.144 phi=-0.205
frame@149216: gain=0.354 ref=0.452 mse=0.429 tau=0.091 omega=3.07E-004 bad=0 tapChange=0.0883 floor=0.0185 fading=True/True preMse=0.686 energy=0.087/0.053 fresh=False phase=-0.079 anchor=0.808@-0.008 phi=0.021
frame@149504: gain=0.379 ref=0.447 mse=0.427 tau=0.079 omega=2.88E-004 bad=0 tapChange=0.1019 floor=0.0195 fading=True/True preMse=0.683 energy=0.064/0.055 fresh=False phase=-0.023 anchor=0.774@-0.054 phi=0.107
frame@149792: gain=0.189 ref=0.443 mse=0.542 tau=0.067 omega=2.60E-004 bad=0 tapChange=0.1394 floor=0.0205 fading=True/True preMse=0.868 energy=0.053/0.055 fresh=False phase=-0.276 anchor=0.600@-0.087 phi=0.162
frame@150080: gain=0.184 ref=0.443 mse=0.715 tau=0.063 omega=2.60E-004 bad=1 tapChange=0.0000 floor=0.0205 fading=True/True preMse=1.144 energy=0.043/0.055 fresh=True phase=-1.283 anchor=0.610@-0.000 phi=0.000
frame@150368: gain=0.332 ref=0.443 mse=0.356 tau=0.058 omega=1.51E-004 bad=2 tapChange=0.1518 floor=0.0217 fading=True/True preMse=0.569 energy=0.047/0.055 fresh=False phase=-0.696 anchor=0.689@-0.280 phi=0.625
frame@150656: gain=0.400 ref=0.438 mse=0.306 tau=0.056 omega=1.09E-004 bad=0 tapChange=0.1581 floor=0.0229 fading=True/True preMse=0.490 energy=0.055/0.055 fresh=False phase=-0.344 anchor=0.766@-0.166 phi=0.245
frame@150944: gain=0.443 ref=0.436 mse=0.168 tau=0.058 omega=8.67E-005 bad=0 tapChange=0.0646 floor=0.0241 fading=True/True preMse=0.269 energy=0.065/0.055 fresh=False phase=-0.125 anchor=0.856@-0.086 phi=0.127
frame@151232: gain=0.538 ref=0.436 mse=0.201 tau=0.055 omega=6.60E-005 bad=0 tapChange=0.0426 floor=0.0254 fading=True/True preMse=0.322 energy=0.096/0.056 fresh=False phase=-0.067 anchor=0.948@-0.071 phi=0.119
frame@151520: gain=0.640 ref=0.441 mse=0.137 tau=0.054 omega=5.91E-005 bad=0 tapChange=0.0213 floor=0.0213 fading=True/True preMse=0.219 energy=0.118/0.058 fresh=False phase=-0.021 anchor=0.987@-0.014 phi=0.040
frame@151808: gain=0.549 ref=0.451 mse=0.049 tau=0.054 omega=5.42E-005 bad=0 tapChange=0.0085 floor=0.0085 fading=True/True preMse=0.078 energy=0.101/0.061 fresh=False phase=-0.027 anchor=0.935@-0.009 phi=0.028
frame@152096: gain=0.590 ref=0.456 mse=0.057 tau=0.051 omega=6.61E-005 bad=0 tapChange=0.0082 floor=0.0082 fading=True/True preMse=0.091 energy=0.096/0.063 fresh=False phase=0.077 anchor=0.938@0.038 phi=-0.068
frame@152384: gain=0.547 ref=0.463 mse=0.062 tau=0.050 omega=8.64E-005 bad=0 tapChange=0.0091 floor=0.0087 fading=True/True preMse=0.098 energy=0.081/0.064 fresh=False phase=0.123 anchor=0.902@0.072 phi=-0.117
frame@152672: gain=0.424 ref=0.467 mse=0.143 tau=0.047 omega=1.24E-004 bad=0 tapChange=0.0194 floor=0.0092 fading=True/True preMse=0.229 energy=0.050/0.065 fresh=False phase=0.229 anchor=0.788@0.134 phi=-0.216
frame@152960: gain=0.414 ref=0.465 mse=0.221 tau=0.036 omega=1.63E-004 bad=0 tapChange=0.0242 floor=0.0098 fading=True/True preMse=0.354 energy=0.046/0.064 fresh=False phase=0.228 anchor=0.753@0.145 phi=-0.224
frame@153248: gain=0.497 ref=0.462 mse=0.194 tau=0.040 omega=1.86E-004 bad=0 tapChange=0.0197 floor=0.0104 fading=True/True preMse=0.310 energy=0.061/0.063 fresh=False phase=0.076 anchor=0.858@0.079 phi=-0.131
frame@153536: gain=0.480 ref=0.464 mse=0.130 tau=0.030 omega=1.75E-004 bad=0 tapChange=0.0139 floor=0.0110 fading=True/True preMse=0.208 energy=0.054/0.063 fresh=False phase=-0.083 anchor=0.835@-0.051 phi=0.058
frame@153824: gain=0.300 ref=0.465 mse=0.327 tau=0.034 omega=1.53E-004 bad=0 tapChange=0.0374 floor=0.0117 fading=True/True preMse=0.524 energy=0.022/0.063 fresh=False phase=-0.127 anchor=0.567@-0.107 phi=0.129
frame@154112: gain=0.213 ref=0.457 mse=0.663 tau=0.046 omega=3.33E-005 bad=0 tapChange=0.0389 floor=0.0123 fading=True/True preMse=1.060 energy=0.009/0.061 fresh=False phase=-0.725 anchor=0.379@-0.558 phi=0.690
frame@154400: gain=0.339 ref=0.444 mse=0.640 tau=0.040 omega=-1.07E-004 bad=0 tapChange=0.0707 floor=0.0131 fading=True/True preMse=1.024 energy=0.022/0.058 fresh=False phase=-0.951 anchor=0.580@-0.549 phi=0.805
frame@154688: gain=0.680 ref=0.439 mse=0.123 tau=0.036 omega=-1.36E-004 bad=0 tapChange=0.0253 floor=0.0138 fading=True/True preMse=0.197 energy=0.060/0.056 fresh=False phase=-0.177 anchor=1.020@-0.111 phi=0.167
frame@154976: gain=0.860 ref=0.451 mse=0.217 tau=0.040 omega=-1.17E-004 bad=0 tapChange=0.0395 floor=0.0146 fading=True/True preMse=0.348 energy=0.105/0.057 fresh=False phase=0.091 anchor=1.140@0.047 phi=-0.105
frame@155264: gain=0.736 ref=0.472 mse=0.121 tau=0.041 omega=-1.19E-004 bad=0 tapChange=0.0268 floor=0.0154 fading=True/True preMse=0.193 energy=0.115/0.059 fresh=False phase=-0.010 anchor=1.054@0.011 phi=0.008
frame@155552: gain=0.577 ref=0.485 mse=0.122 tau=0.041 omega=-8.45E-005 bad=0 tapChange=0.0165 floor=0.0163 fading=True/True preMse=0.195 energy=0.109/0.062 fresh=False phase=0.209 anchor=0.917@0.110 phi=-0.197
frame@155840: gain=0.371 ref=0.490 mse=0.139 tau=0.039 omega=-9.72E-005 bad=0 tapChange=0.0299 floor=0.0172 fading=True/True preMse=0.223 energy=0.064/0.064 fresh=False phase=-0.066 anchor=0.745@-0.019 phi=0.073
frame@156128: gain=0.349 ref=0.484 mse=0.197 tau=0.045 omega=-1.24E-004 bad=0 tapChange=0.0376 floor=0.0182 fading=True/True preMse=0.316 energy=0.049/0.064 fresh=False phase=-0.251 anchor=0.691@-0.113 phi=0.154
frame@156416: gain=0.248 ref=0.477 mse=0.263 tau=0.043 omega=-1.30E-004 bad=0 tapChange=0.0798 floor=0.0192 fading=True/True preMse=0.421 energy=0.042/0.063 fresh=False phase=-0.043 anchor=0.641@-0.043 phi=0.036
frame@156704: gain=0.321 ref=0.465 mse=0.441 tau=0.013 omega=-7.95E-005 bad=0 tapChange=0.1021 floor=0.0203 fading=True/True preMse=0.705 energy=0.061/0.062 fresh=False phase=0.637 anchor=0.743@0.203 phi=-0.292
frame@156992: gain=0.341 ref=0.458 mse=0.380 tau=0.013 omega=-4.72E-005 bad=0 tapChange=0.0687 floor=0.0214 fading=True/True preMse=0.608 energy=0.107/0.062 fresh=False phase=0.452 anchor=0.806@0.152 phi=-0.186
frame@157280: gain=0.436 ref=0.452 mse=0.487 tau=0.011 omega=-2.29E-005 bad=0 tapChange=0.0772 floor=0.0225 fading=True/True preMse=0.778 energy=0.180/0.065 fresh=False phase=0.274 anchor=0.823@0.101 phi=-0.140
frame@157568: gain=0.422 ref=0.452 mse=0.480 tau=0.004 omega=1.11E-005 bad=0 tapChange=0.1290 floor=0.0238 fading=True/True preMse=0.768 energy=0.192/0.070 fresh=False phase=0.246 anchor=0.815@0.089 phi=-0.196
frame@157856: gain=0.357 ref=0.450 mse=0.335 tau=0.004 omega=-9.74E-007 bad=0 tapChange=0.1211 floor=0.0251 fading=True/True preMse=0.535 energy=0.141/0.076 fresh=False phase=-0.417 anchor=0.774@-0.043 phi=0.070
frame@158144: gain=0.318 ref=0.445 mse=0.311 tau=0.007 omega=-2.88E-005 bad=0 tapChange=0.0939 floor=0.0264 fading=True/True preMse=0.498 energy=0.095/0.080 fresh=False phase=-0.249 anchor=0.691@-0.104 phi=0.160
frame@158432: gain=0.278 ref=0.439 mse=0.366 tau=0.011 omega=-6.87E-005 bad=0 tapChange=0.0951 floor=0.0278 fading=True/True preMse=0.585 energy=0.061/0.080 fresh=False phase=-0.340 anchor=0.638@-0.156 phi=0.230
frame@158720: gain=0.285 ref=0.431 mse=0.268 tau=0.006 omega=-6.35E-005 bad=0 tapChange=0.0633 floor=0.0293 fading=True/True preMse=0.430 energy=0.043/0.079 fresh=False phase=0.012 anchor=0.639@-0.008 phi=-0.030
frame@159008: gain=0.236 ref=0.424 mse=0.366 tau=0.006 omega=-6.77E-005 bad=0 tapChange=0.0603 floor=0.0309 fading=True/True preMse=0.585 energy=0.017/0.078 fresh=False phase=-0.129 anchor=0.477@-0.028 phi=0.024
frame@159296: gain=0.129 ref=0.414 mse=0.720 tau=-0.013 omega=3.75E-005 bad=0 tapChange=0.1091 floor=0.0325 fading=True/True preMse=1.153 energy=0.009/0.075 fresh=False phase=1.070 anchor=0.295@0.459 phi=-0.606
frame@159584: gain=0.107 ref=0.414 mse=0.795 tau=-0.016 omega=1.17E-004 bad=1 tapChange=0.2345 floor=0.0343 fading=True/True preMse=1.272 energy=0.021/0.075 fresh=False phase=1.568 anchor=0.351@0.371 phi=-0.459
frame@159872: gain=0.152 ref=0.414 mse=0.589 tau=-0.002 omega=1.17E-004 bad=2 tapChange=0.0000 floor=0.0343 fading=True/True preMse=0.943 energy=0.024/0.075 fresh=True phase=-0.900 anchor=0.394@-0.000 phi=0.000
frame@160160: gain=0.251 ref=0.414 mse=0.399 tau=0.013 omega=3.73E-005 bad=3 tapChange=0.2682 floor=0.0361 fading=True/True preMse=0.639 energy=0.032/0.075 fresh=False phase=-0.587 anchor=0.570@-0.198 phi=0.460
frame@160448: gain=0.218 ref=0.406 mse=0.505 tau=0.031 omega=1.28E-005 bad=0 tapChange=0.2690 floor=0.0380 fading=True/True preMse=0.809 energy=0.052/0.072 fresh=False phase=-0.352 anchor=0.675@-0.107 phi=0.141
frame@160736: gain=0.289 ref=0.397 mse=0.350 tau=0.031 omega=2.64E-005 bad=0 tapChange=0.1054 floor=0.0400 fading=True/True preMse=0.561 energy=0.065/0.071 fresh=False phase=0.184 anchor=0.705@0.013 phi=-0.079
frame@161024: gain=0.213 ref=0.391 mse=0.432 tau=0.031 omega=2.52E-005 bad=0 tapChange=0.1200 floor=0.0421 fading=True/True preMse=0.691 energy=0.061/0.071 fresh=False phase=-0.061 anchor=0.623@-0.027 phi=0.007
frame@161312: gain=0.190 ref=0.382 mse=0.507 tau=0.035 omega=1.16E-006 bad=0 tapChange=0.1404 floor=0.0443 fading=True/True preMse=0.812 energy=0.054/0.071 fresh=False phase=-0.348 anchor=0.563@-0.132 phi=0.138
frame@161600: gain=0.215 ref=0.373 mse=0.412 tau=0.036 omega=-2.43E-006 bad=0 tapChange=0.1277 floor=0.0466 fading=True/True preMse=0.660 energy=0.049/0.070 fresh=False phase=-0.116 anchor=0.591@-0.040 phi=0.021
frame@161888: gain=0.306 ref=0.365 mse=0.393 tau=0.045 omega=1.52E-005 bad=0 tapChange=0.1057 floor=0.0490 fading=True/True preMse=0.628 energy=0.071/0.069 fresh=False phase=-0.046 anchor=0.692@0.040 phi=-0.102
frame@162176: gain=0.445 ref=0.362 mse=0.272 tau=0.055 omega=3.29E-005 bad=0 tapChange=0.0582 floor=0.0516 fading=True/True preMse=0.436 energy=0.086/0.069 fresh=False phase=0.160 anchor=0.810@0.062 phi=-0.102
frame@162464: gain=0.495 ref=0.366 mse=0.254 tau=0.043 omega=3.02E-005 bad=0 tapChange=0.0531 floor=0.0531 fading=True/True preMse=0.406 energy=0.088/0.070 fresh=False phase=-0.085 anchor=0.806@-0.021 phi=0.016
frame@162752: gain=0.421 ref=0.373 mse=0.259 tau=0.043 omega=4.08E-005 bad=0 tapChange=0.0951 floor=0.0558 fading=True/True preMse=0.414 energy=0.092/0.071 fresh=False phase=0.091 anchor=0.799@0.015 phi=-0.061
frame@163040: gain=0.302 ref=0.375 mse=0.333 tau=0.038 omega=7.45E-005 bad=0 tapChange=0.1160 floor=0.0587 fading=True/True preMse=0.533 energy=0.077/0.072 fresh=False phase=0.377 anchor=0.715@0.102 phi=-0.194
frame@163328: gain=0.269 ref=0.371 mse=0.358 tau=0.041 omega=4.48E-005 bad=0 tapChange=0.1164 floor=0.0618 fading=True/True preMse=0.574 energy=0.054/0.072 fresh=False phase=-0.307 anchor=0.674@-0.083 phi=0.171
frame@163616: gain=0.180 ref=0.366 mse=0.444 tau=0.049 omega=5.49E-005 bad=0 tapChange=0.0950 floor=0.0649 fading=True/True preMse=0.711 energy=0.016/0.071 fresh=False phase=0.108 anchor=0.429@-0.006 phi=-0.058
frame@163904: gain=0.055 ref=0.357 mse=0.637 tau=0.023 omega=5.54E-005 bad=0 tapChange=0.1523 floor=0.0683 fading=True/True preMse=1.020 energy=0.015/0.068 fresh=False phase=0.229 anchor=0.292@0.012 phi=-0.003
frame@164192: gain=0.043 ref=0.357 mse=0.746 tau=0.020 omega=8.71E-005 bad=1 tapChange=0.2220 floor=0.0718 fading=True/True preMse=1.194 energy=0.028/0.068 fresh=False phase=0.884 anchor=0.419@0.111 phi=-0.182
frame@164480: gain=0.279 ref=0.357 mse=0.579 tau=0.029 omega=1.98E-004 bad=2 tapChange=0.1008 floor=0.0755 fading=True/True preMse=0.927 energy=0.025/0.068 fresh=False phase=0.938 anchor=0.533@0.403 phi=-0.636
frame@164768: gain=0.320 ref=0.353 mse=0.342 tau=0.034 omega=2.37E-004 bad=0 tapChange=0.0776 floor=0.0776 fading=True/True preMse=0.547 energy=0.023/0.066 fresh=False phase=0.246 anchor=0.645@0.182 phi=-0.226
frame@165056: gain=0.375 ref=0.351 mse=0.277 tau=0.046 omega=2.31E-004 bad=0 tapChange=0.0301 floor=0.0301 fading=True/True preMse=0.443 energy=0.020/0.064 fresh=False phase=-0.066 anchor=0.684@0.012 phi=0.031
frame@165344: gain=0.365 ref=0.353 mse=0.224 tau=0.016 omega=2.29E-004 bad=0 tapChange=0.0263 floor=0.0263 fading=True/True preMse=0.359 energy=0.021/0.062 fresh=False phase=-0.031 anchor=0.674@-0.010 phi=0.012
frame@165632: gain=0.365 ref=0.353 mse=0.253 tau=-0.014 omega=2.63E-004 bad=0 tapChange=0.0208 floor=0.0208 fading=True/True preMse=0.405 energy=0.021/0.060 fresh=False phase=0.235 anchor=0.698@0.123 phi=-0.194
frame@165920: gain=0.296 ref=0.354 mse=0.409 tau=0.004 omega=1.97E-004 bad=0 tapChange=0.0295 floor=0.0220 fading=True/True preMse=0.654 energy=0.012/0.058 fresh=False phase=-0.411 anchor=0.536@-0.309 phi=0.383
frame@166208: gain=0.374 ref=0.351 mse=0.392 tau=0.024 omega=1.02E-004 bad=0 tapChange=0.0204 floor=0.0204 fading=True/True preMse=0.628 energy=0.014/0.055 fresh=False phase=-0.609 anchor=0.628@-0.446 phi=0.546
frame@166496: gain=0.643 ref=0.352 mse=0.347 tau=0.015 omega=3.30E-005 bad=0 tapChange=0.0244 floor=0.0216 fading=True/True preMse=0.555 energy=0.028/0.053 fresh=False phase=-0.402 anchor=0.941@-0.260 phi=0.397
frame@166784: gain=0.794 ref=0.367 mse=0.468 tau=0.026 omega=2.77E-005 bad=0 tapChange=0.0663 floor=0.0227 fading=True/True preMse=0.748 energy=0.053/0.052 fresh=False phase=-0.007 anchor=1.042@-0.023 phi=0.030
frame@167072: gain=0.776 ref=0.388 mse=0.400 tau=0.030 omega=4.75E-005 bad=0 tapChange=0.0559 floor=0.0240 fading=True/True preMse=0.641 energy=0.089/0.052 fresh=False phase=0.240 anchor=1.026@0.062 phi=-0.114
frame@167360: gain=0.491 ref=0.407 mse=0.143 tau=0.022 omega=5.15E-005 bad=0 tapChange=0.0225 floor=0.0225 fading=True/True preMse=0.229 energy=0.076/0.054 fresh=False phase=0.023 anchor=0.858@0.034 phi=-0.023
frame@167648: gain=0.447 ref=0.412 mse=0.190 tau=0.028 omega=6.20E-005 bad=0 tapChange=0.0229 floor=0.0229 fading=True/True preMse=0.304 energy=0.045/0.055 fresh=False phase=0.117 anchor=0.764@0.053 phi=-0.060
frame@167936: gain=0.316 ref=0.413 mse=0.299 tau=0.009 omega=9.57E-005 bad=0 tapChange=0.0334 floor=0.0242 fading=True/True preMse=0.479 energy=0.015/0.055 fresh=False phase=0.214 anchor=0.559@0.142 phi=-0.194
frame@168224: gain=0.087 ref=0.408 mse=0.666 tau=0.009 omega=1.93E-004 bad=0 tapChange=0.0492 floor=0.0255 fading=True/True preMse=1.065 energy=0.005/0.053 fresh=False phase=0.729 anchor=0.171@0.496 phi=-0.558
frame@168512: gain=0.120 ref=0.408 mse=1.068 tau=0.007 omega=3.30E-004 bad=1 tapChange=0.2409 floor=0.0269 fading=True/True preMse=1.708 energy=0.018/0.053 fresh=False phase=2.401 anchor=0.177@0.640 phi=-0.791
frame@168800: gain=0.158 ref=0.408 mse=0.729 tau=0.037 omega=3.30E-004 bad=2 tapChange=0.0000 floor=0.0269 fading=True/True preMse=1.166 energy=0.030/0.053 fresh=True phase=1.131 anchor=0.508@0.000 phi=0.000
frame@169088: gain=0.239 ref=0.408 mse=0.325 tau=0.038 omega=2.81E-004 bad=3 tapChange=0.3072 floor=0.0283 fading=True/True preMse=0.520 energy=0.024/0.053 fresh=False phase=-0.330 anchor=0.614@-0.148 phi=0.281
frame@169376: gain=0.250 ref=0.400 mse=0.362 tau=0.033 omega=2.59E-004 bad=0 tapChange=0.1037 floor=0.0298 fading=True/True preMse=0.580 energy=0.027/0.051 fresh=False phase=-0.234 anchor=0.573@-0.094 phi=0.126
frame@169664: gain=0.240 ref=0.392 mse=0.492 tau=0.031 omega=1.64E-004 bad=0 tapChange=0.1048 floor=0.0314 fading=True/True preMse=0.788 energy=0.020/0.050 fresh=False phase=-0.829 anchor=0.502@-0.399 phi=0.547
frame@169952: gain=0.212 ref=0.385 mse=0.592 tau=0.055 omega=3.37E-005 bad=0 tapChange=0.0708 floor=0.0331 fading=True/True preMse=0.948 energy=0.012/0.048 fresh=False phase=-0.891 anchor=0.398@-0.579 phi=0.752
frame@170240: gain=0.392 ref=0.376 mse=1.124 tau=0.048 omega=-1.69E-004 bad=0 tapChange=0.1410 floor=0.0348 fading=True/True preMse=1.798 energy=0.025/0.047 fresh=False phase=-1.340 anchor=0.517@-0.752 phi=1.169
frame@170528: gain=0.402 ref=0.377 mse=0.412 tau=0.046 omega=-2.47E-004 bad=0 tapChange=0.1093 floor=0.0367 fading=True/True preMse=0.660 energy=0.043/0.046 fresh=False phase=-0.555 anchor=0.733@-0.233 phi=0.450
frame@170816: gain=0.498 ref=0.378 mse=0.264 tau=0.040 omega=-2.86E-004 bad=0 tapChange=0.0539 floor=0.0386 fading=True/True preMse=0.422 energy=0.062/0.045 fresh=False phase=-0.269 anchor=0.867@-0.139 phi=0.221
frame@171104: gain=0.555 ref=0.384 mse=0.130 tau=0.032 omega=-2.80E-004 bad=0 tapChange=0.0307 floor=0.0307 fading=True/True preMse=0.207 energy=0.071/0.046 fresh=False phase=-0.027 anchor=0.886@-0.007 phi=-0.030
frame@171392: gain=0.305 ref=0.393 mse=0.262 tau=0.027 omega=-2.72E-004 bad=0 tapChange=0.0588 floor=0.0324 fading=True/True preMse=0.420 energy=0.038/0.048 fresh=False phase=0.012 anchor=0.627@0.013 phi=-0.048
frame@171680: gain=0.247 ref=0.388 mse=0.370 tau=0.030 omega=-2.25E-004 bad=0 tapChange=0.0614 floor=0.0341 fading=True/True preMse=0.592 energy=0.025/0.047 fresh=False phase=0.328 anchor=0.532@0.168 phi=-0.273
frame@171968: gain=0.184 ref=0.381 mse=0.479 tau=0.049 omega=-1.76E-004 bad=0 tapChange=0.0790 floor=0.0359 fading=True/True preMse=0.766 energy=0.016/0.046 fresh=False phase=0.342 anchor=0.443@0.204 phi=-0.278
frame@172256: gain=0.087 ref=0.371 mse=0.633 tau=0.025 omega=-1.37E-004 bad=0 tapChange=0.0904 floor=0.0378 fading=True/True preMse=1.013 energy=0.007/0.044 fresh=False phase=0.440 anchor=0.238@0.216 phi=-0.226
frame@172544: gain=0.143 ref=0.371 mse=0.545 tau=0.055 omega=-2.07E-004 bad=1 tapChange=0.0446 floor=0.0398 fading=True/True preMse=0.872 energy=0.006/0.044 fresh=False phase=-0.522 anchor=0.278@-0.318 phi=0.405
frame@172832: gain=0.149 ref=0.371 mse=0.868 tau=0.025 omega=-4.40E-004 bad=2 tapChange=0.0660 floor=0.0419 fading=True/True preMse=1.389 energy=0.004/0.044 fresh=False phase=-1.774 anchor=0.226@-1.169 phi=1.340
frame@173120: gain=0.258 ref=0.371 mse=0.441 tau=0.016 omega=-5.17E-004 bad=3 tapChange=0.0615 floor=0.0441 fading=True/True preMse=0.705 energy=0.015/0.044 fresh=False phase=-0.531 anchor=0.517@-0.300 phi=0.445
frame@173408: gain=0.266 ref=0.366 mse=0.384 tau=0.016 omega=-4.77E-004 bad=0 tapChange=0.0633 floor=0.0464 fading=True/True preMse=0.614 energy=0.018/0.043 fresh=False phase=0.398 anchor=0.604@0.145 phi=-0.230
frame@173696: gain=0.520 ref=0.361 mse=0.481 tau=0.017 omega=-4.16E-004 bad=0 tapChange=0.0377 floor=0.0377 fading=True/True preMse=0.770 energy=0.037/0.042 fresh=False phase=0.491 anchor=0.832@0.223 phi=-0.355
frame@173984: gain=0.492 ref=0.369 mse=0.482 tau=0.024 omega=-3.57E-004 bad=0 tapChange=0.0588 floor=0.0396 fading=True/True preMse=0.771 energy=0.036/0.041 fresh=False phase=0.526 anchor=0.806@0.244 phi=-0.338
frame@174272: gain=0.625 ref=0.375 mse=0.241 tau=0.017 omega=-3.10E-004 bad=0 tapChange=0.0239 floor=0.0239 fading=True/True preMse=0.385 energy=0.041/0.041 fresh=False phase=0.290 anchor=0.938@0.176 phi=-0.269
frame@174560: gain=0.526 ref=0.387 mse=0.224 tau=0.026 omega=-2.58E-004 bad=0 tapChange=0.0158 floor=0.0158 fading=True/True preMse=0.359 energy=0.034/0.041 fresh=False phase=0.307 anchor=0.861@0.198 phi=-0.300
frame@174848: gain=0.518 ref=0.394 mse=0.236 tau=0.028 omega=-2.14E-004 bad=0 tapChange=0.0254 floor=0.0166 fading=True/True preMse=0.377 energy=0.032/0.041 fresh=False phase=0.305 anchor=0.827@0.170 phi=-0.251
frame@175136: gain=0.528 ref=0.401 mse=0.138 tau=0.034 omega=-2.01E-004 bad=0 tapChange=0.0167 floor=0.0167 fading=True/True preMse=0.221 energy=0.038/0.040 fresh=False phase=0.118 anchor=0.886@0.067 phi=-0.076
frame@175424: gain=0.616 ref=0.407 mse=0.138 tau=0.031 omega=-2.29E-004 bad=0 tapChange=0.0141 floor=0.0141 fading=True/True preMse=0.221 energy=0.044/0.040 fresh=False phase=-0.169 anchor=0.939@-0.085 phi=0.161
frame@175712: gain=0.468 ref=0.417 mse=0.183 tau=0.022 omega=-2.41E-004 bad=0 tapChange=0.0202 floor=0.0149 fading=True/True preMse=0.292 energy=0.037/0.041 fresh=False phase=-0.048 anchor=0.791@-0.049 phi=0.068
frame@176000: gain=0.304 ref=0.420 mse=0.418 tau=0.016 omega=-2.95E-004 bad=0 tapChange=0.0593 floor=0.0157 fading=True/True preMse=0.669 energy=0.028/0.040 fresh=False phase=-0.441 anchor=0.588@-0.199 phi=0.312
frame@176288: gain=0.362 ref=0.414 mse=0.511 tau=0.014 omega=-3.69E-004 bad=0 tapChange=0.0848 floor=0.0166 fading=True/True preMse=0.818 energy=0.034/0.040 fresh=False phase=-0.603 anchor=0.651@-0.282 phi=0.426
frame@176576: gain=0.480 ref=0.411 mse=0.260 tau=0.020 omega=-4.00E-004 bad=0 tapChange=0.0435 floor=0.0175 fading=True/True preMse=0.417 energy=0.047/0.039 fresh=False phase=-0.313 anchor=0.797@-0.139 phi=0.177
frame@176864: gain=0.477 ref=0.415 mse=0.337 tau=0.019 omega=-3.90E-004 bad=0 tapChange=0.0301 floor=0.0185 fading=True/True preMse=0.539 energy=0.064/0.040 fresh=False phase=0.091 anchor=0.830@0.014 phi=-0.057
frame@177152: gain=0.420 ref=0.418 mse=0.230 tau=0.014 omega=-3.47E-004 bad=0 tapChange=0.0332 floor=0.0195 fading=True/True preMse=0.368 energy=0.057/0.041 fresh=False phase=0.324 anchor=0.800@0.145 phi=-0.248
frame@177440: gain=0.421 ref=0.418 mse=0.164 tau=0.026 omega=-3.50E-004 bad=0 tapChange=0.0215 floor=0.0206 fading=True/True preMse=0.262 energy=0.034/0.042 fresh=False phase=-0.071 anchor=0.745@0.008 phi=0.016
frame@177728: gain=0.232 ref=0.418 mse=0.430 tau=0.017 omega=-3.10E-004 bad=0 tapChange=0.0419 floor=0.0218 fading=True/True preMse=0.687 energy=0.011/0.041 fresh=False phase=0.356 anchor=0.467@0.182 phi=-0.227
frame@178016: gain=0.084 ref=0.409 mse=0.684 tau=-0.013 omega=-1.93E-004 bad=0 tapChange=0.0398 floor=0.0229 fading=True/True preMse=1.094 energy=0.005/0.040 fresh=False phase=1.073 anchor=0.205@0.609 phi=-0.676
frame@178304: gain=0.162 ref=0.409 mse=0.608 tau=-0.034 omega=-6.84E-005 bad=1 tapChange=0.0706 floor=0.0242 fading=True/True preMse=0.973 energy=0.008/0.040 fresh=False phase=0.907 anchor=0.345@0.576 phi=-0.718
frame@178592: gain=0.242 ref=0.409 mse=0.527 tau=-0.025 omega=-5.40E-005 bad=2 tapChange=0.0806 floor=0.0255 fading=True/True preMse=0.844 energy=0.022/0.040 fresh=False phase=0.109 anchor=0.534@0.041 phi=-0.083
frame@178880: gain=0.307 ref=0.401 mse=0.526 tau=-0.013 omega=-1.29E-004 bad=0 tapChange=0.0697 floor=0.0269 fading=True/True preMse=0.841 energy=0.021/0.039 fresh=False phase=-0.793 anchor=0.554@-0.330 phi=0.432
frame@179168: gain=0.355 ref=0.396 mse=0.397 tau=-0.024 omega=-1.99E-004 bad=0 tapChange=0.0310 floor=0.0283 fading=True/True preMse=0.635 energy=0.022/0.038 fresh=False phase=-0.445 anchor=0.632@-0.313 phi=0.400
frame@179456: gain=0.407 ref=0.394 mse=0.498 tau=-0.018 omega=-2.84E-004 bad=0 tapChange=0.0522 floor=0.0298 fading=True/True preMse=0.797 energy=0.031/0.037 fresh=False phase=-0.712 anchor=0.663@-0.389 phi=0.493
frame@179744: gain=0.673 ref=0.394 mse=0.451 tau=-0.021 omega=-3.09E-004 bad=0 tapChange=0.0321 floor=0.0314 fading=True/True preMse=0.721 energy=0.074/0.037 fresh=False phase=-0.165 anchor=0.974@-0.115 phi=0.143
frame@180032: gain=0.650 ref=0.408 mse=0.212 tau=-0.023 omega=-3.36E-004 bad=0 tapChange=0.0237 floor=0.0237 fading=True/True preMse=0.339 energy=0.099/0.039 fresh=False phase=-0.200 anchor=0.983@-0.100 phi=0.154
frame@180320: gain=0.447 ref=0.420 mse=0.172 tau=-0.016 omega=-3.11E-004 bad=0 tapChange=0.0193 floor=0.0193 fading=True/True preMse=0.276 energy=0.062/0.042 fresh=False phase=0.233 anchor=0.801@0.088 phi=-0.145
frame@180608: gain=0.207 ref=0.422 mse=0.410 tau=-0.019 omega=-3.04E-004 bad=0 tapChange=0.0751 floor=0.0203 fading=True/True preMse=0.656 energy=0.030/0.043 fresh=False phase=0.091 anchor=0.492@0.057 phi=-0.039
frame@180896: gain=0.116 ref=0.411 mse=0.997 tau=-0.020 omega=-3.55E-004 bad=0 tapChange=0.3055 floor=0.0214 fading=True/True preMse=1.595 energy=0.035/0.042 fresh=False phase=-2.229 anchor=0.347@-0.223 phi=0.296
frame@181184: gain=0.098 ref=0.411 mse=0.696 tau=-0.018 omega=-3.55E-004 bad=1 tapChange=0.0000 floor=0.0214 fading=True/True preMse=1.113 energy=0.060/0.042 fresh=True phase=-0.342 anchor=0.649@-0.000 phi=0.000
frame@181472: gain=0.390 ref=0.411 mse=0.144 tau=-0.024 omega=-3.41E-004 bad=2 tapChange=0.1259 floor=0.0226 fading=True/True preMse=0.231 energy=0.051/0.042 fresh=False phase=0.076 anchor=0.807@0.030 phi=-0.080
frame@181760: gain=0.288 ref=0.410 mse=0.289 tau=-0.040 omega=-3.26E-004 bad=0 tapChange=0.0997 floor=0.0238 fading=True/True preMse=0.462 energy=0.033/0.043 fresh=False phase=0.121 anchor=0.641@0.061 phi=-0.087
frame@182048: gain=0.170 ref=0.404 mse=0.438 tau=-0.049 omega=-3.81E-004 bad=0 tapChange=0.0798 floor=0.0251 fading=True/True preMse=0.701 energy=0.010/0.042 fresh=False phase=-0.401 anchor=0.366@-0.210 phi=0.318
frame@182336: gain=0.122 ref=0.404 mse=0.788 tau=-0.026 omega=-5.68E-004 bad=1 tapChange=0.0957 floor=0.0265 fading=True/True preMse=1.262 energy=0.008/0.042 fresh=False phase=-1.671 anchor=0.196@-0.900 phi=1.073
frame@182624: gain=0.274 ref=0.404 mse=0.479 tau=0.001 omega=-6.96E-004 bad=2 tapChange=0.0778 floor=0.0279 fading=True/True preMse=0.766 energy=0.014/0.042 fresh=False phase=-0.736 anchor=0.546@-0.447 phi=0.739
frame@182912: gain=0.420 ref=0.397 mse=0.456 tau=0.009 omega=-6.27E-004 bad=0 tapChange=0.0729 floor=0.0294 fading=True/True preMse=0.729 energy=0.032/0.041 fresh=False phase=0.504 anchor=0.750@0.220 phi=-0.395
frame@183200: gain=0.477 ref=0.399 mse=0.647 tau=0.003 omega=-5.19E-004 bad=0 tapChange=0.0963 floor=0.0310 fading=True/True preMse=1.035 energy=0.041/0.040 fresh=False phase=0.889 anchor=0.765@0.425 phi=-0.624
frame@183488: gain=0.530 ref=0.402 mse=0.370 tau=-0.004 omega=-4.36E-004 bad=0 tapChange=0.0545 floor=0.0326 fading=True/True preMse=0.592 energy=0.048/0.040 fresh=False phase=0.551 anchor=0.829@0.318 phi=-0.480
frame@183776: gain=0.435 ref=0.409 mse=0.352 tau=-0.011 omega=-3.46E-004 bad=0 tapChange=0.0384 floor=0.0344 fading=True/True preMse=0.563 energy=0.043/0.041 fresh=False phase=0.590 anchor=0.766@0.361 phi=-0.519
frame@184064: gain=0.488 ref=0.410 mse=0.268 tau=-0.011 omega=-2.85E-004 bad=0 tapChange=0.0368 floor=0.0362 fading=True/True preMse=0.429 energy=0.049/0.041 fresh=False phase=0.420 anchor=0.818@0.236 phi=-0.346
frame@184352: gain=0.575 ref=0.414 mse=0.183 tau=-0.027 omega=-2.54E-004 bad=0 tapChange=0.0251 floor=0.0251 fading=True/True preMse=0.293 energy=0.060/0.041 fresh=False phase=0.176 anchor=0.914@0.130 phi=-0.179
frame@184640: gain=0.645 ref=0.422 mse=0.178 tau=-0.021 omega=-2.19E-004 bad=0 tapChange=0.0248 floor=0.0248 fading=True/True preMse=0.285 energy=0.087/0.042 fresh=False phase=0.200 anchor=0.960@0.125 phi=-0.204
frame@184928: gain=0.578 ref=0.433 mse=0.126 tau=-0.013 omega=-1.94E-004 bad=0 tapChange=0.0238 floor=0.0238 fading=True/True preMse=0.202 energy=0.083/0.044 fresh=False phase=0.160 anchor=0.914@0.094 phi=-0.141
frame@185216: gain=0.527 ref=0.440 mse=0.140 tau=-0.006 omega=-1.91E-004 bad=0 tapChange=0.0436 floor=0.0251 fading=True/True preMse=0.224 energy=0.091/0.046 fresh=False phase=0.104 anchor=0.865@0.051 phi=-0.021
frame@185504: gain=0.266 ref=0.445 mse=0.354 tau=-0.008 omega=-1.69E-004 bad=0 tapChange=0.1071 floor=0.0264 fading=True/True preMse=0.567 energy=0.053/0.049 fresh=False phase=0.219 anchor=0.608@0.118 phi=-0.128
frame@185792: gain=0.235 ref=0.436 mse=0.364 tau=-0.005 omega=-1.42E-004 bad=0 tapChange=0.1071 floor=0.0278 fading=True/True preMse=0.582 energy=0.030/0.049 fresh=False phase=0.286 anchor=0.544@0.143 phi=-0.155
frame@186080: gain=0.324 ref=0.426 mse=0.277 tau=-0.004 omega=-1.25E-004 bad=0 tapChange=0.0614 floor=0.0293 fading=True/True preMse=0.443 energy=0.032/0.048 fresh=False phase=0.159 anchor=0.645@0.098 phi=-0.097
frame@186368: gain=0.426 ref=0.421 mse=0.248 tau=-0.001 omega=-1.28E-004 bad=0 tapChange=0.0632 floor=0.0309 fading=True/True preMse=0.396 energy=0.049/0.047 fresh=False phase=-0.023 anchor=0.816@-0.003 phi=0.016
frame@186656: gain=0.739 ref=0.421 mse=0.200 tau=0.000 omega=-1.13E-004 bad=0 tapChange=0.0271 floor=0.0271 fading=True/True preMse=0.320 energy=0.076/0.047 fresh=False phase=0.083 anchor=1.036@0.048 phi=-0.087
frame@186944: gain=0.751 ref=0.437 mse=0.267 tau=0.001 omega=-8.11E-005 bad=0 tapChange=0.0546 floor=0.0285 fading=True/True preMse=0.428 energy=0.106/0.049 fresh=False phase=0.190 anchor=1.049@0.100 phi=-0.181
frame@187232: gain=0.708 ref=0.453 mse=0.203 tau=-0.003 omega=-3.08E-005 bad=0 tapChange=0.0481 floor=0.0301 fading=True/True preMse=0.324 energy=0.128/0.051 fresh=False phase=0.374 anchor=1.017@0.161 phi=-0.290
frame@187520: gain=0.623 ref=0.465 mse=0.120 tau=-0.002 omega=6.92E-006 bad=0 tapChange=0.0329 floor=0.0317 fading=True/True preMse=0.192 energy=0.117/0.055 fresh=False phase=0.294 anchor=0.963@0.159 phi=-0.217
frame@187808: gain=0.584 ref=0.473 mse=0.058 tau=0.005 omega=3.47E-005 bad=0 tapChange=0.0122 floor=0.0122 fading=True/True preMse=0.092 energy=0.113/0.058 fresh=False phase=0.172 anchor=0.947@0.118 phi=-0.160
frame@188096: gain=0.460 ref=0.479 mse=0.100 tau=0.006 omega=6.50E-005 bad=0 tapChange=0.0211 floor=0.0129 fading=True/True preMse=0.160 energy=0.075/0.061 fresh=False phase=0.194 anchor=0.806@0.130 phi=-0.174
frame@188384: gain=0.337 ref=0.478 mse=0.203 tau=0.007 omega=1.19E-004 bad=0 tapChange=0.0375 floor=0.0137 fading=True/True preMse=0.325 energy=0.033/0.062 fresh=False phase=0.351 anchor=0.629@0.228 phi=-0.312
frame@188672: gain=0.361 ref=0.471 mse=0.411 tau=0.004 omega=2.52E-004 bad=0 tapChange=0.0457 floor=0.0145 fading=True/True preMse=0.657 energy=0.029/0.060 fresh=False phase=0.842 anchor=0.652@0.513 phi=-0.762
frame@188960: gain=0.456 ref=0.465 mse=0.158 tau=0.006 omega=2.71E-004 bad=0 tapChange=0.0389 floor=0.0153 fading=True/True preMse=0.252 energy=0.044/0.059 fresh=False phase=0.130 anchor=0.830@0.097 phi=-0.111
frame@189248: gain=0.429 ref=0.465 mse=0.208 tau=0.005 omega=2.49E-004 bad=0 tapChange=0.0270 floor=0.0162 fading=True/True preMse=0.333 energy=0.041/0.058 fresh=False phase=-0.156 anchor=0.796@-0.089 phi=0.123
frame@189536: gain=0.248 ref=0.463 mse=0.318 tau=0.001 omega=2.19E-004 bad=0 tapChange=0.0468 floor=0.0171 fading=True/True preMse=0.508 energy=0.020/0.057 fresh=False phase=-0.235 anchor=0.542@-0.169 phi=0.174
frame@189824: gain=0.183 ref=0.452 mse=0.946 tau=-0.006 omega=2.63E-005 bad=0 tapChange=0.1569 floor=0.0180 fading=True/True preMse=1.514 energy=0.018/0.055 fresh=False phase=-1.991 anchor=0.238@-0.984 phi=1.111
frame@190112: gain=0.251 ref=0.452 mse=0.676 tau=0.005 omega=-1.03E-004 bad=1 tapChange=0.1378 floor=0.0190 fading=True/True preMse=1.082 energy=0.035/0.055 fresh=False phase=-1.163 anchor=0.540@-0.515 phi=0.742
frame@190400: gain=0.504 ref=0.442 mse=0.289 tau=0.005 omega=-1.54E-004 bad=0 tapChange=0.0761 floor=0.0201 fading=True/True preMse=0.463 energy=0.067/0.054 fresh=False phase=-0.322 anchor=0.863@-0.165 phi=0.296
frame@190688: gain=0.540 ref=0.445 mse=0.176 tau=0.010 omega=-1.20E-004 bad=0 tapChange=0.0455 floor=0.0212 fading=True/True preMse=0.282 energy=0.060/0.055 fresh=False phase=0.289 anchor=0.913@0.083 phi=-0.195
frame@190976: gain=0.408 ref=0.450 mse=0.331 tau=0.011 omega=-3.90E-005 bad=0 tapChange=0.0547 floor=0.0223 fading=True/True preMse=0.530 energy=0.035/0.055 fresh=False phase=0.566 anchor=0.707@0.307 phi=-0.466
frame@191264: gain=0.320 ref=0.448 mse=0.578 tau=0.010 omega=1.16E-004 bad=0 tapChange=0.0498 floor=0.0235 fading=True/True preMse=0.925 energy=0.025/0.054 fresh=False phase=1.030 anchor=0.523@0.682 phi=-0.891
frame@191552: gain=0.428 ref=0.442 mse=0.275 tau=0.006 omega=1.82E-004 bad=0 tapChange=0.0512 floor=0.0248 fading=True/True preMse=0.439 energy=0.043/0.053 fresh=False phase=0.459 anchor=0.809@0.283 phi=-0.384
frame@191840: gain=0.532 ref=0.441 mse=0.135 tau=0.004 omega=2.27E-004 bad=0 tapChange=0.0141 floor=0.0141 fading=True/True preMse=0.216 energy=0.049/0.052 fresh=False phase=0.219 anchor=0.882@0.154 phi=-0.255
frame@192128: gain=0.377 ref=0.445 mse=0.220 tau=0.007 omega=2.65E-004 bad=0 tapChange=0.0254 floor=0.0149 fading=True/True preMse=0.351 energy=0.029/0.052 fresh=False phase=0.241 anchor=0.692@0.165 phi=-0.223
frame@192416: gain=0.287 ref=0.442 mse=0.277 tau=-0.017 omega=3.05E-004 bad=0 tapChange=0.0328 floor=0.0157 fading=True/True preMse=0.444 energy=0.019/0.051 fresh=False phase=0.249 anchor=0.574@0.195 phi=-0.229
frame@192704: gain=0.384 ref=0.434 mse=0.244 tau=-0.016 omega=2.86E-004 bad=0 tapChange=0.0259 floor=0.0166 fading=True/True preMse=0.391 energy=0.019/0.049 fresh=False phase=-0.161 anchor=0.691@-0.063 phi=0.112
frame@192992: gain=0.225 ref=0.432 mse=0.476 tau=-0.009 omega=2.38E-004 bad=0 tapChange=0.0319 floor=0.0175 fading=True/True preMse=0.762 energy=0.009/0.048 fresh=False phase=-0.249 anchor=0.456@-0.227 phi=0.274
frame@193280: gain=0.155 ref=0.421 mse=0.634 tau=-0.001 omega=1.86E-004 bad=0 tapChange=0.0298 floor=0.0185 fading=True/True preMse=1.014 energy=0.008/0.046 fresh=False phase=-0.403 anchor=0.295@-0.276 phi=0.302
frame@193568: gain=0.049 ref=0.421 mse=0.829 tau=-0.031 omega=5.62E-005 bad=1 tapChange=0.0724 floor=0.0195 fading=True/True preMse=1.327 energy=0.005/0.046 fresh=False phase=-2.172 anchor=0.104@-0.730 phi=0.746
frame@193856: gain=0.022 ref=0.421 mse=0.889 tau=-0.020 omega=-1.44E-006 bad=2 tapChange=0.1248 floor=0.0206 fading=True/True preMse=1.423 energy=0.011/0.046 fresh=False phase=-1.263 anchor=0.202@-0.313 phi=0.332
frame@194144: gain=0.208 ref=0.421 mse=0.706 tau=0.010 omega=-6.90E-005 bad=3 tapChange=0.1171 floor=0.0217 fading=True/True preMse=1.130 energy=0.023/0.046 fresh=False phase=-0.792 anchor=0.537@-0.272 phi=0.389
frame@194432: gain=0.535 ref=0.411 mse=0.449 tau=0.011 omega=-8.88E-005 bad=0 tapChange=0.0366 floor=0.0229 fading=True/True preMse=0.719 energy=0.071/0.045 fresh=False phase=-0.161 anchor=0.874@-0.077 phi=0.114
frame@194720: gain=0.674 ref=0.417 mse=0.284 tau=0.030 omega=-9.49E-005 bad=0 tapChange=0.0333 floor=0.0241 fading=True/True preMse=0.455 energy=0.103/0.046 fresh=False phase=0.001 anchor=0.981@-0.028 phi=0.035
frame@195008: gain=0.547 ref=0.430 mse=0.215 tau=0.049 omega=-1.02E-004 bad=0 tapChange=0.0222 floor=0.0222 fading=True/True preMse=0.344 energy=0.097/0.049 fresh=False phase=-0.089 anchor=0.893@-0.031 phi=0.040
frame@195296: gain=0.461 ref=0.436 mse=0.228 tau=0.019 omega=-6.81E-005 bad=0 tapChange=0.0305 floor=0.0235 fading=True/True preMse=0.365 energy=0.086/0.051 fresh=False phase=0.312 anchor=0.817@0.122 phi=-0.195
frame@195584: gain=0.346 ref=0.437 mse=0.284 tau=0.023 omega=-5.00E-005 bad=0 tapChange=0.0461 floor=0.0247 fading=True/True preMse=0.454 energy=0.042/0.053 fresh=False phase=0.190 anchor=0.704@0.101 phi=-0.105
frame@195872: gain=0.343 ref=0.432 mse=0.230 tau=0.037 omega=-5.72E-005 bad=0 tapChange=0.0339 floor=0.0261 fading=True/True preMse=0.368 energy=0.031/0.052 fresh=False phase=-0.044 anchor=0.659@-0.003 phi=0.042
frame@196160: gain=0.213 ref=0.428 mse=0.409 tau=0.047 omega=-1.01E-004 bad=0 tapChange=0.0880 floor=0.0275 fading=True/True preMse=0.654 energy=0.016/0.051 fresh=False phase=-0.410 anchor=0.490@-0.183 phi=0.255
frame@196448: gain=0.185 ref=0.417 mse=0.578 tau=0.034 omega=-2.15E-004 bad=0 tapChange=0.0585 floor=0.0289 fading=True/True preMse=0.925 energy=0.009/0.050 fresh=False phase=-0.903 anchor=0.353@-0.543 phi=0.654
frame@196736: gain=0.405 ref=0.417 mse=0.833 tau=0.019 omega=-3.87E-004 bad=1 tapChange=0.0782 floor=0.0305 fading=True/True preMse=1.333 energy=0.024/0.050 fresh=False phase=-1.170 anchor=0.612@-0.673 phi=0.990
frame@197024: gain=0.591 ref=0.417 mse=0.287 tau=0.022 omega=-3.82E-004 bad=0 tapChange=0.0368 floor=0.0321 fading=True/True preMse=0.459 energy=0.047/0.048 fresh=False phase=0.102 anchor=0.885@-0.018 phi=-0.029
frame@197312: gain=0.608 ref=0.425 mse=0.299 tau=0.017 omega=-3.61E-004 bad=0 tapChange=0.0528 floor=0.0338 fading=True/True preMse=0.478 energy=0.071/0.048 fresh=False phase=0.143 anchor=0.899@0.067 phi=-0.122
frame@197600: gain=0.605 ref=0.434 mse=0.211 tau=0.017 omega=-3.31E-004 bad=0 tapChange=0.0383 floor=0.0356 fading=True/True preMse=0.338 energy=0.080/0.049 fresh=False phase=0.192 anchor=0.891@0.098 phi=-0.170
frame@197888: gain=0.515 ref=0.443 mse=0.369 tau=0.021 omega=-2.63E-004 bad=0 tapChange=0.0772 floor=0.0375 fading=True/True preMse=0.590 energy=0.089/0.051 fresh=False phase=0.562 anchor=0.835@0.214 phi=-0.392
frame@198176: gain=0.467 ref=0.447 mse=0.177 tau=0.023 omega=-2.66E-004 bad=0 tapChange=0.0434 floor=0.0395 fading=True/True preMse=0.283 energy=0.096/0.053 fresh=False phase=-0.026 anchor=0.834@0.027 phi=0.016
frame@198464: gain=0.405 ref=0.448 mse=0.249 tau=0.017 omega=-2.69E-004 bad=0 tapChange=0.0760 floor=0.0415 fading=True/True preMse=0.398 energy=0.115/0.055 fresh=False phase=0.017 anchor=0.803@-0.019 phi=0.020
frame@198752: gain=0.571 ref=0.445 mse=0.144 tau=0.017 omega=-2.86E-004 bad=0 tapChange=0.0285 floor=0.0285 fading=True/True preMse=0.230 energy=0.116/0.058 fresh=False phase=-0.058 anchor=0.896@-0.042 phi=0.096
frame@199040: gain=0.530 ref=0.452 mse=0.125 tau=0.020 omega=-2.77E-004 bad=0 tapChange=0.0352 floor=0.0301 fading=True/True preMse=0.200 energy=0.112/0.061 fresh=False phase=0.179 anchor=0.914@0.043 phi=-0.050
frame@199328: gain=0.580 ref=0.456 mse=0.094 tau=0.019 omega=-2.70E-004 bad=0 tapChange=0.0267 floor=0.0267 fading=True/True preMse=0.150 energy=0.108/0.064 fresh=False phase=0.119 anchor=0.918@0.060 phi=-0.044
frame@199616: gain=0.537 ref=0.462 mse=0.084 tau=0.021 omega=-2.48E-004 bad=0 tapChange=0.0171 floor=0.0171 fading=True/True preMse=0.135 energy=0.091/0.066 fresh=False phase=0.177 anchor=0.882@0.106 phi=-0.124
frame@199904: gain=0.464 ref=0.466 mse=0.224 tau=0.019 omega=-1.74E-004 bad=0 tapChange=0.0292 floor=0.0181 fading=True/True preMse=0.359 energy=0.061/0.067 fresh=False phase=0.492 anchor=0.798@0.281 phi=-0.428
frame@200192: gain=0.362 ref=0.465 mse=0.265 tau=0.017 omega=-1.01E-004 bad=0 tapChange=0.0440 floor=0.0191 fading=True/True preMse=0.423 energy=0.040/0.067 fresh=False phase=0.509 anchor=0.677@0.314 phi=-0.420
frame@200480: gain=0.336 ref=0.460 mse=0.329 tau=0.015 omega=-1.76E-005 bad=0 tapChange=0.0756 floor=0.0202 fading=True/True preMse=0.527 energy=0.040/0.065 fresh=False phase=0.585 anchor=0.679@0.333 phi=-0.479
frame@200768: gain=0.343 ref=0.454 mse=0.224 tau=0.012 omega=2.83E-005 bad=0 tapChange=0.0623 floor=0.0213 fading=True/True preMse=0.358 energy=0.040/0.064 fresh=False phase=0.335 anchor=0.737@0.187 phi=-0.264
frame@201056: gain=0.282 ref=0.449 mse=0.260 tau=0.018 omega=6.78E-005 bad=0 tapChange=0.0491 floor=0.0224 fading=True/True preMse=0.416 energy=0.024/0.063 fresh=False phase=0.250 anchor=0.607@0.188 phi=-0.228
frame@201344: gain=0.225 ref=0.440 mse=0.523 tau=0.038 omega=1.46E-004 bad=0 tapChange=0.0760 floor=0.0236 fading=True/True preMse=0.836 energy=0.025/0.061 fresh=False phase=0.733 anchor=0.468@0.377 phi=-0.448
frame@201632: gain=0.309 ref=0.429 mse=0.389 tau=0.037 omega=2.09E-004 bad=0 tapChange=0.0563 floor=0.0249 fading=True/True preMse=0.622 energy=0.034/0.059 fresh=False phase=0.595 anchor=0.638@0.274 phi=-0.364
frame@201920: gain=0.260 ref=0.423 mse=0.349 tau=0.036 omega=2.26E-004 bad=0 tapChange=0.0587 floor=0.0263 fading=True/True preMse=0.558 energy=0.035/0.058 fresh=False phase=0.038 anchor=0.621@0.082 phi=-0.099
frame@202208: gain=0.440 ref=0.415 mse=0.389 tau=0.049 omega=1.52E-004 bad=0 tapChange=0.0425 floor=0.0277 fading=True/True preMse=0.623 energy=0.037/0.057 fresh=False phase=-0.620 anchor=0.733@-0.282 phi=0.427
frame@202496: gain=0.589 ref=0.417 mse=0.591 tau=0.044 omega=5.33E-005 bad=0 tapChange=0.0583 floor=0.0292 fading=True/True preMse=0.946 energy=0.048/0.056 fresh=False phase=-0.684 anchor=0.876@-0.364 phi=0.569
frame@202784: gain=0.876 ref=0.425 mse=0.541 tau=0.046 omega=-8.15E-006 bad=0 tapChange=0.0677 floor=0.0307 fading=True/True preMse=0.866 energy=0.099/0.055 fresh=False phase=-0.383 anchor=1.035@-0.210 phi=0.354
frame@203072: gain=0.841 ref=0.448 mse=0.385 tau=0.043 omega=-5.27E-005 bad=0 tapChange=0.0576 floor=0.0324 fading=True/True preMse=0.617 energy=0.156/0.058 fresh=False phase=-0.325 anchor=1.031@-0.145 phi=0.256
frame@203360: gain=0.739 ref=0.467 mse=0.163 tau=0.044 omega=-7.28E-005 bad=0 tapChange=0.0562 floor=0.0341 fading=True/True preMse=0.261 energy=0.200/0.062 fresh=False phase=-0.157 anchor=0.989@-0.089 phi=0.116
frame@203648: gain=0.632 ref=0.481 mse=0.082 tau=0.041 omega=-9.52E-005 bad=0 tapChange=0.0160 floor=0.0160 fading=True/True preMse=0.132 energy=0.210/0.069 fresh=False phase=-0.148 anchor=0.950@-0.069 phi=0.129
frame@203936: gain=0.562 ref=0.489 mse=0.064 tau=0.031 omega=-1.12E-004 bad=0 tapChange=0.0207 floor=0.0169 fading=True/True preMse=0.103 energy=0.211/0.076 fresh=False phase=-0.055 anchor=0.904@-0.065 phi=0.096
frame@204224: gain=0.518 ref=0.492 mse=0.094 tau=0.028 omega=-1.31E-004 bad=0 tapChange=0.0243 floor=0.0179 fading=True/True preMse=0.150 energy=0.206/0.083 fresh=False phase=-0.031 anchor=0.911@-0.051 phi=0.110
frame@204512: gain=0.548 ref=0.493 mse=0.110 tau=0.027 omega=-1.44E-004 bad=0 tapChange=0.0240 floor=0.0189 fading=True/True preMse=0.176 energy=0.210/0.089 fresh=False phase=0.008 anchor=0.923@-0.009 phi=0.074
frame@204800: gain=0.560 ref=0.496 mse=0.123 tau=0.031 omega=-1.22E-004 bad=0 tapChange=0.0230 floor=0.0199 fading=True/True preMse=0.197 energy=0.188/0.095 fresh=False phase=0.236 anchor=0.914@0.111 phi=-0.123
frame@205088: gain=0.526 ref=0.499 mse=0.139 tau=0.036 omega=-8.51E-005 bad=0 tapChange=0.0178 floor=0.0178 fading=True/True preMse=0.222 energy=0.146/0.100 fresh=False phase=0.280 anchor=0.878@0.171 phi=-0.215
frame@205376: gain=0.434 ref=0.501 mse=0.243 tau=0.027 omega=-3.26E-005 bad=0 tapChange=0.0378 floor=0.0188 fading=True/True preMse=0.389 energy=0.087/0.102 fresh=False phase=0.379 anchor=0.794@0.219 phi=-0.303
frame@205664: gain=0.319 ref=0.497 mse=0.274 tau=0.020 omega=2.60E-005 bad=0 tapChange=0.0550 floor=0.0199 fading=True/True preMse=0.438 energy=0.045/0.101 fresh=False phase=0.331 anchor=0.655@0.253 phi=-0.338
frame@205952: gain=0.314 ref=0.489 mse=0.552 tau=0.015 omega=1.80E-004 bad=0 tapChange=0.0785 floor=0.0210 fading=True/True preMse=0.883 energy=0.032/0.099 fresh=False phase=1.062 anchor=0.576@0.597 phi=-0.889
frame@206240: gain=0.319 ref=0.480 mse=0.484 tau=0.015 omega=2.78E-004 bad=0 tapChange=0.1372 floor=0.0221 fading=True/True preMse=0.775 energy=0.037/0.095 fresh=False phase=0.684 anchor=0.659@0.369 phi=-0.562
frame@206528: gain=0.451 ref=0.472 mse=0.285 tau=0.007 omega=3.25E-004 bad=0 tapChange=0.0550 floor=0.0233 fading=True/True preMse=0.456 energy=0.046/0.092 fresh=False phase=0.362 anchor=0.814@0.181 phi=-0.269
frame@206816: gain=0.541 ref=0.471 mse=0.162 tau=-0.001 omega=3.12E-004 bad=0 tapChange=0.0244 floor=0.0244 fading=True/True preMse=0.259 energy=0.067/0.090 fresh=False phase=-0.053 anchor=0.912@-0.027 phi=0.075
frame@207104: gain=0.579 ref=0.474 mse=0.187 tau=-0.001 omega=2.86E-004 bad=0 tapChange=0.0202 floor=0.0202 fading=True/True preMse=0.299 energy=0.086/0.089 fresh=False phase=-0.173 anchor=0.917@-0.099 phi=0.147
frame@207392: gain=0.549 ref=0.479 mse=0.206 tau=0.003 omega=2.22E-004 bad=0 tapChange=0.0162 floor=0.0162 fading=True/True preMse=0.329 energy=0.084/0.089 fresh=False phase=-0.442 anchor=0.886@-0.252 phi=0.369
frame@207680: gain=0.638 ref=0.483 mse=0.167 tau=0.004 omega=1.53E-004 bad=0 tapChange=0.0205 floor=0.0171 fading=True/True preMse=0.267 energy=0.096/0.088 fresh=False phase=-0.426 anchor=0.987@-0.260 phi=0.399
frame@207968: gain=0.841 ref=0.491 mse=0.242 tau=0.005 omega=1.10E-004 bad=0 tapChange=0.0538 floor=0.0180 fading=True/True preMse=0.387 energy=0.171/0.089 fresh=False phase=-0.250 anchor=1.116@-0.133 phi=0.243
frame@208256: gain=0.740 ref=0.508 mse=0.073 tau=0.007 omega=8.92E-005 bad=0 tapChange=0.0225 floor=0.0190 fading=True/True preMse=0.118 energy=0.192/0.093 fresh=False phase=-0.085 anchor=1.058@-0.067 phi=0.122
frame@208544: gain=0.655 ref=0.520 mse=0.036 tau=0.007 omega=6.82E-005 bad=0 tapChange=0.0125 floor=0.0125 fading=True/True preMse=0.058 energy=0.178/0.098 fresh=False phase=-0.115 anchor=0.995@-0.065 phi=0.121
frame@208832: gain=0.519 ref=0.527 mse=0.064 tau=0.005 omega=4.61E-005 bad=0 tapChange=0.0137 floor=0.0132 fading=True/True preMse=0.102 energy=0.123/0.102 fresh=False phase=-0.136 anchor=0.870@-0.091 phi=0.127
frame@209120: gain=0.384 ref=0.526 mse=0.178 tau=0.009 omega=7.39E-006 bad=0 tapChange=0.0456 floor=0.0140 fading=True/True preMse=0.285 energy=0.067/0.103 fresh=False phase=-0.265 anchor=0.728@-0.155 phi=0.223
frame@209408: gain=0.302 ref=0.519 mse=0.252 tau=0.020 omega=-1.99E-005 bad=0 tapChange=0.0572 floor=0.0148 fading=True/True preMse=0.403 energy=0.046/0.101 fresh=False phase=-0.222 anchor=0.619@-0.136 phi=0.157
frame@209696: gain=0.237 ref=0.508 mse=0.316 tau=0.010 omega=-2.36E-005 bad=0 tapChange=0.0917 floor=0.0157 fading=True/True preMse=0.506 energy=0.042/0.098 fresh=False phase=0.096 anchor=0.614@-0.020 phi=0.021
frame@209984: gain=0.340 ref=0.495 mse=0.236 tau=0.034 omega=1.90E-005 bad=0 tapChange=0.0597 floor=0.0165 fading=True/True preMse=0.378 energy=0.040/0.096 fresh=False phase=0.356 anchor=0.720@0.164 phi=-0.246
frame@210272: gain=0.439 ref=0.487 mse=0.117 tau=0.044 omega=4.43E-005 bad=0 tapChange=0.0221 floor=0.0175 fading=True/True preMse=0.188 energy=0.049/0.093 fresh=False phase=0.147 anchor=0.844@0.107 phi=-0.146
frame@210560: gain=0.509 ref=0.484 mse=0.103 tau=0.016 omega=5.04E-005 bad=0 tapChange=0.0098 floor=0.0098 fading=True/True preMse=0.164 energy=0.038/0.091 fresh=False phase=0.001 anchor=0.858@0.026 phi=-0.035
frame@210848: gain=0.297 ref=0.486 mse=0.297 tau=0.046 omega=4.88E-005 bad=0 tapChange=0.0374 floor=0.0103 fading=True/True preMse=0.475 energy=0.022/0.088 fresh=False phase=-0.040 anchor=0.583@0.004 phi=0.009
frame@211136: gain=0.130 ref=0.476 mse=0.579 tau=0.057 omega=1.07E-004 bad=0 tapChange=0.0906 floor=0.0110 fading=True/True preMse=0.926 energy=0.017/0.085 fresh=False phase=0.578 anchor=0.388@0.288 phi=-0.336
frame@211424: gain=0.368 ref=0.476 mse=1.403 tau=0.051 omega=2.82E-004 bad=1 tapChange=0.2873 floor=0.0116 fading=True/True preMse=2.245 energy=0.030/0.085 fresh=False phase=1.906 anchor=0.434@0.762 phi=-1.008
frame@211712: gain=0.302 ref=0.471 mse=0.385 tau=0.052 omega=3.49E-004 bad=0 tapChange=0.1306 floor=0.0123 fading=True/True preMse=0.617 energy=0.038/0.082 fresh=False phase=0.593 anchor=0.656@0.273 phi=-0.387
frame@212000: gain=0.560 ref=0.462 mse=0.209 tau=0.040 omega=3.92E-004 bad=0 tapChange=0.0392 floor=0.0130 fading=True/True preMse=0.334 energy=0.045/0.080 fresh=False phase=0.273 anchor=0.897@0.151 phi=-0.245
frame@212288: gain=0.577 ref=0.467 mse=0.127 tau=0.070 omega=3.99E-004 bad=0 tapChange=0.0217 floor=0.0137 fading=True/True preMse=0.202 energy=0.064/0.078 fresh=False phase=0.058 anchor=0.934@0.041 phi=-0.043
frame@212576: gain=0.651 ref=0.473 mse=0.161 tau=0.077 omega=4.14E-004 bad=0 tapChange=0.0219 floor=0.0145 fading=True/True preMse=0.258 energy=0.076/0.077 fresh=False phase=0.128 anchor=0.968@0.034 phi=-0.085
frame@212864: gain=0.625 ref=0.482 mse=0.117 tau=0.067 omega=3.90E-004 bad=0 tapChange=0.0119 floor=0.0119 fading=True/True preMse=0.186 energy=0.079/0.077 fresh=False phase=-0.182 anchor=0.947@-0.090 phi=0.139
frame@213152: gain=0.628 ref=0.489 mse=0.140 tau=0.061 omega=3.76E-004 bad=0 tapChange=0.0193 floor=0.0126 fading=True/True preMse=0.223 energy=0.090/0.077 fresh=False phase=-0.119 anchor=0.950@-0.067 phi=0.079
frame@213440: gain=0.623 ref=0.496 mse=0.188 tau=0.055 omega=3.50E-004 bad=0 tapChange=0.0357 floor=0.0134 fading=True/True preMse=0.300 energy=0.116/0.078 fresh=False phase=-0.203 anchor=0.944@-0.107 phi=0.150
frame@213728: gain=0.542 ref=0.502 mse=0.209 tau=0.069 omega=3.10E-004 bad=0 tapChange=0.0366 floor=0.0141 fading=True/True preMse=0.334 energy=0.109/0.080 fresh=False phase=-0.323 anchor=0.862@-0.161 phi=0.234
frame@214016: gain=0.505 ref=0.504 mse=0.194 tau=0.060 omega=2.69E-004 bad=0 tapChange=0.0349 floor=0.0150 fading=True/True preMse=0.311 energy=0.097/0.081 fresh=False phase=-0.334 anchor=0.840@-0.163 phi=0.235
