index,p0re,p0im,p1re,p1im
0,0.63592,-0.11118,-0.00939,-0.81700
1,0.67022,-0.07618,-0.02641,-0.84228
2,0.70317,-0.04138,-0.04217,-0.86752
3,0.73463,-0.00692,-0.05658,-0.89273
4,0.76472,0.02708,-0.06967,-0.91794
5,0.79336,0.06027,-0.08145,-0.94314
6,0.82040,0.09240,-0.09186,-0.96824
7,0.84599,0.12349,-0.10098,-0.99309
8,0.86998,0.15318,-0.10877,-1.01785
9,0.89243,0.18139,-0.11521,-1.04231
10,0.91327,0.20789,-0.12042,-1.06635
11,0.93253,0.23261,-0.12441,-1.09008
12,0.95022,0.25523,-0.12729,-1.11331
13,0.96642,0.27568,-0.12915,-1.13601
14,0.98102,0.29394,-0.13005,-1.15816
15,0.99414,0.30985,-0.13006,-1.17966
16,1.00585,0.32310,-0.12935,-1.20045
17,1.01611,0.33386,-0.12804,-1.22058
18,1.02505,0.34197,-0.12629,-1.23980
19,1.03272,0.34744,-0.12411,-1.25824
20,1.03903,0.35022,-0.12174,-1.27584
21,1.04421,0.35035,-0.11921,-1.29238
22,1.04828,0.34783,-0.11684,-1.30807
23,1.05119,0.34265,-0.11469,-1.32272
24,1.05314,0.33482,-0.11286,-1.33639
25,1.05406,0.32450,-0.11154,-1.34898
26,1.05406,0.31177,-0.11082,-1.36047
27,1.05316,0.29669,-0.11097,-1.37089
28,1.05151,0.27942,-0.11180,-1.38020
29,1.04916,0.25997,-0.11362,-1.38847
30,1.04596,0.23850,-0.11658,-1.39566
31,1.04214,0.21527,-0.12068,-1.40170
32,1.03769,0.19037,-0.12604,-1.40676
33,1.03269,0.16380,-0.13267,-1.41065
34,1.02717,0.13587,-0.14059,-1.41364
35,1.02103,0.10675,-0.14984,-1.41561
36,1.01449,0.07660,-0.16054,-1.41664
37,1.00741,0.04553,-0.17262,-1.41672
38,0.99991,0.01369,-0.18610,-1.41581
39,0.99199,-0.01865,-0.20092,-1.41417
40,0.98367,-0.05157,-0.21703,-1.41159
41,0.97503,-0.08460,-0.23442,-1.40829
42,0.96599,-0.11786,-0.25290,-1.40431
43,0.95664,-0.15103,-0.27248,-1.39971
44,0.94693,-0.18413,-0.29305,-1.39450
45,0.93698,-0.21699,-0.31454,-1.38878
46,0.92674,-0.24945,-0.33678,-1.38264
47,0.91625,-0.28156,-0.35969,-1.37605
48,0.90548,-0.31312,-0.38309,-1.36899
49,0.89461,-0.34402,-0.40684,-1.36168
50,0.88359,-0.37409,-0.43081,-1.35418
51,0.87246,-0.40331,-0.45473,-1.34641
52,0.86117,-0.43173,-0.47852,-1.33854
53,0.84988,-0.45921,-0.50211,-1.33064
54,0.83862,-0.48569,-0.52528,-1.32264
55,0.82744,-0.51116,-0.54786,-1.31464
56,0.81632,-0.53558,-0.56970,-1.30683
57,0.80529,-0.55878,-0.59069,-1.29914
58,0.79453,-0.58072,-0.61065,-1.29156
59,0.78405,-0.60140,-0.62946,-1.28433
60,0.77391,-0.62083,-0.64704,-1.27727
61,0.76417,-0.63894,-0.66335,-1.27057
62,0.75498,-0.65561,-0.67820,-1.26421
63,0.74634,-0.67086,-0.69141,-1.25823
64,0.73837,-0.68461,-0.70310,-1.25271
65,0.73109,-0.69684,-0.71310,-1.24767
66,0.72464,-0.70756,-0.72122,-1.24306
67,0.71900,-0.71664,-0.72778,-1.23893
68,0.71421,-0.72415,-0.73252,-1.23527
69,0.71046,-0.72996,-0.73558,-1.23215
70,0.70777,-0.73403,-0.73696,-1.22944
71,0.70607,-0.73640,-0.73670,-1.22728
72,0.70552,-0.73690,-0.73481,-1.22556
73,0.70610,-0.73568,-0.73150,-1.22439
74,0.70793,-0.73274,-0.72666,-1.22371
75,0.71100,-0.72806,-0.72041,-1.22347
76,0.71530,-0.72152,-0.71289,-1.22358
77,0.72085,-0.71319,-0.70427,-1.22403
78,0.72756,-0.70305,-0.69467,-1.22473
79,0.73550,-0.69122,-0.68413,-1.22577
80,0.74467,-0.67763,-0.67287,-1.22700
81,0.75492,-0.66254,-0.66105,-1.22839
82,0.76630,-0.64585,-0.64880,-1.22989
83,0.77859,-0.62767,-0.63633,-1.23147
84,0.79186,-0.60808,-0.62368,-1.23298
85,0.80610,-0.58723,-0.61106,-1.23437
86,0.82103,-0.56518,-0.59855,-1.23572
87,0.83663,-0.54210,-0.58639,-1.23664
88,0.85275,-0.51809,-0.57465,-1.23741
89,0.86937,-0.49333,-0.56338,-1.23777
90,0.88638,-0.46790,-0.55280,-1.23764
91,0.90355,-0.44211,-0.54305,-1.23689
92,0.92072,-0.41597,-0.53404,-1.23555
93,0.93782,-0.38969,-0.52600,-1.23354
94,0.95471,-0.36355,-0.51907,-1.23077
95,0.97135,-0.33766,-0.51315,-1.22707
96,0.98745,-0.31228,-0.50836,-1.22252
97,1.00300,-0.28752,-0.50474,-1.21691
98,1.01790,-0.26352,-0.50212,-1.21025
99,1.03191,-0.24064,-0.50064,-1.20247
100,1.04499,-0.21882,-0.50023,-1.19353
101,1.05711,-0.19836,-0.50081,-1.18336
102,1.06809,-0.17942,-0.50238,-1.17182
103,1.07789,-0.16209,-0.50488,-1.15893
104,1.08640,-0.14654,-0.50819,-1.14471
105,1.09352,-0.13294,-0.51220,-1.12900
106,1.09937,-0.12137,-0.51683,-1.11195
107,1.10380,-0.11177,-0.52197,-1.09333
108,1.10681,-0.10445,-0.52759,-1.07319
109,1.10846,-0.09934,-0.53341,-1.05162
110,1.10863,-0.09657,-0.53938,-1.02856
111,1.10738,-0.09605,-0.54532,-1.00396
112,1.10481,-0.09797,-0.55109,-0.97792
113,1.10088,-0.10216,-0.55658,-0.95037
114,1.09575,-0.10852,-0.56166,-0.92140
115,1.08933,-0.11718,-0.56619,-0.89118
116,1.08178,-0.12804,-0.57013,-0.85951
117,1.07318,-0.14099,-0.57324,-0.82669
118,1.06355,-0.15603,-0.57533,-0.79264
119,1.05302,-0.17299,-0.57653,-0.75754
120,1.04156,-0.19166,-0.57659,-0.72138
121,1.02944,-0.21204,-0.57545,-0.68450
122,1.01656,-0.23393,-0.57305,-0.64684
123,1.00299,-0.25714,-0.56937,-0.60857
124,0.98894,-0.28158,-0.56431,-0.56973
125,0.97444,-0.30696,-0.55780,-0.53066
126,0.95947,-0.33330,-0.54995,-0.49146
127,0.94422,-0.36021,-0.54077,-0.45235
128,0.92863,-0.38763,-0.53022,-0.41340
129,0.91272,-0.41530,-0.51826,-0.37484
130,0.89666,-0.44302,-0.50505,-0.33684
131,0.88034,-0.47069,-0.49058,-0.29966
132,0.86383,-0.49799,-0.47493,-0.26346
133,0.84712,-0.52472,-0.45815,-0.22831
134,0.83019,-0.55069,-0.44043,-0.19448
135,0.81292,-0.57577,-0.42188,-0.16224
136,0.79543,-0.59977,-0.40260,-0.13173
137,0.77766,-0.62257,-0.38259,-0.10312
138,0.75949,-0.64386,-0.36206,-0.07661
139,0.74089,-0.66350,-0.34109,-0.05234
140,0.72197,-0.68139,-0.31996,-0.03043
141,0.70247,-0.69745,-0.29882,-0.01107
142,0.68242,-0.71140,-0.27764,0.00557
143,0.66166,-0.72319,-0.25676,0.01966
144,0.64022,-0.73267,-0.23623,0.03080
145,0.61800,-0.73966,-0.21612,0.03911
146,0.59496,-0.74417,-0.19671,0.04445
147,0.57096,-0.74623,-0.17809,0.04685
148,0.54617,-0.74563,-0.16037,0.04633
149,0.52038,-0.74237,-0.14363,0.04292
150,0.49348,-0.73627,-0.12793,0.03668
151,0.46562,-0.72750,-0.11360,0.02769
152,0.43670,-0.71594,-0.10055,0.01606
153,0.40673,-0.70158,-0.08893,0.00193
154,0.37560,-0.68450,-0.07882,-0.01454
155,0.34356,-0.66462,-0.07017,-0.03311
156,0.31054,-0.64216,-0.06305,-0.05356
157,0.27658,-0.61703,-0.05756,-0.07578
158,0.24167,-0.58931,-0.05368,-0.09957
159,0.20601,-0.55913,-0.05141,-0.12454
160,0.16963,-0.52663,-0.05072,-0.15040
161,0.13259,-0.49174,-0.05165,-0.17710
162,0.09509,-0.45465,-0.05401,-0.20411
163,0.05728,-0.41556,-0.05785,-0.23132
164,0.01920,-0.37443,-0.06308,-0.25838
165,-0.01896,-0.33145,-0.06956,-0.28487
166,-0.05700,-0.28678,-0.07729,-0.31066
167,-0.09475,-0.24065,-0.08601,-0.33549
168,-0.13198,-0.19310,-0.09579,-0.35895
169,-0.16859,-0.14429,-0.10634,-0.38089
170,-0.20436,-0.09429,-0.11765,-0.40101
171,-0.23907,-0.04340,-0.12949,-0.41919
172,-0.27245,0.00822,-0.14174,-0.43513
173,-0.30438,0.06048,-0.15432,-0.44864
174,-0.33461,0.11329,-0.16703,-0.45955
175,-0.36294,0.16637,-0.17964,-0.46784
176,-0.38919,0.21956,-0.19217,-0.47333
177,-0.41313,0.27289,-0.20437,-0.47603
178,-0.43450,0.32611,-0.21622,-0.47580
179,-0.45334,0.37899,-0.22752,-0.47254
180,-0.46929,0.43161,-0.23815,-0.46640
181,-0.48231,0.48383,-0.24801,-0.45735
182,-0.49230,0.53528,-0.25696,-0.44552
183,-0.49906,0.58604,-0.26485,-0.43089
184,-0.50237,0.63595,-0.27170,-0.41360
185,-0.50221,0.68492,-0.27744,-0.39387
186,-0.49857,0.73282,-0.28204,-0.37186
187,-0.49128,0.77956,-0.28536,-0.34770
188,-0.48042,0.82512,-0.28742,-0.32157
189,-0.46588,0.86938,-0.28829,-0.29366
190,-0.44775,0.91225,-0.28802,-0.26425
191,-0.42601,0.95373,-0.28639,-0.23341
192,-0.40067,0.99362,-0.28357,-0.20158
193,-0.37183,1.03192,-0.27960,-0.16898
194,-0.33962,1.06849,-0.27464,-0.13577
195,-0.30411,1.10336,-0.26854,-0.10220
196,-0.26550,1.13639,-0.26159,-0.06863
197,-0.22378,1.16756,-0.25362,-0.03512
198,-0.17919,1.19685,-0.24494,-0.00209
199,-0.13201,1.22421,-0.23560,0.03039
200,-0.08230,1.24950,-0.22571,0.06208
201,-0.03031,1.27275,-0.21540,0.09280
202,0.02370,1.29386,-0.20458,0.12232
203,0.07949,1.31287,-0.19370,0.15048
204,0.13682,1.32966,-0.18268,0.17721
205,0.19544,1.34430,-0.17157,0.20234
206,0.25502,1.35657,-0.16057,0.22570
207,0.31539,1.36651,-0.14962,0.24729
208,0.37624,1.37418,-0.13909,0.26706
209,0.43728,1.37945,-0.12888,0.28499
210,0.49827,1.38225,-0.11907,0.30085
211,0.55888,1.38269,-0.10968,0.31495
212,0.61892,1.38080,-0.10073,0.32707
213,0.67799,1.37642,-0.09243,0.33727
214,0.73599,1.36958,-0.08466,0.34569
215,0.79263,1.36044,-0.07751,0.35233
216,0.84760,1.34884,-0.07085,0.35730
217,0.90071,1.33490,-0.06491,0.36076
218,0.95173,1.31861,-0.05945,0.36286
219,1.00060,1.30007,-0.05460,0.36362
220,1.04690,1.27931,-0.05014,0.36320
221,1.09063,1.25634,-0.04610,0.36176
222,1.13163,1.23126,-0.04237,0.35944
223,1.16987,1.20425,-0.03896,0.35640
224,1.20504,1.17523,-0.03578,0.35278
225,1.23720,1.14432,-0.03269,0.34886
226,1.26627,1.11164,-0.02966,0.34474
227,1.29220,1.07740,-0.02654,0.34056
228,1.31495,1.04150,-0.02320,0.33648
229,1.33449,1.00415,-0.01968,0.33277
230,1.35085,0.96550,-0.01585,0.32941
231,1.36417,0.92567,-0.01156,0.32670
232,1.37449,0.88474,-0.00687,0.32465
233,1.38164,0.84280,-0.00143,0.32351
234,1.38590,0.79994,0.00454,0.32333
235,1.38728,0.75647,0.01124,0.32419
236,1.38604,0.71248,0.01873,0.32632
237,1.38223,0.66790,0.02697,0.32973
238,1.37597,0.62299,0.03589,0.33451
239,1.36739,0.57785,0.04573,0.34075
240,1.35675,0.53252,0.05635,0.34837
241,1.34404,0.48727,0.06770,0.35748
242,1.32958,0.44220,0.07998,0.36811
243,1.31354,0.39735,0.09305,0.38020
244,1.29600,0.35272,0.10672,0.39382
245,1.27720,0.30856,0.12115,0.40883
246,1.25732,0.26493,0.13609,0.42538
247,1.23655,0.22200,0.15147,0.44327
248,1.21505,0.17977,0.16735,0.46238
249,1.19287,0.13842,0.18348,0.48274
250,1.17032,0.09792,0.19975,0.50411
251,1.14750,0.05835,0.21609,0.52649
252,1.12458,0.01985,0.23243,0.54966
253,1.10172,-0.01750,0.24862,0.57352
254,1.07892,-0.05360,0.26448,0.59800
255,1.05644,-0.08842,0.27992,0.62287
256,1.03430,-0.12190,0.29485,0.64799
257,1.01266,-0.15404,0.30907,0.67316
258,0.99183,-0.18464,0.32255,0.69829
259,0.97145,-0.21381,0.33509,0.72312
260,0.95191,-0.24135,0.34658,0.74751
261,0.93322,-0.26726,0.35693,0.77146
262,0.91532,-0.29158,0.36603,0.79446
263,0.89839,-0.31426,0.37384,0.81660
264,0.88240,-0.33524,0.38025,0.83759
265,0.86732,-0.35449,0.38514,0.85722
266,0.85323,-0.37185,0.38854,0.87541
267,0.84018,-0.38747,0.39034,0.89194
268,0.82819,-0.40142,0.39049,0.90677
269,0.81710,-0.41356,0.38908,0.91964
270,0.80701,-0.42391,0.38608,0.93047
271,0.79794,-0.43251,0.38135,0.93913
272,0.78978,-0.43937,0.37502,0.94546
273,0.78244,-0.44453,0.36700,0.94946
274,0.77605,-0.44798,0.35742,0.95098
275,0.77050,-0.44974,0.34626,0.94994
276,0.76575,-0.44988,0.33364,0.94634
277,0.76168,-0.44841,0.31953,0.93997
278,0.75828,-0.44541,0.30405,0.93092
279,0.75548,-0.44095,0.28719,0.91931
280,0.75333,-0.43501,0.26906,0.90492
281,0.75159,-0.42779,0.24968,0.88786
282,0.75031,-0.41930,0.22927,0.86804
283,0.74936,-0.40959,0.20782,0.84564
284,0.74869,-0.39884,0.18535,0.82070
285,0.74832,-0.38699,0.16206,0.79325
286,0.74818,-0.37423,0.13802,0.76341
287,0.74816,-0.36054,0.11315,0.73126
288,0.74817,-0.34600,0.08761,0.69695
289,0.74803,-0.33078,0.06154,0.66051
290,0.74790,-0.31493,0.03497,0.62226
291,0.74743,-0.29850,0.00799,0.58212
292,0.74675,-0.28159,-0.01932,0.54030
293,0.74568,-0.26426,-0.04705,0.49716
294,0.74424,-0.24649,-0.07487,0.45264
295,0.74228,-0.22845,-0.10287,0.40693
296,0.73972,-0.21019,-0.13099,0.36037
297,0.73666,-0.19172,-0.15912,0.31301
298,0.73293,-0.17309,-0.18726,0.26498
299,0.72834,-0.15438,-0.21531,0.21651
300,0.72290,-0.13562,-0.24325,0.16787
301,0.71662,-0.11682,-0.27092,0.11918
302,0.70933,-0.09818,-0.29841,0.07064
303,0.70112,-0.07952,-0.32544,0.02234
304,0.69185,-0.06102,-0.35217,-0.02560
305,0.68144,-0.04263,-0.37841,-0.07289
306,0.66988,-0.02435,-0.40422,-0.11945
307,0.65711,-0.00630,-0.42944,-0.16522
308,0.64310,0.01149,-0.45409,-0.21002
309,0.62790,0.02901,-0.47787,-0.25381
310,0.61148,0.04628,-0.50081,-0.29632
311,0.59377,0.06326,-0.52288,-0.33757
312,0.57466,0.07995,-0.54404,-0.37750
313,0.55434,0.09629,-0.56416,-0.41602
314,0.53262,0.11217,-0.58323,-0.45317
315,0.50952,0.12771,-0.60099,-0.48877
316,0.48514,0.14279,-0.61749,-0.52279
317,0.45940,0.15737,-0.63264,-0.55525
318,0.43234,0.17136,-0.64634,-0.58627
319,0.40394,0.18475,-0.65847,-0.61576
320,0.37432,0.19756,-0.66907,-0.64367
321,0.34341,0.20973,-0.67790,-0.67021
322,0.31128,0.22113,-0.68503,-0.69535
323,0.27786,0.23174,-0.69034,-0.71909
324,0.24321,0.24157,-0.69387,-0.74149
325,0.20756,0.25045,-0.69546,-0.76267
326,0.17083,0.25840,-0.69506,-0.78268
327,0.13309,0.26532,-0.69268,-0.80147
328,0.09434,0.27121,-0.68830,-0.81926
329,0.05475,0.27601,-0.68190,-0.83607
330,0.01421,0.27964,-0.67349,-0.85206
331,-0.02712,0.28215,-0.66313,-0.86717
332,-0.06913,0.28331,-0.65077,-0.88148
333,-0.11183,0.28324,-0.63643,-0.89504
334,-0.15506,0.28196,-0.62020,-0.90807
335,-0.19883,0.27942,-0.60215,-0.92056
336,-0.24302,0.27554,-0.58216,-0.93240
337,-0.28746,0.27027,-0.56057,-0.94388
338,-0.33218,0.26377,-0.53727,-0.95492
339,-0.37705,0.25589,-0.51240,-0.96569
340,-0.42200,0.24669,-0.48605,-0.97616
341,-0.46688,0.23625,-0.45833,-0.98626
342,-0.51167,0.22461,-0.42947,-0.99621
343,-0.55622,0.21170,-0.39944,-1.00598
344,-0.60047,0.19777,-0.36829,-1.01553
345,-0.64430,0.18273,-0.33623,-1.02489
346,-0.68756,0.16669,-0.30348,-1.03410
347,-0.73031,0.14982,-0.26992,-1.04312
348,-0.77223,0.13206,-0.23583,-1.05198
349,-0.81342,0.11359,-0.20121,-1.06078
350,-0.85370,0.09440,-0.16618,-1.06930
351,-0.89292,0.07473,-0.13087,-1.07764
352,-0.93105,0.05463,-0.09544,-1.08574
353,-0.96803,0.03420,-0.05988,-1.09359
354,-1.00364,0.01357,-0.02434,-1.10137
355,-1.03795,-0.00718,0.01109,-1.10883
356,-1.07066,-0.02794,0.04632,-1.11608
357,-1.10177,-0.04846,0.08127,-1.12298
358,-1.13123,-0.06881,0.11584,-1.12964
359,-1.15894,-0.08887,0.15004,-1.13602
360,-1.18488,-0.10842,0.18384,-1.14199
361,-1.20888,-0.12744,0.21721,-1.14758
362,-1.23092,-0.14583,0.25005,-1.15281
363,-1.25097,-0.16359,0.28235,-1.15760
364,-1.26885,-0.18063,0.31405,-1.16201
365,-1.28455,-0.19674,0.34514,-1.16597
366,-1.29800,-0.21193,0.37547,-1.16961
367,-1.30920,-0.22619,0.40513,-1.17266
368,-1.31808,-0.23944,0.43408,-1.17533
369,-1.32465,-0.25162,0.46237,-1.17749
370,-1.32885,-0.26268,0.48984,-1.17912
371,-1.33060,-0.27261,0.51650,-1.18021
372,-1.33013,-0.28147,0.54224,-1.18075
373,-1.32715,-0.28909,0.56711,-1.18079
374,-1.32175,-0.29568,0.59105,-1.18034
375,-1.31404,-0.30091,0.61411,-1.17935
376,-1.30399,-0.30515,0.63607,-1.17791
377,-1.29158,-0.30813,0.65703,-1.17585
378,-1.27700,-0.30998,0.67694,-1.17330
379,-1.26017,-0.31079,0.69576,-1.17026
380,-1.24109,-0.31043,0.71331,-1.16660
381,-1.21991,-0.30890,0.72969,-1.16245
382,-1.19671,-0.30640,0.74462,-1.15775
383,-1.17160,-0.30281,0.75829,-1.15258
384,-1.14473,-0.29813,0.77052,-1.14691
385,-1.11604,-0.29246,0.78130,-1.14059
386,-1.08571,-0.28582,0.79060,-1.13388
387,-1.05377,-0.27820,0.79838,-1.12666
388,-1.02037,-0.26955,0.80459,-1.11899
389,-0.98576,-0.25996,0.80921,-1.11078
390,-0.94996,-0.24949,0.81218,-1.10215
391,-0.91316,-0.23810,0.81348,-1.09296
392,-0.87540,-0.22576,0.81319,-1.08327
393,-0.83678,-0.21259,0.81111,-1.07316
394,-0.79766,-0.19856,0.80738,-1.06245
395,-0.75791,-0.18362,0.80201,-1.05125
396,-0.71791,-0.16792,0.79495,-1.03957
397,-0.67772,-0.15139,0.78631,-1.02736
398,-0.63754,-0.13411,0.77610,-1.01467
399,-0.59745,-0.11615,0.76435,-1.00135
400,-0.55756,-0.09745,0.75113,-0.98749
401,-0.51810,-0.07808,0.73655,-0.97309
402,-0.47905,-0.05802,0.72050,-0.95804
403,-0.44069,-0.03732,0.70328,-0.94236
404,-0.40300,-0.01611,0.68482,-0.92605
405,-0.36617,0.00562,0.66533,-0.90897
406,-0.33041,0.02786,0.64481,-0.89107
407,-0.29571,0.05038,0.62341,-0.87238
408,-0.26215,0.07326,0.60111,-0.85294
409,-0.22982,0.09635,0.57820,-0.83256
410,-0.19888,0.11964,0.55469,-0.81129
411,-0.16942,0.14310,0.53070,-0.78908
412,-0.14141,0.16662,0.50627,-0.76585
413,-0.11502,0.19010,0.48156,-0.74153
414,-0.09021,0.21345,0.45658,-0.71605
415,-0.06697,0.23661,0.43146,-0.68951
416,-0.04535,0.25955,0.40621,-0.66172
417,-0.02537,0.28209,0.38095,-0.63267
418,-0.00709,0.30428,0.35561,-0.60245
419,0.00951,0.32596,0.33050,-0.57085
420,0.02442,0.34712,0.30547,-0.53794
421,0.03778,0.36768,0.28064,-0.50369
422,0.04956,0.38732,0.25600,-0.46821
423,0.05983,0.40637,0.23149,-0.43121
424,0.06859,0.42452,0.20718,-0.39288
425,0.07592,0.44190,0.18307,-0.35314
426,0.08192,0.45823,0.15920,-0.31203
427,0.08666,0.47370,0.13546,-0.26962
428,0.09019,0.48816,0.11194,-0.22596
429,0.09266,0.50151,0.08856,-0.18120
430,0.09411,0.51389,0.06527,-0.13519
431,0.09478,0.52520,0.04203,-0.08815
432,0.09470,0.53555,0.01890,-0.04013
433,0.09376,0.54473,-0.00434,0.00875
434,0.09248,0.55297,-0.02759,0.05843
435,0.09061,0.56020,-0.05091,0.10874
436,0.08854,0.56643,-0.07439,0.15942
437,0.08627,0.57165,-0.09804,0.21055
438,0.08392,0.57605,-0.12199,0.26192
439,0.08157,0.57950,-0.14611,0.31329
440,0.07951,0.58211,-0.17052,0.36462
441,0.07772,0.58388,-0.19528,0.41559
442,0.07626,0.58501,-0.22037,0.46606
443,0.07524,0.58552,-0.24581,0.51589
444,0.07482,0.58538,-0.27162,0.56486
445,0.07512,0.58471,-0.29777,0.61278
446,0.07609,0.58365,-0.32423,0.65948
447,0.07789,0.58220,-0.35111,0.70479
448,0.08056,0.58036,-0.37832,0.74844
449,0.08412,0.57830,-0.40587,0.79036
450,0.08870,0.57604,-0.43371,0.83031
451,0.09428,0.57370,-0.46187,0.86803
452,0.10086,0.57139,-0.49036,0.90347
453,0.10847,0.56906,-0.51896,0.93648
454,0.11712,0.56690,-0.54776,0.96682
455,0.12674,0.56490,-0.57661,0.99451
456,0.13739,0.56322,-0.60545,1.01931
457,0.14892,0.56185,-0.63435,1.04120
458,0.16125,0.56094,-0.66320,1.05992
459,0.17438,0.56045,-0.69194,1.07552
460,0.18826,0.56051,-0.72057,1.08782
461,0.20272,0.56121,-0.74900,1.09684
462,0.21770,0.56254,-0.77708,1.10243
463,0.23309,0.56447,-0.80483,1.10470
464,0.24897,0.56712,-0.83215,1.10351
465,0.26488,0.57066,-0.85898,1.09892
466,0.28099,0.57499,-0.88546,1.09100
467,0.29698,0.58020,-0.91135,1.07966
468,0.31277,0.58620,-0.93669,1.06489
469,0.32821,0.59317,-0.96145,1.04690
470,0.34325,0.60104,-0.98557,1.02566
471,0.35759,0.60987,-1.00899,1.00124
472,0.37113,0.61974,-1.03171,0.97373
473,0.38379,0.63052,-1.05365,0.94324
474,0.39547,0.64229,-1.07490,0.90982
475,0.40596,0.65492,-1.09534,0.87361
476,0.41517,0.66852,-1.11505,0.83472
477,0.42294,0.68314,-1.13383,0.79319
478,0.42914,0.69864,-1.15197,0.74922
479,0.43365,0.71509,-1.16925,0.70290
480,0.43645,0.73229,-1.18580,0.65438
481,0.43734,0.75033,-1.20143,0.60384
482,0.43643,0.76920,-1.21632,0.55136
483,0.43344,0.78872,-1.23035,0.49708
484,0.42839,0.80898,-1.24367,0.44123
485,0.42117,0.82981,-1.25626,0.38385
486,0.41180,0.85110,-1.26797,0.32518
487,0.40026,0.87285,-1.27894,0.26536
488,0.38654,0.89489,-1.28907,0.20451
489,0.37066,0.91715,-1.29850,0.14279
490,0.35252,0.93960,-1.30727,0.08026
491,0.33225,0.96214,-1.31527,0.01719
492,0.30989,0.98465,-1.32246,-0.04626
493,0.28537,1.00700,-1.32900,-0.10995
494,0.25877,1.02904,-1.33491,-0.17364
495,0.23014,1.05069,-1.34005,-0.23737
496,0.19963,1.07177,-1.34447,-0.30074
497,0.16723,1.09239,-1.34825,-0.36373
498,0.13312,1.11218,-1.35130,-0.42621
499,0.09730,1.13105,-1.35360,-0.48804
500,0.05985,1.14903,-1.35535,-0.54902
501,0.02095,1.16589,-1.35631,-0.60896
502,-0.01934,1.18166,-1.35669,-0.66779
503,-0.06080,1.19599,-1.35641,-0.72537
504,-0.10347,1.20897,-1.35541,-0.78155
505,-0.14707,1.22042,-1.35375,-0.83606
506,-0.19159,1.23035,-1.35136,-0.88890
507,-0.23686,1.23863,-1.34837,-0.94012
508,-0.28268,1.24532,-1.34472,-0.98933
509,-0.32896,1.25021,-1.34036,-1.03654
510,-0.37560,1.25331,-1.33539,-1.08151
511,-0.42242,1.25463,-1.32980,-1.12424
512,-0.46931,1.25421,-1.32357,-1.16466
513,-0.51613,1.25196,-1.31678,-1.20265
514,-0.56271,1.24800,-1.30932,-1.23805
515,-0.60890,1.24231,-1.30129,-1.27101
516,-0.65459,1.23504,-1.29267,-1.30127
517,-0.69963,1.22611,-1.28343,-1.32884
518,-0.74386,1.21572,-1.27360,-1.35367
519,-0.78711,1.20375,-1.26329,-1.37575
520,-0.82928,1.19051,-1.25243,-1.39508
521,-0.87022,1.17614,-1.24103,-1.41158
522,-0.90972,1.16062,-1.22927,-1.42537
523,-0.94774,1.14417,-1.21695,-1.43638
524,-0.98399,1.12689,-1.20425,-1.44448
525,-1.01853,1.10902,-1.19121,-1.44996
526,-1.05113,1.09066,-1.17782,-1.45268
527,-1.08162,1.07182,-1.16396,-1.45291
528,-1.10990,1.05291,-1.14989,-1.45042
529,-1.13583,1.03392,-1.13559,-1.44541
530,-1.15930,1.01499,-1.12102,-1.43789
531,-1.18022,0.99640,-1.10631,-1.42803
532,-1.19845,0.97814,-1.09143,-1.41592
533,-1.21397,0.96042,-1.07652,-1.40152
534,-1.22658,0.94339,-1.06157,-1.38501
535,-1.23612,0.92706,-1.04663,-1.36659
536,-1.24268,0.91166,-1.03171,-1.34622
537,-1.24607,0.89718,-1.01698,-1.32408
538,-1.24618,0.88379,-1.00252,-1.30038
539,-1.24312,0.87153,-0.98822,-1.27511
540,-1.23683,0.86034,-0.97423,-1.24842
541,-1.22715,0.85036,-0.96056,-1.22045
542,-1.21414,0.84156,-0.94743,-1.19140
543,-1.19773,0.83405,-0.93479,-1.16134
544,-1.17797,0.82766,-0.92273,-1.13056
545,-1.15489,0.82242,-0.91130,-1.09906
546,-1.12859,0.81835,-0.90058,-1.06704
547,-1.09902,0.81534,-0.89049,-1.03464
548,-1.06640,0.81330,-0.88122,-1.00192
549,-1.03071,0.81231,-0.87282,-0.96915
550,-0.99207,0.81199,-0.86539,-0.93646
551,-0.95059,0.81259,-0.85890,-0.90391
552,-0.90645,0.81382,-0.85345,-0.87167
553,-0.85974,0.81555,-0.84901,-0.83983
554,-0.81069,0.81786,-0.84573,-0.80858
555,-0.75947,0.82044,-0.84346,-0.77809
556,-0.70623,0.82318,-0.84228,-0.74836
557,-0.65112,0.82622,-0.84214,-0.71954
558,-0.59444,0.82914,-0.84304,-0.69182
559,-0.53620,0.83190,-0.84510,-0.66519
560,-0.47682,0.83447,-0.84817,-0.63982
561,-0.41637,0.83672,-0.85225,-0.61585
562,-0.35519,0.83856,-0.85734,-0.59326
563,-0.29339,0.83982,-0.86337,-0.57211
564,-0.23121,0.84053,-0.87025,-0.55248
565,-0.16887,0.84059,-0.87789,-0.53447
566,-0.10655,0.83986,-0.88629,-0.51813
567,-0.04453,0.83837,-0.89533,-0.50349
568,0.01696,0.83597,-0.90479,-0.49059
569,0.07792,0.83277,-0.91464,-0.47952
570,0.13798,0.82849,-0.92488,-0.47012
571,0.19703,0.82336,-0.93526,-0.46246
572,0.25507,0.81724,-0.94571,-0.45655
573,0.31182,0.81019,-0.95610,-0.45246
574,0.36725,0.80233,-0.96628,-0.45006
575,0.42113,0.79342,-0.97611,-0.44933
576,0.47349,0.78367,-0.98553,-0.45027
577,0.52408,0.77308,-0.99431,-0.45280
578,0.57294,0.76172,-1.00239,-0.45677
579,0.61996,0.74960,-1.00954,-0.46228
580,0.66514,0.73680,-1.01570,-0.46911
581,0.70847,0.72331,-1.02078,-0.47733
582,0.74990,0.70936,-1.02459,-0.48674
583,0.78943,0.69497,-1.02709,-0.49726
584,0.82706,0.68018,-1.02820,-0.50872
585,0.86284,0.66505,-1.02769,-0.52104
586,0.89670,0.64967,-1.02564,-0.53420
587,0.92875,0.63415,-1.02182,-0.54801
588,0.95904,0.61855,-1.01619,-0.56233
589,0.98745,0.60295,-1.00872,-0.57709
590,1.01403,0.58747,-0.99931,-0.59201
591,1.03900,0.57204,-0.98789,-0.60717
592,1.06226,0.55685,-0.97447,-0.62219
593,1.08398,0.54192,-0.95896,-0.63698
594,1.10412,0.52742,-0.94137,-0.65157
595,1.12268,0.51324,-0.92174,-0.66565
596,1.13971,0.49949,-0.89999,-0.67906
597,1.15522,0.48626,-0.87612,-0.69168
598,1.16923,0.47337,-0.85021,-0.70337
599,1.18182,0.46106,-0.82226,-0.71400
600,1.19294,0.44916,-0.79220,-0.72343
601,1.20266,0.43779,-0.76014,-0.73154
602,1.21092,0.42683,-0.72611,-0.73812
603,1.21774,0.41628,-0.69019,-0.74316
604,1.22305,0.40619,-0.65244,-0.74632
605,1.22689,0.39641,-0.61276,-0.74772
606,1.22922,0.38698,-0.57133,-0.74713
607,1.22997,0.37771,-0.52825,-0.74450
608,1.22925,0.36866,-0.48343,-0.73973
609,1.22681,0.35966,-0.43715,-0.73269
610,1.22288,0.35053,-0.38939,-0.72338
611,1.21723,0.34133,-0.34013,-0.71167
612,1.20996,0.33208,-0.28953,-0.69759
613,1.20102,0.32241,-0.23763,-0.68120
614,1.19034,0.31240,-0.18469,-0.66238
615,1.17777,0.30187,-0.13066,-0.64114
616,1.16347,0.29080,-0.07555,-0.61760
617,1.14743,0.27899,-0.01967,-0.59162
618,1.12961,0.26637,0.03696,-0.56341
619,1.10996,0.25290,0.09426,-0.53293
620,1.08838,0.23843,0.15202,-0.50033
621,1.06510,0.22285,0.21019,-0.46558
622,1.04002,0.20614,0.26877,-0.42894
623,1.01322,0.18828,0.32752,-0.39044
624,0.98473,0.16912,0.38633,-0.35030
625,0.95458,0.14866,0.44504,-0.30863
626,0.92277,0.12686,0.50352,-0.26550
627,0.88943,0.10356,0.56173,-0.22103
628,0.85470,0.07895,0.61939,-0.17561
629,0.81853,0.05295,0.67644,-0.12923
630,0.78120,0.02548,0.73260,-0.08219
631,0.74271,-0.00338,0.78784,-0.03456
632,0.70321,-0.03361,0.84200,0.01342
633,0.66294,-0.06520,0.89502,0.06166
634,0.62183,-0.09804,0.94668,0.10983
635,0.58011,-0.13201,0.99691,0.15797
636,0.53798,-0.16717,1.04551,0.20581
637,0.49545,-0.20342,1.09235,0.25317
638,0.45286,-0.24051,1.13730,0.29988
639,0.41030,-0.27845,1.18031,0.34589
640,0.36801,-0.31712,1.22108,0.39094
641,0.32602,-0.35640,1.25981,0.43498
642,0.28457,-0.39610,1.29616,0.47792
643,0.24388,-0.43609,1.33013,0.51959
644,0.20404,-0.47627,1.36163,0.55986
645,0.16521,-0.51646,1.39069,0.59876
646,0.12751,-0.55652,1.41713,0.63619
647,0.09125,-0.59642,1.44085,0.67213
648,0.05638,-0.63582,1.46197,0.70655
649,0.02310,-0.67465,1.48038,0.73934
650,-0.00843,-0.71260,1.49603,0.77059
651,-0.03822,-0.74975,1.50896,0.80025
652,-0.06605,-0.78590,1.51928,0.82842
653,-0.09190,-0.82091,1.52694,0.85504
654,-0.11562,-0.85465,1.53198,0.88028
655,-0.13727,-0.88685,1.53450,0.90403
656,-0.15661,-0.91756,1.53443,0.92628
657,-0.17392,-0.94661,1.53192,0.94721
658,-0.18895,-0.97382,1.52710,0.96690
659,-0.20188,-0.99931,1.51998,0.98526
660,-0.21267,-1.02285,1.51071,1.00261
661,-0.22123,-1.04435,1.49929,1.01879
662,-0.22768,-1.06379,1.48596,1.03390
663,-0.23218,-1.08119,1.47066,1.04812
664,-0.23473,-1.09641,1.45367,1.06151
665,-0.23547,-1.10960,1.43507,1.07405
666,-0.23436,-1.12066,1.41499,1.08583
667,-0.23167,-1.12975,1.39336,1.09699
668,-0.22742,-1.13666,1.37057,1.10743
669,-0.22173,-1.14162,1.34666,1.11734
670,-0.21480,-1.14467,1.32162,1.12676
671,-0.20673,-1.14574,1.29568,1.13559
672,-0.19773,-1.14508,1.26894,1.14406
673,-0.18784,-1.14267,1.24140,1.15214
674,-0.17723,-1.13864,1.21326,1.15985
675,-0.16602,-1.13324,1.18465,1.16721
676,-0.15452,-1.12644,1.15550,1.17422
677,-0.14267,-1.11839,1.12611,1.18089
678,-0.13073,-1.10920,1.09634,1.18729
679,-0.11879,-1.09912,1.06623,1.19339
680,-0.10691,-1.08813,1.03596,1.19907
681,-0.09534,-1.07649,1.00551,1.20442
682,-0.08410,-1.06427,0.97495,1.20951
683,-0.07331,-1.05176,0.94433,1.21420
684,-0.06315,-1.03898,0.91363,1.21855
685,-0.05364,-1.02607,0.88291,1.22253
686,-0.04480,-1.01308,0.85204,1.22608
687,-0.03686,-1.00017,0.82111,1.22931
688,-0.02970,-0.98743,0.79010,1.23211
689,-0.02335,-0.97506,0.75898,1.23433
690,-0.01798,-0.96294,0.72773,1.23624
691,-0.01366,-0.95129,0.69639,1.23753
692,-0.01016,-0.94006,0.66488,1.23840
693,-0.00769,-0.92941,0.63316,1.23866
694,-0.00621,-0.91926,0.60109,1.23849
695,-0.00559,-0.90974,0.56874,1.23779
696,-0.00594,-0.90079,0.53614,1.23658
697,-0.00717,-0.89231,0.50316,1.23491
698,-0.00918,-0.88436,0.46976,1.23268
699,-0.01202,-0.87678,0.43588,1.23002
700,-0.01548,-0.86955,0.40157,1.22698
701,-0.01961,-0.86270,0.36668,1.22344
702,-0.02433,-0.85599,0.33129,1.21961
703,-0.02960,-0.84951,0.29541,1.21523
704,-0.03534,-0.84305,0.25901,1.21071
705,-0.04140,-0.83653,0.22200,1.20589
706,-0.04776,-0.82983,0.18443,1.20091
707,-0.05429,-0.82273,0.14620,1.19571
708,-0.06082,-0.81524,0.10745,1.19037
709,-0.06742,-0.80717,0.06815,1.18510
710,-0.07405,-0.79834,0.02830,1.17984
711,-0.08054,-0.78876,-0.01206,1.17470
712,-0.08676,-0.77820,-0.05285,1.16976
713,-0.09264,-0.76664,-0.09392,1.16509
714,-0.09821,-0.75394,-0.13540,1.16074
715,-0.10326,-0.74000,-0.17711,1.15677
716,-0.10785,-0.72471,-0.21904,1.15328
717,-0.11190,-0.70797,-0.26087,1.15040
718,-0.11539,-0.68976,-0.30269,1.14812
719,-0.11822,-0.67009,-0.34440,1.14668
720,-0.12027,-0.64881,-0.38580,1.14582
721,-0.12154,-0.62598,-0.42678,1.14573
722,-0.12194,-0.60154,-0.46735,1.14650
723,-0.12149,-0.57555,-0.50715,1.14813
724,-0.12013,-0.54806,-0.54619,1.15068
725,-0.11784,-0.51894,-0.58425,1.15418
726,-0.11462,-0.48841,-0.62116,1.15857
727,-0.11049,-0.45658,-0.65692,1.16379
728,-0.10535,-0.42336,-0.69127,1.16987
729,-0.09930,-0.38903,-0.72405,1.17678
730,-0.09215,-0.35353,-0.75522,1.18459
731,-0.08403,-0.31706,-0.78471,1.19314
732,-0.07492,-0.27979,-0.81228,1.20250
733,-0.06472,-0.24172,-0.83778,1.21251
734,-0.05358,-0.20317,-0.86111,1.22308
735,-0.04145,-0.16409,-0.88220,1.23412
736,-0.02849,-0.12483,-0.90092,1.24569
737,-0.01448,-0.08548,-0.91727,1.25752
738,0.00041,-0.04614,-0.93092,1.26952
739,0.01635,-0.00720,-0.94209,1.28166
740,0.03319,0.03135,-0.95063,1.29381
741,0.05091,0.06923,-0.95639,1.30580
742,0.06953,0.10635,-0.95949,1.31758
743,0.08899,0.14262,-0.95991,1.32905
744,0.10928,0.17776,-0.95753,1.34002
745,0.13041,0.21175,-0.95246,1.35037
746,0.15237,0.24434,-0.94471,1.36009
747,0.17498,0.27542,-0.93436,1.36897
748,0.19830,0.30485,-0.92141,1.37702
749,0.22220,0.33254,-0.90592,1.38413
750,0.24678,0.35837,-0.88810,1.39005
751,0.27197,0.38220,-0.86785,1.39486
752,0.29779,0.40395,-0.84531,1.39844
753,0.32415,0.42365,-0.82063,1.40073
754,0.35099,0.44120,-0.79392,1.40172
755,0.37824,0.45648,-0.76531,1.40131
756,0.40593,0.46957,-0.73493,1.39952
757,0.43398,0.48035,-0.70282,1.39636
758,0.46228,0.48882,-0.66919,1.39174
759,0.49084,0.49505,-0.63417,1.38565
760,0.51967,0.49897,-0.59798,1.37818
761,0.54868,0.50054,-0.56062,1.36942
762,0.57766,0.49993,-0.52235,1.35931
763,0.60674,0.49718,-0.48327,1.34781
764,0.63592,0.49233,-0.44353,1.33511
765,0.66498,0.48547,-0.40331,1.32122
766,0.69385,0.47665,-0.36261,1.30624
767,0.72262,0.46591,-0.32167,1.29008
768,0.75112,0.45335,-0.28056,1.27300
769,0.77941,0.43908,-0.23953,1.25501
770,0.80735,0.42323,-0.19854,1.23619
771,0.83497,0.40592,-0.15777,1.21653
772,0.86229,0.38727,-0.11729,1.19622
773,0.88918,0.36741,-0.07709,1.17525
774,0.91562,0.34651,-0.03730,1.15377
775,0.94164,0.32463,0.00194,1.13193
776,0.96714,0.30196,0.04049,1.10973
777,0.99217,0.27852,0.07843,1.08719
778,1.01671,0.25460,0.11566,1.06457
779,1.04085,0.23024,0.15214,1.04180
780,1.06440,0.20565,0.18777,1.01892
781,1.08734,0.18098,0.22261,0.99604
782,1.10986,0.15633,0.25660,0.97327
783,1.13184,0.13173,0.28969,0.95064
784,1.15338,0.10747,0.32192,0.92810
785,1.17436,0.08360,0.35325,0.90590
786,1.19486,0.06025,0.38364,0.88395
787,1.21488,0.03748,0.41303,0.86229
788,1.23440,0.01551,0.44149,0.84100
789,1.25349,-0.00564,0.46912,0.82018
790,1.27224,-0.02582,0.49573,0.79973
791,1.29045,-0.04506,0.52139,0.77974
792,1.30821,-0.06322,0.54618,0.76019
793,1.32562,-0.08019,0.57008,0.74111
794,1.34263,-0.09599,0.59303,0.72248
795,1.35923,-0.11052,0.61508,0.70438
796,1.37534,-0.12381,0.63617,0.68671
797,1.39105,-0.13583,0.65633,0.66959
798,1.40629,-0.14652,0.67561,0.65304
799,1.42106,-0.15589,0.69392,0.63699
800,1.43531,-0.16399,0.71137,0.62154
801,1.44906,-0.17080,0.72789,0.60653
802,1.46230,-0.17630,0.74339,0.59193
803,1.47487,-0.18064,0.75801,0.57793
804,1.48675,-0.18383,0.77166,0.56434
805,1.49796,-0.18582,0.78431,0.55128
806,1.50838,-0.18677,0.79602,0.53870
807,1.51805,-0.18683,0.80666,0.52656
808,1.52678,-0.18590,0.81631,0.51491
809,1.53464,-0.18419,0.82484,0.50374
810,1.54152,-0.18178,0.83232,0.49295
811,1.54731,-0.17875,0.83868,0.48262
812,1.55211,-0.17511,0.84397,0.47273
813,1.55564,-0.17101,0.84823,0.46324
814,1.55791,-0.16654,0.85129,0.45415
815,1.55893,-0.16188,0.85335,0.44547
816,1.55862,-0.15702,0.85433,0.43713
817,1.55700,-0.15207,0.85420,0.42915
818,1.55383,-0.14715,0.85303,0.42159
819,1.54922,-0.14233,0.85091,0.41450
820,1.54309,-0.13772,0.84765,0.40761
821,1.53553,-0.13333,0.84342,0.40096
822,1.52632,-0.12913,0.83831,0.39466
823,1.51563,-0.12536,0.83225,0.38854
824,1.50326,-0.12191,0.82539,0.38286
825,1.48939,-0.11897,0.81785,0.37723
826,1.47393,-0.11647,0.80957,0.37185
827,1.45689,-0.11447,0.80055,0.36658
828,1.43832,-0.11297,0.79110,0.36146
829,1.41817,-0.11198,0.78113,0.35632
830,1.39648,-0.11152,0.77091,0.35127
831,1.37324,-0.11150,0.76040,0.34638
832,1.34860,-0.11198,0.74978,0.34145
833,1.32251,-0.11287,0.73905,0.33633
834,1.29509,-0.11397,0.72845,0.33116
835,1.26630,-0.11544,0.71799,0.32573
836,1.23618,-0.11708,0.70787,0.32011
837,1.20484,-0.11897,0.69816,0.31424
838,1.17218,-0.12090,0.68902,0.30805
839,1.13840,-0.12285,0.68054,0.30144
840,1.10358,-0.12462,0.67275,0.29448
841,1.06758,-0.12629,0.66577,0.28696
842,1.03055,-0.12759,0.65971,0.27882
843,0.99253,-0.12853,0.65464,0.27015
844,0.95351,-0.12894,0.65058,0.26082
845,0.91370,-0.12882,0.64766,0.25087
846,0.87300,-0.12804,0.64587,0.24019
847,0.83152,-0.12646,0.64533,0.22864
848,0.78924,-0.12398,0.64602,0.21628
849,0.74619,-0.12057,0.64792,0.20299
850,0.70245,-0.11601,0.65112,0.18896
851,0.65801,-0.11042,0.65556,0.17405
852,0.61299,-0.10362,0.66116,0.15823
853,0.56745,-0.09554,0.66792,0.14155
854,0.52136,-0.08605,0.67590,0.12399
855,0.47474,-0.07522,0.68491,0.10559
856,0.42781,-0.06306,0.69488,0.08641
857,0.38046,-0.04946,0.70582,0.06642
858,0.33272,-0.03441,0.71747,0.04566
859,0.28473,-0.01793,0.72979,0.02413
860,0.23662,-0.00004,0.74271,0.00187
861,0.18827,0.01921,0.75607,-0.02087
862,0.13998,0.03982,0.76981,-0.04414
863,0.09162,0.06171,0.78374,-0.06789
864,0.04335,0.08488,0.79767,-0.09179
865,-0.00471,0.10914,0.81155,-0.11599
866,-0.05238,0.13451,0.82518,-0.14029
867,-0.09984,0.16086,0.83846,-0.16470
868,-0.14686,0.18804,0.85118,-0.18899
869,-0.19322,0.21605,0.86333,-0.21306
870,-0.23897,0.24470,0.87469,-0.23686
871,-0.28395,0.27382,0.88513,-0.26033
872,-0.32804,0.30327,0.89467,-0.28331
873,-0.37119,0.33295,0.90314,-0.30568
874,-0.41320,0.36260,0.91047,-0.32730
875,-0.45400,0.39212,0.91662,-0.34817
876,-0.49345,0.42146,0.92150,-0.36807
877,-0.53146,0.45042,0.92498,-0.38703
878,-0.56779,0.47884,0.92717,-0.40489
879,-0.60242,0.50657,0.92798,-0.42170
880,-0.63522,0.53355,0.92743,-0.43739
881,-0.66617,0.55947,0.92560,-0.45178
882,-0.69511,0.58426,0.92260,-0.46490
883,-0.72195,0.60786,0.91830,-0.47674
884,-0.74654,0.63003,0.91287,-0.48739
885,-0.76878,0.65079,0.90643,-0.49674
886,-0.78852,0.67003,0.89904,-0.50474
887,-0.80595,0.68767,0.89089,-0.51152
888,-0.82083,0.70363,0.88199,-0.51696
889,-0.83306,0.71784,0.87263,-0.52123
890,-0.84272,0.73021,0.86284,-0.52443
891,-0.84964,0.74087,0.85287,-0.52652
892,-0.85385,0.74961,0.84277,-0.52758
893,-0.85527,0.75655,0.83272,-0.52772
894,-0.85391,0.76180,0.82296,-0.52697
895,-0.84995,0.76526,0.81356,-0.52534
896,-0.84326,0.76704,0.80477,-0.52305
897,-0.83395,0.76711,0.79676,-0.52017
898,-0.82193,0.76554,0.78956,-0.51677
899,-0.80740,0.76261,0.78351,-0.51295
900,-0.79034,0.75818,0.77857,-0.50881
901,-0.77083,0.75243,0.77488,-0.50441
902,-0.74890,0.74558,0.77254,-0.49979
903,-0.72469,0.73765,0.77164,-0.49508
904,-0.69838,0.72875,0.77232,-0.49024
905,-0.67010,0.71890,0.77460,-0.48561
906,-0.63991,0.70839,0.77866,-0.48105
907,-0.60793,0.69731,0.78429,-0.47660
908,-0.57440,0.68574,0.79152,-0.47227
909,-0.53941,0.67401,0.80041,-0.46809
910,-0.50308,0.66194,0.81097,-0.46413
911,-0.46553,0.64987,0.82304,-0.46037
912,-0.42707,0.63779,0.83657,-0.45679
913,-0.38778,0.62591,0.85146,-0.45342
914,-0.34793,0.61447,0.86772,-0.45013
915,-0.30761,0.60334,0.88512,-0.44686
916,-0.26707,0.59284,0.90346,-0.44363
917,-0.22642,0.58288,0.92275,-0.44030
918,-0.18586,0.57357,0.94280,-0.43688
919,-0.14571,0.56504,0.96335,-0.43323
920,-0.10599,0.55732,0.98425,-0.42919
921,-0.06704,0.55054,1.00547,-0.42482
922,-0.02900,0.54459,1.02676,-0.41992
923,0.00807,0.53964,1.04793,-0.41439
924,0.04397,0.53558,1.06874,-0.40829
925,0.07844,0.53267,1.08922,-0.40128
926,0.11128,0.53064,1.10898,-0.39337
927,0.14237,0.52971,1.12792,-0.38443
928,0.17168,0.52976,1.14593,-0.37438
929,0.19896,0.53075,1.16287,-0.36316
930,0.22403,0.53271,1.17865,-0.35070
931,0.24678,0.53560,1.19312,-0.33695
932,0.26719,0.53947,1.20611,-0.32179
933,0.28512,0.54413,1.21769,-0.30512
934,0.30052,0.54965,1.22768,-0.28701
935,0.31317,0.55587,1.23599,-0.26742
936,0.32304,0.56272,1.24264,-0.24635
937,0.33026,0.57030,1.24756,-0.22386
938,0.33457,0.57835,1.25068,-0.19982
939,0.33602,0.58690,1.25218,-0.17436
940,0.33468,0.59584,1.25195,-0.14751
941,0.33046,0.60517,1.24996,-0.11936
942,0.32346,0.61471,1.24633,-0.08989
943,0.31360,0.62449,1.24110,-0.05937
944,0.30099,0.63434,1.23444,-0.02768
945,0.28578,0.64428,1.22624,0.00477
946,0.26794,0.65411,1.21661,0.03815
947,0.24754,0.66385,1.20572,0.07226
948,0.22489,0.67339,1.19353,0.10691
949,0.20008,0.68252,1.18022,0.14195
950,0.17305,0.69132,1.16588,0.17722
951,0.14422,0.69963,1.15077,0.21265
952,0.11365,0.70753,1.13490,0.24815
953,0.08161,0.71465,1.11828,0.28346
954,0.04817,0.72112,1.10119,0.31850
955,0.01371,0.72681,1.08363,0.35318
956,-0.02153,0.73170,1.06567,0.38735
957,-0.05745,0.73567,1.04751,0.42077
958,-0.09372,0.73871,1.02926,0.45345
959,-0.13003,0.74068,1.01107,0.48532
960,-0.16624,0.74164,0.99295,0.51611
961,-0.20198,0.74142,0.97500,0.54595
962,-0.23703,0.73996,0.95730,0.57472
963,-0.27106,0.73728,0.93997,0.60232
964,-0.30387,0.73322,0.92302,0.62873
965,-0.33517,0.72784,0.90670,0.65382
966,-0.36464,0.72111,0.89097,0.67775
967,-0.39212,0.71309,0.87584,0.70029
968,-0.41739,0.70358,0.86141,0.72154
969,-0.44014,0.69271,0.84776,0.74154
970,-0.46023,0.68040,0.83485,0.76025
971,-0.47730,0.66668,0.82286,0.77767
972,-0.49135,0.65158,0.81169,0.79384
973,-0.50204,0.63505,0.80135,0.80881
974,-0.50938,0.61707,0.79196,0.82260
975,-0.51304,0.59777,0.78350,0.83522
976,-0.51299,0.57714,0.77600,0.84666
977,-0.50911,0.55525,0.76939,0.85706
978,-0.50142,0.53217,0.76359,0.86632
979,-0.48965,0.50794,0.75869,0.87464
980,-0.47405,0.48259,0.75474,0.88194
981,-0.45442,0.45628,0.75151,0.88821
982,-0.43083,0.42916,0.74922,0.89346
983,-0.40334,0.40104,0.74768,0.89788
984,-0.37206,0.37225,0.74703,0.90136
985,-0.33702,0.34275,0.74709,0.90391
986,-0.29832,0.31268,0.74786,0.90546
987,-0.25619,0.28219,0.74924,0.90628
988,-0.21079,0.25130,0.75115,0.90611
989,-0.16220,0.22018,0.75375,0.90505
990,-0.11063,0.18897,0.75682,0.90303
991,-0.05636,0.15774,0.76036,0.90005
992,0.00035,0.12652,0.76428,0.89623
993,0.05933,0.09561,0.76863,0.89133
994,0.12022,0.06488,0.77319,0.88552
995,0.18281,0.03461,0.77810,0.87881
996,0.24671,0.00480,0.78321,0.87120
997,0.31164,-0.02456,0.78851,0.86258
998,0.37723,-0.05330,0.79407,0.85304
999,0.44337,-0.08128,0.79970,0.84240
1000,0.50947,-0.10849,0.80520,0.83095
1001,0.57539,-0.13481,0.81077,0.81850
1002,0.64063,-0.16027,0.81631,0.80522
1003,0.70510,-0.18488,0.82175,0.79112
1004,0.76843,-0.20854,0.82707,0.77621
1005,0.83017,-0.23123,0.83218,0.76049
1006,0.89007,-0.25297,0.83718,0.74399
1007,0.94787,-0.27373,0.84196,0.72684
1008,1.00326,-0.29353,0.84655,0.70911
1009,1.05600,-0.31247,0.85088,0.69083
1010,1.10593,-0.33042,0.85496,0.67216
1011,1.15262,-0.34754,0.85875,0.65312
1012,1.19596,-0.36364,0.86226,0.63381
1013,1.23584,-0.37889,0.86540,0.61431
1014,1.27202,-0.39333,0.86828,0.59474
1015,1.30436,-0.40710,0.87082,0.57517
1016,1.33274,-0.42011,0.87313,0.55562
1017,1.35719,-0.43240,0.87504,0.53631
1018,1.37751,-0.44414,0.87667,0.51725
1019,1.39367,-0.45522,0.87801,0.49849
1020,1.40568,-0.46567,0.87905,0.48017
1021,1.41356,-0.47566,0.87980,0.46241
1022,1.41744,-0.48509,0.88032,0.44525
1023,1.41732,-0.49404,0.88049,0.42886
1024,1.41332,-0.50248,0.88036,0.41318
1025,1.40546,-0.51052,0.87991,0.39812
1026,1.39405,-0.51795,0.87922,0.38394
1027,1.37911,-0.52502,0.87819,0.37061
1028,1.36086,-0.53158,0.87696,0.35821
1029,1.33962,-0.53772,0.87533,0.34673
1030,1.31550,-0.54327,0.87343,0.33611
1031,1.28865,-0.54819,0.87123,0.32645
1032,1.25944,-0.55248,0.86865,0.31772
1033,1.22813,-0.55614,0.86565,0.30986
1034,1.19496,-0.55902,0.86229,0.30293
1035,1.16016,-0.56106,0.85845,0.29685
1036,1.12410,-0.56225,0.85420,0.29158
1037,1.08696,-0.56253,0.84941,0.28700
1038,1.04907,-0.56181,0.84418,0.28315
1039,1.01070,-0.56003,0.83841,0.27991
1040,0.97206,-0.55705,0.83190,0.27716
1041,0.93341,-0.55290,0.82482,0.27502
1042,0.89513,-0.54750,0.81695,0.27337
1043,0.85743,-0.54059,0.80842,0.27207
1044,0.82047,-0.53245,0.79916,0.27097
1045,0.78449,-0.52285,0.78911,0.27015
1046,0.74972,-0.51178,0.77816,0.26955
1047,0.71633,-0.49914,0.76627,0.26900
1048,0.68443,-0.48496,0.75345,0.26841
1049,0.65427,-0.46919,0.73975,0.26768
1050,0.62595,-0.45185,0.72497,0.26685
1051,0.59949,-0.43304,0.70931,0.26582
1052,0.57503,-0.41269,0.69263,0.26449
1053,0.55251,-0.39085,0.67486,0.26290
1054,0.53212,-0.36752,0.65616,0.26087
1055,0.51388,-0.34282,0.63638,0.25856
1056,0.49782,-0.31672,0.61563,0.25566
1057,0.48394,-0.28942,0.59384,0.25230
1058,0.47214,-0.26094,0.57123,0.24846
1059,0.46243,-0.23145,0.54758,0.24405
1060,0.45465,-0.20108,0.52307,0.23915
1061,0.44889,-0.16987,0.49779,0.23358
1062,0.44501,-0.13802,0.47175,0.22748
1063,0.44285,-0.10563,0.44505,0.22077
1064,0.44240,-0.07284,0.41771,0.21363
1065,0.44351,-0.03982,0.38988,0.20593
1066,0.44601,-0.00684,0.36153,0.19774
1067,0.44986,0.02620,0.33281,0.18902
1068,0.45487,0.05893,0.30391,0.17996
1069,0.46088,0.09130,0.27480,0.17041
1070,0.46787,0.12311,0.24572,0.16051
1071,0.47567,0.15421,0.21668,0.15035
1072,0.48410,0.18455,0.18773,0.13997
1073,0.49302,0.21395,0.15914,0.12931
1074,0.50245,0.24210,0.13081,0.11853
1075,0.51201,0.26898,0.10294,0.10772
1076,0.52178,0.29457,0.07562,0.09691
1077,0.53152,0.31873,0.04904,0.08616
1078,0.54107,0.34130,0.02308,0.07549
1079,0.55055,0.36235,-0.00218,0.06491
1080,0.55963,0.38184,-0.02651,0.05466
1081,0.56832,0.39948,-0.05004,0.04468
1082,0.57643,0.41531,-0.07248,0.03495
1083,0.58401,0.42942,-0.09389,0.02558
1084,0.59101,0.44167,-0.11418,0.01667
1085,0.59714,0.45218,-0.13354,0.00826
1086,0.60244,0.46091,-0.15169,0.00033
1087,0.60697,0.46793,-0.16854,-0.00694
1088,0.61049,0.47318,-0.18433,-0.01364
1089,0.61297,0.47672,-0.19897,-0.01975
1090,0.61444,0.47869,-0.21242,-0.02534
1091,0.61488,0.47912,-0.22474,-0.03019
1092,0.61417,0.47810,-0.23592,-0.03446
1093,0.61227,0.47588,-0.24603,-0.03801
1094,0.60934,0.47224,-0.25503,-0.04098
1095,0.60517,0.46751,-0.26288,-0.04344
1096,0.59995,0.46160,-0.26989,-0.04521
1097,0.59350,0.45489,-0.27580,-0.04642
1098,0.58577,0.44730,-0.28085,-0.04709
1099,0.57690,0.43905,-0.28490,-0.04722
1100,0.56686,0.43010,-0.28817,-0.04693
1101,0.55572,0.42078,-0.29064,-0.04632
1102,0.54344,0.41094,-0.29229,-0.04542
1103,0.53002,0.40070,-0.29326,-0.04429
1104,0.51553,0.39037,-0.29356,-0.04287
1105,0.50013,0.37988,-0.29332,-0.04144
1106,0.48377,0.36935,-0.29239,-0.03992
1107,0.46637,0.35880,-0.29096,-0.03844
1108,0.44820,0.34840,-0.28903,-0.03718
1109,0.42914,0.33811,-0.28650,-0.03621
1110,0.40941,0.32803,-0.28343,-0.03555
1111,0.38908,0.31824,-0.27989,-0.03522
1112,0.36817,0.30862,-0.27592,-0.03536
1113,0.34679,0.29931,-0.27141,-0.03615
1114,0.32496,0.29030,-0.26654,-0.03761
1115,0.30279,0.28159,-0.26123,-0.03981
1116,0.28037,0.27316,-0.25539,-0.04278
1117,0.25769,0.26513,-0.24905,-0.04677
1118,0.23499,0.25742,-0.24216,-0.05162
1119,0.21235,0.24996,-0.23480,-0.05755
1120,0.18974,0.24272,-0.22683,-0.06442
1121,0.16735,0.23588,-0.21825,-0.07243
1122,0.14518,0.22919,-0.20908,-0.08168
1123,0.12329,0.22277,-0.19922,-0.09206
1124,0.10173,0.21654,-0.18874,-0.10355
1125,0.08075,0.21051,-0.17750,-0.11637
1126,0.06011,0.20460,-0.16553,-0.13036
1127,0.04008,0.19881,-0.15282,-0.14558
1128,0.02052,0.19319,-0.13922,-0.16194
1129,0.00151,0.18769,-0.12488,-0.17950
1130,-0.01678,0.18232,-0.10971,-0.19815
1131,-0.03449,0.17708,-0.09364,-0.21789
1132,-0.05156,0.17196,-0.07673,-0.23857
1133,-0.06800,0.16701,-0.05896,-0.26021
1134,-0.08382,0.16220,-0.04038,-0.28272
1135,-0.09901,0.15752,-0.02095,-0.30590
1136,-0.11370,0.15315,-0.00070,-0.32975
1137,-0.12789,0.14908,0.02037,-0.35420
1138,-0.14164,0.14523,0.04213,-0.37904
1139,-0.15492,0.14177,0.06456,-0.40428
1140,-0.16783,0.13869,0.08760,-0.42965
1141,-0.18036,0.13603,0.11116,-0.45514
1142,-0.19264,0.13373,0.13522,-0.48048
1143,-0.20460,0.13205,0.15965,-0.50566
1144,-0.21644,0.13094,0.18427,-0.53054
1145,-0.22804,0.13046,0.20910,-0.55492
1146,-0.23967,0.13057,0.23385,-0.57867
1147,-0.25123,0.13145,0.25860,-0.60167
1148,-0.26281,0.13305,0.28309,-0.62395
1149,-0.27441,0.13547,0.30716,-0.64521
1150,-0.28617,0.13866,0.33060,-0.66531
1151,-0.29798,0.14278,0.35326,-0.68407
1152,-0.30988,0.14769,0.37509,-0.70164
1153,-0.32186,0.15343,0.39587,-0.71764
1154,-0.33402,0.16007,0.41538,-0.73219
1155,-0.34624,0.16756,0.43341,-0.74508
1156,-0.35848,0.17588,0.44995,-0.75628
1157,-0.37071,0.18497,0.46460,-0.76564
1158,-0.38282,0.19492,0.47727,-0.77331
1159,-0.39486,0.20562,0.48777,-0.77907
1160,-0.40660,0.21702,0.49593,-0.78290
1161,-0.41815,0.22911,0.50165,-0.78486
1162,-0.42924,0.24174,0.50476,-0.78488
1163,-0.43978,0.25489,0.50514,-0.78290
1164,-0.44976,0.26851,0.50255,-0.77900
1165,-0.45914,0.28250,0.49695,-0.77318
1166,-0.46761,0.29670,0.48826,-0.76552
1167,-0.47511,0.31121,0.47642,-0.75605
1168,-0.48155,0.32564,0.46127,-0.74481
1169,-0.48678,0.34010,0.44287,-0.73194
1170,-0.49072,0.35449,0.42109,-0.71744
1171,-0.49314,0.36861,0.39594,-0.70147
1172,-0.49393,0.38249,0.36747,-0.68410
1173,-0.49304,0.39604,0.33555,-0.66545
1174,-0.49043,0.40898,0.30035,-0.64549
1175,-0.48584,0.42141,0.26210,-0.62444
1176,-0.47938,0.43315,0.22072,-0.60252
1177,-0.47075,0.44423,0.17639,-0.57974
1178,-0.46023,0.45454,0.12908,-0.55636
1179,-0.44764,0.46403,0.07920,-0.53242
1180,-0.43277,0.47258,0.02678,-0.50808
1181,-0.41576,0.48021,-0.02799,-0.48356
1182,-0.39668,0.48684,-0.08491,-0.45883
1183,-0.37558,0.49253,-0.14359,-0.43416
1184,-0.35249,0.49727,-0.20399,-0.40973
1185,-0.32752,0.50088,-0.26572,-0.38569
1186,-0.30076,0.50346,-0.32862,-0.36208
1187,-0.27228,0.50500,-0.39226,-0.33917
1188,-0.24219,0.50554,-0.45630,-0.31704
1189,-0.21070,0.50511,-0.52070,-0.29587
1190,-0.17791,0.50389,-0.58491,-0.27580
1191,-0.14415,0.50171,-0.64880,-0.25686
1192,-0.10948,0.49859,-0.71189,-0.23931
1193,-0.07421,0.49476,-0.77397,-0.22320
1194,-0.03846,0.49018,-0.83477,-0.20864
1195,-0.00251,0.48487,-0.89398,-0.19592
1196,0.03341,0.47904,-0.95129,-0.18504
1197,0.06908,0.47256,-1.00640,-0.17608
1198,0.10422,0.46571,-1.05908,-0.16918
1199,0.13859,0.45848,-1.10905,-0.16439
1200,0.17214,0.45094,-1.15601,-0.16179
1201,0.20451,0.44310,-1.19985,-0.16154
1202,0.23547,0.43518,-1.24022,-0.16356
1203,0.26487,0.42718,-1.27716,-0.16813
1204,0.29251,0.41928,-1.31029,-0.17506
1205,0.31822,0.41138,-1.33961,-0.18445
1206,0.34191,0.40360,-1.36487,-0.19641
1207,0.36344,0.39602,-1.38605,-0.21092
1208,0.38268,0.38873,-1.40298,-0.22787
1209,0.39957,0.38168,-1.41570,-0.24746
1210,0.41409,0.37496,-1.42417,-0.26954
1211,0.42608,0.36872,-1.42835,-0.29408
1212,0.43555,0.36290,-1.42835,-0.32098
1213,0.44262,0.35759,-1.42419,-0.35028
1214,0.44717,0.35280,-1.41580,-0.38181
1215,0.44948,0.34849,-1.40326,-0.41549
1216,0.44948,0.34478,-1.38686,-0.45134
1217,0.44726,0.34163,-1.36650,-0.48918
1218,0.44304,0.33893,-1.34249,-0.52890
1219,0.43687,0.33688,-1.31488,-0.57025
1220,0.42898,0.33539,-1.28399,-0.61316
1221,0.41952,0.33443,-1.24992,-0.65749
1222,0.40863,0.33397,-1.21282,-0.70293
1223,0.39665,0.33405,-1.17292,-0.74942
1224,0.38360,0.33460,-1.13057,-0.79681
1225,0.36982,0.33564,-1.08589,-0.84477
1226,0.35552,0.33704,-1.03919,-0.89314
1227,0.34095,0.33876,-0.99066,-0.94169
1228,0.32631,0.34083,-0.94054,-0.99018
1229,0.31175,0.34312,-0.88924,-1.03846
1230,0.29743,0.34573,-0.83680,-1.08630
1231,0.28360,0.34847,-0.78370,-1.13335
1232,0.27041,0.35144,-0.73012,-1.17943
1233,0.25804,0.35450,-0.67643,-1.22440
1234,0.24663,0.35772,-0.62275,-1.26779
1235,0.23641,0.36087,-0.56940,-1.30966
1236,0.22731,0.36398,-0.51673,-1.34970
1237,0.21960,0.36702,-0.46491,-1.38766
1238,0.21329,0.37010,-0.41420,-1.42350
1239,0.20852,0.37294,-0.36484,-1.45689
1240,0.20529,0.37560,-0.31708,-1.48767
1241,0.20352,0.37803,-0.27119,-1.51572
1242,0.20330,0.38016,-0.22729,-1.54086
1243,0.20466,0.38202,-0.18568,-1.56297
1244,0.20751,0.38354,-0.14648,-1.58197
1245,0.21174,0.38470,-0.11001,-1.59777
1246,0.21727,0.38560,-0.07634,-1.61014
1247,0.22419,0.38622,-0.04551,-1.61918
1248,0.23215,0.38646,-0.01788,-1.62465
1249,0.24110,0.38629,0.00655,-1.62662
1250,0.25105,0.38583,0.02776,-1.62520
1251,0.26165,0.38500,0.04560,-1.62031
1252,0.27290,0.38379,0.05993,-1.61200
1253,0.28460,0.38221,0.07081,-1.60016
1254,0.29650,0.38035,0.07826,-1.58488
1255,0.30851,0.37814,0.08209,-1.56626
1256,0.32049,0.37569,0.08253,-1.54448
1257,0.33220,0.37304,0.07940,-1.51951
1258,0.34337,0.37012,0.07288,-1.49141
1259,0.35389,0.36697,0.06303,-1.46055
1260,0.36371,0.36368,0.05004,-1.42685
1261,0.37257,0.36029,0.03389,-1.39044
1262,0.38023,0.35678,0.01471,-1.35165
1263,0.38671,0.35326,-0.00721,-1.31041
1264,0.39184,0.34979,-0.03173,-1.26710
1265,0.39536,0.34633,-0.05866,-1.22163
1266,0.39724,0.34295,-0.08776,-1.17445
1267,0.39740,0.33974,-0.11885,-1.12560
1268,0.39575,0.33658,-0.15167,-1.07526
1269,0.39213,0.33381,-0.18602,-1.02365
1270,0.38646,0.33119,-0.22159,-0.97091
1271,0.37872,0.32900,-0.25801,-0.91738
1272,0.36891,0.32705,-0.29529,-0.86316
1273,0.35712,0.32553,-0.33274,-0.80848
1274,0.34319,0.32446,-0.37036,-0.75340
1275,0.32721,0.32388,-0.40778,-0.69829
1276,0.30911,0.32374,-0.44466,-0.64318
1277,0.28903,0.32412,-0.48067,-0.58840
1278,0.26706,0.32521,-0.51565,-0.53397
1279,0.24322,0.32689,-0.54925,-0.48016
1280,0.21755,0.32920,-0.58124,-0.42711
1281,0.19020,0.33208,-0.61148,-0.37509
1282,0.16135,0.33570,-0.63955,-0.32426
1283,0.13105,0.34005,-0.66529,-0.27463
1284,0.09955,0.34510,-0.68857,-0.22638
1285,0.06690,0.35093,-0.70904,-0.17979
1286,0.03324,0.35753,-0.72662,-0.13489
1287,-0.00117,0.36483,-0.74112,-0.09184
1288,-0.03609,0.37284,-0.75248,-0.05077
1289,-0.07148,0.38153,-0.76063,-0.01179
1290,-0.10715,0.39093,-0.76541,0.02499
1291,-0.14280,0.40102,-0.76683,0.05940
1292,-0.17824,0.41172,-0.76487,0.09145
1293,-0.21333,0.42297,-0.75950,0.12094
1294,-0.24792,0.43491,-0.75066,0.14788
1295,-0.28176,0.44730,-0.73851,0.17223
1296,-0.31471,0.46013,-0.72305,0.19379
1297,-0.34653,0.47341,-0.70447,0.21272
1298,-0.37715,0.48702,-0.68288,0.22879
1299,-0.40625,0.50096,-0.65832,0.24206
1300,-0.43398,0.51504,-0.63106,0.25253
1301,-0.45992,0.52930,-0.60119,0.26016
1302,-0.48412,0.54350,-0.56892,0.26491
1303,-0.50640,0.55776,-0.53445,0.26688
1304,-0.52667,0.57176,-0.49802,0.26611
1305,-0.54500,0.58543,-0.45987,0.26256
1306,-0.56121,0.59875,-0.42014,0.25645
1307,-0.57525,0.61157,-0.37920,0.24765
1308,-0.58712,0.62394,-0.33733,0.23627
1309,-0.59697,0.63559,-0.29461,0.22239
1310,-0.60457,0.64648,-0.25136,0.20612
1311,-0.61009,0.65645,-0.20789,0.18760
1312,-0.61353,0.66544,-0.16442,0.16696
1313,-0.61492,0.67332,-0.12116,0.14423
1314,-0.61443,0.68016,-0.07832,0.11958
1315,-0.61224,0.68559,-0.03619,0.09319
1316,-0.60832,0.68983,0.00500,0.06519
1317,-0.60278,0.69269,0.04505,0.03571
1318,-0.59585,0.69406,0.08376,0.00486
1319,-0.58758,0.69388,0.12107,-0.02710
1320,-0.57820,0.69222,0.15668,-0.06007
1321,-0.56776,0.68907,0.19057,-0.09383
1322,-0.55641,0.68424,0.22244,-0.12827
1323,-0.54428,0.67787,0.25228,-0.16314
1324,-0.53165,0.66995,0.27992,-0.19835
1325,-0.51854,0.66042,0.30542,-0.23382
1326,-0.50523,0.64931,0.32858,-0.26937
1327,-0.49175,0.63678,0.34936,-0.30469
1328,-0.47826,0.62287,0.36763,-0.33981
1329,-0.46485,0.60757,0.38362,-0.37447
1330,-0.45173,0.59110,0.39708,-0.40858
1331,-0.43900,0.57340,0.40806,-0.44196
1332,-0.42676,0.55465,0.41673,-0.47455
1333,-0.41521,0.53497,0.42290,-0.50624
1334,-0.40422,0.51448,0.42681,-0.53692
1335,-0.39409,0.49341,0.42848,-0.56649
1336,-0.38462,0.47181,0.42793,-0.59482
1337,-0.37606,0.44988,0.42526,-0.62202
1338,-0.36835,0.42775,0.42057,-0.64783
1339,-0.36155,0.40552,0.41390,-0.67225
1340,-0.35558,0.38335,0.40535,-0.69528
1341,-0.35054,0.36161,0.39510,-0.71673
1342,-0.34640,0.34022,0.38321,-0.73684
1343,-0.34302,0.31953,0.36975,-0.75543
1344,-0.34050,0.29972,0.35486,-0.77256
1345,-0.33868,0.28073,0.33870,-0.78812
1346,-0.33755,0.26294,0.32141,-0.80218
1347,-0.33715,0.24634,0.30302,-0.81465
1348,-0.33724,0.23110,0.28374,-0.82558
1349,-0.33776,0.21739,0.26371,-0.83512
1350,-0.33869,0.20522,0.24290,-0.84318
1351,-0.33987,0.19472,0.22148,-0.84978
1352,-0.34121,0.18603,0.19952,-0.85500
1353,-0.34249,0.17915,0.17730,-0.85883
1354,-0.34370,0.17411,0.15475,-0.86123
1355,-0.34477,0.17098,0.13204,-0.86237
1356,-0.34563,0.16978,0.10921,-0.86213
1357,-0.34602,0.17054,0.08645,-0.86071
1358,-0.34575,0.17307,0.06368,-0.85804
1359,-0.34492,0.17744,0.04118,-0.85408
1360,-0.34330,0.18370,0.01883,-0.84901
1361,-0.34081,0.19173,-0.00316,-0.84278
1362,-0.33738,0.20142,-0.02480,-0.83535
1363,-0.33291,0.21258,-0.04609,-0.82682
1364,-0.32730,0.22518,-0.06680,-0.81715
1365,-0.32045,0.23897,-0.08703,-0.80635
1366,-0.31220,0.25400,-0.10667,-0.79446
1367,-0.30263,0.26997,-0.12566,-0.78160
1368,-0.29149,0.28674,-0.14407,-0.76761
1369,-0.27885,0.30421,-0.16168,-0.75273
1370,-0.26469,0.32216,-0.17861,-0.73677
1371,-0.24878,0.34043,-0.19476,-0.71983
1372,-0.23125,0.35884,-0.21022,-0.70192
1373,-0.21200,0.37719,-0.22471,-0.68307
1374,-0.19096,0.39535,-0.23834,-0.66328
1375,-0.16826,0.41311,-0.25112,-0.64264
1376,-0.14376,0.43032,-0.26291,-0.62108
1377,-0.11751,0.44672,-0.27385,-0.59864
1378,-0.08959,0.46231,-0.28374,-0.57530
1379,-0.05995,0.47676,-0.29272,-0.55130
1380,-0.02864,0.49008,-0.30054,-0.52644
1381,0.00431,0.50210,-0.30744,-0.50089
1382,0.03871,0.51270,-0.31322,-0.47457
1383,0.07473,0.52178,-0.31789,-0.44750
1384,0.11211,0.52924,-0.32149,-0.41978
1385,0.15084,0.53501,-0.32386,-0.39143
1386,0.19089,0.53904,-0.32506,-0.36259
1387,0.23216,0.54128,-0.32500,-0.33307
1388,0.27452,0.54171,-0.32364,-0.30296
1389,0.31791,0.54032,-0.32122,-0.27251
1390,0.36209,0.53710,-0.31740,-0.24155
1391,0.40701,0.53202,-0.31233,-0.21011
1392,0.45261,0.52516,-0.30599,-0.17831
1393,0.49864,0.51661,-0.29831,-0.14608
1394,0.54507,0.50630,-0.28935,-0.11363
1395,0.59170,0.49434,-0.27902,-0.08091
1396,0.63844,0.48086,-0.26733,-0.04792
1397,0.68517,0.46583,-0.25441,-0.01468
1398,0.73172,0.44941,-0.24024,0.01886
1399,0.77797,0.43169,-0.22464,0.05253
1400,0.82371,0.41278,-0.20775,0.08630
1401,0.86882,0.39288,-0.18971,0.12012
1402,0.91319,0.37195,-0.17042,0.15402
1403,0.95671,0.35016,-0.14998,0.18797
1404,0.99915,0.32759,-0.12827,0.22202
1405,1.04043,0.30429,-0.10557,0.25595
1406,1.08050,0.28049,-0.08173,0.28986
1407,1.11917,0.25616,-0.05691,0.32361
1408,1.15631,0.23151,-0.03109,0.35726
1409,1.19186,0.20661,-0.00444,0.39070
1410,1.22560,0.18161,0.02307,0.42394
1411,1.25757,0.15656,0.05121,0.45699
1412,1.28770,0.13147,0.08001,0.48961
1413,1.31584,0.10642,0.10944,0.52204
1414,1.34190,0.08156,0.13936,0.55393
1415,1.36585,0.05693,0.16965,0.58545
1416,1.38774,0.03251,0.20026,0.61651
1417,1.40747,0.00838,0.23095,0.64691
1418,1.42502,-0.01543,0.26177,0.67661
1419,1.44043,-0.03884,0.29256,0.70578
1420,1.45373,-0.06186,0.32320,0.73412
1421,1.46485,-0.08454,0.35355,0.76161
1422,1.47378,-0.10689,0.38353,0.78823
1423,1.48078,-0.12880,0.41309,0.81382
1424,1.48575,-0.15019,0.44202,0.83843
1425,1.48874,-0.17122,0.47026,0.86200
1426,1.48989,-0.19187,0.49763,0.88454
1427,1.48921,-0.21213,0.52400,0.90584
1428,1.48671,-0.23184,0.54934,0.92587
1429,1.48269,-0.25118,0.57342,0.94470
1430,1.47712,-0.27010,0.59615,0.96213
1431,1.47005,-0.28848,0.61744,0.97824
1432,1.46157,-0.30649,0.63731,0.99296
1433,1.45199,-0.32404,0.65546,1.00614
1434,1.44116,-0.34110,0.67186,1.01804
1435,1.42920,-0.35761,0.68638,1.02839
1436,1.41626,-0.37356,0.69897,1.03718
1437,1.40237,-0.38887,0.70947,1.04449
1438,1.38764,-0.40355,0.71786,1.05030
1439,1.37213,-0.41753,0.72410,1.05456
1440,1.35592,-0.43074,0.72805,1.05725
1441,1.33900,-0.44322,0.72965,1.05854
1442,1.32140,-0.45479,0.72891,1.05824
1443,1.30314,-0.46530,0.72576,1.05645
1444,1.28423,-0.47480,0.72028,1.05322
1445,1.26480,-0.48309,0.71226,1.04863
1446,1.24466,-0.49021,0.70177,1.04266
1447,1.22397,-0.49594,0.68888,1.03542
1448,1.20252,-0.50030,0.67342,1.02685
1449,1.18026,-0.50321,0.65563,1.01696
1450,1.15728,-0.50447,0.63543,1.00585
1451,1.13358,-0.50402,0.61285,0.99359
1452,1.10903,-0.50176,0.58790,0.98026
1453,1.08343,-0.49771,0.56081,0.96578
1454,1.05704,-0.49179,0.53155,0.95034
1455,1.02965,-0.48391,0.50029,0.93399
1456,1.00112,-0.47395,0.46711,0.91681
1457,0.97146,-0.46200,0.43203,0.89879
1458,0.94056,-0.44801,0.39525,0.87992
1459,0.90848,-0.43185,0.35687,0.86033
1460,0.87511,-0.41368,0.31688,0.84020
1461,0.84054,-0.39351,0.27559,0.81931
1462,0.80460,-0.37127,0.23317,0.79794
1463,0.76737,-0.34697,0.18970,0.77607
1464,0.72895,-0.32075,0.14541,0.75383
1465,0.68931,-0.29265,0.10036,0.73119
1466,0.64845,-0.26280,0.05466,0.70828
1467,0.60646,-0.23132,0.00868,0.68506
1468,0.56343,-0.19813,-0.03760,0.66168
1469,0.51948,-0.16361,-0.08392,0.63806
1470,0.47463,-0.12775,-0.13014,0.61424
1471,0.42918,-0.09074,-0.17603,0.59051
1472,0.38304,-0.05263,-0.22148,0.56673
1473,0.33659,-0.01369,-0.26626,0.54301
1474,0.28989,0.02596,-0.31028,0.51940
1475,0.24326,0.06607,-0.35335,0.49601
1476,0.19683,0.10655,-0.39533,0.47266
1477,0.15076,0.14726,-0.43607,0.44966
1478,0.10532,0.18783,-0.47542,0.42697
1479,0.06064,0.22837,-0.51322,0.40458
1480,0.01702,0.26852,-0.54943,0.38265
1481,-0.02521,0.30819,-0.58390,0.36113
1482,-0.06597,0.34722,-0.61644,0.34018
1483,-0.10501,0.38529,-0.64690,0.31987
1484,-0.14194,0.42239,-0.67538,0.30021
1485,-0.17670,0.45844,-0.70175,0.28124
1486,-0.20903,0.49320,-0.72584,0.26304
1487,-0.23873,0.52666,-0.74759,0.24567
1488,-0.26566,0.55870,-0.76710,0.22915
1489,-0.28958,0.58907,-0.78430,0.21366
1490,-0.31030,0.61791,-0.79909,0.19911
1491,-0.32771,0.64491,-0.81147,0.18561
1492,-0.34173,0.67024,-0.82150,0.17315
1493,-0.35226,0.69376,-0.82910,0.16187
1494,-0.35918,0.71550,-0.83436,0.15180
1495,-0.36241,0.73540,-0.83723,0.14291
1496,-0.36195,0.75352,-0.83781,0.13530
1497,-0.35786,0.76986,-0.83610,0.12900
1498,-0.35006,0.78436,-0.83218,0.12417
1499,-0.33852,0.79721,-0.82616,0.12069
1500,-0.32337,0.80850,-0.81811,0.11859
1501,-0.30468,0.81818,-0.80803,0.11806
1502,-0.28265,0.82644,-0.79606,0.11885
1503,-0.25720,0.83327,-0.78221,0.12116
1504,-0.22863,0.83887,-0.76680,0.12493
1505,-0.19706,0.84324,-0.74966,0.13008
1506,-0.16262,0.84664,-0.73104,0.13671
1507,-0.12556,0.84910,-0.71110,0.14479
1508,-0.08597,0.85083,-0.68971,0.15427
1509,-0.04428,0.85190,-0.66730,0.16513
1510,-0.00055,0.85233,-0.64374,0.17734
1511,0.04475,0.85243,-0.61923,0.19085
1512,0.09173,0.85231,-0.59385,0.20552
1513,0.13977,0.85206,-0.56779,0.22138
1514,0.18878,0.85187,-0.54100,0.23836
1515,0.23849,0.85182,-0.51358,0.25638
1516,0.28858,0.85193,-0.48576,0.27526
1517,0.33867,0.85236,-0.45746,0.29505
1518,0.38868,0.85318,-0.42887,0.31558
1519,0.43830,0.85452,-0.40004,0.33676
1520,0.48716,0.85647,-0.37105,0.35847
1521,0.53515,0.85897,-0.34216,0.38064
1522,0.58200,0.86210,-0.31333,0.40305
1523,0.62740,0.86591,-0.28450,0.42572
1524,0.67115,0.87030,-0.25587,0.44852
1525,0.71302,0.87545,-0.22744,0.47130
1526,0.75284,0.88112,-0.19924,0.49412
1527,0.79032,0.88734,-0.17136,0.51669
1528,0.82538,0.89405,-0.14391,0.53898
1529,0.85789,0.90115,-0.11687,0.56089
1530,0.88771,0.90855,-0.09038,0.58226
1531,0.91481,0.91611,-0.06440,0.60312
1532,0.93894,0.92367,-0.03902,0.62338
1533,0.95992,0.93122,-0.01425,0.64295
1534,0.97789,0.93846,0.00982,0.66176
1535,0.99278,0.94528,0.03323,0.67981
1536,1.00448,0.95150,0.05576,0.69699
1537,1.01295,0.95687,0.07743,0.71318
1538,1.01828,0.96138,0.09831,0.72854
1539,1.02049,0.96483,0.11825,0.74292
1540,1.01953,0.96693,0.13722,0.75640
1541,1.01558,0.96754,0.15515,0.76893
1542,1.00869,0.96663,0.17206,0.78067
1543,0.99875,0.96380,0.18785,0.79138
1544,0.98604,0.95895,0.20240,0.80130
1545,0.97059,0.95204,0.21579,0.81040
1546,0.95246,0.94292,0.22791,0.81865
1547,0.93195,0.93141,0.23869,0.82616
1548,0.90908,0.91743,0.24811,0.83284
1549,0.88395,0.90089,0.25610,0.83892
1550,0.85680,0.88177,0.26253,0.84442
1551,0.82767,0.86009,0.26742,0.84925
1552,0.79685,0.83584,0.27067,0.85352
1553,0.76444,0.80889,0.27243,0.85733
1554,0.73065,0.77938,0.27253,0.86069
1555,0.69560,0.74725,0.27075,0.86367
1556,0.65943,0.71272,0.26729,0.86633
1557,0.62234,0.67576,0.26196,0.86869
1558,0.58432,0.63649,0.25476,0.87065
1559,0.54590,0.59512,0.24567,0.87249
1560,0.50691,0.55171,0.23460,0.87402
1561,0.46762,0.50638,0.22154,0.87534
1562,0.42818,0.45943,0.20648,0.87635
1563,0.38865,0.41085,0.18938,0.87714
1564,0.34919,0.36094,0.17036,0.87782
1565,0.31001,0.30997,0.14922,0.87815
1566,0.27109,0.25799,0.12613,0.87817
1567,0.23255,0.20525,0.10104,0.87793
1568,0.19448,0.15187,0.07392,0.87730
1569,0.15698,0.09824,0.04486,0.87632
1570,0.12014,0.04444,0.01387,0.87488
1571,0.08397,-0.00942,-0.01905,0.87299
1572,0.04855,-0.06304,-0.05371,0.87046
1573,0.01386,-0.11634,-0.09003,0.86725
1574,-0.02008,-0.16912,-0.12817,0.86339
1575,-0.05320,-0.22114,-0.16792,0.85887
1576,-0.08547,-0.27244,-0.20903,0.85354
1577,-0.11697,-0.32281,-0.25162,0.84729
1578,-0.14770,-0.37211,-0.29545,0.84011
1579,-0.17762,-0.42027,-0.34052,0.83192
1580,-0.20674,-0.46714,-0.38653,0.82282
1581,-0.23516,-0.51282,-0.43344,0.81263
1582,-0.26298,-0.55714,-0.48105,0.80133
1583,-0.29015,-0.60000,-0.52923,0.78903
1584,-0.31675,-0.64152,-0.57785,0.77551
1585,-0.34278,-0.68160,-0.62675,0.76085
1586,-0.36837,-0.72023,-0.67563,0.74509
1587,-0.39353,-0.75738,-0.72449,0.72824
1588,-0.41828,-0.79318,-0.77312,0.71028
1589,-0.44275,-0.82753,-0.82124,0.69137
1590,-0.46684,-0.86048,-0.86869,0.67141
1591,-0.49073,-0.89196,-0.91537,0.65054
1592,-0.51447,-0.92217,-0.96094,0.62882
1593,-0.53801,-0.95108,-1.00532,0.60643
1594,-0.56147,-0.97868,-1.04837,0.58326
1595,-0.58467,-1.00500,-1.08983,0.55957
1596,-0.60773,-1.03003,-1.12965,0.53546
1597,-0.63071,-1.05380,-1.16769,0.51101
1598,-0.65361,-1.07631,-1.20372,0.48637
1599,-0.67636,-1.09758,-1.23765,0.46166
1600,-0.69889,-1.11757,-1.26928,0.43710
1601,-0.72130,-1.13630,-1.29857,0.41265
1602,-0.74349,-1.15374,-1.32534,0.38860
1603,-0.76533,-1.16991,-1.34966,0.36498
1604,-0.78698,-1.18470,-1.37135,0.34198
1605,-0.80832,-1.19802,-1.39027,0.31974
1606,-0.82929,-1.20998,-1.40648,0.29844
1607,-0.84978,-1.22030,-1.42003,0.27810
1608,-0.86976,-1.22901,-1.43071,0.25895
1609,-0.88906,-1.23607,-1.43863,0.24093
1610,-0.90783,-1.24144,-1.44382,0.22432
1611,-0.92578,-1.24503,-1.44626,0.20913
1612,-0.94296,-1.24668,-1.44604,0.19546
1613,-0.95934,-1.24641,-1.44321,0.18334
1614,-0.97479,-1.24408,-1.43773,0.17290
1615,-0.98938,-1.23950,-1.42977,0.16410
1616,-1.00295,-1.23260,-1.41936,0.15703
1617,-1.01538,-1.22342,-1.40669,0.15173
1618,-1.02672,-1.21197,-1.39184,0.14808
1619,-1.03693,-1.19802,-1.37497,0.14616
1620,-1.04603,-1.18159,-1.35613,0.14587
1621,-1.05391,-1.16255,-1.33552,0.14726
1622,-1.06079,-1.14096,-1.31329,0.15024
1623,-1.06654,-1.11669,-1.28945,0.15478
1624,-1.07117,-1.08973,-1.26436,0.16089
1625,-1.07474,-1.06012,-1.23798,0.16855
1626,-1.07733,-1.02784,-1.21058,0.17755
1627,-1.07899,-0.99285,-1.18227,0.18781
1628,-1.07961,-0.95533,-1.15334,0.19933
1629,-1.07956,-0.91517,-1.12377,0.21197
1630,-1.07878,-0.87252,-1.09375,0.22560
1631,-1.07722,-0.82739,-1.06349,0.24024
1632,-1.07512,-0.77984,-1.03309,0.25576
1633,-1.07254,-0.72997,-1.00271,0.27204
1634,-1.06970,-0.67786,-0.97246,0.28901
1635,-1.06663,-0.62365,-0.94241,0.30653
1636,-1.06344,-0.56741,-0.91277,0.32456
1637,-1.06024,-0.50932,-0.88364,0.34304
1638,-1.05715,-0.44952,-0.85505,0.36188
1639,-1.05428,-0.38809,-0.82712,0.38094
1640,-1.05176,-0.32529,-0.79997,0.40019
1641,-1.04960,-0.26113,-0.77352,0.41955
1642,-1.04796,-0.19584,-0.74801,0.43908
1643,-1.04688,-0.12972,-0.72333,0.45857
1644,-1.04660,-0.06275,-0.69976,0.47809
1645,-1.04690,0.00494,-0.67699,0.49754
1646,-1.04804,0.07305,-0.65536,0.51678
1647,-1.04986,0.14144,-0.63465,0.53586
1648,-1.05257,0.21003,-0.61494,0.55479
1649,-1.05617,0.27849,-0.59616,0.57351
1650,-1.06059,0.34683,-0.57838,0.59189
1651,-1.06583,0.41480,-0.56149,0.61006
1652,-1.07179,0.48222,-0.54549,0.62790
1653,-1.07838,0.54905,-0.53034,0.64531
1654,-1.08561,0.61504,-0.51599,0.66239
1655,-1.09336,0.68020,-0.50222,0.67908
1656,-1.10169,0.74429,-0.48919,0.69537
1657,-1.11029,0.80718,-0.47676,0.71119
1658,-1.11913,0.86882,-0.46485,0.72652
1659,-1.12805,0.92907,-0.45333,0.74132
1660,-1.13692,0.98778,-0.44210,0.75555
1661,-1.14557,1.04490,-0.43117,0.76921
1662,-1.15377,1.10031,-0.42042,0.78221
1663,-1.16151,1.15408,-0.40971,0.79460
1664,-1.16850,1.20604,-0.39901,0.80617
1665,-1.17460,1.25616,-0.38819,0.81700
1666,-1.17969,1.30431,-0.37727,0.82702
1667,-1.18349,1.35053,-0.36608,0.83616
1668,-1.18597,1.39474,-0.35462,0.84446
1669,-1.18692,1.43682,-0.34287,0.85169
1670,-1.18624,1.47691,-0.33073,0.85793
1671,-1.18369,1.51486,-0.31819,0.86298
1672,-1.17922,1.55087,-0.30513,0.86684
1673,-1.17277,1.58482,-0.29154,0.86930
1674,-1.16414,1.61664,-0.27741,0.87055
1675,-1.15325,1.64633,-0.26280,0.87042
1676,-1.14003,1.67398,-0.24763,0.86878
1677,-1.12452,1.69956,-0.23192,0.86562
1678,-1.10672,1.72324,-0.21566,0.86076
1679,-1.08654,1.74485,-0.19888,0.85430
1680,-1.06394,1.76462,-0.18159,0.84614
1681,-1.03895,1.78250,-0.16385,0.83616
1682,-1.01169,1.79853,-0.14576,0.82428
1683,-0.98215,1.81270,-0.12738,0.81054
1684,-0.95039,1.82521,-0.10862,0.79487
1685,-0.91669,1.83615,-0.08983,0.77726
1686,-0.88093,1.84541,-0.07087,0.75763
1687,-0.84349,1.85312,-0.05177,0.73609
1688,-0.80420,1.85938,-0.03270,0.71248
1689,-0.76343,1.86429,-0.01381,0.68685
1690,-0.72129,1.86784,0.00480,0.65927
1691,-0.67789,1.87016,0.02315,0.62978
1692,-0.63340,1.87131,0.04110,0.59839
1693,-0.58815,1.87141,0.05858,0.56509
1694,-0.54222,1.87043,0.07556,0.52995
1695,-0.49576,1.86853,0.09200,0.49298
1696,-0.44910,1.86578,0.10776,0.45432
1697,-0.40233,1.86225,0.12283,0.41405
1698,-0.35562,1.85797,0.13701,0.37232
1699,-0.30919,1.85314,0.15027,0.32918
1700,-0.26316,1.84751,0.16270,0.28470
1701,-0.21773,1.84146,0.17415,0.23899
1702,-0.17304,1.83497,0.18471,0.19223
1703,-0.12928,1.82799,0.19429,0.14463
1704,-0.08658,1.82067,0.20299,0.09618
1705,-0.04514,1.81299,0.21069,0.04731
1706,-0.00501,1.80486,0.21750,-0.00224
1707,0.03379,1.79651,0.22340,-0.05205
1708,0.07113,1.78778,0.22840,-0.10206
1709,0.10691,1.77882,0.23267,-0.15207
1710,0.14097,1.76953,0.23611,-0.20194
1711,0.17335,1.75998,0.23898,-0.25152
1712,0.20416,1.75014,0.24122,-0.30050
1713,0.23312,1.73994,0.24294,-0.34893
1714,0.26031,1.72934,0.24420,-0.39654
1715,0.28576,1.71836,0.24515,-0.44330
1716,0.30945,1.70691,0.24578,-0.48905
1717,0.33142,1.69496,0.24625,-0.53361
1718,0.35181,1.68249,0.24666,-0.57684
1719,0.37053,1.66939,0.24710,-0.61857
1720,0.38767,1.65560,0.24760,-0.65882
1721,0.40326,1.64094,0.24838,-0.69731
1722,0.41736,1.62560,0.24941,-0.73404
1723,0.43005,1.60934,0.25079,-0.76887
1724,0.44141,1.59216,0.25251,-0.80177
1725,0.45148,1.57396,0.25477,-0.83266
1726,0.46036,1.55462,0.25766,-0.86138
1727,0.46807,1.53406,0.26108,-0.88793
1728,0.47475,1.51230,0.26498,-0.91232
1729,0.48039,1.48924,0.26958,-0.93447
1730,0.48507,1.46483,0.27485,-0.95444
1731,0.48888,1.43907,0.28076,-0.97208
1732,0.49191,1.41192,0.28732,-0.98750
1733,0.49420,1.38330,0.29440,-1.00061
1734,0.49556,1.35306,0.30210,-1.01147
1735,0.49624,1.32138,0.31028,-1.02003
1736,0.49626,1.28814,0.31895,-1.02637
1737,0.49559,1.25342,0.32804,-1.03053
1738,0.49420,1.21725,0.33741,-1.03263
1739,0.49205,1.17955,0.34704,-1.03271
1740,0.48926,1.14038,0.35684,-1.03072
1741,0.48578,1.09987,0.36670,-1.02676
1742,0.48148,1.05799,0.37647,-1.02098
1743,0.47644,1.01485,0.38606,-1.01349
1744,0.47053,0.97038,0.39546,-1.00439
1745,0.46375,0.92480,0.40451,-0.99370
1746,0.45603,0.87817,0.41305,-0.98159
1747,0.44727,0.83061,0.42095,-0.96818
1748,0.43752,0.78213,0.42823,-0.95353
1749,0.42664,0.73291,0.43481,-0.93789
1750,0.41466,0.68297,0.44051,-0.92138
1751,0.40139,0.63241,0.44523,-0.90403
1752,0.38678,0.58144,0.44903,-0.88608
1753,0.37081,0.53006,0.45179,-0.86759
1754,0.35344,0.47849,0.45342,-0.84879
1755,0.33455,0.42678,0.45394,-0.82977
1756,0.31419,0.37517,0.45312,-0.81071
1757,0.29237,0.32363,0.45121,-0.79172
1758,0.26894,0.27219,0.44812,-0.77304
1759,0.24392,0.22119,0.44398,-0.75466
1760,0.21734,0.17056,0.43870,-0.73659
1761,0.18918,0.12046,0.43232,-0.71924
1762,0.15950,0.07094,0.42497,-0.70250
1763,0.12821,0.02217,0.41666,-0.68660
1764,0.09557,-0.02587,0.40739,-0.67158
1765,0.06141,-0.07299,0.39738,-0.65763
1766,0.02594,-0.11928,0.38680,-0.64472
1767,-0.01074,-0.16449,0.37554,-0.63284
1768,-0.04856,-0.20858,0.36381,-0.62217
1769,-0.08746,-0.25159,0.35178,-0.61267
1770,-0.12744,-0.29346,0.33952,-0.60431
1771,-0.16811,-0.33408,0.32725,-0.59727
1772,-0.20937,-0.37343,0.31516,-0.59144
1773,-0.25118,-0.41143,0.30322,-0.58681
1774,-0.29332,-0.44801,0.29170,-0.58341
1775,-0.33560,-0.48321,0.28060,-0.58116
1776,-0.37790,-0.51694,0.27022,-0.58001
1777,-0.41988,-0.54921,0.26057,-0.57985
1778,-0.46150,-0.57998,0.25188,-0.58065
1779,-0.50245,-0.60919,0.24414,-0.58235
1780,-0.54252,-0.63692,0.23750,-0.58477
1781,-0.58163,-0.66298,0.23203,-0.58792
1782,-0.61951,-0.68756,0.22783,-0.59159
1783,-0.65599,-0.71042,0.22500,-0.59573
1784,-0.69096,-0.73174,0.22367,-0.60015
1785,-0.72391,-0.75140,0.22379,-0.60480
1786,-0.75507,-0.76943,0.22533,-0.60961
1787,-0.78410,-0.78574,0.22841,-0.61432
1788,-0.81076,-0.80037,0.23301,-0.61895
1789,-0.83498,-0.81338,0.23899,-0.62332
1790,-0.85656,-0.82483,0.24644,-0.62728
1791,-0.87542,-0.83461,0.25537,-0.63083
1792,-0.89152,-0.84274,0.26563,-0.63370
1793,-0.90478,-0.84926,0.27723,-0.63584
1794,-0.91496,-0.85415,0.29000,-0.63735
1795,-0.92209,-0.85751,0.30393,-0.63802
1796,-0.92618,-0.85938,0.31892,-0.63780
1797,-0.92718,-0.85967,0.33476,-0.63660
1798,-0.92504,-0.85860,0.35130,-0.63439
1799,-0.91977,-0.85616,0.36858,-0.63127
1800,-0.91153,-0.85245,0.38626,-0.62716
1801,-0.90027,-0.84736,0.40434,-0.62198
1802,-0.88604,-0.84116,0.42263,-0.61580
1803,-0.86914,-0.83366,0.44112,-0.60866
1804,-0.84948,-0.82517,0.45941,-0.60065
1805,-0.82732,-0.81561,0.47741,-0.59157
1806,-0.80272,-0.80511,0.49509,-0.58170
1807,-0.77582,-0.79383,0.51225,-0.57108
1808,-0.74690,-0.78174,0.52873,-0.55971
1809,-0.71607,-0.76908,0.54441,-0.54773
1810,-0.68353,-0.75578,0.55908,-0.53512
1811,-0.64960,-0.74202,0.57272,-0.52202
1812,-0.61445,-0.72788,0.58514,-0.50869
1813,-0.57833,-0.71331,0.59618,-0.49505
1814,-0.54150,-0.69858,0.60588,-0.48124
1815,-0.50405,-0.68366,0.61409,-0.46734
1816,-0.46647,-0.66865,0.62072,-0.45349
1817,-0.42888,-0.65360,0.62557,-0.43983
1818,-0.39155,-0.63868,0.62876,-0.42639
1819,-0.35462,-0.62381,0.63029,-0.41331
1820,-0.31853,-0.60922,0.62985,-0.40068
1821,-0.28340,-0.59491,0.62777,-0.38851
1822,-0.24938,-0.58085,0.62382,-0.37687
1823,-0.21681,-0.56719,0.61802,-0.36595
1824,-0.18579,-0.55379,0.61036,-0.35571
1825,-0.15649,-0.54079,0.60104,-0.34615
1826,-0.12923,-0.52821,0.58999,-0.33738
1827,-0.10397,-0.51608,0.57724,-0.32938
1828,-0.08098,-0.50437,0.56295,-0.32217
1829,-0.06028,-0.49315,0.54718,-0.31575
1830,-0.04201,-0.48240,0.52982,-0.31024
1831,-0.02619,-0.47220,0.51120,-0.30553
1832,-0.01294,-0.46242,0.49137,-0.30153
1833,-0.00224,-0.45306,0.47036,-0.29827
1834,0.00579,-0.44415,0.44837,-0.29563
1835,0.01120,-0.43565,0.42553,-0.29360
1836,0.01400,-0.42748,0.40199,-0.29214
1837,0.01426,-0.41976,0.37786,-0.29105
1838,0.01209,-0.41241,0.35331,-0.29035
1839,0.00744,-0.40536,0.32840,-0.28990
1840,0.00040,-0.39861,0.30340,-0.28959
1841,-0.00889,-0.39209,0.27848,-0.28943
1842,-0.02027,-0.38597,0.25377,-0.28908
1843,-0.03362,-0.37999,0.22940,-0.28872
1844,-0.04893,-0.37422,0.20557,-0.28805
1845,-0.06587,-0.36864,0.18242,-0.28695
1846,-0.08449,-0.36324,0.16013,-0.28536
1847,-0.10443,-0.35797,0.13871,-0.28319
1848,-0.12570,-0.35286,0.11856,-0.28017
1849,-0.14804,-0.34792,0.09972,-0.27650
1850,-0.17128,-0.34303,0.08233,-0.27185
1851,-0.19528,-0.33824,0.06644,-0.26622
1852,-0.21974,-0.33358,0.05227,-0.25945
1853,-0.24462,-0.32909,0.03985,-0.25152
1854,-0.26967,-0.32473,0.02939,-0.24244
1855,-0.29478,-0.32054,0.02088,-0.23205
1856,-0.31988,-0.31656,0.01451,-0.22038
1857,-0.34467,-0.31270,0.01033,-0.20737
1858,-0.36901,-0.30903,0.00841,-0.19289
1859,-0.39280,-0.30564,0.00865,-0.17704
1860,-0.41582,-0.30255,0.01140,-0.15984
1861,-0.43799,-0.29969,0.01649,-0.14132
1862,-0.45920,-0.29719,0.02393,-0.12146
1863,-0.47928,-0.29498,0.03372,-0.10028
1864,-0.49807,-0.29327,0.04593,-0.07784
1865,-0.51556,-0.29199,0.06055,-0.05426
1866,-0.53161,-0.29115,0.07745,-0.02954
1867,-0.54610,-0.29089,0.09661,-0.00387
1868,-0.55890,-0.29134,0.11806,0.02279
1869,-0.57007,-0.29234,0.14157,0.05034
1870,-0.57944,-0.29400,0.16714,0.07868
1871,-0.58692,-0.29636,0.19481,0.10760
1872,-0.59256,-0.29953,0.22434,0.13702
1873,-0.59630,-0.30347,0.25563,0.16679
1874,-0.59805,-0.30826,0.28872,0.19689
1875,-0.59786,-0.31382,0.32330,0.22716
1876,-0.59560,-0.32032,0.35939,0.25749
1877,-0.59133,-0.32785,0.39677,0.28774
1878,-0.58515,-0.33617,0.43537,0.31772
1879,-0.57693,-0.34547,0.47488,0.34744
1880,-0.56669,-0.35565,0.51542,0.37672
1881,-0.55451,-0.36668,0.55675,0.40554
1882,-0.54053,-0.37868,0.59866,0.43372
1883,-0.52459,-0.39152,0.64101,0.46129
1884,-0.50688,-0.40521,0.68370,0.48809
1885,-0.48738,-0.41974,0.72668,0.51408
1886,-0.46620,-0.43504,0.76960,0.53923
1887,-0.44349,-0.45109,0.81251,0.56343
1888,-0.41924,-0.46774,0.85520,0.58672
1889,-0.39358,-0.48498,0.89753,0.60910
1890,-0.36649,-0.50279,0.93938,0.63058
1891,-0.33819,-0.52097,0.98069,0.65114
1892,-0.30882,-0.53954,1.02127,0.67079
1893,-0.27840,-0.55837,1.06112,0.68955
1894,-0.24704,-0.57736,1.10001,0.70742
1895,-0.21485,-0.59641,1.13791,0.72454
1896,-0.18201,-0.61534,1.17466,0.74085
1897,-0.14870,-0.63420,1.21025,0.75651
1898,-0.11492,-0.65295,1.24459,0.77163
1899,-0.08084,-0.67141,1.27765,0.78619
1900,-0.04660,-0.68940,1.30930,0.80032
1901,-0.01230,-0.70695,1.33939,0.81414
1902,0.02196,-0.72389,1.36809,0.82770
1903,0.05595,-0.74009,1.39527,0.84110
1904,0.08958,-0.75558,1.42072,0.85451
1905,0.12290,-0.77022,1.44460,0.86798
1906,0.15566,-0.78406,1.46673,0.88149
1907,0.18773,-0.79701,1.48723,0.89522
1908,0.21900,-0.80891,1.50611,0.90929
1909,0.24940,-0.81976,1.52317,0.92376
1910,0.27887,-0.82963,1.53855,0.93860
1911,0.30720,-0.83842,1.55209,0.95396
1912,0.33432,-0.84618,1.56395,0.96995
1913,0.36020,-0.85296,1.57407,0.98664
1914,0.38479,-0.85864,1.58241,1.00394
1915,0.40785,-0.86342,1.58902,1.02187
1916,0.42942,-0.86722,1.59392,1.04056
1917,0.44948,-0.87012,1.59716,1.05993
1918,0.46784,-0.87218,1.59874,1.08008
1919,0.48453,-0.87345,1.59860,1.10097
1920,0.49942,-0.87405,1.59683,1.12248
1921,0.51251,-0.87405,1.59352,1.14460
1922,0.52380,-0.87359,1.58861,1.16739
1923,0.53316,-0.87261,1.58204,1.19077
1924,0.54066,-0.87129,1.57395,1.21462
1925,0.54610,-0.86977,1.56441,1.23888
1926,0.54962,-0.86796,1.55340,1.26346
1927,0.55119,-0.86618,1.54092,1.28833
1928,0.55085,-0.86441,1.52701,1.31318
1929,0.54845,-0.86282,1.51172,1.33821
1930,0.54405,-0.86147,1.49503,1.36306
1931,0.53767,-0.86054,1.47709,1.38783
1932,0.52923,-0.85998,1.45770,1.41231
1933,0.51891,-0.85990,1.43704,1.43632
1934,0.50671,-0.86036,1.41497,1.45976
1935,0.49264,-0.86146,1.39172,1.48252
1936,0.47669,-0.86324,1.36714,1.50449
1937,0.45886,-0.86574,1.34126,1.52559
1938,0.43935,-0.86901,1.31413,1.54565
1939,0.41812,-0.87308,1.28580,1.56455
1940,0.39524,-0.87801,1.25618,1.58234
1941,0.37075,-0.88373,1.22529,1.59877
1942,0.34469,-0.89017,1.19318,1.61378
1943,0.31715,-0.89754,1.15984,1.62733
1944,0.28834,-0.90573,1.12532,1.63931
1945,0.25828,-0.91459,1.08958,1.64967
1946,0.22690,-0.92420,1.05260,1.65843
1947,0.19441,-0.93444,1.01433,1.66551
1948,0.16092,-0.94535,0.97488,1.67088
1949,0.12643,-0.95687,0.93422,1.67462
1950,0.09104,-0.96886,0.89238,1.67664
1951,0.05491,-0.98120,0.84933,1.67707
1952,0.01810,-0.99391,0.80515,1.67589
1953,-0.01932,-1.00681,0.75984,1.67309
1954,-0.05728,-1.01989,0.71353,1.66873
1955,-0.09568,-1.03291,0.66609,1.66296
1956,-0.13438,-1.04593,0.61770,1.65589
1957,-0.17335,-1.05874,0.56844,1.64749
1958,-0.21244,-1.07137,0.51814,1.63785
1959,-0.25160,-1.08359,0.46691,1.62727
1960,-0.29084,-1.09532,0.41500,1.61574
1961,-0.32988,-1.10648,0.36239,1.60342
1962,-0.36875,-1.11708,0.30923,1.59038
1963,-0.40748,-1.12687,0.25550,1.57676
1964,-0.44591,-1.13589,0.20135,1.56272
1965,-0.48391,-1.14394,0.14691,1.54838
1966,-0.52157,-1.15100,0.09210,1.53378
1967,-0.55858,-1.15702,0.03722,1.51910
1968,-0.59494,-1.16195,-0.01764,1.50447
1969,-0.63073,-1.16585,-0.07237,1.49003
1970,-0.66578,-1.16845,-0.12693,1.47571
1971,-0.69997,-1.16985,-0.18109,1.46178
1972,-0.73320,-1.17002,-0.23468,1.44815
1973,-0.76561,-1.16898,-0.28772,1.43492
1974,-0.79698,-1.16665,-0.34003,1.42225
1975,-0.82727,-1.16296,-0.39138,1.41002
1976,-0.85643,-1.15814,-0.44175,1.39833
1977,-0.88441,-1.15206,-0.49107,1.38721
1978,-0.91099,-1.14484,-0.53916,1.37657
1979,-0.93623,-1.13652,-0.58592,1.36644
1980,-0.95993,-1.12705,-0.63118,1.35667
1981,-0.98212,-1.11653,-0.67492,1.34729
1982,-1.00271,-1.10502,-0.71705,1.33823
1983,-1.02153,-1.09254,-0.75743,1.32942
1984,-1.03848,-1.07918,-0.79595,1.32079
1985,-1.05344,-1.06503,-0.83271,1.31209
1986,-1.06644,-1.05015,-0.86751,1.30334
1987,-1.07720,-1.03456,-0.90030,1.29447
1988,-1.08583,-1.01853,-0.93105,1.28520
1989,-1.09208,-1.00192,-0.95981,1.27550
1990,-1.09608,-0.98489,-0.98638,1.26528
1991,-1.09747,-0.96754,-1.01100,1.25430
1992,-1.09632,-0.94987,-1.03346,1.24259
1993,-1.09255,-0.93191,-1.05394,1.22985
1994,-1.08598,-0.91384,-1.07246,1.21610
1995,-1.07664,-0.89571,-1.08881,1.20108
1996,-1.06453,-0.87744,-1.10332,1.18475
1997,-1.04955,-0.85927,-1.11590,1.16692
1998,-1.03161,-0.84113,-1.12666,1.14759
1999,-1.01076,-0.82309,-1.13553,1.12664
2000,-0.98704,-0.80521,-1.14280,1.10401
2001,-0.96038,-0.78742,-1.14839,1.07955
2002,-0.93092,-0.76979,-1.15231,1.05322
2003,-0.89871,-0.75233,-1.15481,1.02493
2004,-0.86371,-0.73505,-1.15584,0.99473
2005,-0.82613,-0.71788,-1.15550,0.96268
2006,-0.78597,-0.70080,-1.15392,0.92865
2007,-0.74341,-0.68383,-1.15116,0.89251
2008,-0.69863,-0.66695,-1.14724,0.85447
2009,-0.65175,-0.65021,-1.14229,0.81453
2010,-0.60291,-0.63345,-1.13644,0.77264
2011,-0.55237,-0.61670,-1.12963,0.72884
2012,-0.50034,-0.59987,-1.12195,0.68321
2013,-0.44711,-0.58300,-1.11352,0.63576
2014,-0.39280,-0.56596,-1.10427,0.58662
2015,-0.33764,-0.54862,-1.09431,0.53579
2016,-0.28196,-0.53106,-1.08364,0.48353
2017,-0.22616,-0.51313,-1.07232,0.42969
2018,-0.17039,-0.49485,-1.06035,0.37448
2019,-0.11488,-0.47613,-1.04776,0.31791
2020,-0.05996,-0.45700,-1.03458,0.26015
2021,-0.00590,-0.43728,-1.02077,0.20136
2022,0.04689,-0.41712,-1.00623,0.14158
2023,0.09829,-0.39626,-0.99121,0.08083
2024,0.14793,-0.37475,-0.97550,0.01935
2025,0.19552,-0.35261,-0.95910,-0.04288
2026,0.24094,-0.32980,-0.94192,-0.10559
2027,0.28387,-0.30628,-0.92409,-0.16879
2028,0.32412,-0.28210,-0.90550,-0.23241
2029,0.36139,-0.25704,-0.88611,-0.29631
2030,0.39565,-0.23137,-0.86592,-0.36031
2031,0.42660,-0.20497,-0.84492,-0.42434
2032,0.45420,-0.17791,-0.82289,-0.48831
2033,0.47825,-0.15016,-0.80001,-0.55223
2034,0.49868,-0.12187,-0.77607,-0.61596
2035,0.51549,-0.09296,-0.75133,-0.67923
2036,0.52849,-0.06355,-0.72553,-0.74206
2037,0.53789,-0.03367,-0.69890,-0.80440
2038,0.54346,-0.00352,-0.67112,-0.86623
2039,0.54534,0.02710,-0.64229,-0.92730
2040,0.54352,0.05790,-0.61251,-0.98759
2041,0.53809,0.08886,-0.58168,-1.04707
2042,0.52919,0.11992,-0.54980,-1.10553
2043,0.51685,0.15104,-0.51697,-1.16292
2044,0.50138,0.18197,-0.48313,-1.21938
2045,0.48281,0.21260,-0.44840,-1.27463
2046,0.46136,0.24296,-0.41269,-1.32861
2047,0.43730,0.27296,-0.37621,-1.38129
2048,0.41080,0.30246,-0.33892,-1.43263
2049,0.38203,0.33139,-0.30088,-1.48258
2050,0.35131,0.35968,-0.26215,-1.53108
2051,0.31881,0.38713,-0.22289,-1.57802
2052,0.28490,0.41371,-0.18310,-1.62342
2053,0.24984,0.43937,-0.14283,-1.66725
2054,0.21375,0.46405,-0.10221,-1.70936
2055,0.17706,0.48764,-0.06133,-1.74989
2056,0.13988,0.51010,-0.02041,-1.78864
2057,0.10261,0.53143,0.02053,-1.82568
2058,0.06541,0.55149,0.06146,-1.86096
2059,0.02854,0.57033,0.10215,-1.89440
2060,-0.00773,0.58799,0.14247,-1.92621
2061,-0.04318,0.60437,0.18242,-1.95620
2062,-0.07757,0.61959,0.22179,-1.98438
2063,-0.11060,0.63353,0.26041,-2.01079
2064,-0.14226,0.64618,0.29820,-2.03539
2065,-0.17241,0.65774,0.33510,-2.05823
2066,-0.20087,0.66813,0.37089,-2.07927
2067,-0.22736,0.67747,0.40539,-2.09863
2068,-0.25192,0.68572,0.43863,-2.11627
2069,-0.27438,0.69296,0.47040,-2.13211
2070,-0.29471,0.69935,0.50058,-2.14640
2071,-0.31280,0.70484,0.52913,-2.15897
2072,-0.32858,0.70963,0.55593,-2.16992
2073,-0.34220,0.71376,0.58077,-2.17928
2074,-0.35354,0.71736,0.60366,-2.18707
2075,-0.36270,0.72034,0.62456,-2.19332
2076,-0.36968,0.72293,0.64335,-2.19810
2077,-0.37457,0.72511,0.65998,-2.20143
2078,-0.37740,0.72691,0.67435,-2.20324
2079,-0.37836,0.72845,0.68661,-2.20368
2080,-0.37760,0.72975,0.69660,-2.20264
2081,-0.37513,0.73091,0.70444,-2.20028
2082,-0.37111,0.73192,0.70995,-2.19659
2083,-0.36566,0.73282,0.71326,-2.19160
2084,-0.35888,0.73362,0.71441,-2.18522
2085,-0.35103,0.73434,0.71349,-2.17752
2086,-0.34220,0.73496,0.71057,-2.16859
2087,-0.33255,0.73538,0.70554,-2.15835
2088,-0.32225,0.73578,0.69869,-2.14691
2089,-0.31141,0.73601,0.69009,-2.13416
2090,-0.30024,0.73601,0.67984,-2.12011
2091,-0.28883,0.73567,0.66794,-2.10490
2092,-0.27733,0.73501,0.65467,-2.08846
2093,-0.26592,0.73398,0.64023,-2.07078
2094,-0.25471,0.73238,0.62466,-2.05185
2095,-0.24374,0.73018,0.60814,-2.03164
2096,-0.23310,0.72742,0.59077,-2.01023
2097,-0.22294,0.72388,0.57288,-1.98764
2098,-0.21329,0.71941,0.55452,-1.96403
2099,-0.20415,0.71389,0.53587,-1.93905
2100,-0.19556,0.70737,0.51705,-1.91297
2101,-0.18760,0.69969,0.49832,-1.88573
2102,-0.18033,0.69086,0.47967,-1.85741
2103,-0.17373,0.68066,0.46131,-1.82798
2104,-0.16767,0.66900,0.44349,-1.79755
2105,-0.16230,0.65583,0.42617,-1.76607
2106,-0.15753,0.64117,0.40964,-1.73369
2107,-0.15320,0.62499,0.39393,-1.70044
2108,-0.14945,0.60714,0.37908,-1.66626
2109,-0.14615,0.58750,0.36528,-1.63132
2110,-0.14321,0.56620,0.35245,-1.59568
2111,-0.14053,0.54332,0.34072,-1.55938
2112,-0.13815,0.51879,0.33020,-1.52256
2113,-0.13591,0.49254,0.32089,-1.48522
2114,-0.13385,0.46485,0.31274,-1.44753
2115,-0.13175,0.43553,0.30583,-1.40947
2116,-0.12961,0.40471,0.30001,-1.37119
2117,-0.12734,0.37245,0.29535,-1.33279
2118,-0.12487,0.33892,0.29178,-1.29434
2119,-0.12215,0.30421,0.28927,-1.25591
2120,-0.11919,0.26844,0.28768,-1.21768
2121,-0.11586,0.23174,0.28708,-1.17970
2122,-0.11214,0.19423,0.28723,-1.14198
2123,-0.10799,0.15610,0.28823,-1.10461
2124,-0.10337,0.11751,0.28984,-1.06776
2125,-0.09826,0.07856,0.29199,-1.03149
2126,-0.09266,0.03932,0.29461,-0.99589
2127,-0.08666,0.00014,0.29767,-0.96088
2128,-0.08005,-0.03895,0.30101,-0.92664
2129,-0.07297,-0.07774,0.30454,-0.89320
2130,-0.06537,-0.11610,0.30821,-0.86064
2131,-0.05734,-0.15383,0.31179,-0.82900
2132,-0.04886,-0.19086,0.31527,-0.79824
2133,-0.04006,-0.22692,0.31877,-0.76834
2134,-0.03086,-0.26194,0.32216,-0.73943
2135,-0.02128,-0.29587,0.32525,-0.71162
2136,-0.01150,-0.32857,0.32811,-0.68465
2137,-0.00141,-0.35996,0.33057,-0.65868
2138,0.00888,-0.38997,0.33279,-0.63365
2139,0.01930,-0.41840,0.33464,-0.60945
2140,0.02977,-0.44522,0.33616,-0.58627
2141,0.04035,-0.47040,0.33749,-0.56394
2142,0.05071,-0.49387,0.33845,-0.54254
2143,0.06097,-0.51559,0.33913,-0.52199
2144,0.07109,-0.53551,0.33965,-0.50220
2145,0.08096,-0.55381,0.34006,-0.48305
2146,0.09051,-0.57041,0.34028,-0.46473
2147,0.09974,-0.58530,0.34047,-0.44704
2148,0.10850,-0.59847,0.34072,-0.42998
2149,0.11681,-0.60993,0.34101,-0.41359
2150,0.12451,-0.61999,0.34151,-0.39759
2151,0.13157,-0.62843,0.34232,-0.38223
2152,0.13797,-0.63547,0.34347,-0.36738
2153,0.14359,-0.64111,0.34502,-0.35289
2154,0.14835,-0.64549,0.34710,-0.33871
2155,0.15224,-0.64865,0.34973,-0.32497
2156,0.15516,-0.65078,0.35300,-0.31156
2157,0.15710,-0.65181,0.35700,-0.29840
2158,0.15802,-0.65199,0.36170,-0.28559
2159,0.15772,-0.65128,0.36721,-0.27308
2160,0.15620,-0.64987,0.37376,-0.26083
2161,0.15352,-0.64779,0.38110,-0.24880
2162,0.14950,-0.64524,0.38943,-0.23706
2163,0.14423,-0.64214,0.39869,-0.22544
2164,0.13756,-0.63875,0.40889,-0.21414
2165,0.12948,-0.63507,0.42003,-0.20311
2166,0.11997,-0.63125,0.43226,-0.19230
2167,0.10903,-0.62730,0.44546,-0.18181
2168,0.09667,-0.62337,0.45960,-0.17158
2169,0.08274,-0.61947,0.47468,-0.16170
2170,0.06735,-0.61564,0.49053,-0.15202
2171,0.05049,-0.61209,0.50728,-0.14280
2172,0.03209,-0.60872,0.52483,-0.13391
2173,0.01227,-0.60566,0.54311,-0.12538
2174,-0.00898,-0.60305,0.56202,-0.11730
2175,-0.03155,-0.60080,0.58144,-0.10972
2176,-0.05552,-0.59910,0.60136,-0.10254
2177,-0.08072,-0.59788,0.62169,-0.09580
2178,-0.10713,-0.59721,0.64238,-0.08956
2179,-0.13474,-0.59718,0.66324,-0.08393
2180,-0.16347,-0.59786,0.68428,-0.07896
2181,-0.19314,-0.59922,0.70530,-0.07464
2182,-0.22370,-0.60131,0.72631,-0.07076
2183,-0.25511,-0.60414,0.74718,-0.06762
2184,-0.28723,-0.60772,0.76778,-0.06521
2185,-0.31990,-0.61215,0.78803,-0.06343
2186,-0.35303,-0.61753,0.80773,-0.06235
2187,-0.38660,-0.62372,0.82685,-0.06210
2188,-0.42038,-0.63079,0.84537,-0.06248
2189,-0.45433,-0.63886,0.86315,-0.06366
2190,-0.48827,-0.64799,0.87995,-0.06560
2191,-0.52213,-0.65804,0.89582,-0.06838
2192,-0.55581,-0.66905,0.91064,-0.07198
2193,-0.58922,-0.68115,0.92444,-0.07638
2194,-0.62223,-0.69432,0.93701,-0.08144
2195,-0.65481,-0.70845,0.94826,-0.08736
2196,-0.68674,-0.72376,0.95811,-0.09406
2197,-0.71791,-0.74014,0.96646,-0.10148
2198,-0.74833,-0.75754,0.97334,-0.10969
2199,-0.77799,-0.77599,0.97869,-0.11859
2200,-0.80671,-0.79551,0.98237,-0.12817
2201,-0.83452,-0.81600,0.98431,-0.13856
2202,-0.86141,-0.83755,0.98455,-0.14947
2203,-0.88724,-0.86009,0.98298,-0.16100
2204,-0.91196,-0.88375,0.97955,-0.17308
2205,-0.93571,-0.90826,0.97433,-0.18568
2206,-0.95829,-0.93368,0.96732,-0.19879
2207,-0.97991,-0.95999,0.95836,-0.21236
2208,-1.00038,-0.98720,0.94755,-0.22633
2209,-1.01980,-1.01516,0.93483,-0.24056
2210,-1.03820,-1.04388,0.92048,-0.25525
2211,-1.05559,-1.07324,0.90420,-0.27016
2212,-1.07209,-1.10321,0.88637,-0.28528
2213,-1.08762,-1.13370,0.86674,-0.30056
2214,-1.10218,-1.16466,0.84547,-0.31609
2215,-1.11577,-1.19594,0.82267,-0.33167
2216,-1.12856,-1.22765,0.79846,-0.34721
2217,-1.14063,-1.25955,0.77283,-0.36287
2218,-1.15188,-1.29160,0.74604,-0.37852
2219,-1.16250,-1.32373,0.71818,-0.39403
2220,-1.17244,-1.35577,0.68933,-0.40945
2221,-1.18169,-1.38779,0.65953,-0.42476
2222,-1.19042,-1.41954,0.62918,-0.43988
2223,-1.19856,-1.45112,0.59822,-0.45484
2224,-1.20616,-1.48229,0.56686,-0.46962
2225,-1.21328,-1.51299,0.53528,-0.48411
2226,-1.21980,-1.54313,0.50380,-0.49848
2227,-1.22591,-1.57259,0.47243,-0.51253
2228,-1.23147,-1.60143,0.44128,-0.52631
2229,-1.23646,-1.62957,0.41067,-0.53990
2230,-1.24101,-1.65683,0.38073,-0.55320
2231,-1.24493,-1.68319,0.35153,-0.56615
2232,-1.24824,-1.70868,0.32339,-0.57892
2233,-1.25097,-1.73297,0.29632,-0.59157
2234,-1.25294,-1.75622,0.27044,-0.60398
2235,-1.25427,-1.77839,0.24599,-0.61598
2236,-1.25486,-1.79935,0.22303,-0.62788
2237,-1.25464,-1.81915,0.20156,-0.63965
2238,-1.25371,-1.83759,0.18186,-0.65131
2239,-1.25180,-1.85472,0.16391,-0.66287
2240,-1.24882,-1.87049,0.14769,-0.67439
2241,-1.24478,-1.88488,0.13337,-0.68574
2242,-1.23969,-1.89799,0.12088,-0.69710
2243,-1.23346,-1.90961,0.11022,-0.70843
2244,-1.22611,-1.91976,0.10138,-0.71988
2245,-1.21751,-1.92860,0.09438,-0.73128
2246,-1.20766,-1.93587,0.08904,-0.74281
2247,-1.19660,-1.94177,0.08543,-0.75441
2248,-1.18418,-1.94621,0.08340,-0.76623
2249,-1.17058,-1.94925,0.08284,-0.77819
2250,-1.15559,-1.95077,0.08357,-0.79031
2251,-1.13938,-1.95095,0.08554,-0.80254
2252,-1.12194,-1.94967,0.08848,-0.81506
2253,-1.10328,-1.94698,0.09228,-0.82778
2254,-1.08340,-1.94291,0.09682,-0.84068
2255,-1.06248,-1.93743,0.10189,-0.85394
2256,-1.04050,-1.93064,0.10725,-0.86729
2257,-1.01761,-1.92251,0.11280,-0.88085
2258,-0.99385,-1.91312,0.11829,-0.89462
2259,-0.96933,-1.90248,0.12361,-0.90867
2260,-0.94415,-1.89062,0.12844,-0.92287
2261,-0.91851,-1.87752,0.13273,-0.93714
2262,-0.89244,-1.86321,0.13630,-0.95148
2263,-0.86612,-1.84795,0.13899,-0.96584
2264,-0.83971,-1.83163,0.14060,-0.98016
2265,-0.81332,-1.81424,0.14098,-0.99442
2266,-0.78702,-1.79584,0.14008,-1.00857
2267,-0.76108,-1.77660,0.13774,-1.02245
2268,-0.73556,-1.75665,0.13380,-1.03610
2269,-0.71054,-1.73579,0.12827,-1.04942
2270,-0.68625,-1.71423,0.12115,-1.06235
2271,-0.66274,-1.69211,0.11239,-1.07476
2272,-0.64013,-1.66928,0.10185,-1.08659
2273,-0.61852,-1.64600,0.08968,-1.09759
2274,-0.59807,-1.62224,0.07586,-1.10803
2275,-0.57872,-1.59814,0.06049,-1.11763
2276,-0.56066,-1.57380,0.04357,-1.12635
2277,-0.54379,-1.54931,0.02535,-1.13410
2278,-0.52832,-1.52462,0.00583,-1.14086
2279,-0.51419,-1.49982,-0.01490,-1.14652
2280,-0.50143,-1.47507,-0.03662,-1.15115
2281,-0.48992,-1.45045,-0.05920,-1.15458
2282,-0.47983,-1.42603,-0.08247,-1.15674
2283,-0.47101,-1.40180,-0.10621,-1.15768
2284,-0.46347,-1.37785,-0.13021,-1.15735
2285,-0.45713,-1.35427,-0.15426,-1.15572
2286,-0.45193,-1.33125,-0.17804,-1.15277
2287,-0.44767,-1.30873,-0.20146,-1.14860
2288,-0.44441,-1.28664,-0.22431,-1.14316
2289,-0.44204,-1.26531,-0.24630,-1.13638
2290,-0.44044,-1.24456,-0.26720,-1.12850
2291,-0.43952,-1.22448,-0.28671,-1.11947
2292,-0.43912,-1.20516,-0.30474,-1.10934
2293,-0.43941,-1.18663,-0.32097,-1.09813
2294,-0.44007,-1.16883,-0.33523,-1.08594
2295,-0.44097,-1.15191,-0.34727,-1.07284
2296,-0.44207,-1.13583,-0.35702,-1.05900
2297,-0.44328,-1.12061,-0.36419,-1.04442
2298,-0.44456,-1.10616,-0.36878,-1.02929
2299,-0.44578,-1.09263,-0.37050,-1.01363
2300,-0.44696,-1.07988,-0.36937,-0.99760
2301,-0.44798,-1.06791,-0.36527,-0.98118
2302,-0.44884,-1.05671,-0.35808,-0.96463
2303,-0.44951,-1.04627,-0.34772,-0.94792
2304,-0.44995,-1.03656,-0.33431,-0.93119
2305,-0.45014,-1.02752,-0.31777,-0.91458
2306,-0.45001,-1.01909,-0.29805,-0.89816
2307,-0.44965,-1.01123,-0.27526,-0.88193
2308,-0.44912,-1.00396,-0.24947,-0.86615
2309,-0.44842,-0.99715,-0.22083,-0.85090
2310,-0.44754,-0.99069,-0.18929,-0.83598
2311,-0.44653,-0.98462,-0.15502,-0.82165
2312,-0.44542,-0.97877,-0.11830,-0.80786
2313,-0.44429,-0.97308,-0.07934,-0.79482
2314,-0.44314,-0.96763,-0.03808,-0.78253
2315,-0.44213,-0.96232,0.00513,-0.77078
2316,-0.44128,-0.95716,0.05008,-0.75976
2317,-0.44059,-0.95185,0.09663,-0.74941
2318,-0.44002,-0.94642,0.14438,-0.73981
2319,-0.43989,-0.94095,0.19324,-0.73088
2320,-0.44000,-0.93521,0.24292,-0.72267
2321,-0.44045,-0.92915,0.29315,-0.71502
2322,-0.44146,-0.92285,0.34368,-0.70802
2323,-0.44273,-0.91612,0.39429,-0.70154
2324,-0.44449,-0.90907,0.44480,-0.69563
2325,-0.44667,-0.90147,0.49485,-0.69022
2326,-0.44926,-0.89346,0.54422,-0.68514
2327,-0.45231,-0.88481,0.59280,-0.68036
2328,-0.45572,-0.87561,0.64025,-0.67600
2329,-0.45952,-0.86579,0.68643,-0.67191
2330,-0.46362,-0.85546,0.73114,-0.66781
2331,-0.46794,-0.84451,0.77428,-0.66388
2332,-0.47249,-0.83284,0.81563,-0.66001
2333,-0.47718,-0.82064,0.85503,-0.65597
2334,-0.48187,-0.80779,0.89241,-0.65197
2335,-0.48641,-0.79423,0.92757,-0.64772
2336,-0.49078,-0.78000,0.96063,-0.64327
2337,-0.49488,-0.76518,0.99124,-0.63853
2338,-0.49856,-0.74979,1.01959,-0.63356
2339,-0.50167,-0.73367,1.04560,-0.62812
2340,-0.50413,-0.71703,1.06915,-0.62230
2341,-0.50577,-0.69975,1.09037,-0.61605
2342,-0.50651,-0.68193,1.10913,-0.60930
2343,-0.50627,-0.66349,1.12563,-0.60199
2344,-0.50473,-0.64458,1.13991,-0.59419
2345,-0.50199,-0.62516,1.15198,-0.58587
2346,-0.49768,-0.60529,1.16183,-0.57696
2347,-0.49196,-0.58500,1.16961,-0.56742
2348,-0.48466,-0.56428,1.17552,-0.55734
2349,-0.47563,-0.54315,1.17948,-0.54673
2350,-0.46489,-0.52163,1.18190,-0.53544
2351,-0.45218,-0.49975,1.18262,-0.52363
2352,-0.43762,-0.47761,1.18184,-0.51132
2353,-0.42104,-0.45517,1.17970,-0.49847
2354,-0.40252,-0.43233,1.17642,-0.48503
2355,-0.38195,-0.40922,1.17195,-0.47105
2356,-0.35945,-0.38595,1.16653,-0.45670
2357,-0.33492,-0.36250,1.16015,-0.44191
2358,-0.30838,-0.33882,1.15295,-0.42666
2359,-0.27988,-0.31499,1.14514,-0.41107
2360,-0.24957,-0.29100,1.13682,-0.39517
2361,-0.21744,-0.26681,1.12805,-0.37894
2362,-0.18356,-0.24253,1.11880,-0.36240
2363,-0.14807,-0.21821,1.10925,-0.34576
2364,-0.11091,-0.19371,1.09937,-0.32886
2365,-0.07247,-0.16911,1.08924,-0.31185
2366,-0.03270,-0.14449,1.07896,-0.29477
2367,0.00836,-0.11988,1.06845,-0.27754
2368,0.05049,-0.09518,1.05757,-0.26031
2369,0.09354,-0.07038,1.04660,-0.24325
2370,0.13740,-0.04573,1.03545,-0.22631
2371,0.18187,-0.02101,1.02393,-0.20952
2372,0.22674,0.00370,1.01210,-0.19293
2373,0.27201,0.02831,0.99988,-0.17663
2374,0.31748,0.05279,0.98708,-0.16062
2375,0.36307,0.07720,0.97369,-0.14496
2376,0.40854,0.10145,0.95971,-0.12968
2377,0.45380,0.12561,0.94502,-0.11492
2378,0.49871,0.14965,0.92951,-0.10053
2379,0.54312,0.17358,0.91294,-0.08671
2380,0.58691,0.19728,0.89522,-0.07355
2381,0.63001,0.22065,0.87629,-0.06091
2382,0.67231,0.24379,0.85604,-0.04889
2383,0.71368,0.26669,0.83446,-0.03746
2384,0.75401,0.28936,0.81136,-0.02677
2385,0.79323,0.31165,0.78654,-0.01674
2386,0.83139,0.33354,0.76011,-0.00737
2387,0.86822,0.35502,0.73177,0.00129
2388,0.90384,0.37610,0.70170,0.00925
2389,0.93811,0.39661,0.66969,0.01655
2390,0.97093,0.41658,0.63578,0.02308
2391,1.00243,0.43614,0.59993,0.02885
2392,1.03250,0.45504,0.56205,0.03404
2393,1.06115,0.47328,0.52218,0.03844
2394,1.08839,0.49080,0.48027,0.04223
2395,1.11414,0.50761,0.43660,0.04531
2396,1.13836,0.52359,0.39115,0.04784
2397,1.16125,0.53871,0.34389,0.04962
2398,1.18268,0.55286,0.29509,0.05083
2399,1.20270,0.56600,0.24482,0.05159
2400,1.22135,0.57814,0.19315,0.05165
2401,1.23852,0.58916,0.14024,0.05127
2402,1.25436,0.59903,0.08629,0.05028
2403,1.26890,0.60762,0.03157,0.04870
2404,1.28221,0.61498,-0.02388,0.04664
2405,1.29421,0.62090,-0.07984,0.04404
2406,1.30501,0.62540,-0.13594,0.04087
2407,1.31451,0.62846,-0.19218,0.03713
2408,1.32291,0.62977,-0.24822,0.03297
2409,1.33003,0.62951,-0.30387,0.02822
2410,1.33614,0.62766,-0.35897,0.02272
2411,1.34117,0.62401,-0.41331,0.01675
2412,1.34523,0.61849,-0.46655,0.01003
2413,1.34828,0.61114,-0.51858,0.00269
2414,1.35042,0.60194,-0.56916,-0.00546
2415,1.35143,0.59077,-0.61812,-0.01430
2416,1.35154,0.57753,-0.66534,-0.02411
2417,1.35075,0.56241,-0.71058,-0.03474
2418,1.34908,0.54521,-0.75381,-0.04630
2419,1.34651,0.52601,-0.79476,-0.05890
2420,1.34314,0.50488,-0.83336,-0.07254
2421,1.33889,0.48164,-0.86946,-0.08721
2422,1.33387,0.45643,-0.90317,-0.10306
2423,1.32804,0.42934,-0.93423,-0.12011
2424,1.32144,0.40028,-0.96256,-0.13831
2425,1.31400,0.36929,-0.98812,-0.15782
2426,1.30574,0.33665,-1.01094,-0.17874
2427,1.29669,0.30226,-1.03087,-0.20090
2428,1.28690,0.26627,-1.04795,-0.22438
2429,1.27634,0.22874,-1.06230,-0.24919
2430,1.26497,0.18966,-1.07380,-0.27534
2431,1.25274,0.14935,-1.08244,-0.30282
2432,1.23973,0.10784,-1.08832,-0.33166
2433,1.22584,0.06526,-1.09140,-0.36173
2434,1.21108,0.02177,-1.09170,-0.39302
2435,1.19546,-0.02253,-1.08933,-0.42543
2436,1.17904,-0.06750,-1.08420,-0.45905
2437,1.16171,-0.11293,-1.07644,-0.49377
2438,1.14350,-0.15853,-1.06612,-0.52941
2439,1.12437,-0.20438,-1.05316,-0.56593
2440,1.10435,-0.25011,-1.03764,-0.60324
2441,1.08332,-0.29574,-1.01955,-0.64126
2442,1.06134,-0.34092,-0.99902,-0.67985
2443,1.03849,-0.38548,-0.97603,-0.71890
2444,1.01466,-0.42940,-0.95065,-0.75830
2445,0.98985,-0.47237,-0.92291,-0.79785
2446,0.96403,-0.51428,-0.89281,-0.83750
2447,0.93726,-0.55508,-0.86045,-0.87703
2448,0.90943,-0.59434,-0.82574,-0.91635
2449,0.88072,-0.63207,-0.78872,-0.95531
2450,0.85112,-0.66806,-0.74953,-0.99376
2451,0.82064,-0.70222,-0.70814,-1.03163
2452,0.78929,-0.73432,-0.66462,-1.06864
2453,0.75711,-0.76436,-0.61891,-1.10470
2454,0.72416,-0.79219,-0.57116,-1.13976
2455,0.69054,-0.81756,-0.52140,-1.17358
2456,0.65622,-0.84050,-0.46971,-1.20610
2457,0.62133,-0.86101,-0.41603,-1.23718
2458,0.58584,-0.87891,-0.36055,-1.26678
2459,0.54997,-0.89405,-0.30331,-1.29468
2460,0.51372,-0.90653,-0.24452,-1.32087
2461,0.47707,-0.91620,-0.18420,-1.34522
2462,0.44031,-0.92304,-0.12247,-1.36761
2463,0.40341,-0.92711,-0.05948,-1.38802
2464,0.36659,-0.92825,0.00473,-1.40642
2465,0.32990,-0.92665,0.06992,-1.42259
2466,0.29339,-0.92222,0.13600,-1.43657
2467,0.25720,-0.91499,0.20285,-1.44830
2468,0.22154,-0.90491,0.27009,-1.45782
2469,0.18641,-0.89224,0.33761,-1.46507
2470,0.15190,-0.87692,0.40533,-1.46997
2471,0.11819,-0.85899,0.47303,-1.47247
2472,0.08528,-0.83864,0.54052,-1.47275
2473,0.05341,-0.81591,0.60761,-1.47071
2474,0.02256,-0.79081,0.67405,-1.46638
2475,-0.00711,-0.76354,0.73973,-1.45974
2476,-0.03558,-0.73420,0.80444,-1.45090
2477,-0.06272,-0.70297,0.86786,-1.43997
2478,-0.08853,-0.66994,0.92982,-1.42693
2479,-0.11286,-0.63526,0.99030,-1.41189
2480,-0.13572,-0.59909,1.04913,-1.39486
2481,-0.15710,-0.56159,1.10598,-1.37601
2482,-0.17692,-0.52293,1.16076,-1.35546
2483,-0.19512,-0.48331,1.21333,-1.33313
2484,-0.21166,-0.44285,1.26355,-1.30924
2485,-0.22672,-0.40184,1.31133,-1.28398
2486,-0.24011,-0.36036,1.35657,-1.25737
2487,-0.25200,-0.31856,1.39921,-1.22966
2488,-0.26227,-0.27676,1.43921,-1.20082
2489,-0.27106,-0.23504,1.47638,-1.17106
2490,-0.27840,-0.19362,1.51076,-1.14069
2491,-0.28433,-0.15270,1.54234,-1.10955
2492,-0.28888,-0.11251,1.57109,-1.07803
2493,-0.29229,-0.07313,1.59713,-1.04617
2494,-0.29436,-0.03472,1.62036,-1.01412
2495,-0.29542,0.00242,1.64084,-0.98213
2496,-0.29545,0.03818,1.65877,-0.95024
2497,-0.29437,0.07246,1.67400,-0.91860
2498,-0.29259,0.10491,1.68681,-0.88738
2499,-0.29008,0.13566,1.69715,-0.85660
2500,-0.28686,0.16449,1.70517,-0.82656
2501,-0.28317,0.19130,1.71099,-0.79728
2502,-0.27900,0.21589,1.71465,-0.76893
2503,-0.27451,0.23822,1.71646,-0.74154
2504,-0.26968,0.25826,1.71645,-0.71521
2505,-0.26469,0.27600,1.71468,-0.69013
2506,-0.25963,0.29129,1.71125,-0.66625
2507,-0.25466,0.30411,1.70641,-0.64365
2508,-0.24971,0.31453,1.70032,-0.62254
2509,-0.24486,0.32249,1.69295,-0.60269
2510,-0.24033,0.32791,1.68454,-0.58425
2511,-0.23612,0.33088,1.67507,-0.56731
2512,-0.23225,0.33167,1.66486,-0.55173
2513,-0.22882,0.33012,1.65377,-0.53757
2514,-0.22590,0.32642,1.64209,-0.52484
2515,-0.22340,0.32067,1.62988,-0.51342
2516,-0.22140,0.31298,1.61711,-0.50327
2517,-0.21996,0.30346,1.60403,-0.49435
2518,-0.21900,0.29217,1.59062,-0.48664
2519,-0.21871,0.27939,1.57697,-0.47999
2520,-0.21886,0.26526,1.56318,-0.47433
2521,-0.21965,0.25000,1.54922,-0.46957
2522,-0.22081,0.23367,1.53514,-0.46561
2523,-0.22251,0.21645,1.52097,-0.46234
2524,-0.22454,0.19855,1.50679,-0.45965
2525,-0.22701,0.18011,1.49255,-0.45744
2526,-0.22979,0.16134,1.47832,-0.45551
2527,-0.23286,0.14251,1.46414,-0.45383
2528,-0.23620,0.12364,1.44999,-0.45219
2529,-0.23964,0.10491,1.43578,-0.45053
2530,-0.24320,0.08651,1.42171,-0.44875
2531,-0.24685,0.06866,1.40766,-0.44665
2532,-0.25046,0.05153,1.39363,-0.44427
2533,-0.25397,0.03496,1.37967,-0.44145
2534,-0.25734,0.01933,1.36568,-0.43790
2535,-0.26051,0.00452,1.35168,-0.43379
2536,-0.26332,-0.00928,1.33764,-0.42890
2537,-0.26577,-0.02206,1.32363,-0.42323
2538,-0.26786,-0.03377,1.30949,-0.41668
2539,-0.26953,-0.04439,1.29540,-0.40926
2540,-0.27065,-0.05402,1.28127,-0.40093
2541,-0.27115,-0.06253,1.26710,-0.39163
2542,-0.27110,-0.06995,1.25279,-0.38137
2543,-0.27040,-0.07653,1.23848,-0.37010
2544,-0.26898,-0.08222,1.22393,-0.35785
2545,-0.26692,-0.08703,1.20929,-0.34471
2546,-0.26415,-0.09122,1.19466,-0.33071
2547,-0.26054,-0.09483,1.17981,-0.31590
2548,-0.25621,-0.09806,1.16484,-0.30028
2549,-0.25110,-0.10093,1.14965,-0.28398
2550,-0.24537,-0.10364,1.13441,-0.26721
2551,-0.23879,-0.10632,1.11901,-0.24987
2552,-0.23147,-0.10921,1.10348,-0.23215
2553,-0.22345,-0.11249,1.08780,-0.21428
2554,-0.21461,-0.11628,1.07206,-0.19625
2555,-0.20510,-0.12059,1.05623,-0.17819
2556,-0.19490,-0.12559,1.04034,-0.16031
2557,-0.18395,-0.13163,1.02433,-0.14271
2558,-0.17240,-0.13872,1.00825,-0.12554
2559,-0.16009,-0.14709,0.99213,-0.10897
2560,-0.14720,-0.15668,0.97593,-0.09309
2561,-0.13372,-0.16769,0.95974,-0.07810
2562,-0.11964,-0.18025,0.94364,-0.06413
2563,-0.10511,-0.19434,0.92756,-0.05130
2564,-0.08995,-0.21009,0.91163,-0.03982
2565,-0.07421,-0.22740,0.89589,-0.02968
2566,-0.05800,-0.24647,0.88023,-0.02105
2567,-0.04125,-0.26729,0.86490,-0.01404
2568,-0.02414,-0.28983,0.84986,-0.00869
2569,-0.00659,-0.31391,0.83517,-0.00519
2570,0.01129,-0.33964,0.82079,-0.00355
2571,0.02955,-0.36678,0.80681,-0.00388
2572,0.04813,-0.39546,0.79322,-0.00608
2573,0.06699,-0.42534,0.78012,-0.01036
2574,0.08604,-0.45645,0.76748,-0.01664
2575,0.10524,-0.48864,0.75546,-0.02486
2576,0.12458,-0.52176,0.74394,-0.03505
2577,0.14409,-0.55569,0.73312,-0.04719
2578,0.16352,-0.59016,0.72276,-0.06109
2579,0.18286,-0.62512,0.71307,-0.07686
2580,0.20212,-0.66027,0.70408,-0.09439
2581,0.22111,-0.69552,0.69569,-0.11353
2582,0.23984,-0.73071,0.68798,-0.13404
2583,0.25810,-0.76553,0.68084,-0.15605
2584,0.27593,-0.79999,0.67431,-0.17930
2585,0.29307,-0.83379,0.66842,-0.20355
2586,0.30952,-0.86689,0.66309,-0.22883
2587,0.32504,-0.89891,0.65822,-0.25477
2588,0.33968,-0.92988,0.65375,-0.28129
2589,0.35315,-0.95971,0.64974,-0.30819
2590,0.36557,-0.98813,0.64605,-0.33539
2591,0.37668,-1.01504,0.64273,-0.36248
2592,0.38635,-1.04044,0.63964,-0.38942
2593,0.39449,-1.06425,0.63668,-0.41600
2594,0.40111,-1.08644,0.63381,-0.44204
2595,0.40595,-1.10702,0.63094,-0.46730
2596,0.40899,-1.12584,0.62797,-0.49171
2597,0.41019,-1.14293,0.62497,-0.51504
2598,0.40939,-1.15833,0.62177,-0.53698
2599,0.40664,-1.17201,0.61829,-0.55753
2600,0.40173,-1.18403,0.61436,-0.57651
2601,0.39484,-1.19460,0.61005,-0.59372
2602,0.38583,-1.20369,0.60527,-0.60905
2603,0.37465,-1.21134,0.60001,-0.62249
2604,0.36136,-1.21763,0.59419,-0.63394
2605,0.34609,-1.22271,0.58776,-0.64316
2606,0.32882,-1.22680,0.58075,-0.65023
2607,0.30963,-1.22986,0.57322,-0.65495
2608,0.28858,-1.23221,0.56495,-0.65740
2609,0.26575,-1.23380,0.55603,-0.65752
2610,0.24129,-1.23484,0.54652,-0.65533
2611,0.21531,-1.23547,0.53629,-0.65078
2612,0.18800,-1.23581,0.52554,-0.64398
2613,0.15952,-1.23600,0.51431,-0.63490
2614,0.12995,-1.23613,0.50255,-0.62366
2615,0.09955,-1.23645,0.49042,-0.61032
2616,0.06852,-1.23683,0.47791,-0.59499
2617,0.03705,-1.23761,0.46515,-0.57770
2618,0.00528,-1.23878,0.45224,-0.55863
2619,-0.02652,-1.24042,0.43926,-0.53784
2620,-0.05810,-1.24267,0.42631,-0.51565
2621,-0.08931,-1.24563,0.41339,-0.49203
2622,-0.11997,-1.24924,0.40080,-0.46731
2623,-0.14968,-1.25357,0.38845,-0.44157
2624,-0.17844,-1.25868,0.37648,-0.41487
2625,-0.20611,-1.26460,0.36527,-0.38751
2626,-0.23233,-1.27124,0.35459,-0.35962
2627,-0.25705,-1.27863,0.34468,-0.33140
2628,-0.27996,-1.28666,0.33560,-0.30308
2629,-0.30112,-1.29544,0.32755,-0.27476
2630,-0.32022,-1.30490,0.32055,-0.24659
2631,-0.33727,-1.31493,0.31473,-0.21892
2632,-0.35210,-1.32534,0.31001,-0.19169
2633,-0.36459,-1.33617,0.30661,-0.16509
2634,-0.37481,-1.34745,0.30456,-0.13929
2635,-0.38268,-1.35881,0.30392,-0.11442
2636,-0.38803,-1.37030,0.30466,-0.09059
2637,-0.39108,-1.38189,0.30683,-0.06789
2638,-0.39174,-1.39332,0.31044,-0.04634
2639,-0.39007,-1.40454,0.31542,-0.02614
2640,-0.38617,-1.41535,0.32169,-0.00734
2641,-0.38004,-1.42575,0.32930,0.01013
2642,-0.37187,-1.43553,0.33826,0.02624
2643,-0.36163,-1.44466,0.34847,0.04099
2644,-0.34953,-1.45289,0.35986,0.05434
2645,-0.33576,-1.46016,0.37228,0.06632
2646,-0.32049,-1.46632,0.38548,0.07698
2647,-0.30373,-1.47127,0.39952,0.08644
2648,-0.28581,-1.47500,0.41429,0.09476
2649,-0.26686,-1.47732,0.42953,0.10193
2650,-0.24704,-1.47818,0.44518,0.10817
2651,-0.22655,-1.47745,0.46100,0.11355
2652,-0.20561,-1.47497,0.47689,0.11822
2653,-0.18447,-1.47081,0.49269,0.12228
2654,-0.16327,-1.46481,0.50818,0.12588
2655,-0.14218,-1.45698,0.52324,0.12917
2656,-0.12144,-1.44725,0.53764,0.13238
2657,-0.10121,-1.43554,0.55127,0.13548
2658,-0.08171,-1.42181,0.56392,0.13863
2659,-0.06314,-1.40612,0.57543,0.14205
2660,-0.04561,-1.38833,0.58554,0.14590
2661,-0.02932,-1.36856,0.59414,0.15014
2662,-0.01446,-1.34681,0.60122,0.15507
2663,-0.00109,-1.32311,0.60652,0.16072
2664,0.01067,-1.29744,0.60998,0.16721
2665,0.02077,-1.26982,0.61141,0.17465
2666,0.02906,-1.24024,0.61074,0.18298
2667,0.03541,-1.20890,0.60794,0.19241
2668,0.03984,-1.17580,0.60276,0.20292
2669,0.04221,-1.14100,0.59527,0.21447
2670,0.04257,-1.10455,0.58550,0.22711
2671,0.04084,-1.06657,0.57333,0.24084
2672,0.03700,-1.02713,0.55891,0.25555
2673,0.03113,-0.98626,0.54207,0.27127
2674,0.02322,-0.94425,0.52293,0.28790
2675,0.01329,-0.90115,0.50163,0.30543
2676,0.00143,-0.85702,0.47813,0.32363
2677,-0.01234,-0.81204,0.45258,0.34255
2678,-0.02799,-0.76623,0.42497,0.36197
2679,-0.04540,-0.71982,0.39542,0.38169
2680,-0.06454,-0.67296,0.36424,0.40165
2681,-0.08516,-0.62571,0.33152,0.42166
2682,-0.10723,-0.57834,0.29729,0.44158
2683,-0.13068,-0.53088,0.26180,0.46118
2684,-0.15540,-0.48345,0.22521,0.48037
2685,-0.18119,-0.43617,0.18775,0.49887
2686,-0.20788,-0.38921,0.14951,0.51668
2687,-0.23538,-0.34288,0.11083,0.53338
2688,-0.26365,-0.29712,0.07178,0.54895
2689,-0.29246,-0.25217,0.03255,0.56315
2690,-0.32170,-0.20814,-0.00665,0.57591
2691,-0.35141,-0.16518,-0.04567,0.58707
2692,-0.38122,-0.12342,-0.08417,0.59637
2693,-0.41107,-0.08278,-0.12225,0.60373
2694,-0.44080,-0.04355,-0.15956,0.60903
2695,-0.47038,-0.00578,-0.19610,0.61217
2696,-0.49957,0.03031,-0.23154,0.61309
2697,-0.52831,0.06469,-0.26573,0.61168
2698,-0.55647,0.09734,-0.29873,0.60788
2699,-0.58402,0.12824,-0.33020,0.60175
2700,-0.61078,0.15715,-0.36021,0.59308
2701,-0.63678,0.18414,-0.38864,0.58191
2702,-0.66184,0.20912,-0.41540,0.56831
2703,-0.68585,0.23198,-0.44046,0.55237
2704,-0.70878,0.25280,-0.46387,0.53401
2705,-0.73061,0.27145,-0.48550,0.51342
2706,-0.75123,0.28805,-0.50534,0.49066
2707,-0.77067,0.30248,-0.52338,0.46588
2708,-0.78883,0.31490,-0.53970,0.43913
2709,-0.80579,0.32510,-0.55438,0.41046
2710,-0.82140,0.33332,-0.56738,0.38019
2711,-0.83581,0.33953,-0.57870,0.34834
2712,-0.84890,0.34375,-0.58851,0.31527
2713,-0.86068,0.34612,-0.59690,0.28111
2714,-0.87119,0.34660,-0.60401,0.24600
2715,-0.88041,0.34531,-0.60984,0.21021
2716,-0.88849,0.34231,-0.61455,0.17393
2717,-0.89534,0.33761,-0.61815,0.13737
2718,-0.90105,0.33142,-0.62087,0.10077
2719,-0.90563,0.32384,-0.62265,0.06434
2720,-0.90920,0.31491,-0.62377,0.02843
2721,-0.91179,0.30483,-0.62443,-0.00694
2722,-0.91346,0.29364,-0.62448,-0.04146
2723,-0.91429,0.28147,-0.62415,-0.07491
2724,-0.91426,0.26837,-0.62352,-0.10715
2725,-0.91345,0.25452,-0.62278,-0.13776
2726,-0.91191,0.24003,-0.62197,-0.16681
2727,-0.90972,0.22499,-0.62122,-0.19409
2728,-0.90701,0.20966,-0.62060,-0.21929
2729,-0.90380,0.19394,-0.62009,-0.24240
2730,-0.90008,0.17792,-0.61982,-0.26322
2731,-0.89597,0.16186,-0.61986,-0.28162
2732,-0.89144,0.14593,-0.62016,-0.29757
2733,-0.88658,0.13010,-0.62089,-0.31100
2734,-0.88143,0.11456,-0.62196,-0.32174
2735,-0.87593,0.09927,-0.62337,-0.32981
2736,-0.87018,0.08447,-0.62509,-0.33525
2737,-0.86418,0.07019,-0.62730,-0.33800
2738,-0.85785,0.05644,-0.62978,-0.33802
2739,-0.85133,0.04339,-0.63264,-0.33527
2740,-0.84464,0.03092,-0.63574,-0.32996
2741,-0.83761,0.01917,-0.63901,-0.32211
2742,-0.83036,0.00837,-0.64253,-0.31177
2743,-0.82285,-0.00158,-0.64611,-0.29911
2744,-0.81493,-0.01075,-0.64972,-0.28411
2745,-0.80660,-0.01888,-0.65323,-0.26701
2746,-0.79787,-0.02628,-0.65661,-0.24782
2747,-0.78879,-0.03258,-0.65964,-0.22679
2748,-0.77925,-0.03796,-0.66235,-0.20401
2749,-0.76921,-0.04232,-0.66467,-0.17979
2750,-0.75856,-0.04582,-0.66646,-0.15408
2751,-0.74733,-0.04825,-0.66761,-0.12723
2752,-0.73556,-0.04972,-0.66812,-0.09930
2753,-0.72314,-0.05025,-0.66775,-0.07049
2754,-0.70998,-0.04979,-0.66651,-0.04099
2755,-0.69612,-0.04845,-0.66422,-0.01090
2756,-0.68142,-0.04620,-0.66079,0.01951
2757,-0.66600,-0.04311,-0.65634,0.05011
2758,-0.64972,-0.03914,-0.65054,0.08074
2759,-0.63269,-0.03425,-0.64346,0.11127
2760,-0.61486,-0.02862,-0.63504,0.14156
2761,-0.59625,-0.02210,-0.62523,0.17144
2762,-0.57680,-0.01484,-0.61398,0.20090
2763,-0.55658,-0.00693,-0.60121,0.22965
2764,-0.53559,0.00189,-0.58699,0.25769
2765,-0.51392,0.01136,-0.57121,0.28495
2766,-0.49157,0.02151,-0.55397,0.31126
2767,-0.46861,0.03229,-0.53514,0.33658
2768,-0.44498,0.04378,-0.51482,0.36103
2769,-0.42091,0.05596,-0.49304,0.38438
2770,-0.39636,0.06876,-0.46985,0.40658
2771,-0.37135,0.08216,-0.44519,0.42766
2772,-0.34608,0.09622,-0.41919,0.44764
2773,-0.32051,0.11083,-0.39192,0.46649
2774,-0.29480,0.12603,-0.36351,0.48418
2775,-0.26892,0.14172,-0.33386,0.50073
2776,-0.24313,0.15796,-0.30310,0.51617
2777,-0.21727,0.17473,-0.27144,0.53059
2778,-0.19159,0.19189,-0.23897,0.54388
2779,-0.16605,0.20943,-0.20568,0.55613
2780,-0.14075,0.22744,-0.17171,0.56732
2781,-0.11575,0.24581,-0.13722,0.57751
2782,-0.09110,0.26450,-0.10236,0.58669
2783,-0.06685,0.28351,-0.06709,0.59488
2784,-0.04298,0.30277,-0.03166,0.60221
2785,-0.01963,0.32220,0.00387,0.60869
2786,0.00326,0.34171,0.03933,0.61432
2787,0.02561,0.36129,0.07461,0.61905
2788,0.04747,0.38083,0.10954,0.62293
2789,0.06883,0.40032,0.14413,0.62604
2790,0.08973,0.41973,0.17815,0.62834
2791,0.11018,0.43894,0.21149,0.62999
2792,0.13018,0.45785,0.24408,0.63079
2793,0.14983,0.47645,0.27575,0.63090
2794,0.16906,0.49470,0.30649,0.63022
2795,0.18796,0.51243,0.33613,0.62882
2796,0.20660,0.52972,0.36461,0.62676
2797,0.22510,0.54640,0.39176,0.62407
2798,0.24345,0.56230,0.41751,0.62069
2799,0.26176,0.57757,0.44183,0.61660
2800,0.28013,0.59202,0.46455,0.61196
2801,0.29860,0.60561,0.48579,0.60673
2802,0.31721,0.61835,0.50533,0.60086
2803,0.33620,0.63016,0.52315,0.59450
2804,0.35557,0.64108,0.53917,0.58765
2805,0.37524,0.65107,0.55349,0.58024
2806,0.39554,0.66009,0.56596,0.57252
2807,0.41638,0.66801,0.57665,0.56429
2808,0.43787,0.67500,0.58539,0.55573
2809,0.46003,0.68112,0.59224,0.54678
2810,0.48302,0.68623,0.59734,0.53759
2811,0.50686,0.69041,0.60046,0.52816
2812,0.53157,0.69383,0.60180,0.51857
2813,0.55725,0.69631,0.60131,0.50887
2814,0.58384,0.69800,0.59898,0.49912
2815,0.61132,0.69898,0.59497,0.48934
2816,0.63975,0.69930,0.58918,0.47952
2817,0.66919,0.69894,0.58160,0.46969
2818,0.69955,0.69810,0.57235,0.45999
2819,0.73085,0.69671,0.56149,0.45046
2820,0.76303,0.69492,0.54912,0.44103
2821,0.79609,0.69269,0.53541,0.43176
2822,0.82990,0.69034,0.52017,0.42271
2823,0.86451,0.68779,0.50345,0.41373
2824,0.89976,0.68507,0.48551,0.40506
2825,0.93564,0.68237,0.46629,0.39647
2826,0.97198,0.67968,0.44590,0.38809
2827,1.00875,0.67701,0.42439,0.37988
2828,1.04588,0.67452,0.40190,0.37179
2829,1.08311,0.67220,0.37843,0.36377
2830,1.12031,0.67019,0.35401,0.35574
2831,1.15753,0.66846,0.32885,0.34761
2832,1.19460,0.66708,0.30294,0.33952
2833,1.23126,0.66607,0.27651,0.33128
2834,1.26753,0.66545,0.24953,0.32287
2835,1.30319,0.66514,0.22217,0.31419
2836,1.33812,0.66531,0.19446,0.30521
2837,1.37218,0.66583,0.16647,0.29580
2838,1.40518,0.66684,0.13835,0.28599
2839,1.43706,0.66823,0.11012,0.27565
2840,1.46762,0.66992,0.08200,0.26471
2841,1.49669,0.67194,0.05406,0.25311
2842,1.52427,0.67429,0.02638,0.24094
2843,1.55017,0.67691,-0.00091,0.22798
2844,1.57431,0.67976,-0.02769,0.21430
2845,1.59652,0.68282,-0.05393,0.19994
2846,1.61671,0.68598,-0.07947,0.18471
2847,1.63474,0.68919,-0.10413,0.16871
2848,1.65063,0.69247,-0.12789,0.15191
2849,1.66426,0.69571,-0.15057,0.13428
2850,1.67558,0.69891,-0.17218,0.11585
2851,1.68444,0.70199,-0.19242,0.09670
2852,1.69091,0.70492,-0.21134,0.07666
2853,1.69495,0.70758,-0.22875,0.05610
2854,1.69654,0.71007,-0.24456,0.03489
2855,1.69568,0.71224,-0.25883,0.01313
2856,1.69227,0.71414,-0.27131,-0.00906
2857,1.68652,0.71571,-0.28197,-0.03179
2858,1.67830,0.71698,-0.29080,-0.05484
2859,1.66768,0.71779,-0.29770,-0.07825
2860,1.65473,0.71819,-0.30258,-0.10177
2861,1.63951,0.71820,-0.30541,-0.12549
2862,1.62206,0.71780,-0.30618,-0.14917
2863,1.60259,0.71692,-0.30487,-0.17283
2864,1.58113,0.71567,-0.30153,-0.19632
2865,1.55765,0.71411,-0.29607,-0.21970
2866,1.53251,0.71215,-0.28854,-0.24290
2867,1.50565,0.70987,-0.27909,-0.26567
2868,1.47732,0.70720,-0.26760,-0.28802
2869,1.44747,0.70416,-0.25422,-0.30991
2870,1.41630,0.70089,-0.23895,-0.33137
2871,1.38399,0.69747,-0.22193,-0.35233
2872,1.35062,0.69381,-0.20331,-0.37267
2873,1.31640,0.68995,-0.18310,-0.39248
2874,1.28140,0.68583,-0.16163,-0.41172
2875,1.24590,0.68163,-0.13886,-0.43029
2876,1.20994,0.67731,-0.11493,-0.44827
2877,1.17365,0.67292,-0.09010,-0.46569
2878,1.13722,0.66865,-0.06439,-0.48263
2879,1.10071,0.66425,-0.03797,-0.49903
2880,1.06433,0.65997,-0.01117,-0.51498
2881,1.02812,0.65576,0.01590,-0.53046
2882,0.99231,0.65165,0.04314,-0.54567
2883,0.95685,0.64756,0.07026,-0.56049
2884,0.92197,0.64370,0.09729,-0.57501
2885,0.88766,0.63996,0.12396,-0.58924
2886,0.85407,0.63643,0.14996,-0.60330
2887,0.82126,0.63308,0.17530,-0.61741
2888,0.78932,0.62989,0.19981,-0.63142
2889,0.75820,0.62689,0.22334,-0.64542
2890,0.72809,0.62426,0.24577,-0.65949
2891,0.69897,0.62175,0.26694,-0.67369
2892,0.67081,0.61961,0.28680,-0.68807
2893,0.64382,0.61772,0.30524,-0.70249
2894,0.61774,0.61592,0.32205,-0.71721
2895,0.59285,0.61443,0.33731,-0.73211
2896,0.56915,0.61323,0.35097,-0.74709
2897,0.54651,0.61229,0.36287,-0.76227
2898,0.52490,0.61160,0.37310,-0.77762
2899,0.50430,0.61117,0.38160,-0.79309
2900,0.48474,0.61106,0.38837,-0.80871
2901,0.46617,0.61106,0.39337,-0.82432
2902,0.44852,0.61142,0.39672,-0.83979
2903,0.43192,0.61201,0.39851,-0.85519
2904,0.41617,0.61286,0.39871,-0.87032
2905,0.40133,0.61400,0.39740,-0.88520
2906,0.38724,0.61531,0.39454,-0.89977
2907,0.37392,0.61675,0.39044,-0.91377
2908,0.36144,0.61842,0.38497,-0.92713
2909,0.34959,0.62022,0.37837,-0.93977
2910,0.33845,0.62227,0.37062,-0.95159
2911,0.32794,0.62446,0.36185,-0.96239
2912,0.31811,0.62671,0.35215,-0.97205
2913,0.30877,0.62910,0.34157,-0.98058
2914,0.29995,0.63151,0.33025,-0.98788
2915,0.29167,0.63406,0.31824,-0.99376
2916,0.28381,0.63665,0.30565,-0.99811
2917,0.27648,0.63921,0.29274,-1.00087
2918,0.26966,0.64167,0.27926,-1.00187
2919,0.26310,0.64408,0.26555,-1.00113
2920,0.25704,0.64628,0.25143,-0.99849
2921,0.25135,0.64848,0.23708,-0.99400
2922,0.24600,0.65036,0.22249,-0.98758
2923,0.24110,0.65205,0.20776,-0.97911
2924,0.23655,0.65342,0.19285,-0.96865
2925,0.23227,0.65463,0.17777,-0.95620
2926,0.22839,0.65539,0.16258,-0.94178
2927,0.22485,0.65580,0.14728,-0.92538
2928,0.22166,0.65571,0.13184,-0.90708
2929,0.21875,0.65531,0.11614,-0.88689
2930,0.21621,0.65436,0.10011,-0.86484
2931,0.21388,0.65297,0.08379,-0.84102
2932,0.21195,0.65119,0.06717,-0.81554
2933,0.21026,0.64880,0.05019,-0.78837
2934,0.20887,0.64580,0.03273,-0.75975
2935,0.20784,0.64238,0.01479,-0.72975
2936,0.20700,0.63841,-0.00377,-0.69832
2937,0.20641,0.63390,-0.02293,-0.66579
2938,0.20602,0.62900,-0.04278,-0.63207
2939,0.20581,0.62352,-0.06340,-0.59740
2940,0.20572,0.61756,-0.08504,-0.56194
2941,0.20577,0.61121,-0.10752,-0.52577
2942,0.20595,0.60450,-0.13103,-0.48895
2943,0.20606,0.59745,-0.15551,-0.45185
2944,0.20621,0.59008,-0.18117,-0.41432
2945,0.20629,0.58248,-0.20796,-0.37666
2946,0.20631,0.57465,-0.23606,-0.33883
2947,0.20612,0.56672,-0.26531,-0.30105
2948,0.20574,0.55870,-0.29584,-0.26354
2949,0.20510,0.55067,-0.32760,-0.22622
2950,0.20411,0.54273,-0.36064,-0.18916
2951,0.20282,0.53498,-0.39504,-0.15272
2952,0.20099,0.52740,-0.43062,-0.11690
2953,0.19859,0.52013,-0.46749,-0.08166
2954,0.19559,0.51332,-0.50560,-0.04720
2955,0.19184,0.50692,-0.54485,-0.01366
2956,0.18741,0.50101,-0.58525,0.01893
2957,0.18210,0.49560,-0.62669,0.05055
2958,0.17590,0.49092,-0.66908,0.08110
2959,0.16870,0.48683,-0.71238,0.11043
2960,0.16056,0.48347,-0.75644,0.13848
2961,0.15130,0.48091,-0.80117,0.16526
2962,0.14087,0.47916,-0.84649,0.19074
2963,0.12925,0.47826,-0.89227,0.21484
2964,0.11644,0.47822,-0.93840,0.23740
2965,0.10233,0.47902,-0.98476,0.25848
2966,0.08683,0.48060,-1.03115,0.27791
2967,0.07007,0.48307,-1.07751,0.29579
2968,0.05194,0.48630,-1.12358,0.31199
2969,0.03255,0.49033,-1.16927,0.32649
2970,0.01190,0.49506,-1.21445,0.33934
2971,-0.01009,0.50043,-1.25888,0.35035
2972,-0.03339,0.50630,-1.30247,0.35957
2973,-0.05792,0.51272,-1.34502,0.36689
2974,-0.08355,0.51955,-1.38641,0.37237
2975,-0.11033,0.52670,-1.42651,0.37586
2976,-0.13810,0.53403,-1.46517,0.37746
2977,-0.16674,0.54139,-1.50220,0.37719
2978,-0.19637,0.54868,-1.53742,0.37486
2979,-0.22667,0.55582,-1.57079,0.37056
2980,-0.25746,0.56256,-1.60214,0.36439
2981,-0.28880,0.56885,-1.63138,0.35614
2982,-0.32045,0.57459,-1.65838,0.34596
2983,-0.35237,0.57954,-1.68293,0.33378
2984,-0.38429,0.58354,-1.70516,0.31970
2985,-0.41603,0.58646,-1.72492,0.30374
2986,-0.44769,0.58826,-1.74194,0.28588
2987,-0.47891,0.58862,-1.75648,0.26609
2988,-0.50954,0.58762,-1.76833,0.24453
2989,-0.53944,0.58504,-1.77752,0.22119
2990,-0.56836,0.58079,-1.78402,0.19622
2991,-0.59624,0.57469,-1.78786,0.16958
2992,-0.62309,0.56675,-1.78896,0.14145
2993,-0.64870,0.55682,-1.78737,0.11179
2994,-0.67286,0.54484,-1.78316,0.08075
2995,-0.69545,0.53070,-1.77646,0.04848
2996,-0.71638,0.51443,-1.76725,0.01502
2997,-0.73567,0.49585,-1.75563,-0.01952
2998,-0.75326,0.47513,-1.74160,-0.05489
2999,-0.76891,0.45220,-1.72534,-0.09114
3000,-0.78273,0.42709,-1.70696,-0.12806
3001,-0.79450,0.39976,-1.68659,-0.16561
3002,-0.80441,0.37030,-1.66441,-0.20353
3003,-0.81231,0.33879,-1.64049,-0.24169
3004,-0.81822,0.30530,-1.61504,-0.27995
3005,-0.82210,0.26984,-1.58810,-0.31813
3006,-0.82421,0.23262,-1.55988,-0.35609
3007,-0.82440,0.19363,-1.53050,-0.39368
3008,-0.82270,0.15298,-1.50021,-0.43081
3009,-0.81939,0.11097,-1.46911,-0.46731
3010,-0.81436,0.06761,-1.43740,-0.50309
3011,-0.80785,0.02306,-1.40517,-0.53786
3012,-0.79975,-0.02253,-1.37251,-0.57158
3013,-0.79029,-0.06893,-1.33967,-0.60412
3014,-0.77952,-0.11606,-1.30677,-0.63536
3015,-0.76763,-0.16366,-1.27388,-0.66512
3016,-0.75461,-0.21163,-1.24122,-0.69326
3017,-0.74066,-0.25978,-1.20884,-0.71993
3018,-0.72582,-0.30791,-1.17680,-0.74481
3019,-0.71037,-0.35581,-1.14527,-0.76796
3020,-0.69423,-0.40339,-1.11434,-0.78922
3021,-0.67754,-0.45030,-1.08400,-0.80859
3022,-0.66047,-0.49656,-1.05437,-0.82595
3023,-0.64309,-0.54186,-1.02541,-0.84138
3024,-0.62544,-0.58612,-0.99727,-0.85475
3025,-0.60770,-0.62906,-0.96983,-0.86618
3026,-0.58980,-0.67071,-0.94315,-0.87557
3027,-0.57189,-0.71072,-0.91726,-0.88298
3028,-0.55403,-0.74902,-0.89208,-0.88848
3029,-0.53631,-0.78562,-0.86763,-0.89204
3030,-0.51875,-0.82018,-0.84386,-0.89382
3031,-0.50138,-0.85269,-0.82076,-0.89379
3032,-0.48423,-0.88305,-0.79824,-0.89197
3033,-0.46726,-0.91117,-0.77625,-0.88850
3034,-0.45045,-0.93686,-0.75466,-0.88349
3035,-0.43396,-0.96000,-0.73357,-0.87711
3036,-0.41775,-0.98081,-0.71279,-0.86939
3037,-0.40173,-0.99889,-0.69220,-0.86049
3038,-0.38596,-1.01432,-0.67176,-0.85047
3039,-0.37041,-1.02713,-0.65139,-0.83950
3040,-0.35500,-1.03732,-0.63107,-0.82764
3041,-0.33976,-1.04476,-0.61070,-0.81502
3042,-0.32477,-1.04941,-0.59015,-0.80201
3043,-0.30999,-1.05142,-0.56935,-0.78847
3044,-0.29518,-1.05068,-0.54829,-0.77473
3045,-0.28045,-1.04731,-0.52686,-0.76081
3046,-0.26578,-1.04136,-0.50508,-0.74688
3047,-0.25115,-1.03268,-0.48288,-0.73316
3048,-0.23645,-1.02150,-0.46017,-0.71965
3049,-0.22173,-1.00772,-0.43685,-0.70661
3050,-0.20694,-0.99157,-0.41304,-0.69401
3051,-0.19213,-0.97312,-0.38852,-0.68204
3052,-0.17721,-0.95237,-0.36343,-0.67087
3053,-0.16219,-0.92955,-0.33782,-0.66052
3054,-0.14705,-0.90459,-0.31149,-0.65110
3055,-0.13177,-0.87779,-0.28453,-0.64269
3056,-0.11631,-0.84921,-0.25688,-0.63540
3057,-0.10072,-0.81891,-0.22873,-0.62919
3058,-0.08489,-0.78689,-0.19984,-0.62420
3059,-0.06893,-0.75347,-0.17052,-0.62049
3060,-0.05281,-0.71869,-0.14063,-0.61815
3061,-0.03653,-0.68277,-0.11021,-0.61718
3062,-0.02011,-0.64579,-0.07930,-0.61739
3063,-0.00359,-0.60790,-0.04794,-0.61897
3064,0.01304,-0.56925,-0.01616,-0.62185
3065,0.02973,-0.53006,0.01590,-0.62601
3066,0.04646,-0.49029,0.04826,-0.63143
3067,0.06325,-0.45025,0.08090,-0.63815
3068,0.07998,-0.40997,0.11370,-0.64608
3069,0.09670,-0.36962,0.14672,-0.65496
3070,0.11335,-0.32937,0.17973,-0.66489
3071,0.12979,-0.28944,0.21276,-0.67586
3072,0.14607,-0.24988,0.24570,-0.68767
3073,0.16233,-0.21084,0.27847,-0.70019
3074,0.17823,-0.17235,0.31100,-0.71338
3075,0.19391,-0.13475,0.34331,-0.72712
3076,0.20910,-0.09796,0.37524,-0.74135
3077,0.22404,-0.06230,0.40674,-0.75600
3078,0.23843,-0.02775,0.43761,-0.77085
3079,0.25227,0.00555,0.46782,-0.78588
3080,0.26556,0.03739,0.49733,-0.80087
3081,0.27836,0.06784,0.52609,-0.81577
3082,0.29028,0.09662,0.55380,-0.83052
3083,0.30149,0.12368,0.58062,-0.84497
3084,0.31200,0.14894,0.60621,-0.85894
3085,0.32159,0.17232,0.63059,-0.87251
3086,0.33025,0.19370,0.65354,-0.88549
3087,0.33795,0.21309,0.67515,-0.89778
3088,0.34465,0.23030,0.69505,-0.90943
3089,0.35020,0.24533,0.71330,-0.92015
3090,0.35469,0.25807,0.72968,-0.93000
3091,0.35798,0.26856,0.74408,-0.93892
3092,0.36008,0.27663,0.75621,-0.94687
3093,0.36097,0.28228,0.76625,-0.95390
3094,0.36063,0.28541,0.77390,-0.95988
3095,0.35907,0.28603,0.77904,-0.96479
3096,0.35618,0.28413,0.78159,-0.96873
3097,0.35215,0.27975,0.78143,-0.97158
3098,0.34681,0.27276,0.77833,-0.97341
3099,0.34025,0.26321,0.77244,-0.97424
3100,0.33248,0.25098,0.76337,-0.97408
3101,0.32350,0.23628,0.75119,-0.97289
3102,0.31337,0.21910,0.73581,-0.97076
3103,0.30221,0.19939,0.71712,-0.96775
3104,0.29004,0.17705,0.69513,-0.96385
3105,0.27691,0.15232,0.66975,-0.95930
3106,0.26291,0.12518,0.64096,-0.95395
3107,0.24807,0.09561,0.60876,-0.94791
3108,0.23255,0.06382,0.57303,-0.94130
3109,0.21639,0.02986,0.53394,-0.93407
3110,0.19967,-0.00632,0.49145,-0.92638
3111,0.18257,-0.04447,0.44569,-0.91837
3112,0.16512,-0.08458,0.39664,-0.90997
3113,0.14748,-0.12666,0.34445,-0.90130
3114,0.12976,-0.17048,0.28919,-0.89238
3115,0.11215,-0.21589,0.23114,-0.88327
3116,0.09461,-0.26288,0.17030,-0.87406
3117,0.07730,-0.31133,0.10691,-0.86461
3118,0.06037,-0.36104,0.04110,-0.85511
3119,0.04386,-0.41198,-0.02689,-0.84567
3120,0.02792,-0.46390,-0.09672,-0.83614
3121,0.01260,-0.51670,-0.16825,-0.82670
3122,-0.00193,-0.57028,-0.24131,-0.81732
3123,-0.01563,-0.62452,-0.31554,-0.80791
3124,-0.02844,-0.67930,-0.39065,-0.79863
3125,-0.04023,-0.73429,-0.46635,-0.78946
3126,-0.05097,-0.78956,-0.54236,-0.78012
3127,-0.06063,-0.84488,-0.61842,-0.77084
3128,-0.06903,-0.90009,-0.69405,-0.76165
3129,-0.07628,-0.95509,-0.76903,-0.75235
3130,-0.08227,-1.00971,-0.84312,-0.74295
3131,-0.08697,-1.06383,-0.91593,-0.73352
3132,-0.09028,-1.11724,-0.98713,-0.72400
3133,-0.09223,-1.16986,-1.05654,-0.71433
3134,-0.09278,-1.22153,-1.12369,-0.70448
3135,-0.09204,-1.27207,-1.18847,-0.69438
3136,-0.08975,-1.32139,-1.25052,-0.68401
3137,-0.08615,-1.36938,-1.30955,-0.67339
3138,-0.08128,-1.41594,-1.36538,-0.66259
3139,-0.07493,-1.46079,-1.41789,-0.65137
3140,-0.06711,-1.50398,-1.46678,-0.63980
3141,-0.05796,-1.54514,-1.51194,-0.62781
3142,-0.04756,-1.58426,-1.55311,-0.61558
3143,-0.03580,-1.62120,-1.59028,-0.60296
3144,-0.02273,-1.65594,-1.62335,-0.59003
3145,-0.00842,-1.68819,-1.65219,-0.57676
3146,0.00718,-1.71793,-1.67678,-0.56312
3147,0.02410,-1.74499,-1.69705,-0.54924
3148,0.04216,-1.76931,-1.71307,-0.53509
3149,0.06124,-1.79075,-1.72483,-0.52073
3150,0.08152,-1.80924,-1.73241,-0.50626
3151,0.10288,-1.82466,-1.73584,-0.49173
3152,0.12523,-1.83688,-1.73523,-0.47719
3153,0.14866,-1.84588,-1.73066,-0.46260
3154,0.17307,-1.85161,-1.72237,-0.44813
3155,0.19833,-1.85398,-1.71055,-0.43391
3156,0.22436,-1.85290,-1.69524,-0.41991
3157,0.25123,-1.84835,-1.67655,-0.40620
3158,0.27881,-1.84042,-1.65485,-0.39295
3159,0.30699,-1.82898,-1.63016,-0.38016
3160,0.33568,-1.81398,-1.60286,-0.36798
3161,0.36497,-1.79556,-1.57320,-0.35637
3162,0.39459,-1.77361,-1.54122,-0.34541
3163,0.42440,-1.74833,-1.50728,-0.33527
3164,0.45443,-1.71977,-1.47151,-0.32584
3165,0.48456,-1.68794,-1.43423,-0.31734
3166,0.51462,-1.65295,-1.39561,-0.30969
3167,0.54458,-1.61494,-1.35593,-0.30296
3168,0.57429,-1.57407,-1.31532,-0.29717
3169,0.60351,-1.53048,-1.27399,-0.29241
3170,0.63215,-1.48431,-1.23214,-0.28858
3171,0.66009,-1.43568,-1.18994,-0.28571
3172,0.68720,-1.38490,-1.14748,-0.28377
3173,0.71336,-1.33220,-1.10508,-0.28275
3174,0.73841,-1.27772,-1.06282,-0.28261
3175,0.76221,-1.22177,-1.02079,-0.28333
3176,0.78438,-1.16464,-0.97904,-0.28476
3177,0.80513,-1.10657,-0.93776,-0.28697
3178,0.82411,-1.04782,-0.89703,-0.28974
3179,0.84117,-0.98865,-0.85688,-0.29313
3180,0.85629,-0.92940,-0.81751,-0.29708
3181,0.86934,-0.87029,-0.77892,-0.30137
3182,0.87999,-0.81162,-0.74116,-0.30618
3183,0.88827,-0.75366,-0.70421,-0.31109
3184,0.89413,-0.69678,-0.66812,-0.31615
3185,0.89732,-0.64109,-0.63282,-0.32119
3186,0.89787,-0.58696,-0.59833,-0.32624
3187,0.89568,-0.53466,-0.56480,-0.33117
3188,0.89054,-0.48447,-0.53217,-0.33586
3189,0.88257,-0.43648,-0.50036,-0.34020
3190,0.87176,-0.39095,-0.46942,-0.34406
3191,0.85799,-0.34804,-0.43926,-0.34750
3192,0.84132,-0.30797,-0.40984,-0.35026
3193,0.82175,-0.27087,-0.38125,-0.35238
3194,0.79940,-0.23691,-0.35347,-0.35373
3195,0.77424,-0.20607,-0.32633,-0.35447
3196,0.74637,-0.17869,-0.29986,-0.35432
3197,0.71588,-0.15450,-0.27418,-0.35337
3198,0.68284,-0.13376,-0.24917,-0.35143
3199,0.64741,-0.11628,-0.22476,-0.34869
3200,0.60975,-0.10222,-0.20106,-0.34500
3201,0.57002,-0.09136,-0.17799,-0.34038
3202,0.52818,-0.08378,-0.15552,-0.33477
3203,0.48475,-0.07935,-0.13374,-0.32829
3204,0.43973,-0.07781,-0.11245,-0.32097
3205,0.39342,-0.07919,-0.09176,-0.31272
3206,0.34597,-0.08331,-0.07163,-0.30369
3207,0.29761,-0.08988,-0.05213,-0.29393
3208,0.24864,-0.09876,-0.03315,-0.28337
3209,0.19924,-0.10975,-0.01482,-0.27217
3210,0.14970,-0.12263,0.00292,-0.26034
3211,0.10016,-0.13707,0.02009,-0.24796
3212,0.05090,-0.15291,0.03655,-0.23503
3213,0.00224,-0.16986,0.05252,-0.22179
3214,-0.04558,-0.18778,0.06786,-0.20809
3215,-0.09238,-0.20616,0.08268,-0.19419
3216,-0.13809,-0.22491,0.09689,-0.18005
3217,-0.18225,-0.24384,0.11054,-0.16559
3218,-0.22476,-0.26252,0.12354,-0.15114
3219,-0.26549,-0.28074,0.13596,-0.13656
3220,-0.30417,-0.29838,0.14795,-0.12200
3221,-0.34076,-0.31508,0.15944,-0.10756
3222,-0.37501,-0.33070,0.17051,-0.09317
3223,-0.40684,-0.34496,0.18103,-0.07885
3224,-0.43618,-0.35774,0.19114,-0.06464
3225,-0.46285,-0.36885,0.20093,-0.05074
3226,-0.48672,-0.37812,0.21031,-0.03692
3227,-0.50785,-0.38562,0.21943,-0.02318
3228,-0.52611,-0.39093,0.22830,-0.00972
3229,-0.54147,-0.39408,0.23688,0.00361
3230,-0.55395,-0.39497,0.24531,0.01675
3231,-0.56356,-0.39365,0.25358,0.02981
3232,-0.57033,-0.39016,0.26178,0.04277
3233,-0.57421,-0.38444,0.26987,0.05566
3234,-0.57527,-0.37642,0.27796,0.06865
3235,-0.57352,-0.36631,0.28598,0.08175
3236,-0.56904,-0.35408,0.29416,0.09507
3237,-0.56199,-0.33974,0.30235,0.10850
3238,-0.55228,-0.32338,0.31060,0.12225
3239,-0.54010,-0.30517,0.31897,0.13628
3240,-0.52554,-0.28521,0.32742,0.15071
3241,-0.50863,-0.26370,0.33603,0.16564
3242,-0.48967,-0.24088,0.34466,0.18113
3243,-0.46866,-0.21668,0.35342,0.19719
3244,-0.44559,-0.19142,0.36225,0.21382
3245,-0.42065,-0.16527,0.37121,0.23116
3246,-0.39410,-0.13838,0.38019,0.24929
3247,-0.36583,-0.11083,0.38910,0.26821
3248,-0.33625,-0.08293,0.39791,0.28787
3249,-0.30526,-0.05491,0.40667,0.30840
3250,-0.27315,-0.02680,0.41512,0.32975
3251,-0.23987,0.00121,0.42334,0.35198
3252,-0.20581,0.02895,0.43123,0.37500
3253,-0.17087,0.05618,0.43863,0.39879
3254,-0.13535,0.08284,0.44561,0.42340
3255,-0.09935,0.10880,0.45198,0.44873
3256,-0.06311,0.13390,0.45768,0.47472
3257,-0.02657,0.15820,0.46263,0.50125
3258,0.00990,0.18138,0.46670,0.52829
3259,0.04616,0.20344,0.46995,0.55567
3260,0.08217,0.22422,0.47218,0.58338
3261,0.11774,0.24375,0.47336,0.61124
3262,0.15265,0.26205,0.47340,0.63909
3263,0.18666,0.27899,0.47241,0.66698
3264,0.21976,0.29463,0.47018,0.69456
3265,0.25164,0.30884,0.46661,0.72175
3266,0.28214,0.32165,0.46179,0.74843
3267,0.31103,0.33319,0.45576,0.77447
3268,0.33823,0.34352,0.44835,0.79965
3269,0.36351,0.35252,0.43964,0.82385
3270,0.38675,0.36030,0.42975,0.84688
3271,0.40774,0.36685,0.41867,0.86873
3272,0.42629,0.37230,0.40637,0.88919
3273,0.44230,0.37676,0.39299,0.90807
3274,0.45555,0.38018,0.37847,0.92528
3275,0.46598,0.38279,0.36309,0.94067
3276,0.47336,0.38452,0.34668,0.95410
3277,0.47771,0.38542,0.32942,0.96548
3278,0.47875,0.38578,0.31147,0.97491
3279,0.47634,0.38559,0.29283,0.98207
3280,0.47054,0.38483,0.27367,0.98711
3281,0.46131,0.38354,0.25407,0.98980
3282,0.44852,0.38193,0.23418,0.99021
3283,0.43210,0.37995,0.21410,0.98841
3284,0.41212,0.37768,0.19399,0.98422
3285,0.38851,0.37518,0.17384,0.97776
3286,0.36135,0.37245,0.15374,0.96905
3287,0.33067,0.36974,0.13390,0.95811
3288,0.29653,0.36687,0.11430,0.94508
3289,0.25898,0.36400,0.09504,0.92995
3290,0.21807,0.36102,0.07632,0.91287
3291,0.17408,0.35814,0.05806,0.89394
3292,0.12703,0.35529,0.04033,0.87309
3293,0.07714,0.35251,0.02323,0.85067
3294,0.02456,0.34981,0.00684,0.82685
3295,-0.03058,0.34709,-0.00889,0.80164
3296,-0.08796,0.34444,-0.02394,0.77523
3297,-0.14740,0.34189,-0.03820,0.74774
3298,-0.20875,0.33949,-0.05175,0.71936
3299,-0.27164,0.33722,-0.06460,0.69023
3300,-0.33583,0.33492,-0.07674,0.66055
3301,-0.40114,0.33276,-0.08815,0.63031
3302,-0.46718,0.33079,-0.09892,0.59982
3303,-0.53372,0.32890,-0.10910,0.56924
3304,-0.60045,0.32708,-0.11860,0.53869
3305,-0.66717,0.32542,-0.12753,0.50823
3306,-0.73362,0.32395,-0.13591,0.47810
3307,-0.79945,0.32261,-0.14380,0.44831
3308,-0.86434,0.32142,-0.15114,0.41899
3309,-0.92806,0.32042,-0.15806,0.39033
3310,-0.99031,0.31966,-0.16460,0.36246
3311,-1.05096,0.31920,-0.17068,0.33533
3312,-1.10955,0.31894,-0.17643,0.30909
3313,-1.16587,0.31912,-0.18186,0.28378
3314,-1.21978,0.31956,-0.18689,0.25943
3315,-1.27112,0.32035,-0.19146,0.23607
3316,-1.31944,0.32158,-0.19577,0.21371
3317,-1.36463,0.32320,-0.19962,0.19247
3318,-1.40656,0.32532,-0.20321,0.17225
3319,-1.44500,0.32792,-0.20641,0.15319
3320,-1.47981,0.33112,-0.20915,0.13513
3321,-1.51085,0.33473,-0.21148,0.11799
3322,-1.53799,0.33897,-0.21335,0.10189
3323,-1.56103,0.34386,-0.21469,0.08682
3324,-1.57989,0.34929,-0.21556,0.07266
3325,-1.59451,0.35540,-0.21584,0.05947
3326,-1.60481,0.36209,-0.21544,0.04705
3327,-1.61073,0.36937,-0.21439,0.03544
3328,-1.61227,0.37733,-0.21278,0.02460
3329,-1.60942,0.38593,-0.21037,0.01457
3330,-1.60199,0.39511,-0.20710,0.00509
3331,-1.59007,0.40486,-0.20305,-0.00360
3332,-1.57372,0.41508,-0.19826,-0.01173
3333,-1.55285,0.42581,-0.19258,-0.01931
3334,-1.52768,0.43697,-0.18599,-0.02644
3335,-1.49813,0.44849,-0.17853,-0.03303
3336,-1.46432,0.46033,-0.17018,-0.03921
3337,-1.42632,0.47239,-0.16093,-0.04490
3338,-1.38425,0.48461,-0.15063,-0.05010
3339,-1.33819,0.49698,-0.13954,-0.05482
3340,-1.28834,0.50930,-0.12754,-0.05905
3341,-1.23490,0.52161,-0.11461,-0.06277
3342,-1.17782,0.53365,-0.10079,-0.06610
3343,-1.11737,0.54548,-0.08618,-0.06886
3344,-1.05375,0.55702,-0.07081,-0.07107
3345,-0.98713,0.56805,-0.05457,-0.07267
3346,-0.91777,0.57847,-0.03765,-0.07369
3347,-0.84579,0.58834,-0.02006,-0.07405
3348,-0.77145,0.59751,-0.00177,-0.07374
3349,-0.69515,0.60577,0.01711,-0.07271
3350,-0.61695,0.61320,0.03652,-0.07082
3351,-0.53709,0.61983,0.05644,-0.06814
3352,-0.45599,0.62545,0.07679,-0.06458
3353,-0.37388,0.63003,0.09766,-0.06009
3354,-0.29094,0.63353,0.11890,-0.05460
3355,-0.20764,0.63594,0.14047,-0.04798
3356,-0.12408,0.63713,0.16245,-0.04043
3357,-0.04057,0.63719,0.18466,-0.03175
3358,0.04254,0.63602,0.20714,-0.02197
3359,0.12493,0.63365,0.22982,-0.01114
3360,0.20643,0.63010,0.25258,0.00082
3361,0.28671,0.62538,0.27554,0.01391
3362,0.36538,0.61951,0.29869,0.02814
3363,0.44234,0.61251,0.32209,0.04350
3364,0.51722,0.60435,0.34552,0.05985
3365,0.58985,0.59510,0.36905,0.07716
3366,0.65988,0.58477,0.39258,0.09548
3367,0.72714,0.57345,0.41614,0.11462
3368,0.79141,0.56122,0.43989,0.13474
3369,0.85247,0.54806,0.46372,0.15561
3370,0.91010,0.53405,0.48755,0.17725
3371,0.96418,0.51935,0.51131,0.19950
3372,1.01461,0.50383,0.53522,0.22228
3373,1.06117,0.48759,0.55915,0.24536
3374,1.10370,0.47059,0.58300,0.26881
3375,1.14213,0.45301,0.60690,0.29242
3376,1.17637,0.43491,0.63072,0.31602
3377,1.20650,0.41626,0.65446,0.33958
3378,1.23217,0.39703,0.67811,0.36288
3379,1.25357,0.37734,0.70149,0.38592
3380,1.27055,0.35717,0.72473,0.40844
3381,1.28324,0.33659,0.74769,0.43035
3382,1.29160,0.31549,0.77049,0.45163
3383,1.29557,0.29404,0.79283,0.47208
3384,1.29529,0.27208,0.81485,0.49158
3385,1.29082,0.24968,0.83644,0.51005
3386,1.28238,0.22693,0.85751,0.52740
3387,1.26994,0.20360,0.87803,0.54343
3388,1.25354,0.17989,0.89793,0.55823
3389,1.23332,0.15573,0.91711,0.57149
3390,1.20948,0.13100,0.93548,0.58329
3391,1.18233,0.10574,0.95305,0.59356
3392,1.15183,0.07995,0.96973,0.60225
3393,1.11826,0.05364,0.98544,0.60933
3394,1.08166,0.02670,1.00020,0.61471
3395,1.04237,-0.00077,1.01375,0.61851
3396,1.00049,-0.02888,1.02622,0.62073
3397,0.95637,-0.05758,1.03737,0.62127
3398,0.91007,-0.08687,1.04740,0.62027
3399,0.86194,-0.11678,1.05605,0.61775
3400,0.81206,-0.14720,1.06334,0.61375
3401,0.76080,-0.17814,1.06920,0.60828
3402,0.70839,-0.20950,1.07370,0.60143
3403,0.65490,-0.24137,1.07675,0.59341
3404,0.60072,-0.27376,1.07834,0.58421
3405,0.54606,-0.30649,1.07835,0.57396
3406,0.49121,-0.33942,1.07683,0.56279
3407,0.43634,-0.37251,1.07388,0.55081
3408,0.38159,-0.40583,1.06933,0.53806
3409,0.32737,-0.43913,1.06329,0.52474
3410,0.27374,-0.47240,1.05566,0.51100
3411,0.22105,-0.50559,1.04653,0.49687
3412,0.16953,-0.53847,1.03592,0.48258
3413,0.11928,-0.57116,1.02379,0.46818
3414,0.07058,-0.60342,1.01014,0.45389
3415,0.02361,-0.63509,0.99514,0.43984
3416,-0.02150,-0.66614,0.97859,0.42605
3417,-0.06439,-0.69637,0.96067,0.41267
3418,-0.10520,-0.72594,0.94134,0.39983
3419,-0.14369,-0.75449,0.92065,0.38763
3420,-0.17978,-0.78201,0.89859,0.37610
3421,-0.21312,-0.80840,0.87526,0.36532
3422,-0.24381,-0.83381,0.85077,0.35538
3423,-0.27167,-0.85793,0.82506,0.34635
3424,-0.29665,-0.88076,0.79825,0.33822
3425,-0.31873,-0.90229,0.77037,0.33115
3426,-0.33788,-0.92251,0.74146,0.32501
3427,-0.35400,-0.94148,0.71156,0.31990
3428,-0.36721,-0.95913,0.68084,0.31581
3429,-0.37737,-0.97546,0.64923,0.31265
3430,-0.38469,-0.99050,0.61686,0.31044
3431,-0.38898,-1.00427,0.58378,0.30913
3432,-0.39047,-1.01685,0.55021,0.30875
3433,-0.38925,-1.02819,0.51606,0.30922
3434,-0.38528,-1.03850,0.48149,0.31046
3435,-0.37877,-1.04772,0.44659,0.31237
3436,-0.36978,-1.05610,0.41149,0.31498
3437,-0.35841,-1.06370,0.37624,0.31814
3438,-0.34470,-1.07048,0.34091,0.32169
3439,-0.32895,-1.07673,0.30567,0.32565
3440,-0.31116,-1.08242,0.27075,0.32993
3441,-0.29153,-1.08772,0.23601,0.33439
3442,-0.27019,-1.09280,0.20166,0.33895
3443,-0.24744,-1.09780,0.16783,0.34362
3444,-0.22328,-1.10267,0.13455,0.34816
3445,-0.19799,-1.10763,0.10190,0.35258
3446,-0.17161,-1.11275,0.06993,0.35675
3447,-0.14425,-1.11817,0.03879,0.36068
3448,-0.11620,-1.12397,0.00857,0.36427
3449,-0.08749,-1.13024,-0.02071,0.36741
3450,-0.05829,-1.13711,-0.04893,0.37017
3451,-0.02870,-1.14455,-0.07613,0.37248
3452,0.00096,-1.15268,-0.10228,0.37431
3453,0.03081,-1.16152,-0.12734,0.37540
3454,0.06065,-1.17109,-0.15127,0.37609
3455,0.09033,-1.18137,-0.17415,0.37609
3456,0.11975,-1.19237,-0.19605,0.37555
3457,0.14887,-1.20414,-0.21693,0.37445
3458,0.17761,-1.21660,-0.23687,0.37267
3459,0.20577,-1.22968,-0.25593,0.37041
3460,0.23342,-1.24340,-0.27419,0.36752
3461,0.26040,-1.25758,-0.29161,0.36417
3462,0.28664,-1.27234,-0.30847,0.36029
3463,0.31215,-1.28735,-0.32484,0.35582
3464,0.33682,-1.30265,-0.34068,0.35087
3465,0.36065,-1.31800,-0.35627,0.34551
3466,0.38350,-1.33348,-0.37166,0.33960
3467,0.40539,-1.34882,-0.38695,0.33332
3468,0.42621,-1.36390,-0.40233,0.32654
3469,0.44594,-1.37855,-0.41786,0.31937
3470,0.46463,-1.39262,-0.43379,0.31172
3471,0.48208,-1.40596,-0.45001,0.30367
3472,0.49828,-1.41852,-0.46675,0.29515
3473,0.51320,-1.43008,-0.48415,0.28625
3474,0.52674,-1.44059,-0.50229,0.27688
3475,0.53878,-1.44971,-0.52131,0.26706
3476,0.54950,-1.45746,-0.54115,0.25678
3477,0.55863,-1.46370,-0.56184,0.24600
3478,0.56607,-1.46822,-0.58346,0.23466
3479,0.57183,-1.47089,-0.60616,0.22264
3480,0.57593,-1.47166,-0.62985,0.21012
3481,0.57810,-1.47043,-0.65446,0.19685
3482,0.57836,-1.46709,-0.67996,0.18298
3483,0.57658,-1.46154,-0.70645,0.16837
3484,0.57264,-1.45367,-0.73366,0.15289
3485,0.56665,-1.44356,-0.76163,0.13663
3486,0.55848,-1.43114,-0.79034,0.11957
3487,0.54799,-1.41624,-0.81946,0.10166
3488,0.53514,-1.39905,-0.84903,0.08303
3489,0.51982,-1.37940,-0.87886,0.06342
3490,0.50207,-1.35726,-0.90886,0.04296
3491,0.48182,-1.33286,-0.93875,0.02160
3492,0.45904,-1.30603,-0.96853,-0.00055
3493,0.43364,-1.27689,-0.99783,-0.02355
3494,0.40568,-1.24539,-1.02658,-0.04740
3495,0.37521,-1.21169,-1.05456,-0.07198
3496,0.34222,-1.17577,-1.08164,-0.09718
3497,0.30662,-1.13792,-1.10758,-0.12292
3498,0.26862,-1.09821,-1.13219,-0.14927
3499,0.22829,-1.05660,-1.15523,-0.17609
3500,0.18566,-1.01333,-1.17668,-0.20332
3501,0.14081,-0.96833,-1.19629,-0.23072
3502,0.09396,-0.92188,-1.21403,-0.25826
3503,0.04516,-0.87415,-1.22957,-0.28592
3504,-0.00544,-0.82525,-1.24283,-0.31350
3505,-0.05777,-0.77526,-1.25370,-0.34073
3506,-0.11147,-0.72445,-1.26218,-0.36781
3507,-0.16636,-0.67292,-1.26818,-0.39436
3508,-0.22242,-0.62079,-1.27145,-0.42017
3509,-0.27922,-0.56833,-1.27210,-0.44522
3510,-0.33668,-0.51573,-1.27005,-0.46935
3511,-0.39463,-0.46307,-1.26525,-0.49251
3512,-0.45261,-0.41055,-1.25783,-0.51448
3513,-0.51059,-0.35838,-1.24771,-0.53527
3514,-0.56825,-0.30676,-1.23500,-0.55468
3515,-0.62537,-0.25591,-1.21972,-0.57257
3516,-0.68158,-0.20599,-1.20201,-0.58889
3517,-0.73696,-0.15717,-1.18189,-0.60347
3518,-0.79106,-0.10973,-1.15952,-0.61620
3519,-0.84373,-0.06364,-1.13496,-0.62713
3520,-0.89476,-0.01926,-1.10843,-0.63621
3521,-0.94390,0.02330,-1.08010,-0.64326
3522,-0.99110,0.06378,-1.05008,-0.64840
3523,-1.03616,0.10216,-1.01867,-0.65148
3524,-1.07881,0.13829,-0.98591,-0.65244
3525,-1.11913,0.17196,-0.95209,-0.65147
3526,-1.15689,0.20297,-0.91746,-0.64838
3527,-1.19195,0.23137,-0.88215,-0.64330
3528,-1.22436,0.25688,-0.84644,-0.63629
3529,-1.25407,0.27950,-0.81048,-0.62732
3530,-1.28099,0.29913,-0.77451,-0.61649
3531,-1.30525,0.31575,-0.73891,-0.60386
3532,-1.32670,0.32936,-0.70360,-0.58925
3533,-1.34552,0.33984,-0.66896,-0.57304
3534,-1.36166,0.34722,-0.63510,-0.55518
3535,-1.37531,0.35141,-0.60215,-0.53574
3536,-1.38643,0.35255,-0.57054,-0.51491
3537,-1.39517,0.35071,-0.54024,-0.49270
3538,-1.40152,0.34581,-0.51147,-0.46935
3539,-1.40589,0.33811,-0.48431,-0.44483
3540,-1.40821,0.32761,-0.45893,-0.41922
3541,-1.40870,0.31450,-0.43529,-0.39270
3542,-1.40742,0.29887,-0.41369,-0.36529
3543,-1.40461,0.28080,-0.39411,-0.33710
3544,-1.40032,0.26056,-0.37651,-0.30835
3545,-1.39475,0.23828,-0.36105,-0.27902
3546,-1.38811,0.21418,-0.34762,-0.24926
3547,-1.38051,0.18846,-0.33634,-0.21915
3548,-1.37205,0.16132,-0.32717,-0.18870
3549,-1.36290,0.13306,-0.31993,-0.15805
3550,-1.35310,0.10375,-0.31471,-0.12721
3551,-1.34285,0.07372,-0.31139,-0.09620
3552,-1.33213,0.04318,-0.30985,-0.06521
3553,-1.32103,0.01248,-0.31000,-0.03415
3554,-1.30970,-0.01842,-0.31171,-0.00324
3555,-1.29812,-0.04911,-0.31498,0.02762
3556,-1.28634,-0.07942,-0.31960,0.05842
3557,-1.27443,-0.10916,-0.32548,0.08900
3558,-1.26229,-0.13815,-0.33236,0.11939
3559,-1.25006,-0.16616,-0.34018,0.14973
3560,-1.23764,-0.19308,-0.34890,0.17984
3561,-1.22503,-0.21867,-0.35821,0.20981
3562,-1.21220,-0.24277,-0.36802,0.23962
3563,-1.19898,-0.26538,-0.37824,0.26928
3564,-1.18540,-0.28632,-0.38870,0.29889
3565,-1.17142,-0.30549,-0.39920,0.32841
3566,-1.15697,-0.32273,-0.40964,0.35778
3567,-1.14188,-0.33809,-0.41990,0.38706
3568,-1.12616,-0.35156,-0.42986,0.41637
3569,-1.10963,-0.36296,-0.43953,0.44564
3570,-1.09230,-0.37236,-0.44871,0.47482
3571,-1.07399,-0.37981,-0.45733,0.50397
3572,-1.05477,-0.38529,-0.46534,0.53323
3573,-1.03446,-0.38901,-0.47275,0.56238
3574,-1.01303,-0.39086,-0.47934,0.59146
3575,-0.99037,-0.39103,-0.48511,0.62070
3576,-0.96652,-0.38955,-0.49008,0.64983
3577,-0.94144,-0.38655,-0.49433,0.67903
3578,-0.91503,-0.38218,-0.49767,0.70808
3579,-0.88735,-0.37648,-0.50020,0.73702
3580,-0.85839,-0.36967,-0.50186,0.76588
3581,-0.82805,-0.36201,-0.50267,0.79444
3582,-0.79642,-0.35350,-0.50276,0.82282
3583,-0.76353,-0.34430,-0.50205,0.85096
3584,-0.72948,-0.33471,-0.50053,0.87862
3585,-0.69428,-0.32479,-0.49818,0.90595
3586,-0.65801,-0.31464,-0.49528,0.93283
3587,-0.62068,-0.30462,-0.49169,0.95908
3588,-0.58247,-0.29477,-0.48738,0.98472
3589,-0.54347,-0.28532,-0.48250,1.00956
3590,-0.50378,-0.27646,-0.47703,1.03359
3591,-0.46338,-0.26827,-0.47094,1.05663
3592,-0.42251,-0.26087,-0.46430,1.07866
3593,-0.38113,-0.25448,-0.45710,1.09961
3594,-0.33958,-0.24923,-0.44939,1.11929
3595,-0.29782,-0.24524,-0.44123,1.13774
3596,-0.25607,-0.24260,-0.43256,1.15486
3597,-0.21457,-0.24138,-0.42346,1.17059
3598,-0.17321,-0.24166,-0.41383,1.18480
3599,-0.13223,-0.24358,-0.40381,1.19744
3600,-0.09179,-0.24708,-0.39328,1.20850
3601,-0.05191,-0.25225,-0.38225,1.21801
3602,-0.01277,-0.25914,-0.37081,1.22579
3603,0.02557,-0.26770,-0.35877,1.23180
3604,0.06295,-0.27802,-0.34627,1.23621
3605,0.09943,-0.28998,-0.33330,1.23893
3606,0.13463,-0.30364,-0.31979,1.23988
3607,0.16874,-0.31891,-0.30579,1.23924
3608,0.20160,-0.33576,-0.29122,1.23690
3609,0.23297,-0.35404,-0.27614,1.23298
3610,0.26300,-0.37376,-0.26053,1.22752
3611,0.29159,-0.39465,-0.24444,1.22045
3612,0.31869,-0.41671,-0.22782,1.21199
3613,0.34423,-0.43995,-0.21075,1.20229
3614,0.36824,-0.46402,-0.19329,1.19125
3615,0.39070,-0.48885,-0.17548,1.17911
3616,0.41148,-0.51434,-0.15721,1.16590
3617,0.43062,-0.54034,-0.13869,1.15166
3618,0.44812,-0.56660,-0.11993,1.13665
3619,0.46415,-0.59309,-0.10103,1.12092
3620,0.47852,-0.61966,-0.08193,1.10465
3621,0.49134,-0.64600,-0.06276,1.08790
3622,0.50252,-0.67220,-0.04366,1.07080
3623,0.51215,-0.69782,-0.02470,1.05351
3624,0.52030,-0.72283,-0.00597,1.03626
3625,0.52697,-0.74711,0.01232,1.01896
3626,0.53222,-0.77050,0.03025,1.00180
3627,0.53614,-0.79274,0.04752,0.98488
3628,0.53866,-0.81395,0.06415,0.96836
3629,0.53991,-0.83387,0.08003,0.95221
3630,0.54001,-0.85232,0.09493,0.93678
3631,0.53881,-0.86930,0.10882,0.92202
3632,0.53662,-0.88468,0.12150,0.90793
3633,0.53336,-0.89832,0.13298,0.89457
3634,0.52917,-0.91025,0.14305,0.88213
3635,0.52410,-0.92034,0.15175,0.87062
3636,0.51818,-0.92860,0.15881,0.86001
3637,0.51161,-0.93481,0.16431,0.85030
3638,0.50436,-0.93916,0.16815,0.84161
3639,0.49665,-0.94161,0.17016,0.83386
3640,0.48838,-0.94210,0.17031,0.82708
3641,0.47973,-0.94060,0.16872,0.82129
3642,0.47082,-0.93720,0.16516,0.81624
3643,0.46175,-0.93193,0.15983,0.81222
3644,0.45253,-0.92472,0.15254,0.80894
3645,0.44326,-0.91574,0.14350,0.80643
3646,0.43406,-0.90504,0.13265,0.80463
3647,0.42499,-0.89260,0.12011,0.80349
3648,0.41632,-0.87862,0.10594,0.80289
3649,0.40786,-0.86306,0.09028,0.80279
3650,0.39987,-0.84614,0.07328,0.80301
3651,0.39229,-0.82785,0.05484,0.80364
3652,0.38535,-0.80837,0.03523,0.80448
3653,0.37910,-0.78782,0.01451,0.80550
3654,0.37365,-0.76630,-0.00703,0.80668
3655,0.36895,-0.74382,-0.02923,0.80776
3656,0.36516,-0.72062,-0.05194,0.80891
3657,0.36226,-0.69681,-0.07507,0.80983
3658,0.36049,-0.67244,-0.09830,0.81060
3659,0.35971,-0.64770,-0.12157,0.81120
3660,0.36009,-0.62264,-0.14447,0.81140
3661,0.36153,-0.59740,-0.16697,0.81126
3662,0.36423,-0.57214,-0.18892,0.81079
3663,0.36807,-0.54699,-0.20989,0.80982
3664,0.37323,-0.52199,-0.22988,0.80854
3665,0.37961,-0.49725,-0.24871,0.80676
3666,0.38732,-0.47289,-0.26614,0.80455
3667,0.39631,-0.44905,-0.28208,0.80182
3668,0.40652,-0.42575,-0.29630,0.79876
3669,0.41789,-0.40322,-0.30866,0.79523
3670,0.43058,-0.38137,-0.31911,0.79131
3671,0.44438,-0.36035,-0.32751,0.78696
3672,0.45942,-0.34020,-0.33374,0.78223
3673,0.47554,-0.32107,-0.33774,0.77723
3674,0.49272,-0.30302,-0.33952,0.77193
3675,0.51090,-0.28605,-0.33888,0.76640
3676,0.53007,-0.27042,-0.33600,0.76068
3677,0.54999,-0.25592,-0.33056,0.75472
3678,0.57078,-0.24272,-0.32285,0.74872
3679,0.59235,-0.23089,-0.31286,0.74255
3680,0.61474,-0.22051,-0.30063,0.73633
3681,0.63756,-0.21158,-0.28613,0.73016
3682,0.66085,-0.20405,-0.26947,0.72393
3683,0.68465,-0.19808,-0.25085,0.71769
3684,0.70884,-0.19365,-0.23029,0.71152
3685,0.73330,-0.19075,-0.20790,0.70537
3686,0.75802,-0.18945,-0.18386,0.69935
3687,0.78280,-0.18972,-0.15826,0.69326
3688,0.80776,-0.19156,-0.13127,0.68731
3689,0.83258,-0.19499,-0.10299,0.68133
3690,0.85746,-0.19998,-0.07369,0.67534
3691,0.88224,-0.20653,-0.04343,0.66937
3692,0.90695,-0.21457,-0.01247,0.66342
3693,0.93136,-0.22414,0.01906,0.65722
3694,0.95561,-0.23522,0.05096,0.65090
3695,0.97968,-0.24769,0.08307,0.64442
3696,1.00342,-0.26146,0.11535,0.63767
3697,1.02689,-0.27652,0.14757,0.63064
3698,1.05012,-0.29289,0.17951,0.62325
3699,1.07305,-0.31032,0.21099,0.61539
3700,1.09568,-0.32884,0.24191,0.60707
3701,1.11811,-0.34821,0.27225,0.59811
3702,1.14020,-0.36832,0.30167,0.58855
3703,1.16210,-0.38908,0.33012,0.57834
3704,1.18389,-0.41050,0.35752,0.56737
3705,1.20545,-0.43226,0.38388,0.55562
3706,1.22687,-0.45433,0.40895,0.54307
3707,1.24813,-0.47653,0.43264,0.52957
3708,1.26948,-0.49871,0.45495,0.51520
3709,1.29067,-0.52065,0.47571,0.49993
3710,1.31191,-0.54228,0.49502,0.48370
3711,1.33322,-0.56332,0.51284,0.46648
3712,1.35457,-0.58376,0.52893,0.44830
3713,1.37589,-0.60327,0.54346,0.42927
3714,1.39747,-0.62195,0.55651,0.40933
3715,1.41908,-0.63949,0.56790,0.38841
3716,1.44086,-0.65574,0.57766,0.36669
3717,1.46276,-0.67067,0.58592,0.34421
3718,1.48487,-0.68395,0.59260,0.32086
3719,1.50701,-0.69570,0.59773,0.29696
3720,1.52925,-0.70570,0.60143,0.27247
3721,1.55155,-0.71393,0.60372,0.24743
3722,1.57383,-0.72030,0.60466,0.22210
3723,1.59605,-0.72468,0.60439,0.19640
3724,1.61826,-0.72723,0.60284,0.17055
3725,1.64029,-0.72778,0.60020,0.14462
3726,1.66206,-0.72644,0.59651,0.11870
3727,1.68347,-0.72309,0.59184,0.09308
3728,1.70452,-0.71789,0.58632,0.06768
3729,1.72504,-0.71077,0.58002,0.04288
3730,1.74481,-0.70186,0.57304,0.01863
3731,1.76388,-0.69123,0.56547,-0.00505
3732,1.78207,-0.67890,0.55742,-0.02783
3733,1.79926,-0.66512,0.54896,-0.04966
3734,1.81535,-0.64990,0.54014,-0.07048
3735,1.83009,-0.63337,0.53126,-0.09010
3736,1.84335,-0.61573,0.52213,-0.10839
3737,1.85499,-0.59709,0.51301,-0.12532
3738,1.86481,-0.57757,0.50394,-0.14084
3739,1.87278,-0.55732,0.49505,-0.15482
3740,1.87875,-0.53649,0.48627,-0.16721
3741,1.88250,-0.51537,0.47785,-0.17788
3742,1.88395,-0.49406,0.46969,-0.18687
3743,1.88276,-0.47263,0.46191,-0.19414
3744,1.87898,-0.45141,0.45467,-0.19969
3745,1.87247,-0.43044,0.44790,-0.20341
3746,1.86298,-0.40982,0.44163,-0.20535
3747,1.85052,-0.38979,0.43608,-0.20557
3748,1.83494,-0.37037,0.43109,-0.20409
3749,1.81618,-0.35174,0.42666,-0.20078
3750,1.79406,-0.33393,0.42293,-0.19591
3751,1.76850,-0.31710,0.42001,-0.18927
3752,1.73953,-0.30141,0.41769,-0.18117
3753,1.70717,-0.28685,0.41609,-0.17156
3754,1.67130,-0.27346,0.41522,-0.16047
3755,1.63193,-0.26132,0.41505,-0.14808
3756,1.58899,-0.25042,0.41551,-0.13435
3757,1.54256,-0.24076,0.41675,-0.11957
3758,1.49278,-0.23242,0.41862,-0.10368
3759,1.43961,-0.22531,0.42105,-0.08680
3760,1.38316,-0.21939,0.42410,-0.06919
3761,1.32347,-0.21475,0.42775,-0.05077
3762,1.26073,-0.21120,0.43193,-0.03167
3763,1.19511,-0.20865,0.43656,-0.01206
3764,1.12661,-0.20711,0.44166,0.00801
3765,1.05559,-0.20644,0.44721,0.02839
3766,0.98207,-0.20654,0.45310,0.04908
3767,0.90634,-0.20744,0.45941,0.06997
3768,0.82870,-0.20885,0.46592,0.09085
3769,0.74932,-0.21073,0.47271,0.11172
3770,0.66844,-0.21292,0.47974,0.13247
3771,0.58636,-0.21527,0.48699,0.15310
3772,0.50342,-0.21771,0.49435,0.17338
3773,0.41971,-0.22016,0.50187,0.19339
3774,0.33562,-0.22238,0.50940,0.21304
3775,0.25146,-0.22442,0.51699,0.23217
3776,0.16752,-0.22601,0.52459,0.25079
3777,0.08401,-0.22692,0.53216,0.26901
3778,0.00130,-0.22729,0.53957,0.28662
3779,-0.08039,-0.22681,0.54686,0.30371
3780,-0.16067,-0.22556,0.55405,0.32006
3781,-0.23935,-0.22340,0.56105,0.33592
3782,-0.31618,-0.22025,0.56776,0.35110
3783,-0.39076,-0.21591,0.57428,0.36564
3784,-0.46286,-0.21048,0.58052,0.37956
3785,-0.53247,-0.20391,0.58641,0.39294
3786,-0.59917,-0.19621,0.59198,0.40576
3787,-0.66283,-0.18729,0.59726,0.41794
3788,-0.72326,-0.17717,0.60216,0.42951
3789,-0.78031,-0.16595,0.60669,0.44051
3790,-0.83382,-0.15364,0.61089,0.45105
3791,-0.88361,-0.14023,0.61460,0.46106
3792,-0.92951,-0.12578,0.61797,0.47057
3793,-0.97146,-0.11042,0.62091,0.47957
3794,-1.00953,-0.09425,0.62348,0.48816
3795,-1.04359,-0.07724,0.62559,0.49618
3796,-1.07356,-0.05977,0.62720,0.50369
3797,-1.09939,-0.04158,0.62836,0.51077
3798,-1.12111,-0.02314,0.62910,0.51735
3799,-1.13874,-0.00436,0.62951,0.52339
3800,-1.15241,0.01454,0.62943,0.52905
3801,-1.16201,0.03341,0.62897,0.53415
3802,-1.16771,0.05203,0.62814,0.53878
3803,-1.16952,0.07049,0.62685,0.54280
3804,-1.16761,0.08846,0.62515,0.54624
3805,-1.16216,0.10574,0.62312,0.54890
3806,-1.15305,0.12240,0.62076,0.55075
3807,-1.14076,0.13820,0.61809,0.55184
3808,-1.12520,0.15299,0.61496,0.55215
3809,-1.10658,0.16669,0.61149,0.55142
3810,-1.08509,0.17916,0.60774,0.54971
3811,-1.06089,0.19039,0.60365,0.54692
3812,-1.03426,0.20014,0.59917,0.54306
3813,-1.00532,0.20847,0.59439,0.53788
3814,-0.97429,0.21538,0.58931,0.53144
3815,-0.94137,0.22069,0.58393,0.52356
3816,-0.90669,0.22444,0.57824,0.51422
3817,-0.87053,0.22665,0.57223,0.50353
3818,-0.83311,0.22728,0.56591,0.49117
3819,-0.79461,0.22631,0.55935,0.47712
3820,-0.75522,0.22387,0.55244,0.46141
3821,-0.71523,0.21994,0.54519,0.44399
3822,-0.67470,0.21447,0.53756,0.42480
3823,-0.63410,0.20778,0.52968,0.40384
3824,-0.59328,0.19987,0.52156,0.38125
3825,-0.55266,0.19076,0.51305,0.35690
3826,-0.51243,0.18058,0.50426,0.33092
3827,-0.47265,0.16951,0.49520,0.30331
3828,-0.43360,0.15754,0.48590,0.27416
3829,-0.39540,0.14482,0.47632,0.24361
3830,-0.35813,0.13157,0.46644,0.21180
3831,-0.32197,0.11788,0.45632,0.17875
3832,-0.28712,0.10388,0.44606,0.14466
3833,-0.25372,0.08964,0.43560,0.10962
3834,-0.22169,0.07546,0.42495,0.07388
3835,-0.19133,0.06136,0.41413,0.03766
3836,-0.16257,0.04746,0.40337,0.00116
3837,-0.13548,0.03388,0.39251,-0.03548
3838,-0.11008,0.02084,0.38164,-0.07199
3839,-0.08650,0.00824,0.37085,-0.10810
3840,-0.06473,-0.00367,0.36023,-0.14362
3841,-0.04477,-0.01485,0.34972,-0.17828
3842,-0.02661,-0.02521,0.33949,-0.21182
3843,-0.01015,-0.03469,0.32951,-0.24402
3844,0.00459,-0.04315,0.31979,-0.27466
3845,0.01748,-0.05065,0.31057,-0.30341
3846,0.02885,-0.05708,0.30174,-0.33008
3847,0.03866,-0.06242,0.29343,-0.35450
3848,0.04687,-0.06674,0.28561,-0.37641
3849,0.05368,-0.06991,0.27847,-0.39558
3850,0.05910,-0.07200,0.27184,-0.41180
3851,0.06325,-0.07299,0.26590,-0.42500
3852,0.06631,-0.07303,0.26060,-0.43504
3853,0.06827,-0.07206,0.25598,-0.44178
3854,0.06922,-0.07013,0.25211,-0.44508
3855,0.06923,-0.06718,0.24893,-0.44490
3856,0.06850,-0.06343,0.24646,-0.44123
3857,0.06705,-0.05889,0.24473,-0.43403
3858,0.06496,-0.05363,0.24366,-0.42324
3859,0.06230,-0.04777,0.24317,-0.40898
3860,0.05915,-0.04136,0.24325,-0.39132
3861,0.05571,-0.03451,0.24389,-0.37030
3862,0.05199,-0.02726,0.24500,-0.34598
3863,0.04797,-0.01974,0.24647,-0.31866
3864,0.04384,-0.01201,0.24828,-0.28840
3865,0.03946,-0.00412,0.25036,-0.25545
3866,0.03491,0.00379,0.25253,-0.22000
3867,0.03026,0.01163,0.25476,-0.18233
3868,0.02562,0.01941,0.25693,-0.14257
3869,0.02092,0.02682,0.25895,-0.10105
3870,0.01609,0.03402,0.26076,-0.05807
3871,0.01136,0.04075,0.26218,-0.01394
3872,0.00659,0.04713,0.26312,0.03114
3873,0.00176,0.05290,0.26357,0.07674
3874,-0.00307,0.05808,0.26333,0.12250
3875,-0.00798,0.06271,0.26237,0.16826
3876,-0.01283,0.06658,0.26063,0.21362
3877,-0.01782,0.06961,0.25799,0.25829
3878,-0.02292,0.07192,0.25436,0.30191
3879,-0.02821,0.07351,0.24959,0.34417
3880,-0.03359,0.07422,0.24364,0.38480
3881,-0.03911,0.07406,0.23658,0.42355
3882,-0.04482,0.07290,0.22828,0.46009
3883,-0.05082,0.07088,0.21869,0.49421
3884,-0.05702,0.06789,0.20794,0.52563
3885,-0.06349,0.06398,0.19573,0.55423
3886,-0.07034,0.05916,0.18220,0.57984
3887,-0.07740,0.05337,0.16748,0.60217
3888,-0.08479,0.04656,0.15137,0.62108
3889,-0.09255,0.03889,0.13395,0.63649
3890,-0.10066,0.03025,0.11526,0.64838
3891,-0.10908,0.02066,0.09531,0.65652
3892,-0.11791,0.01022,0.07415,0.66086
3893,-0.12712,-0.00128,0.05185,0.66144
3894,-0.13672,-0.01346,0.02840,0.65819
3895,-0.14661,-0.02658,0.00395,0.65114
3896,-0.15685,-0.04045,-0.02145,0.64041
3897,-0.16736,-0.05504,-0.04775,0.62589
3898,-0.17819,-0.07039,-0.07493,0.60782
3899,-0.18942,-0.08631,-0.10289,0.58613
3900,-0.20092,-0.10290,-0.13156,0.56112
3901,-0.21255,-0.12009,-0.16081,0.53279
3902,-0.22453,-0.13774,-0.19062,0.50126
3903,-0.23669,-0.15588,-0.22086,0.46687
3904,-0.24896,-0.17438,-0.25153,0.42953
3905,-0.26128,-0.19324,-0.28230,0.38966
3906,-0.27373,-0.21234,-0.31334,0.34743
3907,-0.28609,-0.23167,-0.34448,0.30299
3908,-0.29850,-0.25111,-0.37564,0.25649
3909,-0.31076,-0.27059,-0.40663,0.20825
3910,-0.32283,-0.29006,-0.43756,0.15842
3911,-0.33462,-0.30953,-0.46800,0.10725
3912,-0.34608,-0.32888,-0.49816,0.05491
3913,-0.35716,-0.34804,-0.52782,0.00176
3914,-0.36785,-0.36694,-0.55692,-0.05203
3915,-0.37802,-0.38554,-0.58530,-0.10623
3916,-0.38754,-0.40370,-0.61296,-0.16082
3917,-0.39652,-0.42129,-0.63974,-0.21533
3918,-0.40456,-0.43849,-0.66554,-0.26965
3919,-0.41180,-0.45507,-0.69034,-0.32344
3920,-0.41826,-0.47097,-0.71398,-0.37673
3921,-0.42358,-0.48622,-0.73625,-0.42921
3922,-0.42785,-0.50072,-0.75740,-0.48074
3923,-0.43104,-0.51437,-0.77707,-0.53109
3924,-0.43299,-0.52725,-0.79525,-0.58026
3925,-0.43368,-0.53932,-0.81193,-0.62804
3926,-0.43299,-0.55045,-0.82712,-0.67426
3927,-0.43094,-0.56061,-0.84041,-0.71884
3928,-0.42755,-0.56986,-0.85212,-0.76161
3929,-0.42276,-0.57816,-0.86210,-0.80263
3930,-0.41646,-0.58544,-0.87026,-0.84171
3931,-0.40871,-0.59162,-0.87659,-0.87880
3932,-0.39938,-0.59683,-0.88114,-0.91380
3933,-0.38854,-0.60088,-0.88386,-0.94675
3934,-0.37626,-0.60391,-0.88470,-0.97764
3935,-0.36251,-0.60593,-0.88374,-1.00643
3936,-0.34732,-0.60669,-0.88101,-1.03317
3937,-0.33083,-0.60631,-0.87656,-1.05779
3938,-0.31301,-0.60478,-0.87042,-1.08037
3939,-0.29376,-0.60205,-0.86270,-1.10085
3940,-0.27341,-0.59815,-0.85350,-1.11940
3941,-0.25195,-0.59295,-0.84281,-1.13594
3942,-0.22947,-0.58648,-0.83086,-1.15073
3943,-0.20615,-0.57868,-0.81758,-1.16367
3944,-0.18196,-0.56956,-0.80330,-1.17487
3945,-0.15706,-0.55906,-0.78804,-1.18444
3946,-0.13168,-0.54723,-0.77211,-1.19240
3947,-0.10580,-0.53385,-0.75546,-1.19888
3948,-0.07958,-0.51901,-0.73840,-1.20404
3949,-0.05317,-0.50257,-0.72098,-1.20783
3950,-0.02674,-0.48452,-0.70345,-1.21022
3951,-0.00042,-0.46489,-0.68592,-1.21152
3952,0.02578,-0.44364,-0.66852,-1.21180
3953,0.05159,-0.42063,-0.65153,-1.21098
3954,0.07694,-0.39586,-0.63506,-1.20933
3955,0.10162,-0.36928,-0.61930,-1.20667
3956,0.12567,-0.34084,-0.60434,-1.20327
3957,0.14887,-0.31059,-0.59035,-1.19907
3958,0.17113,-0.27850,-0.57764,-1.19411
3959,0.19230,-0.24456,-0.56623,-1.18843
3960,0.21234,-0.20875,-0.55616,-1.18214
3961,0.23112,-0.17100,-0.54759,-1.17517
3962,0.24856,-0.13141,-0.54078,-1.16753
3963,0.26472,-0.09006,-0.53564,-1.15921
3964,0.27939,-0.04684,-0.53225,-1.15017
3965,0.29254,-0.00193,-0.53077,-1.14056
3966,0.30421,0.04459,-0.53105,-1.13023
3967,0.31427,0.09273,-0.53335,-1.11903
3968,0.32258,0.14234,-0.53756,-1.10708
3969,0.32930,0.19336,-0.54359,-1.09432
3970,0.33444,0.24563,-0.55149,-1.08069
3971,0.33792,0.29914,-0.56118,-1.06595
3972,0.33966,0.35350,-0.57262,-1.05024
3973,0.33981,0.40875,-0.58570,-1.03343
3974,0.33821,0.46464,-0.60045,-1.01540
3975,0.33511,0.52112,-0.61652,-0.99619
3976,0.33036,0.57796,-0.63398,-0.97572
3977,0.32406,0.63495,-0.65263,-0.95389
3978,0.31623,0.69189,-0.67224,-0.93052
3979,0.30696,0.74864,-0.69282,-0.90573
3980,0.29630,0.80498,-0.71414,-0.87933
3981,0.28418,0.86067,-0.73602,-0.85129
3982,0.27081,0.91550,-0.75830,-0.82156
3983,0.25619,0.96933,-0.78082,-0.79018
3984,0.24030,1.02200,-0.80337,-0.75705
3985,0.22329,1.07330,-0.82584,-0.72224
3986,0.20524,1.12292,-0.84800,-0.68573
3987,0.18621,1.17076,-0.86971,-0.64752
3988,0.16631,1.21672,-0.89083,-0.60754
3989,0.14547,1.26046,-0.91120,-0.56600
3990,0.12394,1.30191,-0.93076,-0.52286
3991,0.10164,1.34086,-0.94933,-0.47817
3992,0.07868,1.37720,-0.96678,-0.43215
3993,0.05526,1.41079,-0.98307,-0.38464
3994,0.03142,1.44154,-0.99813,-0.33589
3995,0.00721,1.46930,-1.01191,-0.28599
3996,-0.01714,1.49403,-1.02430,-0.23511
3997,-0.04175,1.51564,-1.03531,-0.18336
3998,-0.06640,1.53388,-1.04495,-0.13088
3999,-0.09108,1.54871,-1.05334,-0.07807
4000,-0.11559,1.56025,-1.06029,-0.02478
4001,-0.13982,1.56832,-1.06581,0.02851
4002,-0.16378,1.57289,-1.07012,0.08178
4003,-0.18720,1.57408,-1.07312,0.13475
4004,-0.21011,1.57177,-1.07496,0.18722
4005,-0.23232,1.56579,-1.07575,0.23893
4006,-0.25388,1.55639,-1.07553,0.28972
4007,-0.27452,1.54354,-1.07449,0.33935
4008,-0.29423,1.52721,-1.07261,0.38766
4009,-0.31284,1.50736,-1.06993,0.43432
4010,-0.33038,1.48412,-1.06661,0.47912
4011,-0.34660,1.45759,-1.06291,0.52195
4012,-0.36159,1.42785,-1.05872,0.56251
4013,-0.37521,1.39493,-1.05423,0.60067
4014,-0.38738,1.35893,-1.04947,0.63613
4015,-0.39790,1.31988,-1.04458,0.66890
4016,-0.40697,1.27789,-1.03961,0.69882
4017,-0.41429,1.23314,-1.03459,0.72560
4018,-0.41998,1.18576,-1.02954,0.74917
4019,-0.42393,1.13580,-1.02447,0.76958
4020,-0.42617,1.08342,-1.01955,0.78653
4021,-0.42668,1.02886,-1.01462,0.80006
4022,-0.42546,0.97215,-1.00979,0.81017
4023,-0.42255,0.91361,-1.00495,0.81677
4024,-0.41798,0.85325,-1.00013,0.81991
4025,-0.41168,0.79133,-0.99516,0.81951
4026,-0.40385,0.72815,-0.99009,0.81570
4027,-0.39450,0.66372,-0.98487,0.80860
4028,-0.38372,0.59844,-0.97927,0.79822
4029,-0.37162,0.53239,-0.97338,0.78464
4030,-0.35832,0.46568,-0.96702,0.76801
4031,-0.34376,0.39881,-0.96004,0.74849
4032,-0.32825,0.33184,-0.95242,0.72619
4033,-0.31187,0.26504,-0.94395,0.70127
4034,-0.29482,0.19871,-0.93455,0.67401
4035,-0.27718,0.13306,-0.92408,0.64458
4036,-0.25922,0.06830,-0.91248,0.61312
4037,-0.24104,0.00469,-0.89966,0.57984
4038,-0.22281,-0.05745,-0.88553,0.54504
4039,-0.20468,-0.11796,-0.86991,0.50890
4040,-0.18684,-0.17651,-0.85275,0.47174
4041,-0.16941,-0.23295,-0.83394,0.43357
4042,-0.15269,-0.28697,-0.81349,0.39486
4043,-0.13681,-0.33843,-0.79129,0.35574
4044,-0.12184,-0.38700,-0.76741,0.31642
4045,-0.10812,-0.43252,-0.74170,0.27701
4046,-0.09575,-0.47476,-0.71417,0.23781
4047,-0.08482,-0.51365,-0.68481,0.19894
4048,-0.07551,-0.54877,-0.65363,0.16075
4049,-0.06797,-0.58013,-0.62069,0.12331
4050,-0.06218,-0.60767,-0.58605,0.08679
4051,-0.05849,-0.63105,-0.54981,0.05130
4052,-0.05673,-0.65018,-0.51183,0.01694
4053,-0.05704,-0.66498,-0.47231,-0.01614
4054,-0.05957,-0.67544,-0.43124,-0.04777
4055,-0.06431,-0.68150,-0.38885,-0.07790
4056,-0.07136,-0.68298,-0.34515,-0.10658
4057,-0.08064,-0.67984,-0.30026,-0.13373
4058,-0.09218,-0.67210,-0.25424,-0.15923
4059,-0.10582,-0.65986,-0.20733,-0.18310
4060,-0.12172,-0.64308,-0.15947,-0.20537
4061,-0.13973,-0.62198,-0.11081,-0.22598
4062,-0.15982,-0.59645,-0.06161,-0.24494
4063,-0.18183,-0.56655,-0.01182,-0.26237
4064,-0.20571,-0.53242,0.03836,-0.27820
4065,-0.23129,-0.49435,0.08895,-0.29255
4066,-0.25850,-0.45232,0.13966,-0.30543
4067,-0.28716,-0.40660,0.19051,-0.31688
4068,-0.31720,-0.35729,0.24129,-0.32702
4069,-0.34827,-0.30480,0.29206,-0.33588
4070,-0.38046,-0.24914,0.34257,-0.34349
4071,-0.41335,-0.19066,0.39282,-0.34998
4072,-0.44708,-0.12959,0.44269,-0.35535
4073,-0.48121,-0.06618,0.49221,-0.35980
4074,-0.51559,-0.00071,0.54127,-0.36321
4075,-0.55004,0.06659,0.58970,-0.36580
4076,-0.58451,0.13547,0.63753,-0.36757
4077,-0.61863,0.20545,0.68476,-0.36851
4078,-0.65231,0.27642,0.73125,-0.36874
4079,-0.68539,0.34798,0.77703,-0.36824
4080,-0.71764,0.41990,0.82198,-0.36712
4081,-0.74898,0.49187,0.86613,-0.36537
4082,-0.77935,0.56369,0.90940,-0.36319
4083,-0.80843,0.63501,0.95191,-0.36041
4084,-0.83619,0.70561,0.99339,-0.35720
4085,-0.86252,0.77520,1.03397,-0.35339
4086,-0.88729,0.84362,1.07352,-0.34916
4087,-0.91039,0.91061,1.11211,-0.34440
4088,-0.93167,0.97597,1.14970,-0.33920
4089,-0.95119,1.03947,1.18622,-0.33372
4090,-0.96887,1.10090,1.22168,-0.32785
4091,-0.98468,1.16018,1.25602,-0.32138
4092,-0.99844,1.21707,1.28925,-0.31470
4093,-1.01025,1.27162,1.32135,-0.30768
4094,-1.02014,1.32360,1.35221,-0.30036
4095,-1.02803,1.37291,1.38189,-0.29266
4096,-1.03400,1.41948,1.41016,-0.28473
4097,-1.03806,1.46332,1.43722,-0.27661
4098,-1.04021,1.50431,1.46289,-0.26830
4099,-1.04053,1.54252,1.48717,-0.25980
4100,-1.03902,1.57800,1.50991,-0.25111
4101,-1.03571,1.61058,1.53129,-0.24243
4102,-1.03078,1.64035,1.55098,-0.23370
4103,-1.02420,1.66741,1.56920,-0.22501
4104,-1.01607,1.69180,1.58572,-0.21638
4105,-1.00654,1.71349,1.60051,-0.20784
4106,-0.99556,1.73254,1.61358,-0.19952
4107,-0.98331,1.74901,1.62480,-0.19150
4108,-0.96993,1.76304,1.63417,-0.18381
4109,-0.95539,1.77463,1.64157,-0.17643
4110,-0.93987,1.78390,1.64706,-0.16946
4111,-0.92336,1.79079,1.65051,-0.16300
4112,-0.90606,1.79546,1.65190,-0.15715
4113,-0.88794,1.79801,1.65112,-0.15193
4114,-0.86926,1.79850,1.64833,-0.14730
4115,-0.85005,1.79697,1.64325,-0.14335
4116,-0.83033,1.79337,1.63586,-0.14024
4117,-0.81022,1.78793,1.62623,-0.13777
4118,-0.78977,1.78050,1.61429,-0.13612
4119,-0.76910,1.77135,1.60002,-0.13527
4120,-0.74835,1.76035,1.58349,-0.13521
4121,-0.72738,1.74763,1.56467,-0.13607
4122,-0.70654,1.73307,1.54339,-0.13762
4123,-0.68575,1.71688,1.51974,-0.13989
4124,-0.66505,1.69897,1.49383,-0.14299
4125,-0.64452,1.67947,1.46561,-0.14692
4126,-0.62432,1.65836,1.43508,-0.15143
4127,-0.60445,1.63564,1.40231,-0.15653
4128,-0.58494,1.61130,1.36732,-0.16228
4129,-0.56582,1.58538,1.33023,-0.16847
4130,-0.54727,1.55785,1.29099,-0.17516
4131,-0.52919,1.52885,1.24973,-0.18214
4132,-0.51164,1.49834,1.20644,-0.18943
4133,-0.49474,1.46639,1.16135,-0.19697
4134,-0.47855,1.43310,1.11447,-0.20456
4135,-0.46301,1.39841,1.06585,-0.21211
4136,-0.44821,1.36232,1.01557,-0.21952
4137,-0.43415,1.32499,0.96384,-0.22674
4138,-0.42087,1.28656,0.91078,-0.23372
4139,-0.40827,1.24688,0.85646,-0.24029
4140,-0.39649,1.20620,0.80090,-0.24640
4141,-0.38551,1.16452,0.74435,-0.25188
4142,-0.37533,1.12193,0.68690,-0.25685
4143,-0.36572,1.07865,0.62875,-0.26109
4144,-0.35689,1.03465,0.56991,-0.26454
4145,-0.34875,0.99003,0.51064,-0.26709
4146,-0.34136,0.94497,0.45103,-0.26888
4147,-0.33452,0.89964,0.39125,-0.26984
4148,-0.32825,0.85404,0.33136,-0.26978
4149,-0.32240,0.80830,0.27155,-0.26882
4150,-0.31710,0.76257,0.21191,-0.26700
4151,-0.31214,0.71698,0.15254,-0.26419
4152,-0.30745,0.67173,0.09364,-0.26064
4153,-0.30296,0.62684,0.03533,-0.25625
4154,-0.29859,0.58257,-0.02229,-0.25103
4155,-0.29422,0.53889,-0.07905,-0.24514
4156,-0.28975,0.49603,-0.13486,-0.23854
4157,-0.28523,0.45407,-0.18969,-0.23147
4158,-0.28042,0.41307,-0.24328,-0.22395
4159,-0.27519,0.37317,-0.29561,-0.21612
4160,-0.26953,0.33463,-0.34663,-0.20806
4161,-0.26328,0.29731,-0.39629,-0.19990
4162,-0.25639,0.26148,-0.44443,-0.19176
4163,-0.24879,0.22710,-0.49108,-0.18386
4164,-0.24028,0.19431,-0.53617,-0.17623
4165,-0.23092,0.16303,-0.57951,-0.16907
4166,-0.22060,0.13346,-0.62123,-0.16253
4167,-0.20916,0.10554,-0.66112,-0.15663
4168,-0.19668,0.07940,-0.69928,-0.15169
4169,-0.18311,0.05497,-0.73561,-0.14767
4170,-0.16846,0.03234,-0.77011,-0.14480
4171,-0.15269,0.01137,-0.80276,-0.14319
4172,-0.13567,-0.00779,-0.83357,-0.14289
4173,-0.11746,-0.02525,-0.86252,-0.14410
4174,-0.09806,-0.04103,-0.88953,-0.14674
4175,-0.07765,-0.05529,-0.91471,-0.15105
4176,-0.05617,-0.06788,-0.93807,-0.15697
4177,-0.03371,-0.07895,-0.95962,-0.16463
4178,-0.01031,-0.08858,-0.97941,-0.17400
4179,0.01386,-0.09687,-0.99738,-0.18525
4180,0.03873,-0.10370,-1.01345,-0.19825
4181,0.06437,-0.10944,-1.02774,-0.21301
4182,0.09053,-0.11409,-1.04022,-0.22941
4183,0.11700,-0.11769,-1.05095,-0.24759
4184,0.14371,-0.12022,-1.05999,-0.26737
4185,0.17058,-0.12194,-1.06729,-0.28865
4186,0.19735,-0.12289,-1.07284,-0.31149
4187,0.22399,-0.12324,-1.07662,-0.33561
4188,0.25022,-0.12300,-1.07870,-0.36102
4189,0.27594,-0.12222,-1.07906,-0.38744
4190,0.30088,-0.12106,-1.07777,-0.41492
4191,0.32516,-0.11945,-1.07467,-0.44323
4192,0.34834,-0.11756,-1.06996,-0.47208
4193,0.37045,-0.11553,-1.06356,-0.50153
4194,0.39120,-0.11336,-1.05545,-0.53137
4195,0.41063,-0.11099,-1.04564,-0.56128
4196,0.42835,-0.10863,-1.03409,-0.59110
4197,0.44431,-0.10612,-1.02090,-0.62078
4198,0.45850,-0.10372,-1.00600,-0.65002
4199,0.47076,-0.10133,-0.98946,-0.67869
4200,0.48102,-0.09904,-0.97132,-0.70648
4201,0.48904,-0.09678,-0.95143,-0.73333
4202,0.49488,-0.09448,-0.92988,-0.75906
4203,0.49841,-0.09230,-0.90672,-0.78342
4204,0.49963,-0.09011,-0.88200,-0.80626
4205,0.49843,-0.08795,-0.85560,-0.82748
4206,0.49478,-0.08588,-0.82770,-0.84685
4207,0.48867,-0.08378,-0.79832,-0.86422
4208,0.48012,-0.08170,-0.76752,-0.87954
4209,0.46916,-0.07952,-0.73524,-0.89270
4210,0.45574,-0.07733,-0.70158,-0.90351
4211,0.44003,-0.07512,-0.66661,-0.91193
4212,0.42205,-0.07285,-0.63033,-0.91779
4213,0.40185,-0.07050,-0.59287,-0.92109
4214,0.37942,-0.06803,-0.55430,-0.92169
4215,0.35491,-0.06557,-0.51472,-0.91966
4216,0.32834,-0.06299,-0.47414,-0.91483
4217,0.30003,-0.06033,-0.43268,-0.90733
4218,0.26994,-0.05759,-0.39043,-0.89715
4219,0.23816,-0.05475,-0.34741,-0.88428
4220,0.20501,-0.05194,-0.30391,-0.86865
4221,0.17047,-0.04918,-0.25996,-0.85046
4222,0.13482,-0.04637,-0.21561,-0.82971
4223,0.09821,-0.04364,-0.17095,-0.80655
4224,0.06072,-0.04112,-0.12612,-0.78094
4225,0.02257,-0.03866,-0.08133,-0.75313
4226,-0.01608,-0.03643,-0.03659,-0.72313
4227,-0.05496,-0.03447,0.00791,-0.69114
4228,-0.09402,-0.03288,0.05209,-0.65726
4229,-0.13291,-0.03156,0.09579,-0.62169
4230,-0.17154,-0.03064,0.13898,-0.58455
4231,-0.20956,-0.03023,0.18145,-0.54602
4232,-0.24697,-0.03041,0.22302,-0.50636
4233,-0.28350,-0.03118,0.26358,-0.46565
4234,-0.31912,-0.03255,0.30304,-0.42422
4235,-0.35347,-0.03457,0.34123,-0.38216
4236,-0.38637,-0.03731,0.37806,-0.33975
4237,-0.41775,-0.04071,0.41342,-0.29721
4238,-0.44745,-0.04498,0.44725,-0.25466
4239,-0.47528,-0.05003,0.47926,-0.21238
4240,-0.50119,-0.05575,0.50935,-0.17055
4241,-0.52495,-0.06241,0.53765,-0.12938
4242,-0.54655,-0.06987,0.56381,-0.08909
4243,-0.56576,-0.07808,0.58793,-0.04985
4244,-0.58254,-0.08711,0.60963,-0.01180
4245,-0.59672,-0.09692,0.62922,0.02477
4246,-0.60850,-0.10745,0.64622,0.05974
4247,-0.61741,-0.11873,0.66091,0.09292
4248,-0.62366,-0.13073,0.67301,0.12424
4249,-0.62729,-0.14338,0.68258,0.15353
4250,-0.62821,-0.15657,0.68959,0.18052
4251,-0.62637,-0.17038,0.69395,0.20531
4252,-0.62169,-0.18473,0.69563,0.22769
4253,-0.61437,-0.19954,0.69479,0.24753
4254,-0.60430,-0.21471,0.69138,0.26487
4255,-0.59155,-0.23030,0.68530,0.27956
4256,-0.57621,-0.24613,0.67676,0.29160
4257,-0.55825,-0.26233,0.66574,0.30103
4258,-0.53786,-0.27870,0.65236,0.30781
4259,-0.51500,-0.29512,0.63674,0.31188
4260,-0.48973,-0.31164,0.61900,0.31321
4261,-0.46234,-0.32820,0.59915,0.31194
4262,-0.43275,-0.34478,0.57743,0.30803
4263,-0.40122,-0.36135,0.55391,0.30154
4264,-0.36759,-0.37763,0.52875,0.29265
4265,-0.33222,-0.39382,0.50204,0.28152
4266,-0.29506,-0.40981,0.47407,0.26790
4267,-0.25630,-0.42557,0.44498,0.25222
4268,-0.21608,-0.44108,0.41495,0.23450
4269,-0.17442,-0.45627,0.38426,0.21480
4270,-0.13152,-0.47120,0.35299,0.19336
4271,-0.08758,-0.48565,0.32145,0.17029
4272,-0.04256,-0.49970,0.28976,0.14586
4273,0.00334,-0.51330,0.25811,0.12007
4274,0.04994,-0.52651,0.22676,0.09312
4275,0.09720,-0.53932,0.19592,0.06518
4276,0.14501,-0.55147,0.16567,0.03645
4277,0.19317,-0.56298,0.13623,0.00703
4278,0.24161,-0.57406,0.10771,-0.02275
4279,0.29021,-0.58453,0.08044,-0.05279
4280,0.33887,-0.59443,0.05449,-0.08302
4281,0.38743,-0.60360,0.02997,-0.11320
4282,0.43580,-0.61204,0.00706,-0.14308
4283,0.48380,-0.61981,-0.01415,-0.17251
4284,0.53138,-0.62667,-0.03358,-0.20140
4285,0.57843,-0.63272,-0.05122,-0.22958
4286,0.62471,-0.63797,-0.06687,-0.25687
4287,0.67037,-0.64235,-0.08052,-0.28320
4288,0.71500,-0.64569,-0.09213,-0.30833
4289,0.75872,-0.64814,-0.10191,-0.33235
4290,0.80136,-0.64946,-0.10951,-0.35499
4291,0.84269,-0.64964,-0.11507,-0.37620
4292,0.88275,-0.64869,-0.11871,-0.39598
4293,0.92130,-0.64648,-0.12040,-0.41414
4294,0.95837,-0.64313,-0.12023,-0.43074
4295,0.99390,-0.63848,-0.11832,-0.44564
4296,1.02761,-0.63245,-0.11468,-0.45884
4297,1.05961,-0.62499,-0.10932,-0.47035
4298,1.08981,-0.61620,-0.10250,-0.48024
4299,1.11801,-0.60589,-0.09439,-0.48836
4300,1.14421,-0.59415,-0.08497,-0.49475
4301,1.16844,-0.58078,-0.07437,-0.49960
4302,1.19050,-0.56595,-0.06279,-0.50285
4303,1.21047,-0.54953,-0.05024,-0.50449
4304,1.22819,-0.53166,-0.03706,-0.50471
4305,1.24380,-0.51207,-0.02327,-0.50348
4306,1.25716,-0.49105,-0.00899,-0.50093
4307,1.26842,-0.46844,0.00562,-0.49715
4308,1.27745,-0.44433,0.02041,-0.49207
4309,1.28438,-0.41884,0.03515,-0.48605
4310,1.28916,-0.39186,0.04982,-0.47895
4311,1.29195,-0.36357,0.06427,-0.47105
4312,1.29274,-0.33397,0.07848,-0.46238
4313,1.29153,-0.30321,0.09216,-0.45297
4314,1.28847,-0.27133,0.10536,-0.44298
4315,1.28365,-0.23841,0.11793,-0.43246
4316,1.27720,-0.20461,0.12964,-0.42154
4317,1.26915,-0.17004,0.14055,-0.41028
4318,1.25955,-0.13487,0.15053,-0.39879
4319,1.24865,-0.09912,0.15957,-0.38710
4320,1.23656,-0.06299,0.16758,-0.37539
4321,1.22346,-0.02661,0.17446,-0.36364
4322,1.20946,0.00985,0.18014,-0.35192
4323,1.19458,0.04623,0.18463,-0.34044
4324,1.17913,0.08240,0.18795,-0.32908
4325,1.16329,0.11813,0.18999,-0.31797
4326,1.14702,0.15337,0.19078,-0.30718
4327,1.13056,0.18781,0.19028,-0.29668
4328,1.11399,0.22134,0.18841,-0.28666
4329,1.09757,0.25374,0.18536,-0.27705
4330,1.08132,0.28506,0.18098,-0.26785
4331,1.06537,0.31501,0.17527,-0.25929
4332,1.04997,0.34347,0.16843,-0.25116
4333,1.03509,0.37042,0.16026,-0.24363
4334,1.02095,0.39563,0.15090,-0.23669
4335,1.00749,0.41882,0.14037,-0.23034
4336,0.99487,0.44023,0.12881,-0.22456
4337,0.98320,0.45958,0.11618,-0.21953
4338,0.97244,0.47681,0.10259,-0.21511
4339,0.96263,0.49193,0.08807,-0.21137
4340,0.95386,0.50492,0.07266,-0.20839
4341,0.94613,0.51562,0.05643,-0.20603
4342,0.93942,0.52418,0.03948,-0.20436
4343,0.93363,0.53041,0.02192,-0.20343
4344,0.92894,0.53449,0.00383,-0.20318
4345,0.92527,0.53652,-0.01471,-0.20362
4346,0.92246,0.53645,-0.03369,-0.20473
4347,0.92051,0.53428,-0.05286,-0.20649
4348,0.91931,0.53029,-0.07219,-0.20886
4349,0.91879,0.52441,-0.09159,-0.21189
4350,0.91892,0.51682,-0.11100,-0.21549
4351,0.91953,0.50753,-0.13027,-0.21967
4352,0.92047,0.49679,-0.14930,-0.22437
4353,0.92172,0.48476,-0.16788,-0.22945
4354,0.92316,0.47158,-0.18608,-0.23488
4355,0.92457,0.45720,-0.20380,-0.24063
4356,0.92582,0.44209,-0.22092,-0.24670
4357,0.92688,0.42633,-0.23740,-0.25302
4358,0.92768,0.40997,-0.25303,-0.25943
4359,0.92797,0.39314,-0.26791,-0.26592
4360,0.92763,0.37610,-0.28180,-0.27239
4361,0.92649,0.35896,-0.29473,-0.27874
4362,0.92462,0.34197,-0.30664,-0.28490
4363,0.92177,0.32509,-0.31744,-0.29069
4364,0.91789,0.30869,-0.32709,-0.29623
4365,0.91284,0.29270,-0.33563,-0.30135
4366,0.90648,0.27724,-0.34305,-0.30594
4367,0.89888,0.26239,-0.34915,-0.30995
4368,0.88986,0.24831,-0.35408,-0.31316
4369,0.87948,0.23520,-0.35788,-0.31557
4370,0.86752,0.22278,-0.36035,-0.31726
4371,0.85415,0.21132,-0.36170,-0.31806
4372,0.83920,0.20072,-0.36185,-0.31794
4373,0.82271,0.19113,-0.36088,-0.31684
4374,0.80461,0.18241,-0.35882,-0.31469
4375,0.78490,0.17452,-0.35563,-0.31157
4376,0.76381,0.16740,-0.35142,-0.30735
4377,0.74118,0.16100,-0.34625,-0.30203
4378,0.71704,0.15535,-0.34017,-0.29568
4379,0.69143,0.15013,-0.33307,-0.28831
4380,0.66452,0.14550,-0.32525,-0.27982
4381,0.63626,0.14116,-0.31660,-0.27036
4382,0.60682,0.13694,-0.30714,-0.25989
4383,0.57616,0.13285,-0.29708,-0.24846
4384,0.54441,0.12862,-0.28642,-0.23608
4385,0.51171,0.12419,-0.27525,-0.22292
4386,0.47803,0.11939,-0.26363,-0.20894
4387,0.44346,0.11409,-0.25161,-0.19428
4388,0.40819,0.10809,-0.23919,-0.17901
4389,0.37231,0.10124,-0.22649,-0.16322
4390,0.33588,0.09350,-0.21355,-0.14701
4391,0.29908,0.08471,-0.20052,-0.13042
4392,0.26183,0.07466,-0.18740,-0.11357
4393,0.22432,0.06319,-0.17416,-0.09651
4394,0.18668,0.05041,-0.16107,-0.07940
4395,0.14895,0.03613,-0.14802,-0.06227
4396,0.11128,0.02032,-0.13512,-0.04522
4397,0.07373,0.00287,-0.12245,-0.02845
4398,0.03630,-0.01623,-0.11004,-0.01200
4399,-0.00083,-0.03683,-0.09799,0.00398
4400,-0.03750,-0.05911,-0.08623,0.01949
4401,-0.07379,-0.08307,-0.07502,0.03447
4402,-0.10951,-0.10856,-0.06423,0.04882
4403,-0.14451,-0.13549,-0.05402,0.06233
4404,-0.17884,-0.16391,-0.04432,0.07513
4405,-0.21237,-0.19365,-0.03532,0.08696
4406,-0.24500,-0.22461,-0.02711,0.09785
4407,-0.27676,-0.25656,-0.01954,0.10785
4408,-0.30741,-0.28946,-0.01268,0.11676
4409,-0.33695,-0.32311,-0.00671,0.12463
4410,-0.36525,-0.35741,-0.00152,0.13138
4411,-0.39240,-0.39210,0.00283,0.13697
4412,-0.41819,-0.42712,0.00624,0.14148
4413,-0.44251,-0.46215,0.00869,0.14472
4414,-0.46537,-0.49716,0.01037,0.14683
4415,-0.48665,-0.53191,0.01117,0.14775
4416,-0.50643,-0.56607,0.01093,0.14754
4417,-0.52440,-0.59965,0.00994,0.14616
4418,-0.54075,-0.63245,0.00793,0.14368
4419,-0.55543,-0.66414,0.00525,0.14006
4420,-0.56828,-0.69476,0.00156,0.13536
4421,-0.57920,-0.72416,-0.00276,0.12957
4422,-0.58835,-0.75210,-0.00788,0.12279
4423,-0.59562,-0.77840,-0.01365,0.11498
4424,-0.60087,-0.80308,-0.01999,0.10616
4425,-0.60424,-0.82601,-0.02689,0.09649
4426,-0.60572,-0.84707,-0.03419,0.08589
4427,-0.60531,-0.86621,-0.04183,0.07446
4428,-0.60295,-0.88332,-0.04986,0.06233
4429,-0.59876,-0.89845,-0.05799,0.04946
4430,-0.59274,-0.91153,-0.06613,0.03590
4431,-0.58490,-0.92265,-0.07428,0.02169
4432,-0.57538,-0.93153,-0.08220,0.00684
4433,-0.56415,-0.93842,-0.08985,-0.00852
4434,-0.55144,-0.94339,-0.09709,-0.02444
4435,-0.53730,-0.94633,-0.10384,-0.04073
4436,-0.52173,-0.94727,-0.10989,-0.05746
4437,-0.50488,-0.94637,-0.11520,-0.07450
4438,-0.48684,-0.94362,-0.11951,-0.09186
4439,-0.46790,-0.93923,-0.12285,-0.10951
4440,-0.44795,-0.93295,-0.12497,-0.12746
4441,-0.42729,-0.92518,-0.12594,-0.14550
4442,-0.40605,-0.91580,-0.12550,-0.16368
4443,-0.38438,-0.90504,-0.12366,-0.18199
4444,-0.36235,-0.89292,-0.12035,-0.20041
4445,-0.34014,-0.87957,-0.11536,-0.21892
4446,-0.31790,-0.86509,-0.10882,-0.23738
4447,-0.29593,-0.84955,-0.10050,-0.25587
4448,-0.27415,-0.83304,-0.09045,-0.27423
4449,-0.25287,-0.81558,-0.07873,-0.29245
4450,-0.23222,-0.79732,-0.06529,-0.31048
4451,-0.21239,-0.77848,-0.05007,-0.32821
4452,-0.19336,-0.75904,-0.03312,-0.34563
4453,-0.17533,-0.73909,-0.01442,-0.36279
4454,-0.15843,-0.71877,0.00566,-0.37951
4455,-0.14276,-0.69806,0.02724,-0.39573
4456,-0.12852,-0.67718,0.05010,-0.41141
4457,-0.11574,-0.65607,0.07436,-0.42657
4458,-0.10445,-0.63486,0.09965,-0.44110
4459,-0.09476,-0.61377,0.12581,-0.45490
4460,-0.08684,-0.59268,0.15274,-0.46787
4461,-0.08064,-0.57163,0.18021,-0.47995
4462,-0.07632,-0.55085,0.20801,-0.49106
4463,-0.07369,-0.53042,0.23594,-0.50121
4464,-0.07302,-0.51028,0.26376,-0.51019
4465,-0.07408,-0.49065,0.29117,-0.51806
4466,-0.07688,-0.47148,0.31791,-0.52463
4467,-0.08146,-0.45277,0.34388,-0.52990
4468,-0.08787,-0.43465,0.36865,-0.53385
4469,-0.09598,-0.41714,0.39212,-0.53635
4470,-0.10573,-0.40028,0.41391,-0.53743
4471,-0.11704,-0.38421,0.43381,-0.53698
4472,-0.12985,-0.36880,0.45160,-0.53508
4473,-0.14410,-0.35405,0.46704,-0.53145
4474,-0.15966,-0.34019,0.47993,-0.52618
4475,-0.17640,-0.32707,0.48996,-0.51936
4476,-0.19434,-0.31490,0.49707,-0.51082
4477,-0.21314,-0.30334,0.50108,-0.50070
4478,-0.23282,-0.29261,0.50175,-0.48896
4479,-0.25324,-0.28260,0.49914,-0.47564
4480,-0.27424,-0.27346,0.49296,-0.46079
4481,-0.29579,-0.26490,0.48311,-0.44455
4482,-0.31770,-0.25708,0.46971,-0.42686
4483,-0.33975,-0.24995,0.45267,-0.40787
4484,-0.36180,-0.24339,0.43201,-0.38757
4485,-0.38375,-0.23740,0.40766,-0.36623
4486,-0.40557,-0.23180,0.37973,-0.34373
4487,-0.42718,-0.22681,0.34822,-0.32031
4488,-0.44826,-0.22212,0.31330,-0.29611
4489,-0.46879,-0.21765,0.27509,-0.27129
4490,-0.48860,-0.21351,0.23378,-0.24597
4491,-0.50773,-0.20953,0.18956,-0.22038
4492,-0.52592,-0.20568,0.14260,-0.19453
4493,-0.54318,-0.20182,0.09305,-0.16862
4494,-0.55943,-0.19791,0.04110,-0.14294
4495,-0.57459,-0.19383,-0.01301,-0.11745
4496,-0.58867,-0.18966,-0.06889,-0.09237
4497,-0.60155,-0.18520,-0.12630,-0.06793
4498,-0.61309,-0.18036,-0.18506,-0.04427
4499,-0.62353,-0.17514,-0.24489,-0.02161
4500,-0.63273,-0.16949,-0.30543,0.00007
4501,-0.64055,-0.16341,-0.36642,0.02056
4502,-0.64710,-0.15678,-0.42766,0.03967
4503,-0.65235,-0.14947,-0.48881,0.05727
4504,-0.65640,-0.14167,-0.54955,0.07324
4505,-0.65928,-0.13316,-0.60974,0.08742
4506,-0.66097,-0.12411,-0.66902,0.09984
4507,-0.66164,-0.11443,-0.72725,0.11030
4508,-0.66119,-0.10414,-0.78404,0.11880
4509,-0.65981,-0.09326,-0.83933,0.12522
4510,-0.65743,-0.08166,-0.89276,0.12962
4511,-0.65418,-0.06951,-0.94421,0.13177
4512,-0.65023,-0.05678,-0.99346,0.13186
4513,-0.64549,-0.04348,-1.04038,0.12976
4514,-0.63998,-0.02968,-1.08473,0.12549
4515,-0.63396,-0.01546,-1.12647,0.11907
4516,-0.62744,-0.00076,-1.16542,0.11047
4517,-0.62066,0.01417,-1.20148,0.09980
4518,-0.61349,0.02946,-1.23449,0.08714
4519,-0.60605,0.04490,-1.26441,0.07263
4520,-0.59848,0.06050,-1.29112,0.05622
4521,-0.59071,0.07621,-1.31463,0.03797
4522,-0.58287,0.09191,-1.33487,0.01811
4523,-0.57501,0.10760,-1.35174,-0.00330
4524,-0.56726,0.12305,-1.36528,-0.02605
4525,-0.55959,0.13834,-1.37540,-0.05019
4526,-0.55202,0.15339,-1.38216,-0.07534
4527,-0.54455,0.16807,-1.38550,-0.10159
4528,-0.53737,0.18233,-1.38560,-0.12876
4529,-0.53031,0.19613,-1.38227,-0.15663
4530,-0.52341,0.20934,-1.37564,-0.18503
4531,-0.51671,0.22196,-1.36581,-0.21381
4532,-0.51032,0.23395,-1.35268,-0.24291
4533,-0.50422,0.24523,-1.33660,-0.27224
4534,-0.49823,0.25579,-1.31733,-0.30151
4535,-0.49239,0.26567,-1.29520,-0.33059
4536,-0.48673,0.27479,-1.27023,-0.35943
4537,-0.48128,0.28311,-1.24251,-0.38793
4538,-0.47584,0.29069,-1.21216,-0.41597
4539,-0.47051,0.29736,-1.17927,-0.44330
4540,-0.46517,0.30333,-1.14389,-0.46992
4541,-0.45974,0.30863,-1.10626,-0.49577
4542,-0.45425,0.31317,-1.06661,-0.52069
4543,-0.44874,0.31699,-1.02496,-0.54460
4544,-0.44309,0.32013,-0.98149,-0.56751
4545,-0.43721,0.32278,-0.93641,-0.58928
4546,-0.43107,0.32482,-0.88983,-0.60990
4547,-0.42453,0.32656,-0.84189,-0.62928
4548,-0.41777,0.32781,-0.79288,-0.64751
4549,-0.41054,0.32879,-0.74277,-0.66438
4550,-0.40293,0.32967,-0.69196,-0.68000
4551,-0.39475,0.33040,-0.64060,-0.69427
4552,-0.38604,0.33108,-0.58870,-0.70725
4553,-0.37674,0.33183,-0.53653,-0.71883
4554,-0.36682,0.33288,-0.48428,-0.72911
4555,-0.35626,0.33413,-0.43213,-0.73809
4556,-0.34506,0.33583,-0.38017,-0.74568
4557,-0.33311,0.33809,-0.32864,-0.75199
4558,-0.32036,0.34089,-0.27755,-0.75701
4559,-0.30699,0.34433,-0.22719,-0.76077
4560,-0.29286,0.34862,-0.17756,-0.76314
4561,-0.27798,0.35370,-0.12880,-0.76424
4562,-0.26238,0.35960,-0.08113,-0.76413
4563,-0.24604,0.36643,-0.03451,-0.76268
4564,-0.22899,0.37434,0.01088,-0.75996
4565,-0.21126,0.38315,0.05503,-0.75599
4566,-0.19286,0.39291,0.09785,-0.75076
4567,-0.17381,0.40384,0.13932,-0.74425
4568,-0.15415,0.41580,0.17928,-0.73655
4569,-0.13401,0.42864,0.21790,-0.72747
4570,-0.11340,0.44245,0.25500,-0.71726
4571,-0.09238,0.45709,0.29069,-0.70573
4572,-0.07107,0.47250,0.32492,-0.69293
4573,-0.04942,0.48863,0.35762,-0.67882
4574,-0.02751,0.50525,0.38895,-0.66355
4575,-0.00559,0.52239,0.41883,-0.64710
4576,0.01642,0.53989,0.44731,-0.62948
4577,0.03841,0.55751,0.47442,-0.61071
4578,0.06019,0.57515,0.50028,-0.59073
4579,0.08172,0.59262,0.52486,-0.56968
4580,0.10291,0.60974,0.54826,-0.54766
4581,0.12372,0.62635,0.57053,-0.52453
4582,0.14404,0.64214,0.59166,-0.50057
4583,0.16378,0.65706,0.61165,-0.47569
4584,0.18296,0.67088,0.63066,-0.45002
4585,0.20126,0.68340,0.64863,-0.42368
4586,0.21888,0.69443,0.66559,-0.39680
4587,0.23563,0.70384,0.68168,-0.36940
4588,0.25142,0.71141,0.69683,-0.34160
4589,0.26631,0.71703,0.71097,-0.31362
4590,0.28017,0.72055,0.72419,-0.28548
4591,0.29303,0.72171,0.73665,-0.25746
4592,0.30477,0.72063,0.74804,-0.22945
4593,0.31557,0.71703,0.75861,-0.20182
4594,0.32528,0.71078,0.76811,-0.17455
4595,0.33396,0.70209,0.77674,-0.14784
4596,0.34173,0.69081,0.78433,-0.12178
4597,0.34843,0.67687,0.79090,-0.09653
4598,0.35438,0.66030,0.79638,-0.07221
4599,0.35938,0.64117,0.80068,-0.04898
4600,0.36368,0.61951,0.80392,-0.02685
4601,0.36724,0.59556,0.80594,-0.00601
4602,0.37011,0.56934,0.80675,0.01345
4603,0.37253,0.54089,0.80627,0.03148
4604,0.37455,0.51047,0.80439,0.04798
4605,0.37619,0.47824,0.80121,0.06296
4606,0.37766,0.44445,0.79664,0.07634
4607,0.37911,0.40919,0.79055,0.08805
4608,0.38053,0.37281,0.78298,0.09809
4609,0.38219,0.33551,0.77398,0.10660
4610,0.38412,0.29757,0.76353,0.11342
4611,0.38644,0.25921,0.75165,0.11864
4612,0.38916,0.22077,0.73826,0.12231
4613,0.39249,0.18245,0.72331,0.12445
4614,0.39655,0.14460,0.70702,0.12521
4615,0.40139,0.10738,0.68925,0.12461
4616,0.40707,0.07119,0.67019,0.12282
4617,0.41366,0.03624,0.64972,0.11983
4618,0.42135,0.00289,0.62802,0.11590
4619,0.43005,-0.02865,0.60506,0.11105
4620,0.43985,-0.05821,0.58095,0.10538
4621,0.45088,-0.08547,0.55583,0.09905
4622,0.46306,-0.11028,0.52976,0.09226
4623,0.47642,-0.13250,0.50286,0.08509
4624,0.49103,-0.15190,0.47522,0.07757
4625,0.50686,-0.16837,0.44690,0.07002
4626,0.52382,-0.18171,0.41800,0.06243
4627,0.54191,-0.19190,0.38879,0.05500
4628,0.56108,-0.19878,0.35918,0.04793
4629,0.58133,-0.20234,0.32945,0.04119
4630,0.60255,-0.20254,0.29962,0.03498
4631,0.62465,-0.19949,0.26990,0.02937
4632,0.64772,-0.19315,0.24015,0.02454
4633,0.67146,-0.18356,0.21066,0.02046
4634,0.69584,-0.17073,0.18157,0.01732
4635,0.72074,-0.15490,0.15286,0.01507
4636,0.74612,-0.13625,0.12470,0.01394
4637,0.77179,-0.11470,0.09710,0.01394
4638,0.79766,-0.09056,0.07018,0.01501
4639,0.82361,-0.06393,0.04399,0.01733
4640,0.84945,-0.03508,0.01860,0.02086
4641,0.87501,-0.00426,-0.00602,0.02569
4642,0.90023,0.02828,-0.02984,0.03174
4643,0.92508,0.06243,-0.05274,0.03913
4644,0.94932,0.09777,-0.07479,0.04777
4645,0.97269,0.13417,-0.09598,0.05772
4646,0.99530,0.17134,-0.11627,0.06892
4647,1.01687,0.20892,-0.13568,0.08137
4648,1.03726,0.24663,-0.15426,0.09491
4649,1.05643,0.28428,-0.17203,0.10954
4650,1.07417,0.32166,-0.18912,0.12533
4651,1.09038,0.35840,-0.20549,0.14220
4652,1.10490,0.39419,-0.22117,0.16016
4653,1.11764,0.42882,-0.23624,0.17900
4654,1.12857,0.46202,-0.25071,0.19867
4655,1.13750,0.49363,-0.26454,0.21921
4656,1.14448,0.52338,-0.27804,0.24059
4657,1.14929,0.55103,-0.29107,0.26252
4658,1.15189,0.57640,-0.30382,0.28509
4659,1.15211,0.59945,-0.31617,0.30809
4660,1.15006,0.61983,-0.32833,0.33154
4661,1.14565,0.63743,-0.34016,0.35524
4662,1.13899,0.65227,-0.35179,0.37927
4663,1.12983,0.66406,-0.36320,0.40339
4664,1.11821,0.67275,-0.37446,0.42755
4665,1.10413,0.67828,-0.38552,0.45158
4666,1.08778,0.68070,-0.39650,0.47546
4667,1.06895,0.67993,-0.40729,0.49911
4668,1.04793,0.67578,-0.41791,0.52234
4669,1.02450,0.66835,-0.42834,0.54507
4670,0.99891,0.65770,-0.43850,0.56717
4671,0.97132,0.64387,-0.44837,0.58855
4672,0.94164,0.62681,-0.45793,0.60917
4673,0.91000,0.60662,-0.46715,0.62891
4674,0.87660,0.58346,-0.47597,0.64768
4675,0.84154,0.55740,-0.48431,0.66538
4676,0.80498,0.52850,-0.49214,0.68197
4677,0.76701,0.49699,-0.49933,0.69731
4678,0.72782,0.46276,-0.50593,0.71147
4679,0.68764,0.42635,-0.51175,0.72431
4680,0.64665,0.38749,-0.51670,0.73572
4681,0.60492,0.34662,-0.52074,0.74575
4682,0.56287,0.30383,-0.52381,0.75435
4683,0.52041,0.25930,-0.52588,0.76151
4684,0.47791,0.21328,-0.52675,0.76727
4685,0.43542,0.16589,-0.52656,0.77148
4686,0.39325,0.11736,-0.52515,0.77436
4687,0.35157,0.06791,-0.52254,0.77576
4688,0.31058,0.01773,-0.51863,0.77577
4689,0.27033,-0.03291,-0.51342,0.77450
4690,0.23118,-0.08374,-0.50693,0.77195
4691,0.19329,-0.13464,-0.49907,0.76814
4692,0.15682,-0.18532,-0.48990,0.76316
4693,0.12193,-0.23561,-0.47935,0.75720
4694,0.08866,-0.28522,-0.46753,0.75013
4695,0.05724,-0.33406,-0.45446,0.74222
4696,0.02771,-0.38178,-0.44004,0.73355
4697,0.00016,-0.42813,-0.42441,0.72414
4698,-0.02517,-0.47309,-0.40770,0.71417
4699,-0.04821,-0.51617,-0.38986,0.70363
4700,-0.06888,-0.55745,-0.37098,0.69277
4701,-0.08719,-0.59665,-0.35113,0.68160
4702,-0.10308,-0.63359,-0.33043,0.67038
4703,-0.11650,-0.66813,-0.30882,0.65904
4704,-0.12747,-0.70009,-0.28651,0.64775
4705,-0.13597,-0.72923,-0.26368,0.63661
4706,-0.14194,-0.75552,-0.24018,0.62569
4707,-0.14535,-0.77898,-0.21633,0.61516
4708,-0.14632,-0.79929,-0.19208,0.60514
4709,-0.14487,-0.81649,-0.16760,0.59546
4710,-0.14106,-0.83057,-0.14308,0.58631
4711,-0.13490,-0.84138,-0.11847,0.57779
4712,-0.12655,-0.84906,-0.09408,0.56989
4713,-0.11597,-0.85343,-0.06986,0.56260
4714,-0.10330,-0.85453,-0.04597,0.55601
4715,-0.08867,-0.85244,-0.02250,0.55022
4716,-0.07223,-0.84727,0.00039,0.54513
4717,-0.05397,-0.83895,0.02266,0.54076
4718,-0.03396,-0.82757,0.04423,0.53701
4719,-0.01246,-0.81341,0.06503,0.53398
4720,0.01050,-0.79646,0.08485,0.53162
4721,0.03471,-0.77682,0.10363,0.52985
4722,0.06001,-0.75487,0.12127,0.52872
4723,0.08652,-0.73054,0.13779,0.52810
4724,0.11387,-0.70414,0.15291,0.52788
4725,0.14191,-0.67594,0.16676,0.52816
4726,0.17048,-0.64598,0.17919,0.52881
4727,0.19950,-0.61449,0.19006,0.52976
4728,0.22886,-0.58183,0.19936,0.53092
4729,0.25837,-0.54816,0.20712,0.53237
4730,0.28784,-0.51373,0.21324,0.53398
4731,0.31716,-0.47877,0.21756,0.53565
4732,0.34610,-0.44358,0.22024,0.53739
4733,0.37456,-0.40826,0.22113,0.53922
4734,0.40247,-0.37316,0.22030,0.54102
4735,0.42963,-0.33861,0.21762,0.54276
4736,0.45588,-0.30466,0.21317,0.54446
4737,0.48112,-0.27154,0.20697,0.54609
4738,0.50521,-0.23953,0.19891,0.54752
4739,0.52801,-0.20878,0.18916,0.54887
4740,0.54939,-0.17944,0.17766,0.55007
4741,0.56919,-0.15174,0.16452,0.55114
4742,0.58732,-0.12595,0.14984,0.55206
4743,0.60367,-0.10197,0.13363,0.55296
4744,0.61815,-0.08010,0.11594,0.55368
4745,0.63077,-0.06036,0.09693,0.55431
4746,0.64126,-0.04281,0.07655,0.55482
4747,0.64974,-0.02751,0.05503,0.55534
4748,0.65611,-0.01464,0.03244,0.55581
4749,0.66016,-0.00407,0.00885,0.55635
4750,0.66197,0.00412,-0.01549,0.55694
4751,0.66161,0.00998,-0.04055,0.55755
4752,0.65892,0.01353,-0.06618,0.55822
4753,0.65397,0.01484,-0.09228,0.55901
4754,0.64690,0.01389,-0.11867,0.55986
4755,0.63767,0.01083,-0.14523,0.56099
4756,0.62624,0.00573,-0.17172,0.56222
4757,0.61281,-0.00123,-0.19818,0.56371
4758,0.59729,-0.01008,-0.22422,0.56519
4759,0.57980,-0.02062,-0.24986,0.56698
4760,0.56055,-0.03261,-0.27490,0.56891
4761,0.53950,-0.04604,-0.29922,0.57112
4762,0.51687,-0.06075,-0.32265,0.57351
4763,0.49279,-0.07657,-0.34512,0.57611
4764,0.46732,-0.09326,-0.36642,0.57890
4765,0.44077,-0.11081,-0.38644,0.58189
4766,0.41314,-0.12886,-0.40520,0.58516
4767,0.38471,-0.14736,-0.42244,0.58851
4768,0.35549,-0.16612,-0.43803,0.59214
4769,0.32587,-0.18501,-0.45185,0.59586
4770,0.29582,-0.20383,-0.46397,0.59973
4771,0.26567,-0.22238,-0.47419,0.60388
4772,0.23561,-0.24063,-0.48254,0.60814
4773,0.20560,-0.25847,-0.48878,0.61258
4774,0.17614,-0.27557,-0.49292,0.61718
4775,0.14724,-0.29195,-0.49494,0.62185
4776,0.11916,-0.30754,-0.49481,0.62683
4777,0.09205,-0.32204,-0.49251,0.63193
4778,0.06599,-0.33537,-0.48790,0.63716
4779,0.04127,-0.34743,-0.48112,0.64266
4780,0.01814,-0.35819,-0.47211,0.64843
4781,-0.00353,-0.36747,-0.46076,0.65439
4782,-0.02339,-0.37528,-0.44715,0.66075
4783,-0.04131,-0.38153,-0.43144,0.66724
4784,-0.05724,-0.38614,-0.41357,0.67396
4785,-0.07090,-0.38898,-0.39359,0.68098
4786,-0.08231,-0.39003,-0.37157,0.68832
4787,-0.09137,-0.38919,-0.34742,0.69594
4788,-0.09796,-0.38644,-0.32129,0.70391
4789,-0.10209,-0.38172,-0.29343,0.71219
4790,-0.10360,-0.37496,-0.26368,0.72071
4791,-0.10250,-0.36615,-0.23222,0.72945
4792,-0.09868,-0.35534,-0.19916,0.73848
4793,-0.09225,-0.34246,-0.16455,0.74764
4794,-0.08308,-0.32751,-0.12862,0.75693
4795,-0.07118,-0.31035,-0.09145,0.76640
4796,-0.05673,-0.29116,-0.05307,0.77594
4797,-0.03959,-0.26994,-0.01378,0.78542
4798,-0.01991,-0.24659,0.02636,0.79475
4799,0.00225,-0.22116,0.06720,0.80401
4800,0.02682,-0.19366,0.10865,0.81284
4801,0.05381,-0.16423,0.15046,0.82129
4802,0.08309,-0.13281,0.19236,0.82938
4803,0.11455,-0.09961,0.23438,0.83670
4804,0.14800,-0.06464,0.27628,0.84335
4805,0.18343,-0.02802,0.31798,0.84914
4806,0.22071,0.01033,0.35917,0.85399
4807,0.25953,0.05014,0.39983,0.85767
4808,0.30001,0.09137,0.43974,0.86019
4809,0.34190,0.13375,0.47874,0.86125
4810,0.38498,0.17724,0.51666,0.86083
4811,0.42907,0.22180,0.55332,0.85875
4812,0.47411,0.26721,0.58867,0.85496
4813,0.51984,0.31327,0.62253,0.84932
4814,0.56620,0.35978,0.65477,0.84171
4815,0.61292,0.40671,0.68524,0.83208
4816,0.65997,0.45373,0.71391,0.82024
4817,0.70704,0.50070,0.74063,0.80626
4818,0.75404,0.54740,0.76535,0.78999
4819,0.80070,0.59380,0.78807,0.77141
4820,0.84699,0.63953,0.80866,0.75051
4821,0.89261,0.68443,0.82703,0.72726
4822,0.93747,0.72836,0.84322,0.70170
4823,0.98148,0.77114,0.85728,0.67386
4824,1.02432,0.81253,0.86911,0.64370
4825,1.06594,0.85238,0.87889,0.61129
4826,1.10634,0.89059,0.88649,0.57672
4827,1.14513,0.92693,0.89199,0.54000
4828,1.18223,0.96136,0.89543,0.50134
4829,1.21750,0.99360,0.89680,0.46084
4830,1.25089,1.02343,0.89627,0.41850
4831,1.28218,1.05076,0.89394,0.37444
4832,1.31123,1.07564,0.88978,0.32894
4833,1.33804,1.09786,0.88399,0.28202
4834,1.36252,1.11724,0.87657,0.23395
4835,1.38451,1.13393,0.86781,0.18482
4836,1.40387,1.14768,0.85750,0.13479
4837,1.42059,1.15847,0.84593,0.08407
4838,1.43461,1.16633,0.83310,0.03289
4839,1.44580,1.17112,0.81921,-0.01874
4840,1.45425,1.17292,0.80433,-0.07046
4841,1.45970,1.17161,0.78849,-0.12210
4842,1.46232,1.16725,0.77182,-0.17359
4843,1.46185,1.15998,0.75434,-0.22473
4844,1.45853,1.14983,0.73613,-0.27525
4845,1.45221,1.13677,0.71728,-0.32511
4846,1.44291,1.12094,0.69786,-0.37408
4847,1.43064,1.10236,0.67782,-0.42210
4848,1.41549,1.08122,0.65726,-0.46891
4849,1.39756,1.05748,0.63623,-0.51435
4850,1.37672,1.03137,0.61475,-0.55840
4851,1.35304,1.00295,0.59271,-0.60090
4852,1.32677,0.97242,0.57022,-0.64171
4853,1.29785,0.94003,0.54727,-0.68076
4854,1.26639,0.90566,0.52376,-0.71801
4855,1.23249,0.86980,0.49972,-0.75319
4856,1.19641,0.83253,0.47513,-0.78644
4857,1.15804,0.79402,0.44998,-0.81758
4858,1.11765,0.75435,0.42426,-0.84651
4859,1.07530,0.71374,0.39790,-0.87331
4860,1.03121,0.67248,0.37092,-0.89794
4861,0.98538,0.63077,0.34324,-0.92028
4862,0.93812,0.58874,0.31494,-0.94019
4863,0.88951,0.54664,0.28592,-0.95789
4864,0.83979,0.50469,0.25618,-0.97323
4865,0.78894,0.46301,0.22576,-0.98629
4866,0.73721,0.42190,0.19455,-0.99695
4867,0.68478,0.38147,0.16270,-1.00546
4868,0.63178,0.34203,0.13002,-1.01170
4869,0.57835,0.30368,0.09682,-1.01565
4870,0.52465,0.26661,0.06291,-1.01733
4871,0.47096,0.23094,0.02842,-1.01680
4872,0.41737,0.19688,-0.00662,-1.01418
4873,0.36401,0.16452,-0.04208,-1.00942
4874,0.31099,0.13400,-0.07794,-1.00256
4875,0.25837,0.10544,-0.11404,-0.99365
4876,0.20638,0.07896,-0.15035,-0.98285
4877,0.15521,0.05459,-0.18679,-0.97018
4878,0.10504,0.03239,-0.22325,-0.95564
4879,0.05583,0.01250,-0.25961,-0.93933
4880,0.00778,-0.00513,-0.29565,-0.92142
4881,-0.03908,-0.02054,-0.33139,-0.90177
4882,-0.08463,-0.03356,-0.36661,-0.88061
4883,-0.12871,-0.04428,-0.40117,-0.85791
4884,-0.17134,-0.05276,-0.43502,-0.83370
4885,-0.21231,-0.05891,-0.46789,-0.80817
4886,-0.25164,-0.06297,-0.49977,-0.78139
4887,-0.28914,-0.06479,-0.53047,-0.75334
4888,-0.32498,-0.06475,-0.55996,-0.72419
4889,-0.35899,-0.06276,-0.58803,-0.69401
4890,-0.39112,-0.05900,-0.61458,-0.66287
4891,-0.42122,-0.05354,-0.63947,-0.63086
4892,-0.44937,-0.04647,-0.66267,-0.59809
4893,-0.47552,-0.03806,-0.68413,-0.56447
4894,-0.49966,-0.02829,-0.70378,-0.53019
4895,-0.52179,-0.01736,-0.72147,-0.49526
4896,-0.54193,-0.00540,-0.73712,-0.45985
4897,-0.55995,0.00743,-0.75075,-0.42400
4898,-0.57609,0.02102,-0.76233,-0.38761
4899,-0.59023,0.03517,-0.77178,-0.35086
4900,-0.60235,0.04988,-0.77921,-0.31387
4901,-0.61254,0.06476,-0.78456,-0.27662
4902,-0.62086,0.07984,-0.78789,-0.23911
4903,-0.62731,0.09512,-0.78916,-0.20141
4904,-0.63205,0.11024,-0.78854,-0.16365
4905,-0.63507,0.12537,-0.78590,-0.12570
4906,-0.63635,0.14013,-0.78138,-0.08775
4907,-0.63601,0.15449,-0.77505,-0.04977
4908,-0.63429,0.16844,-0.76709,-0.01178
4909,-0.63115,0.18192,-0.75743,0.02624
4910,-0.62671,0.19476,-0.74632,0.06425
4911,-0.62107,0.20700,-0.73373,0.10219
4912,-0.61429,0.21849,-0.71974,0.14016
4913,-0.60660,0.22928,-0.70440,0.17810
4914,-0.59803,0.23912,-0.68804,0.21597
4915,-0.58860,0.24813,-0.67061,0.25385
4916,-0.57851,0.25635,-0.65221,0.29168
4917,-0.56789,0.26360,-0.63302,0.32944
4918,-0.55682,0.26999,-0.61305,0.36719
4919,-0.54540,0.27545,-0.59248,0.40480
4920,-0.53379,0.28003,-0.57138,0.44252
4921,-0.52206,0.28365,-0.54977,0.48016
4922,-0.51036,0.28628,-0.52786,0.51767
4923,-0.49888,0.28804,-0.50559,0.55520
4924,-0.48754,0.28890,-0.48304,0.59259
4925,-0.47653,0.28881,-0.46039,0.62990
4926,-0.46608,0.28790,-0.43763,0.66713
4927,-0.45621,0.28614,-0.41486,0.70431
4928,-0.44688,0.28353,-0.39196,0.74135
4929,-0.43833,0.28025,-0.36917,0.77829
4930,-0.43051,0.27621,-0.34633,0.81497
4931,-0.42356,0.27145,-0.32358,0.85143
4932,-0.41746,0.26598,-0.30078,0.88769
4933,-0.41227,0.25993,-0.27817,0.92371
4934,-0.40809,0.25328,-0.25557,0.95932
4935,-0.40488,0.24610,-0.23299,0.99459
4936,-0.40272,0.23851,-0.21053,1.02938
4937,-0.40160,0.23053,-0.18810,1.06374
4938,-0.40158,0.22220,-0.16564,1.09757
4939,-0.40262,0.21363,-0.14318,1.13075
4940,-0.40473,0.20492,-0.12065,1.16330
4941,-0.40782,0.19605,-0.09803,1.19506
4942,-0.41194,0.18715,-0.07520,1.22600
4943,-0.41702,0.17842,-0.05235,1.25619
4944,-0.42302,0.16985,-0.02937,1.28539
4945,-0.42982,0.16154,-0.00617,1.31364
4946,-0.43762,0.15347,0.01731,1.34075
4947,-0.44611,0.14598,0.04098,1.36686
4948,-0.45527,0.13911,0.06478,1.39174
4949,-0.46515,0.13279,0.08896,1.41543
4950,-0.47563,0.12734,0.11337,1.43788
4951,-0.48657,0.12279,0.13806,1.45881
4952,-0.49798,0.11923,0.16318,1.47837
4953,-0.50972,0.11661,0.18847,1.49649
4954,-0.52176,0.11514,0.21411,1.51303
4955,-0.53401,0.11506,0.23998,1.52791
4956,-0.54629,0.11619,0.26607,1.54121
4957,-0.55868,0.11873,0.29236,1.55274
4958,-0.57106,0.12284,0.31889,1.56263
4959,-0.58332,0.12844,0.34558,1.57064
4960,-0.59542,0.13554,0.37234,1.57682
4961,-0.60721,0.14435,0.39911,1.58106
4962,-0.61863,0.15473,0.42584,1.58339
4963,-0.62960,0.16666,0.45250,1.58373
4964,-0.64001,0.18021,0.47906,1.58193
4965,-0.64989,0.19531,0.50528,1.57809
4966,-0.65904,0.21205,0.53114,1.57218
4967,-0.66751,0.23033,0.55668,1.56407
4968,-0.67514,0.25005,0.58173,1.55377
4969,-0.68194,0.27108,0.60624,1.54141
4970,-0.68782,0.29339,0.63009,1.52674
4971,-0.69251,0.31690,0.65308,1.50977
4972,-0.69619,0.34157,0.67526,1.49055
4973,-0.69873,0.36712,0.69650,1.46909
4974,-0.70002,0.39343,0.71669,1.44529
4975,-0.70004,0.42031,0.73570,1.41922
4976,-0.69870,0.44774,0.75348,1.39095
4977,-0.69599,0.47542,0.76996,1.36034
4978,-0.69194,0.50330,0.78508,1.32756
4979,-0.68635,0.53115,0.79873,1.29263
4980,-0.67923,0.55879,0.81077,1.25557
4981,-0.67041,0.58597,0.82115,1.21639
4982,-0.65992,0.61259,0.82980,1.17523
4983,-0.64782,0.63839,0.83672,1.13214
4984,-0.63409,0.66334,0.84178,1.08727
4985,-0.61853,0.68720,0.84499,1.04078
4986,-0.60120,0.70969,0.84629,0.99265
4987,-0.58223,0.73066,0.84561,0.94300
4988,-0.56140,0.75004,0.84296,0.89216
4989,-0.53882,0.76775,0.83834,0.84014
4990,-0.51450,0.78347,0.83164,0.78717
4991,-0.48838,0.79730,0.82295,0.73341
4992,-0.46054,0.80900,0.81223,0.67899
4993,-0.43102,0.81856,0.79948,0.62412
4994,-0.39985,0.82578,0.78473,0.56908
4995,-0.36702,0.83078,0.76811,0.51396
4996,-0.33272,0.83355,0.74961,0.45908
4997,-0.29686,0.83385,0.72917,0.40460
4998,-0.25962,0.83185,0.70690,0.35073
4999,-0.22097,0.82752,0.68287,0.29777
5000,-0.18117,0.82086,0.65710,0.24587
5001,-0.14036,0.81195,0.62961,0.19518
5002,-0.09854,0.80089,0.60054,0.14611
5003,-0.05573,0.78767,0.57003,0.09867
5004,-0.01218,0.77252,0.53802,0.05310
5005,0.03188,0.75554,0.50466,0.00962
5006,0.07641,0.73681,0.47014,-0.03155
5007,0.12127,0.71640,0.43440,-0.07039
5008,0.16627,0.69450,0.39758,-0.10667
5009,0.21120,0.67119,0.35980,-0.14031
5010,0.25583,0.64662,0.32101,-0.17116
5011,0.30025,0.62107,0.28148,-0.19911
5012,0.34407,0.59460,0.24119,-0.22418
5013,0.38718,0.56738,0.20030,-0.24634
5014,0.42949,0.53963,0.15880,-0.26535
5015,0.47063,0.51147,0.11685,-0.28137
5016,0.51068,0.48304,0.07462,-0.29453
5017,0.54933,0.45442,0.03198,-0.30478
5018,0.58650,0.42576,-0.01088,-0.31208
5019,0.62194,0.39714,-0.05384,-0.31661
5020,0.65559,0.36878,-0.09684,-0.31848
5021,0.68721,0.34078,-0.13994,-0.31775
5022,0.71691,0.31334,-0.18294,-0.31458
5023,0.74435,0.28625,-0.22573,-0.30917
5024,0.76952,0.25980,-0.26827,-0.30166
5025,0.79233,0.23395,-0.31058,-0.29229
5026,0.81275,0.20891,-0.35243,-0.28122
5027,0.83062,0.18453,-0.39395,-0.26871
5028,0.84598,0.16094,-0.43494,-0.25492
5029,0.85872,0.13813,-0.47545,-0.23999
5030,0.86891,0.11608,-0.51540,-0.22434
5031,0.87645,0.09473,-0.55470,-0.20797
5032,0.88134,0.07419,-0.59337,-0.19127
5033,0.88378,0.05442,-0.63124,-0.17446
5034,0.88363,0.03535,-0.66833,-0.15762
5035,0.88102,0.01694,-0.70466,-0.14096
5036,0.87602,-0.00094,-0.74005,-0.12479
5037,0.86866,-0.01828,-0.77453,-0.10942
5038,0.85895,-0.03508,-0.80806,-0.09461
5039,0.84704,-0.05147,-0.84059,-0.08082
5040,0.83312,-0.06752,-0.87205,-0.06797
5041,0.81724,-0.08330,-0.90236,-0.05646
5042,0.79956,-0.09872,-0.93171,-0.04606
5043,0.78008,-0.11401,-0.95987,-0.03711
5044,0.75902,-0.12916,-0.98688,-0.02950
5045,0.73662,-0.14418,-1.01259,-0.02342
5046,0.71275,-0.15913,-1.03712,-0.01877
5047,0.68772,-0.17406,-1.06028,-0.01559
5048,0.66160,-0.18899,-1.08216,-0.01393
5049,0.63469,-0.20388,-1.10278,-0.01364
5050,0.60710,-0.21874,-1.12197,-0.01477
5051,0.57886,-0.23367,-1.13987,-0.01711
5052,0.55009,-0.24859,-1.15634,-0.02070
5053,0.52089,-0.26351,-1.17145,-0.02537
5054,0.49151,-0.27845,-1.18509,-0.03102
5055,0.46195,-0.29334,-1.19730,-0.03748
5056,0.43245,-0.30813,-1.20809,-0.04480
5057,0.40305,-0.32278,-1.21748,-0.05265
5058,0.37380,-0.33747,-1.22545,-0.06101
5059,0.34493,-0.35180,-1.23200,-0.06981
5060,0.31642,-0.36603,-1.23716,-0.07877
5061,0.28839,-0.37994,-1.24096,-0.08780
5062,0.26082,-0.39354,-1.24322,-0.09676
5063,0.23399,-0.40666,-1.24411,-0.10561
5064,0.20779,-0.41946,-1.24369,-0.11417
5065,0.18240,-0.43164,-1.24195,-0.12227
5066,0.15758,-0.44334,-1.23891,-0.12991
5067,0.13362,-0.45447,-1.23452,-0.13703
5068,0.11054,-0.46490,-1.22895,-0.14356
5069,0.08824,-0.47477,-1.22212,-0.14939
5070,0.06687,-0.48396,-1.21407,-0.15440
5071,0.04639,-0.49242,-1.20496,-0.15864
5072,0.02679,-0.50014,-1.19472,-0.16210
5073,0.00817,-0.50713,-1.18345,-0.16493
5074,-0.00956,-0.51326,-1.17131,-0.16691
5075,-0.02625,-0.51873,-1.15807,-0.16819
5076,-0.04205,-0.52340,-1.14404,-0.16878
5077,-0.05682,-0.52733,-1.12906,-0.16878
5078,-0.07061,-0.53070,-1.11339,-0.16816
5079,-0.08341,-0.53328,-1.09709,-0.16708
5080,-0.09521,-0.53526,-1.08018,-0.16564
5081,-0.10606,-0.53656,-1.06277,-0.16375
5082,-0.11596,-0.53721,-1.04491,-0.16161
5083,-0.12481,-0.53737,-1.02657,-0.15941
5084,-0.13263,-0.53703,-1.00796,-0.15724
5085,-0.13949,-0.53620,-0.98910,-0.15513
5086,-0.14537,-0.53493,-0.97025,-0.15319
5087,-0.15023,-0.53324,-0.95136,-0.15154
5088,-0.15405,-0.53135,-0.93259,-0.15031
5089,-0.15684,-0.52907,-0.91387,-0.14961
5090,-0.15872,-0.52650,-0.89543,-0.14949
5091,-0.15953,-0.52375,-0.87731,-0.15008
5092,-0.15934,-0.52080,-0.85966,-0.15135
5093,-0.15808,-0.51771,-0.84243,-0.15349
5094,-0.15589,-0.51451,-0.82580,-0.15635
5095,-0.15270,-0.51123,-0.80977,-0.16034
5096,-0.14851,-0.50778,-0.79446,-0.16528
5097,-0.14335,-0.50425,-0.77997,-0.17114
5098,-0.13726,-0.50068,-0.76628,-0.17812
5099,-0.13022,-0.49704,-0.75355,-0.18603
5100,-0.12226,-0.49337,-0.74168,-0.19501
5101,-0.11339,-0.48968,-0.73082,-0.20502
5102,-0.10366,-0.48590,-0.72099,-0.21610
5103,-0.09314,-0.48205,-0.71222,-0.22809
5104,-0.08179,-0.47823,-0.70447,-0.24106
5105,-0.06980,-0.47426,-0.69780,-0.25494
5106,-0.05715,-0.47021,-0.69222,-0.26965
5107,-0.04376,-0.46609,-0.68770,-0.28508
5108,-0.02976,-0.46186,-0.68416,-0.30119
5109,-0.01513,-0.45756,-0.68165,-0.31791
5110,-0.00002,-0.45312,-0.68013,-0.33520
5111,0.01556,-0.44859,-0.67942,-0.35288
5112,0.03150,-0.44392,-0.67961,-0.37110
5113,0.04784,-0.43920,-0.68064,-0.38954
5114,0.06449,-0.43438,-0.68233,-0.40822
5115,0.08137,-0.42947,-0.68479,-0.42705
5116,0.09851,-0.42447,-0.68784,-0.44582
5117,0.11576,-0.41956,-0.69150,-0.46463
5118,0.13316,-0.41469,-0.69551,-0.48337
5119,0.15058,-0.40989,-0.69986,-0.50182
5120,0.16799,-0.40519,-0.70445,-0.51997
5121,0.18547,-0.40052,-0.70930,-0.53788
5122,0.20286,-0.39608,-0.71402,-0.55541
5123,0.22012,-0.39181,-0.71871,-0.57243
5124,0.23734,-0.38780,-0.72339,-0.58906
5125,0.25444,-0.38410,-0.72784,-0.60506
5126,0.27137,-0.38076,-0.73189,-0.62040
5127,0.28814,-0.37790,-0.73563,-0.63510
5128,0.30480,-0.37538,-0.73878,-0.64913
5129,0.32119,-0.37334,-0.74131,-0.66239
5130,0.33740,-0.37191,-0.74315,-0.67493
5131,0.35352,-0.37102,-0.74423,-0.68675
5132,0.36943,-0.37073,-0.74434,-0.69778
5133,0.38524,-0.37106,-0.74354,-0.70799
5134,0.40095,-0.37196,-0.74172,-0.71739
5135,0.41650,-0.37356,-0.73876,-0.72598
5136,0.43203,-0.37586,-0.73466,-0.73373
5137,0.44747,-0.37884,-0.72934,-0.74075
5138,0.46279,-0.38245,-0.72273,-0.74686
5139,0.47817,-0.38678,-0.71473,-0.75214
5140,0.49356,-0.39164,-0.70535,-0.75659
5141,0.50889,-0.39722,-0.69455,-0.76033
5142,0.52433,-0.40331,-0.68235,-0.76322
5143,0.53969,-0.40989,-0.66863,-0.76528
5144,0.55531,-0.41692,-0.65339,-0.76664
5145,0.57102,-0.42440,-0.63674,-0.76714
5146,0.58669,-0.43226,-0.61848,-0.76683
5147,0.60256,-0.44041,-0.59878,-0.76567
5148,0.61857,-0.44881,-0.57761,-0.76374
5149,0.63476,-0.45737,-0.55496,-0.76103
5150,0.65111,-0.46600,-0.53082,-0.75755
5151,0.66743,-0.47469,-0.50533,-0.75330
5152,0.68398,-0.48324,-0.47850,-0.74824
5153,0.70067,-0.49172,-0.45050,-0.74240
5154,0.71746,-0.49997,-0.42127,-0.73578
5155,0.73429,-0.50801,-0.39099,-0.72826
5156,0.75106,-0.51575,-0.35967,-0.71987
5157,0.76791,-0.52317,-0.32738,-0.71060
5158,0.78477,-0.53008,-0.29432,-0.70050
5159,0.80166,-0.53660,-0.26054,-0.68953
5160,0.81852,-0.54256,-0.22623,-0.67769
5161,0.83514,-0.54803,-0.19155,-0.66491
5162,0.85173,-0.55291,-0.15655,-0.65117
5163,0.86805,-0.55724,-0.12146,-0.63642
5164,0.88420,-0.56106,-0.08635,-0.62073
5165,0.90010,-0.56426,-0.05128,-0.60402
5166,0.91572,-0.56683,-0.01653,-0.58620
5167,0.93092,-0.56899,0.01778,-0.56726
5168,0.94582,-0.57064,0.05154,-0.54717
5169,0.96034,-0.57183,0.08451,-0.52587
5170,0.97446,-0.57258,0.11661,-0.50346
5171,0.98812,-0.57308,0.14766,-0.47993
5172,1.00114,-0.57314,0.17768,-0.45520
5173,1.01366,-0.57304,0.20646,-0.42919
5174,1.02565,-0.57274,0.23391,-0.40205
5175,1.03706,-0.57234,0.25987,-0.37366
5176,1.04794,-0.57188,0.28433,-0.34399
5177,1.05822,-0.57154,0.30714,-0.31325
5178,1.06785,-0.57117,0.32817,-0.28127
5179,1.07683,-0.57100,0.34758,-0.24805
5180,1.08525,-0.57098,0.36508,-0.21365
5181,1.09292,-0.57133,0.38074,-0.17824
5182,1.09993,-0.57194,0.39455,-0.14166
5183,1.10621,-0.57288,0.40654,-0.10421
5184,1.11191,-0.57418,0.41667,-0.06561
5185,1.11692,-0.57595,0.42502,-0.02618
5186,1.12120,-0.57815,0.43146,0.01405
5187,1.12478,-0.58073,0.43618,0.05502
5188,1.12755,-0.58386,0.43920,0.09674
5189,1.12961,-0.58739,0.44052,0.13898
5190,1.13103,-0.59126,0.44021,0.18167
5191,1.13156,-0.59553,0.43842,0.22474
5192,1.13136,-0.60014,0.43514,0.26817
5193,1.13037,-0.60502,0.43064,0.31165
5194,1.12865,-0.61003,0.42478,0.35524
5195,1.12608,-0.61524,0.41769,0.39874
5196,1.12265,-0.62054,0.40961,0.44193
5197,1.11834,-0.62590,0.40050,0.48484
5198,1.11308,-0.63099,0.39046,0.52726
5199,1.10689,-0.63586,0.37956,0.56897
5200,1.09978,-0.64045,0.36800,0.61004
5201,1.09167,-0.64458,0.35586,0.65017
5202,1.08257,-0.64817,0.34317,0.68936
5203,1.07236,-0.65106,0.32992,0.72733
5204,1.06112,-0.65322,0.31636,0.76402
5205,1.04878,-0.65454,0.30253,0.79940
5206,1.03526,-0.65488,0.28842,0.83314
5207,1.02067,-0.65426,0.27416,0.86517
5208,1.00482,-0.65249,0.25968,0.89551
5209,0.98789,-0.64949,0.24509,0.92392
5210,0.96976,-0.64529,0.23045,0.95031
5211,0.95045,-0.63970,0.21585,0.97459
5212,0.93003,-0.63270,0.20128,0.99679
5213,0.90834,-0.62438,0.18673,1.01657
5214,0.88558,-0.61462,0.17225,1.03406
5215,0.86175,-0.60338,0.15790,1.04912
5216,0.83680,-0.59078,0.14366,1.06172
5217,0.81073,-0.57683,0.12955,1.07182
5218,0.78379,-0.56147,0.11566,1.07938
5219,0.75579,-0.54476,0.10179,1.08433
5220,0.72681,-0.52682,0.08814,1.08668
5221,0.69716,-0.50764,0.07467,1.08642
5222,0.66673,-0.48736,0.06127,1.08353
5223,0.63555,-0.46599,0.04803,1.07814
5224,0.60371,-0.44372,0.03505,1.07019
5225,0.57134,-0.42067,0.02221,1.05978
5226,0.53865,-0.39694,0.00959,1.04687
5227,0.50567,-0.37258,-0.00286,1.03161
5228,0.47259,-0.34776,-0.01498,1.01398
5229,0.43933,-0.32261,-0.02697,0.99423
5230,0.40622,-0.29728,-0.03869,0.97232
5231,0.37319,-0.27184,-0.05020,0.94851
5232,0.34048,-0.24652,-0.06141,0.92286
5233,0.30821,-0.22130,-0.07244,0.89546
5234,0.27642,-0.19653,-0.08308,0.86662
5235,0.24529,-0.17212,-0.09331,0.83640
5236,0.21492,-0.14831,-0.10319,0.80483
5237,0.18553,-0.12518,-0.11288,0.77232
5238,0.15713,-0.10288,-0.12214,0.73912
5239,0.12991,-0.08144,-0.13102,0.70506
5240,0.10383,-0.06101,-0.13949,0.67048
5241,0.07929,-0.04164,-0.14748,0.63565
5242,0.05616,-0.02348,-0.15503,0.60078
5243,0.03466,-0.00648,-0.16216,0.56599
5244,0.01497,0.00933,-0.16878,0.53145
5245,-0.00306,0.02380,-0.17502,0.49724
5246,-0.01914,0.03683,-0.18069,0.46369
5247,-0.03324,0.04860,-0.18590,0.43094
5248,-0.04530,0.05887,-0.19066,0.39919
5249,-0.05516,0.06769,-0.19489,0.36838
5250,-0.06292,0.07508,-0.19873,0.33884
5251,-0.06843,0.08107,-0.20209,0.31060
5252,-0.07173,0.08560,-0.20508,0.28384
5253,-0.07273,0.08873,-0.20768,0.25849
5254,-0.07132,0.09048,-0.20980,0.23471
5255,-0.06761,0.09077,-0.21159,0.21255
5256,-0.06159,0.08974,-0.21301,0.19196
5257,-0.05319,0.08736,-0.21418,0.17302
5258,-0.04238,0.08369,-0.21511,0.15576
5259,-0.02931,0.07877,-0.21596,0.14015
5260,-0.01391,0.07268,-0.21659,0.12610
5261,0.00376,0.06532,-0.21712,0.11367
5262,0.02359,0.05676,-0.21755,0.10272
5263,0.04556,0.04714,-0.21807,0.09320
5264,0.06959,0.03647,-0.21861,0.08501
5265,0.09564,0.02481,-0.21932,0.07804
5266,0.12361,0.01210,-0.22028,0.07217
5267,0.15327,-0.00149,-0.22145,0.06724
5268,0.18458,-0.01600,-0.22305,0.06314
5269,0.21757,-0.03127,-0.22496,0.05978
5270,0.25203,-0.04739,-0.22744,0.05709
5271,0.28778,-0.06435,-0.23037,0.05490
5272,0.32476,-0.08201,-0.23391,0.05305
5273,0.36290,-0.10025,-0.23807,0.05137
5274,0.40192,-0.11909,-0.24287,0.04974
5275,0.44172,-0.13843,-0.24849,0.04808
5276,0.48222,-0.15830,-0.25485,0.04621
5277,0.52325,-0.17862,-0.26199,0.04416
5278,0.56466,-0.19939,-0.27007,0.04167
5279,0.60625,-0.22033,-0.27900,0.03866
5280,0.64797,-0.24156,-0.28883,0.03527
5281,0.68962,-0.26300,-0.29958,0.03117
5282,0.73106,-0.28448,-0.31132,0.02632
5283,0.77220,-0.30598,-0.32404,0.02079
5284,0.81282,-0.32738,-0.33775,0.01450
5285,0.85291,-0.34869,-0.35239,0.00747
5286,0.89230,-0.36971,-0.36795,-0.00043
5287,0.93094,-0.39048,-0.38448,-0.00904
5288,0.96863,-0.41067,-0.40187,-0.01850
5289,1.00523,-0.43048,-0.42019,-0.02865
5290,1.04069,-0.44959,-0.43931,-0.03968
5291,1.07498,-0.46806,-0.45922,-0.05146
5292,1.10800,-0.48557,-0.47986,-0.06387
5293,1.13961,-0.50215,-0.50119,-0.07698
5294,1.16980,-0.51769,-0.52314,-0.09069
5295,1.19844,-0.53213,-0.54567,-0.10502
5296,1.22553,-0.54536,-0.56863,-0.11983
5297,1.25101,-0.55723,-0.59210,-0.13514
5298,1.27488,-0.56778,-0.61573,-0.15085
5299,1.29705,-0.57683,-0.63955,-0.16690
5300,1.31747,-0.58436,-0.66356,-0.18337
5301,1.33614,-0.59024,-0.68759,-0.20008
5302,1.35295,-0.59432,-0.71154,-0.21703
5303,1.36796,-0.59668,-0.73534,-0.23417
5304,1.38118,-0.59721,-0.75885,-0.25148
5305,1.39241,-0.59593,-0.78197,-0.26889
5306,1.40175,-0.59275,-0.80466,-0.28636
5307,1.40922,-0.58759,-0.82679,-0.30388
5308,1.41475,-0.58062,-0.84817,-0.32145
5309,1.41821,-0.57172,-0.86881,-0.33900
5310,1.41964,-0.56091,-0.88860,-0.35659
5311,1.41900,-0.54820,-0.90735,-0.37406
5312,1.41636,-0.53368,-0.92503,-0.39141
5313,1.41161,-0.51729,-0.94160,-0.40878
5314,1.40463,-0.49918,-0.95699,-0.42602
5315,1.39549,-0.47942,-0.97099,-0.44318
5316,1.38423,-0.45798,-0.98364,-0.46013
5317,1.37074,-0.43512,-0.99490,-0.47697
5318,1.35500,-0.41080,-1.00463,-0.49356
5319,1.33682,-0.38519,-1.01278,-0.50991
5320,1.31635,-0.35834,-1.01932,-0.52604
5321,1.29356,-0.33037,-1.02422,-0.54192
5322,1.26835,-0.30141,-1.02746,-0.55752
5323,1.24064,-0.27160,-1.02903,-0.57265
5324,1.21047,-0.24099,-1.02882,-0.58724
5325,1.17788,-0.20977,-1.02694,-0.60131
5326,1.14286,-0.17809,-1.02329,-0.61474
5327,1.10537,-0.14612,-1.01794,-0.62753
5328,1.06541,-0.11387,-1.01086,-0.63953
5329,1.02302,-0.08153,-1.00206,-0.65067
5330,0.97827,-0.04914,-0.99158,-0.66097
5331,0.93118,-0.01695,-0.97950,-0.67021
5332,0.88176,0.01506,-0.96582,-0.67832
5333,0.83016,0.04669,-0.95052,-0.68516
5334,0.77636,0.07799,-0.93372,-0.69069
5335,0.72043,0.10870,-0.91547,-0.69478
5336,0.66269,0.13886,-0.89583,-0.69729
5337,0.60305,0.16833,-0.87487,-0.69808
5338,0.54178,0.19703,-0.85261,-0.69723
5339,0.47892,0.22498,-0.82931,-0.69447
5340,0.41475,0.25200,-0.80503,-0.68971
5341,0.34930,0.27807,-0.77975,-0.68291
5342,0.28290,0.30342,-0.75369,-0.67410
5343,0.21563,0.32772,-0.72689,-0.66310
5344,0.14773,0.35101,-0.69949,-0.65002
5345,0.07933,0.37320,-0.67157,-0.63454
5346,0.01076,0.39453,-0.64330,-0.61670
5347,-0.05771,0.41480,-0.61486,-0.59659
5348,-0.12600,0.43412,-0.58632,-0.57408
5349,-0.19388,0.45240,-0.55787,-0.54922
5350,-0.26102,0.46964,-0.52960,-0.52208
5351,-0.32732,0.48587,-0.50176,-0.49265
5352,-0.39252,0.50113,-0.47441,-0.46091
5353,-0.45651,0.51535,-0.44770,-0.42700
5354,-0.51895,0.52854,-0.42196,-0.39108
5355,-0.57970,0.54069,-0.39720,-0.35323
5356,-0.63852,0.55193,-0.37362,-0.31333
5357,-0.69537,0.56205,-0.35135,-0.27175
5358,-0.75001,0.57111,-0.33060,-0.22847
5359,-0.80239,0.57911,-0.31153,-0.18389
5360,-0.85238,0.58611,-0.29419,-0.13798
5361,-0.89991,0.59195,-0.27869,-0.09093
5362,-0.94470,0.59666,-0.26528,-0.04294
5363,-0.98676,0.60026,-0.25404,0.00575
5364,-1.02607,0.60252,-0.24500,0.05495
5365,-1.06273,0.60341,-0.23837,0.10440
5366,-1.09652,0.60306,-0.23432,0.15391
5367,-1.12756,0.60134,-0.23264,0.20316
5368,-1.15581,0.59811,-0.23369,0.25203
5369,-1.18131,0.59326,-0.23728,0.30023
5370,-1.20414,0.58686,-0.24352,0.34756
5371,-1.22418,0.57882,-0.25255,0.39379
5372,-1.24167,0.56908,-0.26414,0.43861
5373,-1.25650,0.55749,-0.27835,0.48187
5374,-1.26903,0.54399,-0.29514,0.52328
5375,-1.27911,0.52858,-0.31445,0.56255
5376,-1.28694,0.51109,-0.33624,0.59969
5377,-1.29259,0.49151,-0.36032,0.63436
5378,-1.29600,0.46986,-0.38657,0.66636
5379,-1.29745,0.44609,-0.41491,0.69556
5380,-1.29695,0.42013,-0.44516,0.72168
5381,-1.29447,0.39203,-0.47718,0.74467
5382,-1.29026,0.36176,-0.51082,0.76441
5383,-1.28438,0.32929,-0.54584,0.78070
5384,-1.27679,0.29469,-0.58204,0.79360
5385,-1.26757,0.25790,-0.61915,0.80282
5386,-1.25676,0.21892,-0.65710,0.80845
5387,-1.24450,0.17803,-0.69561,0.81029
5388,-1.23074,0.13521,-0.73437,0.80848
5389,-1.21552,0.09048,-0.77330,0.80293
5390,-1.19894,0.04393,-0.81206,0.79366
5391,-1.18095,-0.00421,-0.85050,0.78077
5392,-1.16147,-0.05386,-0.88837,0.76419
5393,-1.14059,-0.10495,-0.92556,0.74415
5394,-1.11820,-0.15724,-0.96172,0.72071
5395,-1.09433,-0.21059,-0.99683,0.69397
5396,-1.06904,-0.26487,-1.03061,0.66416
5397,-1.04221,-0.31982,-1.06294,0.63138
5398,-1.01380,-0.37525,-1.09364,0.59580
5399,-0.98386,-0.43098,-1.12263,0.55761
5400,-0.95234,-0.48665,-1.14979,0.51707
5401,-0.91933,-0.54212,-1.17496,0.47436
5402,-0.88466,-0.59713,-1.19808,0.42984
5403,-0.84843,-0.65150,-1.21910,0.38373
5404,-0.81050,-0.70491,-1.23788,0.33618
5405,-0.77098,-0.75714,-1.25442,0.28759
5406,-0.72991,-0.80802,-1.26861,0.23819
5407,-0.68736,-0.85722,-1.28060,0.18828
5408,-0.64322,-0.90454,-1.29030,0.13821
5409,-0.59766,-0.94963,-1.29784,0.08819
5410,-0.55073,-0.99246,-1.30314,0.03850
5411,-0.50244,-1.03271,-1.30625,-0.01039
5412,-0.45289,-1.07009,-1.30709,-0.05854
5413,-0.40228,-1.10458,-1.30586,-0.10548
5414,-0.35068,-1.13581,-1.30262,-0.15084
5415,-0.29803,-1.16374,-1.29737,-0.19449
5416,-0.24464,-1.18811,-1.29018,-0.23604
5417,-0.19058,-1.20895,-1.28121,-0.27542
5418,-0.13613,-1.22600,-1.27042,-0.31235
5419,-0.08141,-1.23925,-1.25801,-0.34668
5420,-0.02644,-1.24857,-1.24392,-0.37814
5421,0.02840,-1.25383,-1.22832,-0.40653
5422,0.08299,-1.25521,-1.21122,-0.43182
5423,0.13716,-1.25241,-1.19273,-0.45384
5424,0.19066,-1.24559,-1.17292,-0.47238
5425,0.24346,-1.23478,-1.15191,-0.48739
5426,0.29526,-1.22013,-1.12973,-0.49884
5427,0.34586,-1.20152,-1.10640,-0.50667
5428,0.39510,-1.17909,-1.08206,-0.51083
5429,0.44271,-1.15312,-1.05684,-0.51120
5430,0.48865,-1.12359,-1.03069,-0.50789
5431,0.53274,-1.09076,-1.00377,-0.50079
5432,0.57475,-1.05468,-0.97607,-0.49013
5433,0.61450,-1.01572,-0.94768,-0.47581
5434,0.65195,-0.97400,-0.91865,-0.45793
5435,0.68695,-0.92978,-0.88904,-0.43659
5436,0.71940,-0.88317,-0.85889,-0.41188
5437,0.74916,-0.83461,-0.82848,-0.38390
5438,0.77620,-0.78422,-0.79760,-0.35269
5439,0.80042,-0.73236,-0.76652,-0.31846
5440,0.82177,-0.67941,-0.73521,-0.28128
5441,0.84032,-0.62538,-0.70376,-0.24134
5442,0.85603,-0.57064,-0.67225,-0.19870
5443,0.86885,-0.51557,-0.64077,-0.15361
5444,0.87880,-0.46033,-0.60939,-0.10627
5445,0.88598,-0.40519,-0.57821,-0.05680
5446,0.89055,-0.35038,-0.54745,-0.00531
5447,0.89242,-0.29615,-0.51690,0.04791
5448,0.89168,-0.24287,-0.48696,0.10282
5449,0.88856,-0.19066,-0.45751,0.15921
5450,0.88315,-0.13970,-0.42872,0.21687
5451,0.87555,-0.09016,-0.40060,0.27558
5452,0.86587,-0.04224,-0.37331,0.33513
5453,0.85429,0.00394,-0.34694,0.39542
5454,0.84098,0.04820,-0.32149,0.45620
5455,0.82614,0.09038,-0.29700,0.51723
5456,0.80991,0.13051,-0.27359,0.57840
5457,0.79254,0.16845,-0.25129,0.63946
5458,0.77410,0.20421,-0.23011,0.70021
5459,0.75488,0.23765,-0.21009,0.76050
5460,0.73503,0.26880,-0.19129,0.82008
5461,0.71480,0.29767,-0.17377,0.87885
5462,0.69423,0.32432,-0.15733,0.93647
5463,0.67363,0.34866,-0.14219,0.99286
5464,0.65309,0.37093,-0.12815,1.04779
5465,0.63285,0.39102,-0.11520,1.10123
5466,0.61293,0.40916,-0.10332,1.15277
5467,0.59353,0.42528,-0.09248,1.20230
5468,0.57489,0.43952,-0.08263,1.24963
5469,0.55703,0.45201,-0.07362,1.29459
5470,0.54014,0.46283,-0.06536,1.33706
5471,0.52423,0.47208,-0.05780,1.37686
5472,0.50936,0.47991,-0.05083,1.41383
5473,0.49556,0.48644,-0.04436,1.44785
5474,0.48298,0.49176,-0.03824,1.47875
5475,0.47157,0.49592,-0.03234,1.50642
5476,0.46133,0.49904,-0.02658,1.53074
5477,0.45243,0.50121,-0.02085,1.55164
5478,0.44465,0.50265,-0.01499,1.56897
5479,0.43805,0.50327,-0.00898,1.58270
5480,0.43265,0.50327,-0.00259,1.59280
5481,0.42833,0.50270,0.00424,1.59912
5482,0.42500,0.50153,0.01158,1.60178
5483,0.42259,0.49998,0.01952,1.60064
5484,0.42111,0.49790,0.02823,1.59570
5485,0.42044,0.49550,0.03775,1.58713
5486,0.42042,0.49266,0.04809,1.57465
5487,0.42095,0.48962,0.05927,1.55853
5488,0.42202,0.48620,0.07151,1.53877
5489,0.42348,0.48252,0.08477,1.51550
5490,0.42512,0.47855,0.09897,1.48875
5491,0.42693,0.47427,0.11425,1.45860
5492,0.42880,0.46976,0.13062,1.42525
5493,0.43065,0.46490,0.14796,1.38875
5494,0.43229,0.45987,0.16632,1.34925
5495,0.43363,0.45435,0.18572,1.30692
5496,0.43461,0.44850,0.20602,1.26195
5497,0.43515,0.44234,0.22732,1.21446
5498,0.43533,0.43589,0.24947,1.16464
5499,0.43485,0.42895,0.27239,1.11254
5500,0.43369,0.42174,0.29610,1.05850
5501,0.43192,0.41410,0.32047,1.00261
5502,0.42932,0.40613,0.34550,0.94517
5503,0.42608,0.39774,0.37100,0.88633
5504,0.42199,0.38899,0.39699,0.82621
5505,0.41715,0.37977,0.42342,0.76502
5506,0.41156,0.37022,0.45006,0.70300
5507,0.40519,0.36034,0.47693,0.64025
5508,0.39814,0.35003,0.50385,0.57693
5509,0.39037,0.33934,0.53087,0.51329
5510,0.38208,0.32835,0.55781,0.44944
5511,0.37302,0.31706,0.58465,0.38555
5512,0.36353,0.30550,0.61121,0.32168
5513,0.35352,0.29382,0.63744,0.25807
5514,0.34303,0.28190,0.66333,0.19490
5515,0.33222,0.26985,0.68875,0.13211
5516,0.32116,0.25766,0.71361,0.06991
5517,0.30985,0.24543,0.73778,0.00841
5518,0.29853,0.23320,0.76119,-0.05231
5519,0.28714,0.22100,0.78380,-0.11212
5520,0.27585,0.20876,0.80548,-0.17107
5521,0.26471,0.19668,0.82620,-0.22891
5522,0.25384,0.18466,0.84582,-0.28571
5523,0.24326,0.17281,0.86430,-0.34153
5524,0.23312,0.16111,0.88152,-0.39612
5525,0.22345,0.14968,0.89743,-0.44945
5526,0.21437,0.13848,0.91193,-0.50160
5527,0.20594,0.12748,0.92501,-0.55239
5528,0.19821,0.11674,0.93654,-0.60190
5529,0.19120,0.10631,0.94637,-0.65004
5530,0.18497,0.09610,0.95460,-0.69678
5531,0.17959,0.08613,0.96106,-0.74219
5532,0.17516,0.07654,0.96571,-0.78610
5533,0.17168,0.06721,0.96844,-0.82859
5534,0.16904,0.05811,0.96925,-0.86954
5535,0.16743,0.04918,0.96815,-0.90894
5536,0.16691,0.04050,0.96501,-0.94684
5537,0.16725,0.03192,0.95983,-0.98318
5538,0.16861,0.02346,0.95264,-1.01790
5539,0.17084,0.01521,0.94346,-1.05101
5540,0.17412,0.00706,0.93223,-1.08244
5541,0.17836,-0.00113,0.91909,-1.11216
5542,0.18347,-0.00930,0.90388,-1.14018
5543,0.18947,-0.01747,0.88680,-1.16636
5544,0.19616,-0.02572,0.86790,-1.19086
5545,0.20373,-0.03411,0.84719,-1.21355
5546,0.21185,-0.04269,0.82488,-1.23447
5547,0.22062,-0.05148,0.80090,-1.25350
5548,0.23002,-0.06047,0.77551,-1.27070
5549,0.24000,-0.06971,0.74870,-1.28584
5550,0.25037,-0.07920,0.72079,-1.29913
5551,0.26107,-0.08900,0.69182,-1.31054
5552,0.27214,-0.09906,0.66202,-1.32000
5553,0.28328,-0.10949,0.63149,-1.32740
5554,0.29458,-0.12027,0.60043,-1.33299
5555,0.30584,-0.13130,0.56905,-1.33653
5556,0.31702,-0.14284,0.53751,-1.33804
5557,0.32806,-0.15469,0.50609,-1.33762
5558,0.33898,-0.16680,0.47491,-1.33535
5559,0.34946,-0.17924,0.44420,-1.33121
5560,0.35956,-0.19191,0.41417,-1.32504
5561,0.36913,-0.20482,0.38496,-1.31702
5562,0.37816,-0.21816,0.35685,-1.30711
5563,0.38672,-0.23161,0.32999,-1.29540
5564,0.39437,-0.24518,0.30460,-1.28191
5565,0.40137,-0.25881,0.28076,-1.26670
5566,0.40755,-0.27263,0.25883,-1.24982
5567,0.41279,-0.28647,0.23881,-1.23123
5568,0.41700,-0.30024,0.22090,-1.21116
5569,0.42029,-0.31394,0.20519,-1.18961
5570,0.42252,-0.32759,0.19178,-1.16663
5571,0.42364,-0.34103,0.18079,-1.14227
5572,0.42354,-0.35433,0.17234,-1.11659
5573,0.42236,-0.36733,0.16639,-1.08965
5574,0.42000,-0.38007,0.16307,-1.06167
5575,0.41650,-0.39251,0.16237,-1.03254
5576,0.41189,-0.40456,0.16428,-1.00250
5577,0.40601,-0.41622,0.16890,-0.97166
5578,0.39903,-0.42740,0.17606,-0.94007
5579,0.39090,-0.43812,0.18568,-0.90774
5580,0.38156,-0.44838,0.19781,-0.87491
5581,0.37124,-0.45800,0.21230,-0.84160
5582,0.35986,-0.46703,0.22922,-0.80799
5583,0.34744,-0.47546,0.24836,-0.77407
5584,0.33407,-0.48332,0.26950,-0.73997
5585,0.31986,-0.49056,0.29260,-0.70586
5586,0.30477,-0.49713,0.31751,-0.67178
5587,0.28883,-0.50307,0.34408,-0.63779
5588,0.27225,-0.50820,0.37214,-0.60412
5589,0.25512,-0.51273,0.40160,-0.57075
5590,0.23729,-0.51658,0.43212,-0.53780
5591,0.21905,-0.51974,0.46366,-0.50542
5592,0.20044,-0.52209,0.49601,-0.47364
5593,0.18149,-0.52386,0.52910,-0.44256
5594,0.16234,-0.52485,0.56266,-0.41219
5595,0.14303,-0.52513,0.59653,-0.38262
5596,0.12372,-0.52479,0.63051,-0.35399
5597,0.10443,-0.52371,0.66455,-0.32623
5598,0.08524,-0.52200,0.69843,-0.29936
5599,0.06631,-0.51958,0.73203,-0.27350
5600,0.04766,-0.51645,0.76526,-0.24865
5601,0.02939,-0.51260,0.79797,-0.22480
5602,0.01160,-0.50823,0.83004,-0.20198
5603,-0.00575,-0.50320,0.86141,-0.18014
5604,-0.02245,-0.49754,0.89192,-0.15930
5605,-0.03854,-0.49131,0.92153,-0.13944
5606,-0.05396,-0.48452,0.95019,-0.12056
5607,-0.06865,-0.47724,0.97777,-0.10250
5608,-0.08248,-0.46938,1.00424,-0.08529
5609,-0.09549,-0.46100,1.02962,-0.06892
5610,-0.10761,-0.45218,1.05378,-0.05322
5611,-0.11887,-0.44295,1.07674,-0.03821
5612,-0.12906,-0.43318,1.09856,-0.02379
5613,-0.13827,-0.42313,1.11912,-0.00991
5614,-0.14646,-0.41264,1.13843,0.00357
5615,-0.15354,-0.40171,1.15654,0.01663
5616,-0.15969,-0.39056,1.17332,0.02946
5617,-0.16471,-0.37921,1.18885,0.04197
5618,-0.16863,-0.36760,1.20320,0.05440
5619,-0.17144,-0.35568,1.21628,0.06668
5620,-0.17326,-0.34356,1.22816,0.07904
5621,-0.17392,-0.33126,1.23896,0.09134
5622,-0.17343,-0.31886,1.24844,0.10374
5623,-0.17175,-0.30627,1.25677,0.11621
5624,-0.16905,-0.29357,1.26390,0.12880
5625,-0.16515,-0.28077,1.26990,0.14147
5626,-0.16022,-0.26790,1.27473,0.15442
5627,-0.15405,-0.25490,1.27844,0.16756
5628,-0.14684,-0.24186,1.28099,0.18077
5629,-0.13848,-0.22874,1.28241,0.19419
5630,-0.12900,-0.21554,1.28250,0.20759
5631,-0.11841,-0.20230,1.28151,0.22119
5632,-0.10689,-0.18902,1.27936,0.23483
5633,-0.09423,-0.17576,1.27598,0.24838
5634,-0.08051,-0.16236,1.27148,0.26177
5635,-0.06584,-0.14889,1.26584,0.27494
5636,-0.05026,-0.13541,1.25905,0.28780
5637,-0.03365,-0.12180,1.25094,0.30032
5638,-0.01621,-0.10809,1.24174,0.31234
5639,0.00211,-0.09435,1.23133,0.32380
5640,0.02117,-0.08048,1.21973,0.33454
5641,0.04091,-0.06660,1.20697,0.34447
5642,0.06133,-0.05256,1.19306,0.35347
5643,0.08233,-0.03843,1.17801,0.36154
5644,0.10389,-0.02423,1.16191,0.36839
5645,0.12580,-0.00998,1.14467,0.37402
5646,0.14806,0.00436,1.12646,0.37832
5647,0.17058,0.01868,1.10729,0.38112
5648,0.19328,0.03311,1.08710,0.38240
5649,0.21599,0.04747,1.06603,0.38206
5650,0.23866,0.06182,1.04415,0.37999
5651,0.26117,0.07613,1.02145,0.37616
5652,0.28332,0.09040,0.99808,0.37043
5653,0.30502,0.10454,0.97406,0.36291
5654,0.32626,0.11854,0.94958,0.35340
5655,0.34677,0.13241,0.92444,0.34198
5656,0.36644,0.14601,0.89901,0.32853
5657,0.38525,0.15936,0.87318,0.31299
5658,0.40302,0.17241,0.84705,0.29544
5659,0.41964,0.18522,0.82079,0.27604
5660,0.43498,0.19760,0.79444,0.25461
5661,0.44898,0.20959,0.76811,0.23137
5662,0.46146,0.22107,0.74193,0.20625
5663,0.47234,0.23208,0.71588,0.17929
5664,0.48152,0.24255,0.69008,0.15058
5665,0.48894,0.25244,0.66468,0.12025
5666,0.49446,0.26176,0.63962,0.08826
5667,0.49813,0.27047,0.61505,0.05486
5668,0.49976,0.27859,0.59112,0.01999
5669,0.49944,0.28602,0.56785,-0.01613
5670,0.49707,0.29294,0.54526,-0.05340
5671,0.49261,0.29920,0.52343,-0.09171
5672,0.48604,0.30480,0.50233,-0.13095
5673,0.47727,0.30980,0.48214,-0.17097
5674,0.46650,0.31428,0.46277,-0.21163
5675,0.45364,0.31816,0.44439,-0.25284
5676,0.43868,0.32153,0.42703,-0.29439
5677,0.42179,0.32442,0.41066,-0.33631
5678,0.40291,0.32684,0.39531,-0.37836
5679,0.38214,0.32884,0.38094,-0.42041
5680,0.35952,0.33057,0.36764,-0.46231
5681,0.33516,0.33205,0.35552,-0.50404
5682,0.30916,0.33330,0.34441,-0.54545
5683,0.28156,0.33442,0.33440,-0.58633
5684,0.25260,0.33544,0.32545,-0.62665
5685,0.22225,0.33650,0.31763,-0.66629
5686,0.19088,0.33756,0.31077,-0.70523
5687,0.15826,0.33871,0.30506,-0.74325
5688,0.12478,0.34005,0.30036,-0.78033
5689,0.09064,0.34166,0.29665,-0.81641
5690,0.05570,0.34361,0.29391,-0.85136
5691,0.02029,0.34592,0.29206,-0.88518
5692,-0.01541,0.34853,0.29125,-0.91772
5693,-0.05141,0.35173,0.29132,-0.94903
5694,-0.08752,0.35537,0.29215,-0.97898
5695,-0.12362,0.35972,0.29383,-1.00755
5696,-0.15950,0.36455,0.29622,-1.03486
5697,-0.19514,0.37004,0.29937,-1.06065
5698,-0.23025,0.37619,0.30312,-1.08494
5699,-0.26492,0.38302,0.30760,-1.10784
5700,-0.29892,0.39052,0.31261,-1.12931
5701,-0.33222,0.39873,0.31821,-1.14926
5702,-0.36471,0.40772,0.32412,-1.16790
5703,-0.39622,0.41736,0.33045,-1.18512
5704,-0.42680,0.42762,0.33728,-1.20091
5705,-0.45633,0.43865,0.34426,-1.21537
5706,-0.48480,0.45030,0.35147,-1.22845
5707,-0.51214,0.46254,0.35887,-1.24026
5708,-0.53838,0.47533,0.36640,-1.25078
5709,-0.56337,0.48866,0.37400,-1.26014
5710,-0.58726,0.50245,0.38155,-1.26833
5711,-0.61007,0.51664,0.38910,-1.27541
5712,-0.63170,0.53117,0.39654,-1.28142
5713,-0.65230,0.54611,0.40375,-1.28645
5714,-0.67175,0.56122,0.41073,-1.29049
5715,-0.69026,0.57645,0.41747,-1.29357
5716,-0.70780,0.59176,0.42387,-1.29592
5717,-0.72440,0.60708,0.42996,-1.29746
5718,-0.74022,0.62223,0.43564,-1.29829
5719,-0.75521,0.63717,0.44089,-1.29846
5720,-0.76964,0.65185,0.44574,-1.29791
5721,-0.78340,0.66615,0.45003,-1.29689
5722,-0.79669,0.67997,0.45383,-1.29541
5723,-0.80967,0.69308,0.45707,-1.29347
5724,-0.82234,0.70549,0.45984,-1.29127
5725,-0.83480,0.71703,0.46195,-1.28867
5726,-0.84717,0.72768,0.46354,-1.28575
5727,-0.85965,0.73720,0.46458,-1.28261
5728,-0.87212,0.74553,0.46505,-1.27931
5729,-0.88476,0.75269,0.46504,-1.27574
5730,-0.89773,0.75840,0.46439,-1.27198
5731,-0.91099,0.76275,0.46326,-1.26817
5732,-0.92464,0.76549,0.46157,-1.26427
5733,-0.93886,0.76650,0.45947,-1.26018
5734,-0.95364,0.76571,0.45689,-1.25601
5735,-0.96906,0.76318,0.45380,-1.25171
5736,-0.98514,0.75866,0.45033,-1.24738
5737,-1.00193,0.75224,0.44642,-1.24294
5738,-1.01955,0.74371,0.44214,-1.23843
5739,-1.03782,0.73309,0.43758,-1.23380
5740,-1.05708,0.72044,0.43264,-1.22905
5741,-1.07705,0.70565,0.42741,-1.22419
5742,-1.09794,0.68865,0.42200,-1.21923
5743,-1.11959,0.66940,0.41640,-1.21406
5744,-1.14206,0.64802,0.41060,-1.20869
5745,-1.16530,0.62455,0.40467,-1.20303
5746,-1.18923,0.59898,0.39862,-1.19726
5747,-1.21377,0.57132,0.39244,-1.19118
5748,-1.23909,0.54162,0.38627,-1.18489
5749,-1.26490,0.50996,0.37997,-1.17823
5750,-1.29129,0.47645,0.37367,-1.17130
5751,-1.31816,0.44119,0.36739,-1.16391
5752,-1.34533,0.40432,0.36108,-1.15614
5753,-1.37271,0.36591,0.35487,-1.14796
5754,-1.40039,0.32603,0.34871,-1.13937
5755,-1.42804,0.28490,0.34265,-1.13030
5756,-1.45576,0.24264,0.33674,-1.12080
5757,-1.48318,0.19936,0.33096,-1.11083
5758,-1.51039,0.15535,0.32530,-1.10039
5759,-1.53716,0.11061,0.31992,-1.08948
5760,-1.56354,0.06551,0.31466,-1.07785
5761,-1.58918,0.02018,0.30967,-1.06571
5762,-1.61408,-0.02539,0.30496,-1.05304
5763,-1.63816,-0.07097,0.30051,-1.03971
5764,-1.66124,-0.11635,0.29634,-1.02575
5765,-1.68308,-0.16132,0.29255,-1.01117
5766,-1.70379,-0.20569,0.28910,-0.99596
5767,-1.72306,-0.24930,0.28601,-0.98004
5768,-1.74080,-0.29191,0.28339,-0.96333
5769,-1.75699,-0.33351,0.28114,-0.94600
5770,-1.77146,-0.37397,0.27946,-0.92779
5771,-1.78411,-0.41303,0.27826,-0.90880
5772,-1.79491,-0.45052,0.27757,-0.88898
5773,-1.80370,-0.48639,0.27744,-0.86839
5774,-1.81036,-0.52050,0.27797,-0.84687
5775,-1.81497,-0.55272,0.27908,-0.82443
5776,-1.81746,-0.58303,0.28090,-0.80095
5777,-1.81763,-0.61120,0.28344,-0.77655
5778,-1.81550,-0.63724,0.28662,-0.75104
5779,-1.81111,-0.66107,0.29064,-0.72451
5780,-1.80447,-0.68264,0.29543,-0.69687
5781,-1.79547,-0.70179,0.30096,-0.66806
5782,-1.78418,-0.71865,0.30735,-0.63804
5783,-1.77072,-0.73315,0.31452,-0.60680
5784,-1.75507,-0.74524,0.32260,-0.57425
5785,-1.73723,-0.75493,0.33155,-0.54054
5786,-1.71729,-0.76233,0.34139,-0.50556
5787,-1.69535,-0.76744,0.35202,-0.46925
5788,-1.67153,-0.77018,0.36349,-0.43172
5789,-1.64586,-0.77081,0.37585,-0.39288
5790,-1.61844,-0.76928,0.38900,-0.35277
5791,-1.58941,-0.76564,0.40305,-0.31140
5792,-1.55889,-0.75992,0.41783,-0.26873
5793,-1.52702,-0.75226,0.43335,-0.22490
5794,-1.49390,-0.74287,0.44955,-0.17983
5795,-1.45960,-0.73177,0.46641,-0.13386
5796,-1.42445,-0.71894,0.48381,-0.08674
5797,-1.38852,-0.70464,0.50178,-0.03870
5798,-1.35188,-0.68896,0.52032,0.01022
5799,-1.31470,-0.67213,0.53923,0.05986
5800,-1.27715,-0.65425,0.55852,0.11020
5801,-1.23933,-0.63548,0.57803,0.16106
5802,-1.20156,-0.61590,0.59773,0.21234
5803,-1.16371,-0.59565,0.61766,0.26394
5804,-1.12610,-0.57496,0.63753,0.31570
5805,-1.08887,-0.55388,0.65740,0.36759
5806,-1.05201,-0.53264,0.67711,0.41927
5807,-1.01565,-0.51135,0.69663,0.47074
5808,-0.98001,-0.49015,0.71582,0.52175
5809,-0.94512,-0.46921,0.73457,0.57228
5810,-0.91101,-0.44867,0.75277,0.62202
5811,-0.87786,-0.42855,0.77031,0.67091
5812,-0.84575,-0.40914,0.78734,0.71878
5813,-0.81463,-0.39046,0.80359,0.76546
5814,-0.78448,-0.37272,0.81896,0.81085
5815,-0.75554,-0.35591,0.83343,0.85478
5816,-0.72774,-0.34007,0.84686,0.89710
5817,-0.70115,-0.32534,0.85932,0.93784
5818,-0.67572,-0.31183,0.87067,0.97659
5819,-0.65158,-0.29951,0.88086,1.01355
5820,-0.62854,-0.28852,0.88988,1.04842
5821,-0.60684,-0.27874,0.89755,1.08118
5822,-0.58626,-0.27021,0.90400,1.11182
5823,-0.56682,-0.26310,0.90916,1.14018
5824,-0.54850,-0.25719,0.91294,1.16624
5825,-0.53127,-0.25243,0.91545,1.18996
5826,-0.51511,-0.24888,0.91666,1.21124
5827,-0.49994,-0.24657,0.91654,1.23018
5828,-0.48576,-0.24533,0.91518,1.24666
5829,-0.47255,-0.24507,0.91247,1.26071
5830,-0.46025,-0.24562,0.90871,1.27239
5831,-0.44877,-0.24699,0.90379,1.28171
5832,-0.43804,-0.24896,0.89777,1.28872
5833,-0.42811,-0.25152,0.89077,1.29344
5834,-0.41886,-0.25448,0.88278,1.29587
5835,-0.41024,-0.25765,0.87401,1.29609
5836,-0.40222,-0.26086,0.86436,1.29416
5837,-0.39477,-0.26402,0.85399,1.29012
5838,-0.38784,-0.26704,0.84308,1.28409
5839,-0.38141,-0.26971,0.83162,1.27618
5840,-0.37529,-0.27189,0.81981,1.26635
5841,-0.36957,-0.27339,0.80774,1.25488
5842,-0.36421,-0.27405,0.79549,1.24156
5843,-0.35902,-0.27383,0.78314,1.22681
5844,-0.35417,-0.27254,0.77079,1.21057
5845,-0.34953,-0.27007,0.75862,1.19284
5846,-0.34504,-0.26634,0.74666,1.17373
5847,-0.34070,-0.26122,0.73512,1.15350
5848,-0.33653,-0.25469,0.72399,1.13203
5849,-0.33242,-0.24664,0.71340,1.10945
5850,-0.32834,-0.23703,0.70339,1.08585
5851,-0.32423,-0.22583,0.69393,1.06135
5852,-0.32017,-0.21306,0.68523,1.03606
5853,-0.31602,-0.19856,0.67745,1.00994
5854,-0.31182,-0.18259,0.67053,0.98316
5855,-0.30753,-0.16506,0.66444,0.95577
5856,-0.30313,-0.14604,0.65929,0.92781
5857,-0.29857,-0.12565,0.65517,0.89945
5858,-0.29386,-0.10393,0.65195,0.87059
5859,-0.28896,-0.08093,0.64973,0.84144
5860,-0.28390,-0.05687,0.64850,0.81196
5861,-0.27853,-0.03173,0.64833,0.78236
5862,-0.27293,-0.00576,0.64906,0.75265
5863,-0.26701,0.02090,0.65078,0.72281
5864,-0.26096,0.04809,0.65346,0.69297
5865,-0.25440,0.07569,0.65699,0.66320
5866,-0.24763,0.10338,0.66140,0.63363
5867,-0.24046,0.13126,0.66661,0.60428
5868,-0.23304,0.15890,0.67254,0.57526
5869,-0.22523,0.18633,0.67926,0.54661
5870,-0.21706,0.21321,0.68662,0.51840
5871,-0.20864,0.23943,0.69464,0.49070
5872,-0.19986,0.26493,0.70313,0.46363
5873,-0.19076,0.28938,0.71218,0.43717
5874,-0.18132,0.31280,0.72152,0.41153
5875,-0.17166,0.33488,0.73121,0.38670
5876,-0.16171,0.35560,0.74118,0.36280
5877,-0.15150,0.37483,0.75142,0.33996
5878,-0.14114,0.39241,0.76180,0.31819
5879,-0.13064,0.40837,0.77229,0.29747
5880,-0.11997,0.42248,0.78277,0.27798
5881,-0.10919,0.43480,0.79324,0.25972
5882,-0.09837,0.44530,0.80366,0.24275
5883,-0.08755,0.45388,0.81398,0.22710
5884,-0.07681,0.46056,0.82407,0.21281
5885,-0.06612,0.46535,0.83389,0.19995
5886,-0.05555,0.46820,0.84339,0.18862
5887,-0.04523,0.46927,0.85260,0.17873
5888,-0.03507,0.46843,0.86141,0.17025
5889,-0.02526,0.46588,0.86978,0.16330
5890,-0.01574,0.46166,0.87768,0.15778
5891,-0.00662,0.45580,0.88505,0.15377
5892,0.00209,0.44842,0.89190,0.15117
5893,0.01034,0.43969,0.89818,0.14998
5894,0.01808,0.42965,0.90372,0.15018
5895,0.02536,0.41836,0.90859,0.15171
5896,0.03204,0.40601,0.91288,0.15456
5897,0.03808,0.39267,0.91637,0.15872
5898,0.04357,0.37861,0.91906,0.16402
5899,0.04852,0.36388,0.92096,0.17048
5900,0.05284,0.34860,0.92203,0.17807
5901,0.05653,0.33279,0.92223,0.18665
5902,0.05969,0.31682,0.92145,0.19616
5903,0.06220,0.30060,0.91981,0.20652
5904,0.06414,0.28430,0.91711,0.21764
5905,0.06557,0.26798,0.91346,0.22952
5906,0.06643,0.25186,0.90878,0.24212
5907,0.06678,0.23601,0.90309,0.25533
5908,0.06665,0.22051,0.89621,0.26918
5909,0.06619,0.20546,0.88823,0.28346
5910,0.06540,0.19085,0.87916,0.29815
5911,0.06424,0.17682,0.86893,0.31338
5912,0.06277,0.16340,0.85762,0.32897
5913,0.06112,0.15056,0.84509,0.34495
5914,0.05932,0.13848,0.83139,0.36119
5915,0.05746,0.12693,0.81649,0.37789
5916,0.05549,0.11621,0.80029,0.39477
5917,0.05371,0.10617,0.78286,0.41197
5918,0.05191,0.09683,0.76423,0.42939
5919,0.05020,0.08797,0.74432,0.44705
5920,0.04865,0.07978,0.72322,0.46490
5921,0.04731,0.07203,0.70089,0.48309
5922,0.04621,0.06479,0.67740,0.50143
5923,0.04548,0.05789,0.65268,0.51998
5924,0.04509,0.05127,0.62679,0.53880
5925,0.04504,0.04493,0.59969,0.55774
5926,0.04546,0.03856,0.57148,0.57679
5927,0.04626,0.03215,0.54214,0.59605
5928,0.04745,0.02564,0.51166,0.61531
5929,0.04925,0.01894,0.48019,0.63460
5930,0.05148,0.01184,0.44756,0.65396
5931,0.05430,0.00420,0.41389,0.67321
5932,0.05738,-0.00399,0.37922,0.69243
5933,0.06107,-0.01298,0.34369,0.71151
5934,0.06523,-0.02272,0.30729,0.73028
5935,0.06987,-0.03344,0.26999,0.74865
5936,0.07482,-0.04529,0.23182,0.76659
5937,0.08027,-0.05819,0.19286,0.78390
5938,0.08616,-0.07219,0.15327,0.80050
5939,0.09234,-0.08747,0.11307,0.81635
5940,0.09871,-0.10408,0.07225,0.83131
5941,0.10546,-0.12215,0.03095,0.84523
5942,0.11232,-0.14167,-0.01069,0.85795
5943,0.11939,-0.16268,-0.05285,0.86938
5944,0.12664,-0.18516,-0.09520,0.87958
5945,0.13389,-0.20911,-0.13782,0.88812
5946,0.14100,-0.23447,-0.18043,0.89503
5947,0.14818,-0.26142,-0.22311,0.90020
5948,0.15520,-0.28974,-0.26561,0.90352
5949,0.16198,-0.31944,-0.30791,0.90492
5950,0.16857,-0.35044,-0.34985,0.90438
5951,0.17490,-0.38268,-0.39130,0.90173
5952,0.18082,-0.41602,-0.43227,0.89695
5953,0.18634,-0.45040,-0.47238,0.88995
5954,0.19145,-0.48575,-0.51163,0.88082
5955,0.19599,-0.52198,-0.54989,0.86953
5956,0.20005,-0.55901,-0.58703,0.85608
5957,0.20359,-0.59655,-0.62285,0.84042
5958,0.20649,-0.63461,-0.65726,0.82270
5959,0.20890,-0.67301,-0.69005,0.80290
5960,0.21050,-0.71160,-0.72105,0.78123
5961,0.21147,-0.75022,-0.75018,0.75781
5962,0.21163,-0.78875,-0.77724,0.73259
5963,0.21123,-0.82712,-0.80195,0.70583
5964,0.21009,-0.86515,-0.82432,0.67759
5965,0.20818,-0.90263,-0.84414,0.64804
5966,0.20556,-0.93949,-0.86132,0.61734
5967,0.20236,-0.97562,-0.87565,0.58554
5968,0.19837,-1.01094,-0.88709,0.55298
5969,0.19372,-1.04528,-0.89543,0.51971
5970,0.18838,-1.07854,-0.90052,0.48604
5971,0.18236,-1.11071,-0.90241,0.45194
5972,0.17583,-1.14147,-0.90097,0.41783
5973,0.16864,-1.17094,-0.89618,0.38360
5974,0.16084,-1.19886,-0.88788,0.34962
5975,0.15240,-1.22525,-0.87619,0.31595
5976,0.14352,-1.24999,-0.86097,0.28269
5977,0.13420,-1.27305,-0.84231,0.24995
5978,0.12436,-1.29437,-0.82028,0.21797
5979,0.11405,-1.31378,-0.79480,0.18669
5980,0.10333,-1.33135,-0.76598,0.15631
5981,0.09221,-1.34697,-0.73401,0.12685
5982,0.08068,-1.36064,-0.69899,0.09833
5983,0.06867,-1.37234,-0.66098,0.07100
5984,0.05628,-1.38199,-0.62021,0.04472
5985,0.04339,-1.38960,-0.57680,0.01960
5986,0.03016,-1.39525,-0.53085,-0.00448
5987,0.01660,-1.39881,-0.48285,-0.02750
5988,0.00252,-1.40031,-0.43286,-0.04943
5989,-0.01210,-1.39952,-0.38113,-0.07044
5990,-0.02714,-1.39685,-0.32798,-0.09030
5991,-0.04263,-1.39200,-0.27359,-0.10922
5992,-0.05860,-1.38513,-0.21833,-0.12725
5993,-0.07521,-1.37612,-0.16248,-0.14433
5994,-0.09233,-1.36510,-0.10636,-0.16062
5995,-0.11014,-1.35197,-0.05021,-0.17614
5996,-0.12847,-1.33691,0.00574,-0.19096
5997,-0.14751,-1.31995,0.06102,-0.20517
5998,-0.16726,-1.30093,0.11548,-0.21872
5999,-0.18784,-1.28009,0.16882,-0.23165
6000,-0.20908,-1.25749,0.22068,-0.24398
6001,-0.23116,-1.23304,0.27082,-0.25580
6002,-0.25401,-1.20682,0.31897,-0.26703
6003,-0.27766,-1.17898,0.36491,-0.27777
6004,-0.30213,-1.14948,0.40832,-0.28798
6005,-0.32732,-1.11854,0.44911,-0.29767
6006,-0.35335,-1.08608,0.48694,-0.30680
6007,-0.38030,-1.05237,0.52186,-0.31541
6008,-0.40800,-1.01738,0.55356,-0.32336
6009,-0.43648,-0.98123,0.58191,-0.33070
6010,-0.46568,-0.94394,0.60689,-0.33733
6011,-0.49554,-0.90575,0.62848,-0.34322
6012,-0.52604,-0.86665,0.64646,-0.34819
6013,-0.55712,-0.82670,0.66086,-0.35232
6014,-0.58867,-0.78614,0.67167,-0.35545
6015,-0.62067,-0.74508,0.67884,-0.35760
6016,-0.65308,-0.70357,0.68264,-0.35872
6017,-0.68584,-0.66180,0.68286,-0.35855
6018,-0.71888,-0.61984,0.67967,-0.35730
6019,-0.75186,-0.57774,0.67320,-0.35471
6020,-0.78492,-0.53566,0.66354,-0.35075
6021,-0.81775,-0.49374,0.65091,-0.34531
6022,-0.85043,-0.45198,0.63535,-0.33857
6023,-0.88269,-0.41055,0.61705,-0.33024
6024,-0.91464,-0.36959,0.59621,-0.32041
6025,-0.94602,-0.32913,0.57306,-0.30889
6026,-0.97681,-0.28932,0.54787,-0.29595
6027,-1.00679,-0.25023,0.52075,-0.28145
6028,-1.03600,-0.21197,0.49186,-0.26517
6029,-1.06421,-0.17453,0.46145,-0.24743
6030,-1.09140,-0.13810,0.42987,-0.22814
6031,-1.11755,-0.10272,0.39714,-0.20728
6032,-1.14252,-0.06829,0.36363,-0.18505
6033,-1.16633,-0.03499,0.32956,-0.16134
6034,-1.18885,-0.00286,0.29508,-0.13623
6035,-1.20999,0.02804,0.26041,-0.10976
6036,-1.22988,0.05770,0.22579,-0.08210
6037,-1.24834,0.08616,0.19147,-0.05326
6038,-1.26546,0.11331,0.15749,-0.02322
6039,-1.28111,0.13921,0.12411,0.00775
6040,-1.29549,0.16385,0.09154,0.03965
6041,-1.30846,0.18735,0.05988,0.07233
6042,-1.32019,0.20947,0.02927,0.10576
6043,-1.33064,0.23027,-0.00024,0.13980
6044,-1.33983,0.24995,-0.02839,0.17432
6045,-1.34792,0.26840,-0.05522,0.20927
6046,-1.35493,0.28564,-0.08062,0.24445
6047,-1.36091,0.30166,-0.10447,0.27985
6048,-1.36605,0.31669,-0.12680,0.31541
6049,-1.37030,0.33062,-0.14752,0.35089
6050,-1.37374,0.34352,-0.16663,0.38629
6051,-1.37661,0.35540,-0.18408,0.42142
6052,-1.37888,0.36632,-0.19996,0.45622
6053,-1.38066,0.37635,-0.21426,0.49067
6054,-1.38200,0.38549,-0.22708,0.52463
6055,-1.38321,0.39378,-0.23829,0.55792
6056,-1.38418,0.40121,-0.24818,0.59049
6057,-1.38507,0.40788,-0.25668,0.62225
6058,-1.38593,0.41390,-0.26389,0.65316
6059,-1.38679,0.41912,-0.26992,0.68313
6060,-1.38778,0.42374,-0.27482,0.71196
6061,-1.38894,0.42771,-0.27870,0.73965
6062,-1.39038,0.43094,-0.28175,0.76612
6063,-1.39205,0.43348,-0.28397,0.79135
6064,-1.39398,0.43543,-0.28556,0.81523
6065,-1.39621,0.43670,-0.28653,0.83772
6066,-1.39873,0.43739,-0.28694,0.85871
6067,-1.40160,0.43744,-0.28713,0.87828
6068,-1.40473,0.43686,-0.28704,0.89620
6069,-1.40813,0.43562,-0.28674,0.91256
6070,-1.41176,0.43389,-0.28636,0.92716
6071,-1.41564,0.43143,-0.28606,0.94020
6072,-1.41964,0.42838,-0.28576,0.95144
6073,-1.42384,0.42460,-0.28565,0.96101
6074,-1.42805,0.42015,-0.28577,0.96884
6075,-1.43226,0.41502,-0.28619,0.97501
6076,-1.43632,0.40930,-0.28693,0.97938
6077,-1.44027,0.40284,-0.28796,0.98205
6078,-1.44398,0.39567,-0.28939,0.98311
6079,-1.44740,0.38780,-0.29127,0.98258
6080,-1.45040,0.37927,-0.29342,0.98037
6081,-1.45300,0.36997,-0.29594,0.97662
6082,-1.45499,0.35996,-0.29886,0.97141
6083,-1.45631,0.34923,-0.30199,0.96472
6084,-1.45697,0.33780,-0.30540,0.95673
6085,-1.45693,0.32559,-0.30902,0.94748
6086,-1.45606,0.31276,-0.31275,0.93700
6087,-1.45427,0.29917,-0.31666,0.92543
6088,-1.45158,0.28491,-0.32048,0.91285
6089,-1.44797,0.26997,-0.32431,0.89942
6090,-1.44336,0.25432,-0.32783,0.88517
6091,-1.43781,0.23799,-0.33112,0.87044
6092,-1.43123,0.22102,-0.33395,0.85511
6093,-1.42355,0.20345,-0.33638,0.83931
6094,-1.41486,0.18533,-0.33816,0.82331
6095,-1.40510,0.16653,-0.33929,0.80713
6096,-1.39439,0.14717,-0.33962,0.79078
6097,-1.38268,0.12724,-0.33903,0.77458
6098,-1.37006,0.10679,-0.33746,0.75866
6099,-1.35656,0.08581,-0.33480,0.74297
6100,-1.34213,0.06426,-0.33095,0.72774
6101,-1.32694,0.04226,-0.32581,0.71307
6102,-1.31094,0.01980,-0.31938,0.69896
6103,-1.29424,-0.00319,-0.31147,0.68568
6104,-1.27699,-0.02663,-0.30210,0.67322
6105,-1.25913,-0.05038,-0.29119,0.66160
6106,-1.24080,-0.07469,-0.27867,0.65105
6107,-1.22203,-0.09931,-0.26456,0.64138
6108,-1.20300,-0.12425,-0.24883,0.63280
6109,-1.18363,-0.14953,-0.23145,0.62549
6110,-1.16407,-0.17515,-0.21239,0.61914
6111,-1.14433,-0.20098,-0.19163,0.61399
6112,-1.12453,-0.22718,-0.16931,0.61008
6113,-1.10471,-0.25358,-0.14543,0.60732
6114,-1.08495,-0.28019,-0.12011,0.60566
6115,-1.06521,-0.30692,-0.09334,0.60512
6116,-1.04572,-0.33367,-0.06523,0.60571
6117,-1.02630,-0.36050,-0.03583,0.60738
6118,-1.00714,-0.38734,-0.00525,0.60999
6119,-0.98826,-0.41401,0.02648,0.61344
6120,-0.96968,-0.44055,0.05915,0.61772
6121,-0.95126,-0.46689,0.09257,0.62284
6122,-0.93323,-0.49287,0.12674,0.62862
6123,-0.91563,-0.51852,0.16144,0.63504
6124,-0.89833,-0.54374,0.19650,0.64186
6125,-0.88133,-0.56844,0.23182,0.64894
6126,-0.86463,-0.59242,0.26717,0.65629
6127,-0.84833,-0.61574,0.30250,0.66387
6128,-0.83241,-0.63825,0.33754,0.67144
6129,-0.81676,-0.65989,0.37211,0.67885
6130,-0.80140,-0.68042,0.40608,0.68602
6131,-0.78645,-0.69986,0.43939,0.69278
6132,-0.77180,-0.71816,0.47171,0.69909
6133,-0.75733,-0.73522,0.50301,0.70482
6134,-0.74319,-0.75098,0.53295,0.70986
6135,-0.72918,-0.76525,0.56146,0.71400
6136,-0.71539,-0.77802,0.58846,0.71722
6137,-0.70173,-0.78927,0.61382,0.71947
6138,-0.68837,-0.79887,0.63719,0.72057
6139,-0.67510,-0.80680,0.65859,0.72046
6140,-0.66199,-0.81303,0.67788,0.71901
6141,-0.64903,-0.81746,0.69501,0.71622
6142,-0.63626,-0.82009,0.70977,0.71216
6143,-0.62358,-0.82089,0.72214,0.70668
6144,-0.61111,-0.81977,0.73210,0.69969
6145,-0.59867,-0.81682,0.73945,0.69119
6146,-0.58641,-0.81200,0.74431,0.68126
6147,-0.57431,-0.80539,0.74652,0.66972
6148,-0.56234,-0.79689,0.74621,0.65680
6149,-0.55056,-0.78659,0.74317,0.64236
6150,-0.53896,-0.77448,0.73752,0.62649
6151,-0.52770,-0.76053,0.72924,0.60923
6152,-0.51661,-0.74496,0.71845,0.59059
6153,-0.50587,-0.72768,0.70520,0.57064
6154,-0.49542,-0.70882,0.68943,0.54961
6155,-0.48533,-0.68844,0.67125,0.52734
6156,-0.47573,-0.66648,0.65083,0.50405
6157,-0.46656,-0.64299,0.62828,0.47988
6158,-0.45780,-0.61816,0.60365,0.45477
6159,-0.44957,-0.59197,0.57711,0.42893
6160,-0.44188,-0.56446,0.54873,0.40246
6161,-0.43483,-0.53567,0.51874,0.37545
6162,-0.42854,-0.50571,0.48730,0.34813
6163,-0.42292,-0.47461,0.45461,0.32043
6164,-0.41806,-0.44253,0.42076,0.29259
6165,-0.41397,-0.40930,0.38594,0.26456
6166,-0.41085,-0.37525,0.35036,0.23659
6167,-0.40866,-0.34021,0.31418,0.20872
6168,-0.40740,-0.30428,0.27763,0.18101
6169,-0.40709,-0.26750,0.24091,0.15363
6170,-0.40783,-0.22996,0.20415,0.12664
6171,-0.40964,-0.19162,0.16754,0.10013
6172,-0.41261,-0.15246,0.13131,0.07419
6173,-0.41670,-0.11269,0.09567,0.04888
6174,-0.42189,-0.07229,0.06080,0.02418
6175,-0.42829,-0.03113,0.02676,0.00014
6176,-0.43583,0.01057,-0.00615,-0.02307
6177,-0.44461,0.05288,-0.03786,-0.04557
6178,-0.45456,0.09577,-0.06830,-0.06724
6179,-0.46570,0.13918,-0.09712,-0.08807
6180,-0.47817,0.18304,-0.12437,-0.10807
6181,-0.49173,0.22737,-0.14987,-0.12718
6182,-0.50643,0.27214,-0.17359,-0.14553
6183,-0.52226,0.31726,-0.19540,-0.16309
6184,-0.53917,0.36259,-0.21515,-0.17987
6185,-0.55716,0.40813,-0.23292,-0.19592
6186,-0.57621,0.45384,-0.24861,-0.21128
6187,-0.59614,0.49971,-0.26207,-0.22613
6188,-0.61709,0.54558,-0.27344,-0.24027
6189,-0.63889,0.59142,-0.28254,-0.25391
6190,-0.66148,0.63716,-0.28951,-0.26701
6191,-0.68474,0.68271,-0.29444,-0.27975
6192,-0.70867,0.72793,-0.29715,-0.29232
6193,-0.73308,0.77281,-0.29772,-0.30457
6194,-0.75807,0.81701,-0.29626,-0.31668
6195,-0.78328,0.86064,-0.29288,-0.32864
6196,-0.80895,0.90347,-0.28763,-0.34062
6197,-0.83479,0.94536,-0.28055,-0.35259
6198,-0.86073,0.98622,-0.27181,-0.36474
6199,-0.88657,1.02601,-0.26139,-0.37703
6200,-0.91228,1.06451,-0.24947,-0.38965
6201,-0.93778,1.10162,-0.23613,-0.40247
6202,-0.96301,1.13725,-0.22155,-0.41570
6203,-0.98768,1.17127,-0.20572,-0.42952
6204,-1.01178,1.20349,-0.18892,-0.44365
6205,-1.03523,1.23394,-0.17120,-0.45829
6206,-1.05793,1.26230,-0.15261,-0.47338
6207,-1.07967,1.28858,-0.13350,-0.48902
6208,-1.10035,1.31263,-0.11376,-0.50528
6209,-1.11998,1.33438,-0.09375,-0.52216
6210,-1.13843,1.35376,-0.07341,-0.53957
6211,-1.15551,1.37077,-0.05301,-0.55757
6212,-1.17115,1.38529,-0.03274,-0.57610
6213,-1.18535,1.39729,-0.01258,-0.59517
6214,-1.19789,1.40673,0.00734,-0.61468
6215,-1.20878,1.41347,0.02672,-0.63458
6216,-1.21799,1.41761,0.04558,-0.65491
6217,-1.22525,1.41920,0.06373,-0.67558
6218,-1.23059,1.41825,0.08116,-0.69651
6219,-1.23411,1.41467,0.09765,-0.71759
6220,-1.23561,1.40862,0.11317,-0.73879
6221,-1.23511,1.40021,0.12766,-0.76002
6222,-1.23255,1.38946,0.14100,-0.78119
6223,-1.22791,1.37638,0.15310,-0.80237
6224,-1.22121,1.36106,0.16387,-0.82330
6225,-1.21256,1.34378,0.17334,-0.84393
6226,-1.20177,1.32460,0.18130,-0.86422
6227,-1.18900,1.30350,0.18782,-0.88406
6228,-1.17428,1.28090,0.19288,-0.90339
6229,-1.15758,1.25675,0.19649,-0.92210
6230,-1.13897,1.23122,0.19866,-0.94010
6231,-1.11860,1.20451,0.19945,-0.95731
6232,-1.09644,1.17675,0.19874,-0.97364
6233,-1.07261,1.14804,0.19665,-0.98921
6234,-1.04721,1.11878,0.19333,-1.00383
6235,-1.02030,1.08907,0.18875,-1.01737
6236,-0.99206,1.05897,0.18292,-1.02999
6237,-0.96242,1.02870,0.17600,-1.04155
6238,-0.93173,0.99842,0.16810,-1.05203
6239,-0.90012,0.96822,0.15933,-1.06154
6240,-0.86762,0.93828,0.14982,-1.07008
6241,-0.83438,0.90870,0.13956,-1.07754
6242,-0.80035,0.87965,0.12894,-1.08405
6243,-0.76586,0.85115,0.11798,-1.08956
6244,-0.73106,0.82344,0.10682,-1.09409
6245,-0.69602,0.79639,0.09562,-1.09773
6246,-0.66080,0.77025,0.08456,-1.10059
6247,-0.62550,0.74493,0.07365,-1.10275
6248,-0.59040,0.72060,0.06326,-1.10426
6249,-0.55559,0.69713,0.05348,-1.10522
6250,-0.52121,0.67457,0.04448,-1.10575
6251,-0.48728,0.65280,0.03635,-1.10583
6252,-0.45396,0.63194,0.02934,-1.10562
6253,-0.42128,0.61178,0.02348,-1.10533
6254,-0.38942,0.59232,0.01902,-1.10494
6255,-0.35841,0.57344,0.01596,-1.10448
6256,-0.32835,0.55505,0.01442,-1.10418
6257,-0.29935,0.53702,0.01453,-1.10418
6258,-0.27141,0.51921,0.01637,-1.10450
6259,-0.24464,0.50144,0.02007,-1.10523
6260,-0.21902,0.48369,0.02565,-1.10656
6261,-0.19467,0.46565,0.03310,-1.10848
6262,-0.17163,0.44705,0.04249,-1.11111
6263,-0.14998,0.42798,0.05386,-1.11448
6264,-0.12957,0.40803,0.06719,-1.11882
6265,-0.11049,0.38726,0.08241,-1.12414
6266,-0.09273,0.36532,0.09959,-1.13052
6267,-0.07640,0.34203,0.11860,-1.13791
6268,-0.06147,0.31732,0.13945,-1.14635
6269,-0.04792,0.29095,0.16201,-1.15603
6270,-0.03576,0.26283,0.18615,-1.16686
6271,-0.02491,0.23281,0.21174,-1.17877
6272,-0.01545,0.20079,0.23868,-1.19192
6273,-0.00733,0.16659,0.26693,-1.20631
6274,-0.00054,0.13022,0.29630,-1.22177
6275,0.00489,0.09159,0.32660,-1.23840
6276,0.00902,0.05066,0.35764,-1.25602
6277,0.01185,0.00732,0.38930,-1.27470
6278,0.01349,-0.03824,0.42134,-1.29433
6279,0.01391,-0.08616,0.45371,-1.31484
6280,0.01315,-0.13635,0.48612,-1.33611
6281,0.01120,-0.18855,0.51843,-1.35807
6282,0.00817,-0.24291,0.55040,-1.38054
6283,0.00405,-0.29924,0.58178,-1.40357
6284,-0.00119,-0.35738,0.61242,-1.42689
6285,-0.00736,-0.41711,0.64223,-1.45033
6286,-0.01456,-0.47833,0.67090,-1.47386
6287,-0.02273,-0.54058,0.69836,-1.49731
6288,-0.03176,-0.60391,0.72435,-1.52056
6289,-0.04156,-0.66799,0.74879,-1.54345
6290,-0.05222,-0.73255,0.77148,-1.56581
6291,-0.06357,-0.79731,0.79216,-1.58753
6292,-0.07563,-0.86198,0.81077,-1.60842
6293,-0.08828,-0.92631,0.82721,-1.62824
6294,-0.10145,-0.98996,0.84126,-1.64692
6295,-0.11511,-1.05265,0.85295,-1.66432
6296,-0.12927,-1.11416,0.86211,-1.68034
6297,-0.14372,-1.17418,0.86860,-1.69478
6298,-0.15836,-1.23246,0.87249,-1.70761
6299,-0.17325,-1.28862,0.87354,-1.71861
6300,-0.18842,-1.34246,0.87179,-1.72775
6301,-0.20353,-1.39378,0.86720,-1.73493
6302,-0.21867,-1.44232,0.85990,-1.74012
6303,-0.23363,-1.48792,0.84974,-1.74316
6304,-0.24850,-1.53026,0.83677,-1.74412
6305,-0.26310,-1.56938,0.82103,-1.74285
6306,-0.27727,-1.60497,0.80253,-1.73932
6307,-0.29115,-1.63695,0.78134,-1.73357
6308,-0.30457,-1.66523,0.75755,-1.72566
6309,-0.31746,-1.68986,0.73119,-1.71561
6310,-0.32979,-1.71073,0.70243,-1.70338
6311,-0.34136,-1.72782,0.67132,-1.68914
6312,-0.35231,-1.74116,0.63798,-1.67286
6313,-0.36244,-1.75068,0.60271,-1.65462
6314,-0.37178,-1.75652,0.56553,-1.63458
6315,-0.38024,-1.75881,0.52655,-1.61273
6316,-0.38777,-1.75755,0.48592,-1.58925
6317,-0.39439,-1.75302,0.44378,-1.56442
6318,-0.40010,-1.74526,0.40039,-1.53825
6319,-0.40478,-1.73451,0.35584,-1.51083
6320,-0.40859,-1.72078,0.31035,-1.48225
6321,-0.41131,-1.70432,0.26409,-1.45291
6322,-0.41314,-1.68542,0.21729,-1.42282
6323,-0.41410,-1.66416,0.16998,-1.39213
6324,-0.41399,-1.64087,0.12248,-1.36099
6325,-0.41301,-1.61563,0.07499,-1.32960
6326,-0.41110,-1.58887,0.02759,-1.29805
6327,-0.40849,-1.56052,-0.01960,-1.26650
6328,-0.40502,-1.53100,-0.06629,-1.23509
6329,-0.40075,-1.50050,-0.11237,-1.20404
6330,-0.39589,-1.46904,-0.15767,-1.17334
6331,-0.39040,-1.43701,-0.20206,-1.14307
6332,-0.38428,-1.40463,-0.24540,-1.11346
6333,-0.37781,-1.37188,-0.28747,-1.08455
6334,-0.37084,-1.33911,-0.32816,-1.05640
6335,-0.36353,-1.30649,-0.36744,-1.02900
6336,-0.35600,-1.27401,-0.40508,-1.00245
6337,-0.34831,-1.24189,-0.44102,-0.97678
6338,-0.34055,-1.21036,-0.47508,-0.95197
6339,-0.33268,-1.17935,-0.50716,-0.92816
6340,-0.32490,-1.14894,-0.53716,-0.90517
6341,-0.31721,-1.11936,-0.56502,-0.88297
6342,-0.30975,-1.09057,-0.59059,-0.86162
6343,-0.30256,-1.06275,-0.61379,-0.84095
6344,-0.29579,-1.03580,-0.63467,-0.82096
6345,-0.28932,-1.00987,-0.65305,-0.80156
6346,-0.28332,-0.98486,-0.66894,-0.78275
6347,-0.27780,-0.96088,-0.68226,-0.76434
6348,-0.27290,-0.93788,-0.69300,-0.74630
6349,-0.26854,-0.91580,-0.70113,-0.72834
6350,-0.26482,-0.89475,-0.70652,-0.71058
6351,-0.26178,-0.87459,-0.70913,-0.69281
6352,-0.25928,-0.85544,-0.70907,-0.67494
6353,-0.25744,-0.83707,-0.70618,-0.65679
6354,-0.25617,-0.81958,-0.70057,-0.63834
6355,-0.25547,-0.80271,-0.69224,-0.61948
6356,-0.25542,-0.78652,-0.68113,-0.60008
6357,-0.25585,-0.77089,-0.66739,-0.58005
6358,-0.25682,-0.75582,-0.65096,-0.55934
6359,-0.25823,-0.74117,-0.63197,-0.53792
6360,-0.26008,-0.72688,-0.61045,-0.51573
6361,-0.26229,-0.71282,-0.58642,-0.49261
6362,-0.26477,-0.69901,-0.55996,-0.46859
6363,-0.26737,-0.68531,-0.53121,-0.44381
6364,-0.27015,-0.67163,-0.50031,-0.41813
6365,-0.27298,-0.65785,-0.46724,-0.39160
6366,-0.27577,-0.64399,-0.43218,-0.36422
6367,-0.27840,-0.62993,-0.39525,-0.33598
6368,-0.28083,-0.61553,-0.35673,-0.30717
6369,-0.28299,-0.60060,-0.31658,-0.27779
6370,-0.28482,-0.58536,-0.27507,-0.24794
6371,-0.28621,-0.56945,-0.23230,-0.21777
6372,-0.28706,-0.55300,-0.18848,-0.18733
6373,-0.28727,-0.53587,-0.14375,-0.15687
6374,-0.28701,-0.51803,-0.09841,-0.12650
6375,-0.28611,-0.49942,-0.05258,-0.09637
6376,-0.28450,-0.47990,-0.00645,-0.06673
6377,-0.28213,-0.45956,0.03977,-0.03763
6378,-0.27917,-0.43835,0.08577,-0.00941
6379,-0.27554,-0.41617,0.13158,0.01781
6380,-0.27115,-0.39311,0.17688,0.04378
6381,-0.26610,-0.36900,0.22147,0.06825
6382,-0.26052,-0.34408,0.26518,0.09131
6383,-0.25433,-0.31814,0.30778,0.11259
6384,-0.24768,-0.29133,0.34905,0.13195
6385,-0.24064,-0.26358,0.38882,0.14909
6386,-0.23333,-0.23509,0.42703,0.16404
6387,-0.22563,-0.20586,0.46342,0.17653
6388,-0.21789,-0.17590,0.49789,0.18658
6389,-0.21021,-0.14528,0.53022,0.19385
6390,-0.20265,-0.11401,0.56038,0.19841
6391,-0.19537,-0.08232,0.58819,0.20015
6392,-0.18850,-0.05027,0.61357,0.19899
6393,-0.18219,-0.01793,0.63643,0.19483
6394,-0.17650,0.01458,0.65659,0.18771
6395,-0.17171,0.04711,0.67415,0.17771
6396,-0.16789,0.07955,0.68881,0.16477
6397,-0.16518,0.11176,0.70073,0.14883
6398,-0.16369,0.14357,0.70987,0.13010
6399,-0.16361,0.17499,0.71625,0.10858
6400,-0.16485,0.20571,0.71974,0.08433
6401,-0.16775,0.23563,0.72035,0.05758
6402,-0.17227,0.26472,0.71834,0.02835
6403,-0.17844,0.29272,0.71345,-0.00317
6404,-0.18653,0.31958,0.70586,-0.03685
6405,-0.19634,0.34509,0.69556,-0.07250
6406,-0.20796,0.36913,0.68273,-0.11002
6407,-0.22145,0.39150,0.66732,-0.14916
6408,-0.23680,0.41230,0.64945,-0.18961
6409,-0.25393,0.43127,0.62922,-0.23133
6410,-0.27280,0.44822,0.60674,-0.27416
6411,-0.29350,0.46335,0.58215,-0.31773
6412,-0.31576,0.47644,0.55555,-0.36192
6413,-0.33956,0.48734,0.52695,-0.40647
6414,-0.36459,0.49612,0.49658,-0.45116
6415,-0.39099,0.50266,0.46446,-0.49573
6416,-0.41851,0.50697,0.43079,-0.54002
6417,-0.44711,0.50889,0.39560,-0.58385
6418,-0.47644,0.50868,0.35912,-0.62699
6419,-0.50623,0.50613,0.32145,-0.66920
6420,-0.53650,0.50136,0.28260,-0.71033
6421,-0.56707,0.49436,0.24282,-0.75014
6422,-0.59768,0.48527,0.20230,-0.78845
6423,-0.62804,0.47399,0.16096,-0.82513
6424,-0.65801,0.46069,0.11903,-0.85993
6425,-0.68728,0.44541,0.07652,-0.89277
6426,-0.71576,0.42827,0.03381,-0.92354
6427,-0.74323,0.40925,-0.00928,-0.95195
6428,-0.76950,0.38868,-0.05238,-0.97804
6429,-0.79424,0.36648,-0.09551,-1.00169
6430,-0.81744,0.34286,-0.13856,-1.02294
6431,-0.83881,0.31787,-0.18128,-1.04147
6432,-0.85823,0.29161,-0.22362,-1.05727
6433,-0.87555,0.26427,-0.26550,-1.07040
6434,-0.89062,0.23595,-0.30678,-1.08082
6435,-0.90328,0.20668,-0.34735,-1.08842
6436,-0.91334,0.17674,-0.38705,-1.09334
6437,-0.92084,0.14623,-0.42581,-1.09552
6438,-0.92554,0.11512,-0.46358,-1.09509
6439,-0.92759,0.08366,-0.50024,-1.09191
6440,-0.92679,0.05187,-0.53567,-1.08626
6441,-0.92313,0.01992,-0.56977,-1.07814
6442,-0.91660,-0.01209,-0.60264,-1.06771
6443,-0.90723,-0.04407,-0.63399,-1.05507
6444,-0.89490,-0.07586,-0.66376,-1.04040
6445,-0.87971,-0.10739,-0.69197,-1.02381
6446,-0.86173,-0.13860,-0.71844,-1.00547
6447,-0.84097,-0.16941,-0.74327,-0.98558
6448,-0.81755,-0.19966,-0.76637,-0.96428
6449,-0.79160,-0.22937,-0.78770,-0.94181
6450,-0.76318,-0.25837,-0.80724,-0.91835
6451,-0.73236,-0.28670,-0.82495,-0.89419
6452,-0.69924,-0.31425,-0.84092,-0.86947
6453,-0.66407,-0.34095,-0.85513,-0.84441
6454,-0.62683,-0.36665,-0.86761,-0.81919
6455,-0.58783,-0.39144,-0.87838,-0.79405
6456,-0.54707,-0.41521,-0.88747,-0.76931
6457,-0.50478,-0.43791,-0.89504,-0.74507
6458,-0.46122,-0.45944,-0.90094,-0.72149
6459,-0.41643,-0.47977,-0.90546,-0.69888
6460,-0.37062,-0.49888,-0.90869,-0.67732
6461,-0.32395,-0.51671,-0.91058,-0.65696
6462,-0.27652,-0.53328,-0.91125,-0.63802
6463,-0.22866,-0.54846,-0.91082,-0.62063
6464,-0.18051,-0.56221,-0.90941,-0.60489
6465,-0.13214,-0.57451,-0.90724,-0.59092
6466,-0.08367,-0.58550,-0.90430,-0.57876
6467,-0.03539,-0.59492,-0.90074,-0.56850
6468,0.01259,-0.60283,-0.89665,-0.56031
6469,0.06012,-0.60921,-0.89218,-0.55412
6470,0.10715,-0.61416,-0.88740,-0.54986
6471,0.15365,-0.61753,-0.88246,-0.54765
6472,0.19919,-0.61932,-0.87741,-0.54744
6473,0.24387,-0.61953,-0.87239,-0.54915
6474,0.28759,-0.61822,-0.86742,-0.55271
6475,0.33028,-0.61544,-0.86265,-0.55799
6476,0.37181,-0.61115,-0.85803,-0.56506
6477,0.41217,-0.60543,-0.85386,-0.57377
6478,0.45127,-0.59821,-0.84998,-0.58404
6479,0.48908,-0.58958,-0.84650,-0.59565
6480,0.52552,-0.57958,-0.84350,-0.60854
6481,0.56052,-0.56829,-0.84087,-0.62263
6482,0.59426,-0.55567,-0.83866,-0.63769
6483,0.62666,-0.54181,-0.83693,-0.65361
6484,0.65765,-0.52674,-0.83556,-0.67017
6485,0.68739,-0.51055,-0.83472,-0.68724
6486,0.71574,-0.49327,-0.83417,-0.70483
6487,0.74294,-0.47501,-0.83407,-0.72264
6488,0.76890,-0.45595,-0.83432,-0.74054
6489,0.79371,-0.43602,-0.83482,-0.75844
6490,0.81735,-0.41528,-0.83554,-0.77618
6491,0.84004,-0.39390,-0.83646,-0.79363
6492,0.86177,-0.37182,-0.83732,-0.81062
6493,0.88264,-0.34922,-0.83830,-0.82704
6494,0.90273,-0.32613,-0.83926,-0.84277
6495,0.92206,-0.30273,-0.84016,-0.85781
6496,0.94068,-0.27902,-0.84088,-0.87189
6497,0.95873,-0.25502,-0.84143,-0.88502
6498,0.97633,-0.23096,-0.84170,-0.89706
6499,0.99344,-0.20670,-0.84151,-0.90793
6500,1.01018,-0.18249,-0.84097,-0.91762
6501,1.02659,-0.15825,-0.83994,-0.92598
6502,1.04287,-0.13416,-0.83836,-0.93288
6503,1.05893,-0.11020,-0.83631,-0.93842
6504,1.07481,-0.08631,-0.83362,-0.94243
6505,1.09067,-0.06282,-0.83025,-0.94503
6506,1.10645,-0.03957,-0.82620,-0.94612
6507,1.12216,-0.01664,-0.82143,-0.94552
6508,1.13797,0.00587,-0.81598,-0.94330
6509,1.15367,0.02804,-0.80980,-0.93943
6510,1.16939,0.04977,-0.80279,-0.93399
6511,1.18504,0.07093,-0.79508,-0.92680
6512,1.20071,0.09167,-0.78649,-0.91804
6513,1.21624,0.11189,-0.77717,-0.90749
6514,1.23154,0.13149,-0.76723,-0.89521
6515,1.24667,0.15045,-0.75645,-0.88137
6516,1.26155,0.16897,-0.74498,-0.86592
6517,1.27607,0.18672,-0.73279,-0.84873
6518,1.29010,0.20386,-0.71994,-0.83009
6519,1.30360,0.22029,-0.70643,-0.80988
6520,1.31642,0.23614,-0.69237,-0.78815
6521,1.32850,0.25123,-0.67772,-0.76490
6522,1.33971,0.26558,-0.66260,-0.74034
6523,1.34987,0.27930,-0.64703,-0.71456
6524,1.35883,0.29223,-0.63104,-0.68750
6525,1.36651,0.30440,-0.61475,-0.65915
6526,1.37272,0.31583,-0.59838,-0.62981
6527,1.37729,0.32647,-0.58176,-0.59947
6528,1.38020,0.33636,-0.56512,-0.56832
6529,1.38115,0.34538,-0.54850,-0.53637
6530,1.38012,0.35351,-0.53202,-0.50389
6531,1.37707,0.36078,-0.51579,-0.47082
6532,1.37175,0.36724,-0.49981,-0.43739
6533,1.36414,0.37278,-0.48418,-0.40368
6534,1.35403,0.37756,-0.46917,-0.36985
6535,1.34145,0.38143,-0.45476,-0.33596
6536,1.32628,0.38432,-0.44098,-0.30239
6537,1.30838,0.38643,-0.42809,-0.26903
6538,1.28776,0.38759,-0.41603,-0.23612
6539,1.26440,0.38789,-0.40496,-0.20383
6540,1.23832,0.38729,-0.39495,-0.17223
6541,1.20943,0.38582,-0.38607,-0.14141
6542,1.17787,0.38352,-0.37845,-0.11162
6543,1.14359,0.38034,-0.37196,-0.08286
6544,1.10671,0.37629,-0.36684,-0.05527
6545,1.06728,0.37151,-0.36308,-0.02904
6546,1.02542,0.36585,-0.36060,-0.00417
6547,0.98119,0.35958,-0.35960,0.01919
6548,0.93468,0.35260,-0.36000,0.04103
6549,0.88617,0.34489,-0.36179,0.06132
6550,0.83579,0.33659,-0.36504,0.07980
6551,0.78365,0.32765,-0.36970,0.09666
6552,0.72989,0.31822,-0.37561,0.11175
6553,0.67483,0.30837,-0.38275,0.12518
6554,0.61863,0.29813,-0.39108,0.13679
6555,0.56150,0.28759,-0.40065,0.14673
6556,0.50363,0.27684,-0.41121,0.15491
6557,0.44534,0.26588,-0.42273,0.16141
6558,0.38662,0.25480,-0.43511,0.16626
6559,0.32789,0.24376,-0.44812,0.16953
6560,0.26938,0.23278,-0.46174,0.17130
6561,0.21117,0.22198,-0.47585,0.17160
6562,0.15349,0.21151,-0.49024,0.17043
6563,0.09664,0.20121,-0.50481,0.16798
6564,0.04080,0.19139,-0.51934,0.16448
6565,-0.01385,0.18207,-0.53372,0.15986
6566,-0.06708,0.17333,-0.54781,0.15424
6567,-0.11892,0.16526,-0.56145,0.14765
6568,-0.16903,0.15786,-0.57454,0.14030
6569,-0.21733,0.15130,-0.58679,0.13218
6570,-0.26354,0.14563,-0.59828,0.12331
6571,-0.30772,0.14089,-0.60851,0.11398
6572,-0.34984,0.13721,-0.61772,0.10409
6573,-0.38962,0.13461,-0.62557,0.09384
6574,-0.42702,0.13305,-0.63206,0.08326
6575,-0.46205,0.13264,-0.63695,0.07239
6576,-0.49460,0.13342,-0.64018,0.06130
6577,-0.52463,0.13534,-0.64179,0.04998
6578,-0.55230,0.13839,-0.64153,0.03852
6579,-0.57731,0.14264,-0.63943,0.02688
6580,-0.59983,0.14813,-0.63545,0.01518
6581,-0.61992,0.15482,-0.62961,0.00332
6582,-0.63750,0.16269,-0.62177,-0.00859
6583,-0.65257,0.17157,-0.61188,-0.02080
6584,-0.66524,0.18141,-0.60012,-0.03303
6585,-0.67554,0.19224,-0.58644,-0.04544
6586,-0.68341,0.20387,-0.57085,-0.05801
6587,-0.68913,0.21635,-0.55345,-0.07076
6588,-0.69258,0.22961,-0.53417,-0.08382
6589,-0.69399,0.24346,-0.51318,-0.09724
6590,-0.69333,0.25781,-0.49057,-0.11098
6591,-0.69064,0.27253,-0.46642,-0.12509
6592,-0.68612,0.28753,-0.44077,-0.13961
6593,-0.67977,0.30261,-0.41372,-0.15453
6594,-0.67179,0.31773,-0.38554,-0.17001
6595,-0.66217,0.33265,-0.35622,-0.18598
6596,-0.65087,0.34740,-0.32590,-0.20249
6597,-0.63828,0.36159,-0.29479,-0.21950
6598,-0.62434,0.37527,-0.26295,-0.23700
6599,-0.60917,0.38832,-0.23059,-0.25519
6600,-0.59299,0.40057,-0.19775,-0.27387
6601,-0.57579,0.41177,-0.16477,-0.29306
6602,-0.55762,0.42194,-0.13161,-0.31281
6603,-0.53874,0.43090,-0.09857,-0.33297
6604,-0.51926,0.43847,-0.06572,-0.35346
6605,-0.49913,0.44464,-0.03316,-0.37427
6606,-0.47861,0.44934,-0.00114,-0.39535
6607,-0.45773,0.45236,0.03028,-0.41669
6608,-0.43668,0.45368,0.06088,-0.43796
6609,-0.41544,0.45322,0.09058,-0.45927
6610,-0.39417,0.45102,0.11931,-0.48047
6611,-0.37305,0.44699,0.14685,-0.50139
6612,-0.35207,0.44116,0.17321,-0.52200
6613,-0.33139,0.43344,0.19819,-0.54211
6614,-0.31106,0.42392,0.22169,-0.56169
6615,-0.29117,0.41260,0.24364,-0.58049
6616,-0.27179,0.39948,0.26391,-0.59853
6617,-0.25295,0.38459,0.28251,-0.61557
6618,-0.23467,0.36799,0.29938,-0.63152
6619,-0.21721,0.34984,0.31439,-0.64627
6620,-0.20050,0.33013,0.32763,-0.65975
6621,-0.18455,0.30909,0.33889,-0.67199
6622,-0.16945,0.28672,0.34824,-0.68276
6623,-0.15516,0.26311,0.35552,-0.69200
6624,-0.14168,0.23848,0.36083,-0.69977
6625,-0.12900,0.21287,0.36418,-0.70582
6626,-0.11723,0.18665,0.36551,-0.71026
6627,-0.10640,0.15997,0.36494,-0.71295
6628,-0.09640,0.13266,0.36242,-0.71405
6629,-0.08718,0.10518,0.35789,-0.71352
6630,-0.07882,0.07756,0.35143,-0.71142
6631,-0.07128,0.05013,0.34311,-0.70770
6632,-0.06451,0.02299,0.33306,-0.70253
6633,-0.05839,-0.00370,0.32111,-0.69591
6634,-0.05296,-0.02975,0.30742,-0.68794
6635,-0.04822,-0.05498,0.29208,-0.67876
6636,-0.04415,-0.07919,0.27503,-0.66848
6637,-0.04077,-0.10223,0.25649,-0.65715
6638,-0.03782,-0.12399,0.23640,-0.64509
6639,-0.03534,-0.14422,0.21492,-0.63228
6640,-0.03333,-0.16281,0.19218,-0.61899
6641,-0.03193,-0.17958,0.16828,-0.60530
6642,-0.03098,-0.19445,0.14315,-0.59149
6643,-0.03040,-0.20719,0.11704,-0.57753
6644,-0.03021,-0.21780,0.08999,-0.56374
6645,-0.03041,-0.22608,0.06211,-0.55032
6646,-0.03105,-0.23199,0.03362,-0.53732
6647,-0.03194,-0.23550,0.00446,-0.52497
6648,-0.03324,-0.23644,-0.02520,-0.51337
6649,-0.03490,-0.23475,-0.05513,-0.50281
6650,-0.03674,-0.23046,-0.08536,-0.49334
6651,-0.03896,-0.22348,-0.11572,-0.48502
6652,-0.04148,-0.21387,-0.14600,-0.47801
6653,-0.04427,-0.20161,-0.17607,-0.47251
6654,-0.04733,-0.18670,-0.20587,-0.46848
6655,-0.05063,-0.16925,-0.23522,-0.46624
6656,-0.05417,-0.14925,-0.26401,-0.46566
6657,-0.05801,-0.12683,-0.29220,-0.46684
6658,-0.06208,-0.10195,-0.31954,-0.46982
6659,-0.06634,-0.07472,-0.34597,-0.47465
6660,-0.07084,-0.04535,-0.37125,-0.48136
6661,-0.07553,-0.01389,-0.39550,-0.48983
6662,-0.08029,0.01952,-0.41831,-0.50015
6663,-0.08523,0.05471,-0.43982,-0.51223
6664,-0.09024,0.09154,-0.45991,-0.52601
6665,-0.09518,0.12980,-0.47843,-0.54159
6666,-0.10026,0.16937,-0.49537,-0.55874
6667,-0.10525,0.21009,-0.51063,-0.57741
6668,-0.11019,0.25161,-0.52416,-0.59751
6669,-0.11507,0.29388,-0.53585,-0.61901
6670,-0.11971,0.33672,-0.54567,-0.64167
6671,-0.12414,0.37984,-0.55366,-0.66550
6672,-0.12822,0.42307,-0.55973,-0.69025
6673,-0.13214,0.46624,-0.56388,-0.71597
6674,-0.13576,0.50907,-0.56622,-0.74250
6675,-0.13898,0.55146,-0.56671,-0.76957
6676,-0.14185,0.59306,-0.56536,-0.79709
6677,-0.14446,0.63380,-0.56222,-0.82509
6678,-0.14661,0.67353,-0.55730,-0.85327
6679,-0.14836,0.71189,-0.55070,-0.88156
6680,-0.14967,0.74896,-0.54245,-0.90966
6681,-0.15058,0.78442,-0.53274,-0.93764
6682,-0.15110,0.81816,-0.52156,-0.96542
6683,-0.15121,0.85008,-0.50895,-0.99271
6684,-0.15101,0.88008,-0.49504,-1.01952
6685,-0.15044,0.90795,-0.47997,-1.04566
6686,-0.14955,0.93375,-0.46389,-1.07105
6687,-0.14848,0.95711,-0.44687,-1.09560
6688,-0.14714,0.97820,-0.42902,-1.11919
6689,-0.14562,0.99689,-0.41032,-1.14171
6690,-0.14405,1.01316,-0.39105,-1.16310
6691,-0.14239,1.02692,-0.37135,-1.18321
6692,-0.14077,1.03836,-0.35129,-1.20212
6693,-0.13931,1.04730,-0.33101,-1.21955
6694,-0.13800,1.05380,-0.31047,-1.23559
6695,-0.13694,1.05778,-0.28985,-1.25003
6696,-0.13613,1.05934,-0.26921,-1.26286
6697,-0.13561,1.05858,-0.24880,-1.27403
6698,-0.13546,1.05544,-0.22871,-1.28331
6699,-0.13578,1.05003,-0.20887,-1.29090
6700,-0.13656,1.04252,-0.18945,-1.29670
6701,-0.13781,1.03282,-0.17048,-1.30065
6702,-0.13971,1.02111,-0.15200,-1.30261
6703,-0.14216,1.00738,-0.13416,-1.30256
6704,-0.14521,0.99183,-0.11708,-1.30046
6705,-0.14885,0.97449,-0.10063,-1.29623
6706,-0.15320,0.95539,-0.08492,-1.28998
6707,-0.15810,0.93471,-0.07001,-1.28156
6708,-0.16355,0.91252,-0.05594,-1.27102
6709,-0.16948,0.88878,-0.04265,-1.25823
6710,-0.17593,0.86375,-0.03024,-1.24322
6711,-0.18286,0.83742,-0.01878,-1.22594
6712,-0.19016,0.80984,-0.00814,-1.20655
6713,-0.19778,0.78125,0.00153,-1.18486
6714,-0.20574,0.75166,0.01027,-1.16092
6715,-0.21391,0.72108,0.01811,-1.13488
6716,-0.22213,0.68966,0.02499,-1.10665
6717,-0.23036,0.65744,0.03102,-1.07618
6718,-0.23852,0.62453,0.03598,-1.04358
6719,-0.24644,0.59092,0.04003,-1.00897
6720,-0.25409,0.55679,0.04315,-0.97221
6721,-0.26138,0.52221,0.04534,-0.93360
6722,-0.26822,0.48702,0.04667,-0.89308
6723,-0.27445,0.45145,0.04706,-0.85071
6724,-0.27995,0.41559,0.04654,-0.80673
6725,-0.28480,0.37946,0.04529,-0.76111
6726,-0.28873,0.34317,0.04316,-0.71406
6727,-0.29169,0.30676,0.04008,-0.66557
6728,-0.29370,0.27027,0.03621,-0.61589
6729,-0.29471,0.23381,0.03142,-0.56508
6730,-0.29465,0.19750,0.02599,-0.51326
6731,-0.29328,0.16135,0.01972,-0.46065
6732,-0.29090,0.12548,0.01272,-0.40741
6733,-0.28707,0.09011,0.00502,-0.35359
6734,-0.28212,0.05520,-0.00334,-0.29943
6735,-0.27595,0.02077,-0.01236,-0.24499
6736,-0.26851,-0.01293,-0.02191,-0.19050
6737,-0.25993,-0.04591,-0.03201,-0.13609
6738,-0.25023,-0.07773,-0.04263,-0.08208
6739,-0.23937,-0.10862,-0.05366,-0.02854
6740,-0.22758,-0.13844,-0.06513,0.02440
6741,-0.21474,-0.16692,-0.07700,0.07658
6742,-0.20097,-0.19400,-0.08906,0.12791
6743,-0.18644,-0.21947,-0.10127,0.17818
6744,-0.17119,-0.24330,-0.11366,0.22733
6745,-0.15537,-0.26539,-0.12606,0.27515
6746,-0.13899,-0.28553,-0.13850,0.32159
6747,-0.12222,-0.30371,-0.15081,0.36644
6748,-0.10519,-0.31973,-0.16291,0.40965
6749,-0.08802,-0.33350,-0.17471,0.45113
6750,-0.07082,-0.34493,-0.18613,0.49086
6751,-0.05369,-0.35397,-0.19713,0.52865
6752,-0.03678,-0.36050,-0.20763,0.56456
6753,-0.02014,-0.36449,-0.21761,0.59847
6754,-0.00390,-0.36589,-0.22687,0.63044
6755,0.01181,-0.36465,-0.23535,0.66032
6756,0.02692,-0.36077,-0.24303,0.68817
6757,0.04135,-0.35421,-0.24982,0.71389
6758,0.05501,-0.34498,-0.25574,0.73765
6759,0.06771,-0.33310,-0.26055,0.75917
6760,0.07958,-0.31861,-0.26435,0.77868
6761,0.09058,-0.30155,-0.26702,0.79617
6762,0.10056,-0.28211,-0.26855,0.81158
6763,0.10953,-0.26030,-0.26889,0.82508
6764,0.11754,-0.23637,-0.26807,0.83670
6765,0.12450,-0.21022,-0.26594,0.84641
6766,0.13048,-0.18211,-0.26264,0.85425
6767,0.13556,-0.15224,-0.25805,0.86028
6768,0.13964,-0.12082,-0.25229,0.86453
6769,0.14285,-0.08801,-0.24520,0.86717
6770,0.14521,-0.05400,-0.23688,0.86813
6771,0.14665,-0.01905,-0.22737,0.86753
6772,0.14750,0.01671,-0.21667,0.86543
6773,0.14763,0.05295,-0.20476,0.86176
6774,0.14722,0.08939,-0.19182,0.85687
6775,0.14628,0.12575,-0.17776,0.85053
6776,0.14488,0.16202,-0.16274,0.84298
6777,0.14303,0.19770,-0.14682,0.83410
6778,0.14100,0.23260,-0.12991,0.82409
6779,0.13883,0.26650,-0.11207,0.81288
6780,0.13636,0.29914,-0.09349,0.80064
6781,0.13394,0.33028,-0.07426,0.78734
6782,0.13153,0.35982,-0.05437,0.77315
6783,0.12913,0.38738,-0.03385,0.75787
6784,0.12688,0.41287,-0.01291,0.74174
6785,0.12470,0.43603,0.00843,0.72481
6786,0.12285,0.45657,0.03015,0.70698
6787,0.12124,0.47452,0.05212,0.68845
6788,0.11992,0.48972,0.07433,0.66909
6789,0.11892,0.50195,0.09666,0.64910
6790,0.11823,0.51126,0.11900,0.62840
6791,0.11791,0.51753,0.14130,0.60699
6792,0.11786,0.52066,0.16339,0.58491
6793,0.11826,0.52070,0.18518,0.56218
6794,0.11903,0.51751,0.20665,0.53887
6795,0.12017,0.51116,0.22762,0.51495
6796,0.12161,0.50170,0.24806,0.49048
6797,0.12335,0.48921,0.26795,0.46540
6798,0.12525,0.47373,0.28706,0.43975
6799,0.12742,0.45535,0.30530,0.41354
6800,0.12977,0.43421,0.32274,0.38682
6801,0.13230,0.41031,0.33902,0.35950
6802,0.13493,0.38383,0.35424,0.33158
6803,0.13768,0.35502,0.36815,0.30308
6804,0.14030,0.32385,0.38083,0.27404
6805,0.14301,0.29062,0.39206,0.24442
6806,0.14560,0.25548,0.40178,0.21430
6807,0.14811,0.21864,0.40998,0.18365
6808,0.15039,0.18024,0.41651,0.15241
6809,0.15247,0.14041,0.42127,0.12061
6810,0.15429,0.09947,0.42425,0.08832
6811,0.15585,0.05752,0.42529,0.05552
6812,0.15708,0.01482,0.42434,0.02214
6813,0.15777,-0.02841,0.42150,-0.01158
6814,0.15810,-0.07215,0.41659,-0.04587
6815,0.15793,-0.11610,0.40952,-0.08052
6816,0.15738,-0.16014,0.40033,-0.11563
6817,0.15626,-0.20416,0.38899,-0.15101
6818,0.15466,-0.24792,0.37546,-0.18680
6819,0.15244,-0.29132,0.35984,-0.22276
6820,0.14962,-0.33422,0.34200,-0.25883
6821,0.14621,-0.37652,0.32203,-0.29502
6822,0.14226,-0.41801,0.30010,-0.33113
6823,0.13775,-0.45869,0.27607,-0.36722
6824,0.13263,-0.49845,0.25010,-0.40309
6825,0.12690,-0.53711,0.22223,-0.43863
6826,0.12064,-0.57468,0.19246,-0.47384
6827,0.11389,-0.61100,0.16105,-0.50844
6828,0.10656,-0.64608,0.12793,-0.54239
6829,0.09879,-0.67994,0.09339,-0.57559
6830,0.09058,-0.71226,0.05748,-0.60783
6831,0.08203,-0.74318,0.02034,-0.63907
6832,0.07318,-0.77263,-0.01780,-0.66908
6833,0.06407,-0.80061,-0.05687,-0.69782
6834,0.05474,-0.82702,-0.09671,-0.72514
6835,0.04532,-0.85186,-0.13718,-0.75092
6836,0.03578,-0.87506,-0.17797,-0.77505
6837,0.02623,-0.89655,-0.21898,-0.79741
6838,0.01681,-0.91633,-0.26005,-0.81793
6839,0.00756,-0.93445,-0.30086,-0.83642
6840,-0.00152,-0.95080,-0.34136,-0.85275
6841,-0.01020,-0.96534,-0.38126,-0.86693
6842,-0.01848,-0.97811,-0.42053,-0.87897
6843,-0.02627,-0.98888,-0.45879,-0.88867
6844,-0.03344,-0.99799,-0.49604,-0.89609
6845,-0.03994,-1.00516,-0.53206,-0.90117
6846,-0.04571,-1.01047,-0.56661,-0.90386
6847,-0.05074,-1.01390,-0.59958,-0.90424
6848,-0.05467,-1.01540,-0.63091,-0.90225
6849,-0.05771,-1.01503,-0.66031,-0.89797
6850,-0.05973,-1.01289,-0.68774,-0.89153
6851,-0.06063,-1.00878,-0.71306,-0.88297
6852,-0.06031,-1.00281,-0.73615,-0.87220
6853,-0.05890,-0.99503,-0.75706,-0.85954
6854,-0.05630,-0.98537,-0.77562,-0.84492
6855,-0.05255,-0.97401,-0.79179,-0.82861
6856,-0.04755,-0.96089,-0.80553,-0.81064
6857,-0.04133,-0.94616,-0.81685,-0.79110
6858,-0.03390,-0.92981,-0.82572,-0.77031
6859,-0.02522,-0.91212,-0.83213,-0.74819
6860,-0.01543,-0.89293,-0.83609,-0.72513
6861,-0.00442,-0.87242,-0.83767,-0.70127
6862,0.00768,-0.85059,-0.83696,-0.67654
6863,0.02074,-0.82773,-0.83403,-0.65134
6864,0.03474,-0.80381,-0.82891,-0.62576
6865,0.04963,-0.77899,-0.82181,-0.59986
6866,0.06527,-0.75348,-0.81272,-0.57399
6867,0.08165,-0.72737,-0.80179,-0.54810
6868,0.09869,-0.70082,-0.78916,-0.52247
6869,0.11622,-0.67388,-0.77510,-0.49712
6870,0.13408,-0.64669,-0.75960,-0.47224
6871,0.15213,-0.61942,-0.74288,-0.44800
6872,0.17019,-0.59216,-0.72505,-0.42442
6873,0.18836,-0.56511,-0.70621,-0.40168
6874,0.20641,-0.53831,-0.68663,-0.37975
6875,0.22408,-0.51203,-0.66648,-0.35865
6876,0.24134,-0.48613,-0.64579,-0.33846
6877,0.25811,-0.46083,-0.62490,-0.31939
6878,0.27410,-0.43636,-0.60380,-0.30133
6879,0.28926,-0.41264,-0.58252,-0.28424
6880,0.30348,-0.38973,-0.56154,-0.26825
6881,0.31668,-0.36775,-0.54079,-0.25331
6882,0.32864,-0.34675,-0.52035,-0.23936
6883,0.33933,-0.32678,-0.50035,-0.22641
6884,0.34858,-0.30780,-0.48095,-0.21441
6885,0.35637,-0.28993,-0.46217,-0.20328
6886,0.36267,-0.27293,-0.44405,-0.19297
6887,0.36733,-0.25703,-0.42668,-0.18335
6888,0.37025,-0.24226,-0.41008,-0.17454
6889,0.37157,-0.22842,-0.39428,-0.16635
6890,0.37117,-0.21549,-0.37930,-0.15859
6891,0.36901,-0.20350,-0.36509,-0.15133
6892,0.36503,-0.19231,-0.35160,-0.14451
6893,0.35930,-0.18205,-0.33889,-0.13801
6894,0.35181,-0.17246,-0.32693,-0.13163
6895,0.34269,-0.16361,-0.31556,-0.12544
6896,0.33200,-0.15543,-0.30493,-0.11922
6897,0.31985,-0.14766,-0.29484,-0.11301
6898,0.30623,-0.14041,-0.28523,-0.10674
6899,0.29122,-0.13357,-0.27602,-0.10016
6900,0.27498,-0.12708,-0.26720,-0.09336
6901,0.25759,-0.12090,-0.25867,-0.08621
6902,0.23926,-0.11501,-0.25023,-0.07869
6903,0.22006,-0.10938,-0.24196,-0.07072
6904,0.20017,-0.10384,-0.23361,-0.06230
6905,0.17971,-0.09845,-0.22531,-0.05341
6906,0.15875,-0.09306,-0.21686,-0.04391
6907,0.13763,-0.08767,-0.20820,-0.03388
6908,0.11630,-0.08245,-0.19930,-0.02321
6909,0.09518,-0.07717,-0.19027,-0.01192
6910,0.07426,-0.07187,-0.18093,-0.00008
6911,0.05372,-0.06649,-0.17128,0.01240
6912,0.03377,-0.06112,-0.16128,0.02560
6913,0.01458,-0.05592,-0.15094,0.03943
6914,-0.00377,-0.05060,-0.14028,0.05391
6915,-0.02104,-0.04523,-0.12923,0.06901
6916,-0.03733,-0.03991,-0.11794,0.08477
6917,-0.05237,-0.03469,-0.10638,0.10110
6918,-0.06602,-0.02952,-0.09464,0.11804
6919,-0.07821,-0.02439,-0.08281,0.13553
6920,-0.08883,-0.01940,-0.07092,0.15359
6921,-0.09786,-0.01458,-0.05898,0.17214
6922,-0.10523,-0.00981,-0.04709,0.19117
6923,-0.11086,-0.00517,-0.03550,0.21064
6924,-0.11468,-0.00077,-0.02420,0.23056
6925,-0.11674,0.00355,-0.01329,0.25080
6926,-0.11698,0.00771,-0.00282,0.27155
6927,-0.11544,0.01170,0.00725,0.29262
6928,-0.11205,0.01560,0.01661,0.31395
6929,-0.10697,0.01934,0.02524,0.33554
6930,-0.10020,0.02302,0.03298,0.35739
6931,-0.09163,0.02653,0.03979,0.37948
6932,-0.08157,0.03002,0.04564,0.40176
6933,-0.06997,0.03356,0.05038,0.42413
6934,-0.05681,0.03703,0.05394,0.44663
6935,-0.04240,0.04060,0.05635,0.46919
6936,-0.02681,0.04433,0.05747,0.49175
6937,-0.01001,0.04809,0.05723,0.51435
6938,0.00774,0.05212,0.05561,0.53678
6939,0.02627,0.05644,0.05263,0.55913
6940,0.04570,0.06112,0.04824,0.58134
6941,0.06565,0.06610,0.04248,0.60338
6942,0.08612,0.07159,0.03531,0.62515
6943,0.10696,0.07751,0.02681,0.64665
6944,0.12801,0.08393,0.01691,0.66775
6945,0.14918,0.09094,0.00579,0.68844
6946,0.17029,0.09850,-0.00668,0.70875
6947,0.19122,0.10671,-0.02039,0.72841
6948,0.21178,0.11559,-0.03527,0.74757
6949,0.23187,0.12510,-0.05117,0.76598
6950,0.25147,0.13538,-0.06814,0.78380
6951,0.27032,0.14630,-0.08596,0.80075
6952,0.28842,0.15789,-0.10456,0.81701
6953,0.30554,0.17014,-0.12405,0.83239
6954,0.32163,0.18300,-0.14420,0.84676
6955,0.33665,0.19639,-0.16484,0.86009
6956,0.35050,0.21037,-0.18600,0.87237
6957,0.36296,0.22476,-0.20751,0.88353
6958,0.37423,0.23965,-0.22923,0.89357
6959,0.38404,0.25484,-0.25107,0.90239
6960,0.39247,0.27024,-0.27292,0.90990
6961,0.39937,0.28584,-0.29473,0.91628
6962,0.40481,0.30147,-0.31639,0.92125
6963,0.40871,0.31710,-0.33778,0.92493
6964,0.41112,0.33256,-0.35884,0.92722
6965,0.41200,0.34771,-0.37945,0.92817
6966,0.41137,0.36245,-0.39957,0.92800
6967,0.40930,0.37675,-0.41902,0.92637
6968,0.40564,0.39049,-0.43792,0.92344
6969,0.40067,0.40353,-0.45606,0.91923
6970,0.39427,0.41579,-0.47343,0.91386
6971,0.38657,0.42723,-0.48991,0.90730
6972,0.37766,0.43759,-0.50565,0.89966
6973,0.36773,0.44710,-0.52036,0.89094
6974,0.35659,0.45538,-0.53411,0.88121
6975,0.34445,0.46247,-0.54711,0.87052
6976,0.33138,0.46845,-0.55903,0.85908
6977,0.31752,0.47321,-0.57004,0.84691
6978,0.30288,0.47673,-0.58004,0.83418
6979,0.28765,0.47903,-0.58917,0.82095
6980,0.27185,0.48016,-0.59733,0.80733
6981,0.25569,0.48003,-0.60470,0.79341
6982,0.23912,0.47882,-0.61123,0.77940
6983,0.22225,0.47648,-0.61686,0.76532
6984,0.20517,0.47330,-0.62165,0.75130
6985,0.18801,0.46906,-0.62573,0.73751
6986,0.17091,0.46406,-0.62906,0.72400
6987,0.15386,0.45836,-0.63181,0.71093
6988,0.13701,0.45201,-0.63401,0.69833
6989,0.12029,0.44532,-0.63560,0.68644
6990,0.10392,0.43830,-0.63660,0.67527
6991,0.08788,0.43114,-0.63724,0.66485
6992,0.07233,0.42398,-0.63748,0.65522
6993,0.05712,0.41687,-0.63735,0.64663
6994,0.04249,0.41006,-0.63690,0.63897
6995,0.02839,0.40370,-0.63612,0.63237
6996,0.01487,0.39787,-0.63518,0.62681
6997,0.00193,0.39276,-0.63407,0.62223
6998,-0.01030,0.38845,-0.63268,0.61873
6999,-0.02190,0.38500,-0.63128,0.61634
7000,-0.03285,0.38266,-0.62970,0.61503
7001,-0.04321,0.38134,-0.62799,0.61477
7002,-0.05269,0.38121,-0.62632,0.61540
7003,-0.06147,0.38241,-0.62444,0.61705
7004,-0.06948,0.38496,-0.62260,0.61962
7005,-0.07674,0.38870,-0.62067,0.62294
7006,-0.08331,0.39382,-0.61867,0.62698
7007,-0.08911,0.40019,-0.61656,0.63166
7008,-0.09413,0.40793,-0.61435,0.63689
7009,-0.09828,0.41693,-0.61203,0.64257
7010,-0.10166,0.42714,-0.60961,0.64864
7011,-0.10406,0.43854,-0.60709,0.65493
7012,-0.10567,0.45093,-0.60446,0.66143
7013,-0.10634,0.46424,-0.60154,0.66792
7014,-0.10616,0.47837,-0.59855,0.67444
7015,-0.10498,0.49327,-0.59527,0.68075
7016,-0.10287,0.50872,-0.59185,0.68662
7017,-0.09975,0.52462,-0.58811,0.69224
7018,-0.09556,0.54079,-0.58420,0.69731
7019,-0.09032,0.55713,-0.58002,0.70188
7020,-0.08400,0.57342,-0.57552,0.70576
7021,-0.07657,0.58956,-0.57079,0.70887
7022,-0.06802,0.60534,-0.56575,0.71110
7023,-0.05826,0.62063,-0.56042,0.71252
7024,-0.04727,0.63533,-0.55482,0.71298
7025,-0.03510,0.64917,-0.54882,0.71235
7026,-0.02168,0.66222,-0.54261,0.71074
7027,-0.00696,0.67409,-0.53607,0.70794
7028,0.00900,0.68483,-0.52925,0.70408
7029,0.02626,0.69422,-0.52207,0.69899
7030,0.04481,0.70227,-0.51457,0.69276
7031,0.06459,0.70893,-0.50672,0.68534
7032,0.08553,0.71410,-0.49858,0.67667
7033,0.10769,0.71766,-0.49012,0.66686
7034,0.13097,0.71971,-0.48134,0.65577
7035,0.15529,0.72010,-0.47223,0.64362
7036,0.18063,0.71887,-0.46268,0.63022
7037,0.20695,0.71607,-0.45278,0.61564
7038,0.23421,0.71171,-0.44247,0.59991
7039,0.26232,0.70580,-0.43171,0.58306
7040,0.29111,0.69842,-0.42042,0.56512
7041,0.32053,0.68962,-0.40861,0.54613
7042,0.35049,0.67946,-0.39636,0.52602
7043,0.38088,0.66816,-0.38353,0.50502
7044,0.41161,0.65564,-0.37004,0.48299
7045,0.44257,0.64208,-0.35589,0.45994
7046,0.47356,0.62761,-0.34106,0.43599
7047,0.50456,0.61237,-0.32536,0.41119
7048,0.53528,0.59650,-0.30891,0.38553
7049,0.56583,0.58008,-0.29162,0.35896
7050,0.59604,0.56332,-0.27339,0.33161
7051,0.62571,0.54625,-0.25421,0.30349
7052,0.65473,0.52912,-0.23409,0.27476
7053,0.68312,0.51202,-0.21289,0.24527
7054,0.71073,0.49510,-0.19067,0.21508
7055,0.73746,0.47842,-0.16735,0.18438
7056,0.76307,0.46218,-0.14292,0.15313
7057,0.78762,0.44635,-0.11744,0.12130
7058,0.81105,0.43122,-0.09091,0.08904
7059,0.83325,0.41670,-0.06321,0.05629
7060,0.85420,0.40298,-0.03448,0.02316
7061,0.87382,0.38996,-0.00478,-0.01023
7062,0.89208,0.37791,0.02579,-0.04398
7063,0.90903,0.36687,0.05738,-0.07786
7064,0.92450,0.35667,0.08985,-0.11188
7065,0.93846,0.34748,0.12300,-0.14604
7066,0.95110,0.33923,0.15680,-0.18021
7067,0.96228,0.33198,0.19107,-0.21431
7068,0.97216,0.32573,0.22587,-0.24825
7069,0.98064,0.32043,0.26088,-0.28206
7070,0.98771,0.31592,0.29600,-0.31556
7071,0.99341,0.31229,0.33125,-0.34869
7072,0.99778,0.30934,0.36627,-0.38128
7073,1.00085,0.30714,0.40102,-0.41326
7074,1.00267,0.30554,0.43521,-0.44465
7075,1.00337,0.30434,0.46872,-0.47525
7076,1.00293,0.30363,0.50141,-0.50505
7077,1.00132,0.30327,0.53302,-0.53384
7078,0.99867,0.30308,0.56346,-0.56161
7079,0.99500,0.30299,0.59245,-0.58821
7080,0.99036,0.30286,0.61993,-0.61352
7081,0.98480,0.30263,0.64568,-0.63748
7082,0.97836,0.30220,0.66947,-0.65994
7083,0.97115,0.30155,0.69120,-0.68094
7084,0.96310,0.30045,0.71088,-0.70032
7085,0.95433,0.29898,0.72818,-0.71785
7086,0.94489,0.29677,0.74300,-0.73365
7087,0.93467,0.29408,0.75531,-0.74761
7088,0.92392,0.29078,0.76497,-0.75960
7089,0.91249,0.28676,0.77189,-0.76953
7090,0.90060,0.28192,0.77608,-0.77742
7091,0.88819,0.27632,0.77765,-0.78328
7092,0.87527,0.27001,0.77634,-0.78689
7093,0.86195,0.26291,0.77225,-0.78841
7094,0.84815,0.25500,0.76540,-0.78765
7095,0.83390,0.24642,0.75590,-0.78468
7096,0.81930,0.23720,0.74372,-0.77950
7097,0.80442,0.22724,0.72901,-0.77210
7098,0.78911,0.21668,0.71197,-0.76253
7099,0.77348,0.20564,0.69267,-0.75087
7100,0.75752,0.19409,0.67115,-0.73708
7101,0.74131,0.18212,0.64771,-0.72132
7102,0.72483,0.16987,0.62240,-0.70355
7103,0.70807,0.15739,0.59561,-0.68381
7104,0.69112,0.14476,0.56730,-0.66234
7105,0.67393,0.13208,0.53789,-0.63920
7106,0.65646,0.11953,0.50762,-0.61444
7107,0.63878,0.10715,0.47656,-0.58817
7108,0.62085,0.09499,0.44504,-0.56049
7109,0.60272,0.08326,0.41331,-0.53158
7110,0.58440,0.07197,0.38153,-0.50161
7111,0.56584,0.06115,0.35005,-0.47076
7112,0.54704,0.05116,0.31912,-0.43911
7113,0.52813,0.04182,0.28886,-0.40675
7114,0.50902,0.03329,0.25963,-0.37393
7115,0.48971,0.02554,0.23154,-0.34082
7116,0.47016,0.01877,0.20485,-0.30756
7117,0.45036,0.01289,0.17976,-0.27424
7118,0.43039,0.00814,0.15633,-0.24110
7119,0.41034,0.00444,0.13491,-0.20825
7120,0.39001,0.00180,0.11541,-0.17586
7121,0.36949,0.00028,0.09812,-0.14411
7122,0.34879,-0.00016,0.08323,-0.11302
7123,0.32801,0.00053,0.07065,-0.08290
7124,0.30718,0.00224,0.06054,-0.05380
7125,0.28618,0.00508,0.05292,-0.02593
7126,0.26506,0.00893,0.04779,0.00071
7127,0.24393,0.01384,0.04524,0.02594
7128,0.22270,0.01978,0.04526,0.04964
7129,0.20151,0.02665,0.04773,0.07179
7130,0.18046,0.03441,0.05261,0.09232
7131,0.15944,0.04299,0.05998,0.11111
7132,0.13859,0.05234,0.06956,0.12806
7133,0.11793,0.06234,0.08138,0.14307
7134,0.09751,0.07299,0.09521,0.15621
7135,0.07742,0.08426,0.11098,0.16748
7136,0.05777,0.09597,0.12852,0.17664
7137,0.03856,0.10808,0.14776,0.18382
7138,0.01994,0.12057,0.16847,0.18902
7139,0.00185,0.13331,0.19057,0.19224
7140,-0.01555,0.14626,0.21382,0.19346
7141,-0.03217,0.15928,0.23799,0.19259
7142,-0.04790,0.17243,0.26302,0.18982
7143,-0.06276,0.18547,0.28860,0.18515
7144,-0.07669,0.19829,0.31454,0.17859
7145,-0.08955,0.21108,0.34074,0.17024
7146,-0.10118,0.22351,0.36690,0.16012
7147,-0.11171,0.23574,0.39298,0.14829
7148,-0.12109,0.24756,0.41860,0.13475
7149,-0.12908,0.25908,0.44364,0.11978
7150,-0.13574,0.27019,0.46794,0.10326
7151,-0.14107,0.28077,0.49126,0.08534
7152,-0.14498,0.29085,0.51350,0.06599
7153,-0.14738,0.30044,0.53449,0.04549
7154,-0.14830,0.30948,0.55398,0.02380
7155,-0.14782,0.31803,0.57191,0.00108
7156,-0.14590,0.32596,0.58806,-0.02264
7157,-0.14253,0.33328,0.60224,-0.04737
7158,-0.13767,0.34017,0.61441,-0.07274
7159,-0.13147,0.34644,0.62437,-0.09880
7160,-0.12385,0.35230,0.63205,-0.12548
7161,-0.11495,0.35763,0.63727,-0.15268
7162,-0.10480,0.36241,0.63993,-0.18030
7163,-0.09335,0.36679,0.64002,-0.20816
7164,-0.08077,0.37072,0.63737,-0.23633
7165,-0.06716,0.37422,0.63191,-0.26468
7166,-0.05253,0.37740,0.62372,-0.29312
7167,-0.03692,0.38015,0.61250,-0.32148
7168,-0.02035,0.38260,0.59834,-0.34984
7169,-0.00305,0.38476,0.58119,-0.37815
7170,0.01494,0.38670,0.56110,-0.40632
7171,0.03351,0.38833,0.53805,-0.43424
7172,0.05267,0.38974,0.51207,-0.46178
7173,0.07229,0.39090,0.48306,-0.48904
7174,0.09230,0.39182,0.45122,-0.51594
7175,0.11264,0.39249,0.41644,-0.54251
7176,0.13330,0.39295,0.37899,-0.56862
7177,0.15400,0.39315,0.33880,-0.59422
7178,0.17492,0.39306,0.29593,-0.61935
7179,0.19576,0.39266,0.25077,-0.64411
7180,0.21666,0.39199,0.20321,-0.66823
7181,0.23752,0.39086,0.15343,-0.69181
7182,0.25827,0.38937,0.10159,-0.71484
7183,0.27887,0.38739,0.04789,-0.73733
7184,0.29916,0.38490,-0.00743,-0.75922
7185,0.31927,0.38189,-0.06423,-0.78053
7186,0.33910,0.37828,-0.12231,-0.80125
7187,0.35864,0.37403,-0.18151,-0.82141
7188,0.37783,0.36915,-0.24156,-0.84089
7189,0.39662,0.36355,-0.30217,-0.85981
7190,0.41498,0.35713,-0.36323,-0.87795
7191,0.43297,0.35002,-0.42448,-0.89536
7192,0.45043,0.34203,-0.48556,-0.91205
7193,0.46733,0.33322,-0.54639,-0.92806
7194,0.48365,0.32369,-0.60657,-0.94330
7195,0.49942,0.31336,-0.66591,-0.95773
7196,0.51455,0.30224,-0.72423,-0.97122
7197,0.52911,0.29044,-0.78118,-0.98378
7198,0.54285,0.27793,-0.83658,-0.99545
7199,0.55585,0.26479,-0.89024,-1.00605
7200,0.56804,0.25125,-0.94197,-1.01542
7201,0.57931,0.23710,-0.99148,-1.02378
7202,0.58961,0.22265,-1.03862,-1.03090
7203,0.59901,0.20794,-1.08311,-1.03670
7204,0.60732,0.19318,-1.12492,-1.04110
7205,0.61443,0.17846,-1.16387,-1.04413
7206,0.62043,0.16384,-1.19981,-1.04572
7207,0.62527,0.14963,-1.23251,-1.04563
7208,0.62869,0.13591,-1.26199,-1.04394
7209,0.63086,0.12280,-1.28806,-1.04049
7210,0.63164,0.11053,-1.31073,-1.03534
7211,0.63096,0.09927,-1.32991,-1.02834
7212,0.62877,0.08912,-1.34556,-1.01957
7213,0.62501,0.08027,-1.35765,-1.00883
7214,0.61963,0.07292,-1.36621,-0.99600
7215,0.61265,0.06716,-1.37131,-0.98128
7216,0.60409,0.06320,-1.37295,-0.96449
7217,0.59391,0.06112,-1.37111,-0.94572
7218,0.58213,0.06104,-1.36594,-0.92494
7219,0.56867,0.06305,-1.35757,-0.90212
7220,0.55363,0.06720,-1.34609,-0.87729
7221,0.53706,0.07367,-1.33160,-0.85048
7222,0.51902,0.08237,-1.31428,-0.82169
7223,0.49956,0.09337,-1.29424,-0.79100
7224,0.47857,0.10670,-1.27163,-0.75841
7225,0.45627,0.12233,-1.24672,-0.72402
7226,0.43292,0.14023,-1.21960,-0.68798
7227,0.40841,0.16027,-1.19047,-0.65037
7228,0.38280,0.18249,-1.15963,-0.61114
7229,0.35627,0.20667,-1.12722,-0.57049
7230,0.32896,0.23274,-1.09339,-0.52856
7231,0.30094,0.26062,-1.05853,-0.48538
7232,0.27237,0.29015,-1.02277,-0.44118
7233,0.24340,0.32113,-0.98629,-0.39595
7234,0.21415,0.35340,-0.94934,-0.34990
7235,0.18480,0.38672,-0.91208,-0.30321
7236,0.15541,0.42093,-0.87477,-0.25601
7237,0.12613,0.45580,-0.83752,-0.20825
7238,0.09714,0.49111,-0.80063,-0.16031
7239,0.06856,0.52670,-0.76429,-0.11227
7240,0.04058,0.56224,-0.72850,-0.06421
7241,0.01322,0.59766,-0.69359,-0.01627
7242,-0.01328,0.63258,-0.65960,0.03133
7243,-0.03894,0.66684,-0.62669,0.07845
7244,-0.06352,0.70023,-0.59495,0.12511
7245,-0.08695,0.73265,-0.56454,0.17090
7246,-0.10911,0.76374,-0.53561,0.21595
7247,-0.12997,0.79335,-0.50810,0.25981
7248,-0.14940,0.82134,-0.48211,0.30267
7249,-0.16726,0.84752,-0.45768,0.34435
7250,-0.18357,0.87183,-0.43476,0.38470
7251,-0.19833,0.89399,-0.41345,0.42366
7252,-0.21138,0.91397,-0.39375,0.46104
7253,-0.22265,0.93170,-0.37562,0.49682
7254,-0.23213,0.94698,-0.35901,0.53091
7255,-0.23986,0.95980,-0.34397,0.56315
7256,-0.24570,0.96997,-0.33036,0.59357
7257,-0.24973,0.97759,-0.31815,0.62202
7258,-0.25194,0.98259,-0.30729,0.64855
7259,-0.25239,0.98495,-0.29769,0.67302
7260,-0.25093,0.98462,-0.28925,0.69538
7261,-0.24766,0.98174,-0.28191,0.71567
7262,-0.24250,0.97628,-0.27563,0.73376
7263,-0.23572,0.96827,-0.27020,0.74973
7264,-0.22714,0.95770,-0.26554,0.76348
7265,-0.21701,0.94476,-0.26166,0.77495
7266,-0.20531,0.92941,-0.25853,0.78430
7267,-0.19204,0.91174,-0.25588,0.79142
7268,-0.17740,0.89185,-0.25365,0.79636
7269,-0.16134,0.86995,-0.25175,0.79912
7270,-0.14409,0.84608,-0.25013,0.79972
7271,-0.12567,0.82030,-0.24873,0.79821
7272,-0.10624,0.79282,-0.24750,0.79470
7273,-0.08590,0.76370,-0.24638,0.78912
7274,-0.06474,0.73312,-0.24521,0.78156
7275,-0.04298,0.70124,-0.24394,0.77203
7276,-0.02075,0.66814,-0.24258,0.76062
7277,0.00171,0.63401,-0.24106,0.74739
7278,0.02435,0.59901,-0.23926,0.73243
7279,0.04693,0.56325,-0.23709,0.71596
7280,0.06938,0.52673,-0.23458,0.69794
7281,0.09145,0.48978,-0.23173,0.67837
7282,0.11307,0.45241,-0.22828,0.65735
7283,0.13398,0.41486,-0.22440,0.63513
7284,0.15399,0.37724,-0.22000,0.61174
7285,0.17297,0.33961,-0.21496,0.58724
7286,0.19074,0.30223,-0.20936,0.56174
7287,0.20724,0.26512,-0.20308,0.53540
7288,0.22209,0.22836,-0.19604,0.50827
7289,0.23539,0.19210,-0.18840,0.48046
7290,0.24688,0.15647,-0.17991,0.45213
7291,0.25648,0.12159,-0.17054,0.42335
7292,0.26408,0.08756,-0.16030,0.39426
7293,0.26960,0.05427,-0.14913,0.36492
7294,0.27288,0.02204,-0.13702,0.33552
7295,0.27398,-0.00919,-0.12382,0.30618
7296,0.27287,-0.03941,-0.10958,0.27693
7297,0.26943,-0.06852,-0.09436,0.24791
7298,0.26380,-0.09647,-0.07800,0.21921
7299,0.25578,-0.12319,-0.06050,0.19101
7300,0.24565,-0.14877,-0.04191,0.16343
7301,0.23354,-0.17313,-0.02213,0.13643
7302,0.21931,-0.19630,-0.00125,0.11009
7303,0.20321,-0.21832,0.02085,0.08464
7304,0.18520,-0.23914,0.04419,0.06014
7305,0.16559,-0.25877,0.06862,0.03654
7306,0.14446,-0.27735,0.09419,0.01402
7307,0.12216,-0.29476,0.12091,-0.00724
7308,0.09869,-0.31119,0.14860,-0.02736
7309,0.07437,-0.32658,0.17736,-0.04623
7310,0.04930,-0.34101,0.20714,-0.06380
7311,0.02378,-0.35452,0.23774,-0.07997
7312,-0.00203,-0.36723,0.26919,-0.09468
7313,-0.02786,-0.37917,0.30132,-0.10797
7314,-0.05346,-0.39030,0.33406,-0.11979
7315,-0.07863,-0.40089,0.36733,-0.13008
7316,-0.10318,-0.41076,0.40108,-0.13881
7317,-0.12688,-0.42016,0.43500,-0.14591
7318,-0.14948,-0.42908,0.46915,-0.15156
7319,-0.17080,-0.43734,0.50328,-0.15561
7320,-0.19066,-0.44533,0.53727,-0.15826
7321,-0.20899,-0.45290,0.57106,-0.15936
7322,-0.22557,-0.46011,0.60439,-0.15894
7323,-0.24025,-0.46700,0.63734,-0.15703
7324,-0.25297,-0.47358,0.66959,-0.15379
7325,-0.26364,-0.47983,0.70107,-0.14903
7326,-0.27211,-0.48579,0.73166,-0.14292
7327,-0.27836,-0.49147,0.76112,-0.13547
7328,-0.28251,-0.49681,0.78941,-0.12683
7329,-0.28442,-0.50183,0.81659,-0.11703
7330,-0.28400,-0.50653,0.84229,-0.10602
7331,-0.28141,-0.51083,0.86659,-0.09397
7332,-0.27668,-0.51473,0.88932,-0.08078
7333,-0.26993,-0.51834,0.91046,-0.06683
7334,-0.26114,-0.52143,0.93001,-0.05204
7335,-0.25059,-0.52403,0.94781,-0.03645
7336,-0.23821,-0.52616,0.96398,-0.02013
7337,-0.22414,-0.52765,0.97842,-0.00320
7338,-0.20864,-0.52853,0.99110,0.01426
7339,-0.19173,-0.52880,1.00201,0.03228
7340,-0.17358,-0.52839,1.01130,0.05076
7341,-0.15433,-0.52732,1.01886,0.06972
7342,-0.13417,-0.52546,1.02496,0.08883
7343,-0.11330,-0.52290,1.02951,0.10822
7344,-0.09178,-0.51961,1.03257,0.12792
7345,-0.06979,-0.51557,1.03426,0.14773
7346,-0.04736,-0.51084,1.03472,0.16762
7347,-0.02484,-0.50536,1.03388,0.18757
7348,-0.00229,-0.49911,1.03201,0.20764
7349,0.02024,-0.49216,1.02920,0.22765
7350,0.04256,-0.48455,1.02558,0.24766
7351,0.06450,-0.47636,1.02118,0.26763
7352,0.08615,-0.46757,1.01621,0.28751
7353,0.10729,-0.45839,1.01072,0.30735
7354,0.12787,-0.44876,1.00479,0.32720
7355,0.14785,-0.43884,0.99867,0.34692
7356,0.16705,-0.42855,0.99241,0.36664
7357,0.18551,-0.41810,0.98601,0.38626
7358,0.20316,-0.40764,0.97971,0.40596
7359,0.22013,-0.39714,0.97356,0.42554
7360,0.23611,-0.38669,0.96764,0.44523
7361,0.25125,-0.37647,0.96199,0.46495
7362,0.26547,-0.36652,0.95674,0.48475
7363,0.27888,-0.35700,0.95188,0.50467
7364,0.29149,-0.34790,0.94756,0.52469
7365,0.30310,-0.33941,0.94377,0.54476
7366,0.31377,-0.33164,0.94051,0.56515
7367,0.32363,-0.32454,0.93775,0.58575
7368,0.33265,-0.31832,0.93561,0.60667
7369,0.34077,-0.31309,0.93396,0.62781
7370,0.34796,-0.30887,0.93275,0.64933
7371,0.35433,-0.30564,0.93207,0.67115
7372,0.35971,-0.30356,0.93180,0.69327
7373,0.36418,-0.30267,0.93198,0.71580
7374,0.36778,-0.30298,0.93248,0.73865
7375,0.37048,-0.30453,0.93339,0.76189
7376,0.37231,-0.30734,0.93440,0.78554
7377,0.37321,-0.31146,0.93560,0.80954
7378,0.37304,-0.31682,0.93682,0.83390
7379,0.37194,-0.32351,0.93801,0.85854
7380,0.36984,-0.33141,0.93921,0.88370
7381,0.36665,-0.34069,0.94024,0.90921
7382,0.36236,-0.35112,0.94094,0.93488
7383,0.35704,-0.36275,0.94137,0.96077
7384,0.35055,-0.37550,0.94129,0.98685
7385,0.34300,-0.38935,0.94076,1.01314
7386,0.33429,-0.40422,0.93964,1.03957
7387,0.32451,-0.42002,0.93790,1.06602
7388,0.31352,-0.43663,0.93530,1.09240
7389,0.30134,-0.45414,0.93198,1.11861
7390,0.28812,-0.47223,0.92792,1.14468
7391,0.27370,-0.49088,0.92298,1.17046
7392,0.25810,-0.51002,0.91701,1.19596
7393,0.24140,-0.52946,0.91010,1.22096
7394,0.22365,-0.54922,0.90224,1.24551
7395,0.20490,-0.56908,0.89327,1.26944
7396,0.18518,-0.58898,0.88320,1.29269
7397,0.16452,-0.60868,0.87209,1.31501
7398,0.14300,-0.62811,0.85986,1.33644
7399,0.12072,-0.64709,0.84649,1.35696
7400,0.09776,-0.66565,0.83211,1.37629
7401,0.07406,-0.68349,0.81660,1.39449
7402,0.04994,-0.70046,0.80003,1.41147
7403,0.02552,-0.71648,0.78230,1.42699
7404,0.00078,-0.73144,0.76357,1.44106
7405,-0.02413,-0.74521,0.74372,1.45362
7406,-0.04897,-0.75777,0.72296,1.46457
7407,-0.07385,-0.76889,0.70112,1.47395
7408,-0.09856,-0.77849,0.67837,1.48148
7409,-0.12286,-0.78647,0.65464,1.48729
7410,-0.14674,-0.79277,0.62997,1.49128
7411,-0.17013,-0.79731,0.60449,1.49339
7412,-0.19281,-0.80002,0.57811,1.49356
7413,-0.21475,-0.80086,0.55091,1.49185
7414,-0.23590,-0.79982,0.52296,1.48817
7415,-0.25607,-0.79683,0.49426,1.48254
7416,-0.27523,-0.79193,0.46487,1.47492
7417,-0.29334,-0.78504,0.43485,1.46538
7418,-0.31031,-0.77630,0.40419,1.45398
7419,-0.32602,-0.76575,0.37302,1.44053
7420,-0.34057,-0.75344,0.34142,1.42546
7421,-0.35385,-0.73938,0.30940,1.40843
7422,-0.36586,-0.72366,0.27696,1.38971
7423,-0.37659,-0.70646,0.24423,1.36918
7424,-0.38611,-0.68778,0.21127,1.34693
7425,-0.39446,-0.66790,0.17819,1.32316
7426,-0.40154,-0.64696,0.14499,1.29786
7427,-0.40751,-0.62501,0.11196,1.27115
7428,-0.41245,-0.60234,0.07883,1.24315
7429,-0.41640,-0.57906,0.04591,1.21398
7430,-0.41949,-0.55537,0.01332,1.18365
7431,-0.42183,-0.53159,-0.01893,1.15232
7432,-0.42340,-0.50771,-0.05065,1.11999
7433,-0.42441,-0.48417,-0.08179,1.08685
7434,-0.42495,-0.46100,-0.11215,1.05309
7435,-0.42512,-0.43857,-0.14182,1.01876
7436,-0.42509,-0.41698,-0.17059,0.98408
7437,-0.42497,-0.39655,-0.19836,0.94904
7438,-0.42470,-0.37740,-0.22509,0.91387
7439,-0.42471,-0.35972,-0.25057,0.87866
7440,-0.42483,-0.34372,-0.27470,0.84364
7441,-0.42521,-0.32961,-0.29741,0.80886
7442,-0.42608,-0.31751,-0.31874,0.77444
7443,-0.42742,-0.30756,-0.33847,0.74045
7444,-0.42942,-0.30000,-0.35658,0.70712
7445,-0.43202,-0.29486,-0.37311,0.67463
7446,-0.43545,-0.29220,-0.38786,0.64305
7447,-0.43966,-0.29217,-0.40087,0.61245
7448,-0.44462,-0.29487,-0.41210,0.58306
7449,-0.45050,-0.30028,-0.42157,0.55497
7450,-0.45726,-0.30852,-0.42922,0.52834
7451,-0.46488,-0.31947,-0.43510,0.50308
7452,-0.47336,-0.33318,-0.43926,0.47946
7453,-0.48264,-0.34963,-0.44175,0.45749
7454,-0.49278,-0.36876,-0.44254,0.43713
7455,-0.50375,-0.39042,-0.44172,0.41861
7456,-0.51540,-0.41466,-0.43942,0.40199
7457,-0.52761,-0.44132,-0.43573,0.38734
7458,-0.54038,-0.47033,-0.43058,0.37448
7459,-0.55358,-0.50153,-0.42425,0.36354
7460,-0.56718,-0.53466,-0.41674,0.35453
7461,-0.58092,-0.56972,-0.40819,0.34750
7462,-0.59488,-0.60650,-0.39875,0.34230
7463,-0.60868,-0.64474,-0.38847,0.33900
7464,-0.62242,-0.68432,-0.37745,0.33744
7465,-0.63591,-0.72509,-0.36599,0.33747
7466,-0.64883,-0.76689,-0.35419,0.33911
7467,-0.66113,-0.80944,-0.34213,0.34223
7468,-0.67279,-0.85255,-0.32990,0.34674
7469,-0.68346,-0.89616,-0.31764,0.35236
7470,-0.69311,-0.94006,-0.30546,0.35911
7471,-0.70157,-0.98396,-0.29336,0.36672
7472,-0.70865,-1.02773,-0.28160,0.37516
7473,-0.71437,-1.07134,-0.27016,0.38416
7474,-0.71844,-1.11457,-0.25918,0.39349
7475,-0.72070,-1.15726,-0.24868,0.40303
7476,-0.72138,-1.19926,-0.23878,0.41262
7477,-0.71999,-1.24049,-0.22937,0.42210
7478,-0.71661,-1.28086,-0.22071,0.43120
7479,-0.71106,-1.32021,-0.21278,0.43980
7480,-0.70343,-1.35854,-0.20546,0.44768
7481,-0.69357,-1.39572,-0.19874,0.45468
7482,-0.68152,-1.43175,-0.19283,0.46064
7483,-0.66717,-1.46650,-0.18757,0.46553
7484,-0.65053,-1.49998,-0.18288,0.46914
7485,-0.63163,-1.53223,-0.17891,0.47125
7486,-0.61051,-1.56311,-0.17542,0.47186
7487,-0.58713,-1.59265,-0.17252,0.47077
7488,-0.56162,-1.62104,-0.17013,0.46806
7489,-0.53398,-1.64806,-0.16816,0.46355
7490,-0.50430,-1.67361,-0.16660,0.45729
7491,-0.47271,-1.69803,-0.16545,0.44918
7492,-0.43939,-1.72111,-0.16462,0.43923
7493,-0.40439,-1.74298,-0.16406,0.42760
7494,-0.36777,-1.76362,-0.16370,0.41418
7495,-0.32984,-1.78307,-0.16346,0.39907
7496,-0.29055,-1.80127,-0.16345,0.38228
7497,-0.25019,-1.81824,-0.16356,0.36396
7498,-0.20885,-1.83405,-0.16387,0.34414
7499,-0.16675,-1.84870,-0.16416,0.32299
7500,-0.12407,-1.86220,-0.16450,0.30055
7501,-0.08102,-1.87449,-0.16491,0.27706
7502,-0.03778,-1.88556,-0.16533,0.25261
7503,0.00558,-1.89539,-0.16592,0.22731
7504,0.04883,-1.90389,-0.16664,0.20133
7505,0.09170,-1.91114,-0.16735,0.17487
7506,0.13412,-1.91696,-0.16824,0.14804
7507,0.17597,-1.92144,-0.16922,0.12093
7508,0.21705,-1.92427,-0.17044,0.09385
7509,0.25723,-1.92565,-0.17195,0.06689
7510,0.29644,-1.92547,-0.17370,0.04023
7511,0.33433,-1.92358,-0.17567,0.01388
7512,0.37092,-1.91993,-0.17790,-0.01193
7513,0.40627,-1.91448,-0.18045,-0.03705
7514,0.44007,-1.90701,-0.18336,-0.06134
7515,0.47236,-1.89753,-0.18672,-0.08482
7516,0.50300,-1.88598,-0.19041,-0.10727
7517,0.53195,-1.87232,-0.19454,-0.12854
7518,0.55922,-1.85641,-0.19906,-0.14875
7519,0.58479,-1.83815,-0.20400,-0.16774
7520,0.60873,-1.81752,-0.20931,-0.18530
7521,0.63089,-1.79433,-0.21499,-0.20150
7522,0.65140,-1.76887,-0.22093,-0.21631
7523,0.67033,-1.74081,-0.22708,-0.22968
7524,0.68760,-1.71013,-0.23356,-0.24152
7525,0.70329,-1.67686,-0.24018,-0.25193
7526,0.71760,-1.64099,-0.24696,-0.26080
7527,0.73038,-1.60263,-0.25375,-0.26818
7528,0.74181,-1.56159,-0.26051,-0.27412
7529,0.75209,-1.51807,-0.26719,-0.27851
7530,0.76108,-1.47199,-0.27365,-0.28139
7531,0.76906,-1.42350,-0.27977,-0.28286
7532,0.77614,-1.37259,-0.28541,-0.28290
7533,0.78227,-1.31944,-0.29065,-0.28157
7534,0.78753,-1.26415,-0.29528,-0.27885
7535,0.79214,-1.20691,-0.29927,-0.27473
7536,0.79615,-1.14777,-0.30239,-0.26936
7537,0.79970,-1.08688,-0.30461,-0.26277
7538,0.80272,-1.02429,-0.30602,-0.25498
7539,0.80534,-0.96032,-0.30642,-0.24588
7540,0.80789,-0.89509,-0.30569,-0.23564
7541,0.81018,-0.82881,-0.30372,-0.22438
7542,0.81232,-0.76167,-0.30063,-0.21199
7543,0.81434,-0.69389,-0.29618,-0.19863
7544,0.81641,-0.62566,-0.29052,-0.18418
7545,0.81852,-0.55726,-0.28356,-0.16881
7546,0.82065,-0.48895,-0.27528,-0.15257
7547,0.82296,-0.42090,-0.26583,-0.13538
7548,0.82529,-0.35324,-0.25511,-0.11739
7549,0.82790,-0.28638,-0.24319,-0.09859
7550,0.83060,-0.22050,-0.23014,-0.07903
7551,0.83340,-0.15574,-0.21594,-0.05879
7552,0.83632,-0.09245,-0.20073,-0.03780
7553,0.83949,-0.03076,-0.18457,-0.01626
7554,0.84275,0.02912,-0.16760,0.00589
7555,0.84609,0.08688,-0.15003,0.02845
7556,0.84947,0.14255,-0.13186,0.05158
7557,0.85288,0.19562,-0.11318,0.07512
7558,0.85629,0.24625,-0.09416,0.09901
7559,0.85962,0.29415,-0.07489,0.12315
7560,0.86271,0.33913,-0.05555,0.14758
7561,0.86572,0.38109,-0.03632,0.17209
7562,0.86843,0.41996,-0.01722,0.19674
7563,0.87100,0.45557,0.00159,0.22143
7564,0.87314,0.48795,0.01985,0.24601
7565,0.87473,0.51690,0.03743,0.27051
7566,0.87592,0.54249,0.05438,0.29484
7567,0.87655,0.56459,0.07055,0.31886
7568,0.87651,0.58326,0.08575,0.34247
7569,0.87576,0.59854,0.10002,0.36567
7570,0.87425,0.61034,0.11320,0.38837
7571,0.87186,0.61877,0.12528,0.41049
7572,0.86861,0.62376,0.13614,0.43193
7573,0.86428,0.62553,0.14568,0.45268
7574,0.85890,0.62406,0.15401,0.47245
7575,0.85242,0.61951,0.16107,0.49142
7576,0.84477,0.61191,0.16678,0.50948
7577,0.83579,0.60140,0.17126,0.52651
7578,0.82549,0.58798,0.17460,0.54256
7579,0.81387,0.57188,0.17664,0.55747
7580,0.80086,0.55321,0.17770,0.57122
7581,0.78636,0.53216,0.17761,0.58388
7582,0.77044,0.50882,0.17659,0.59530
7583,0.75299,0.48326,0.17464,0.60556
7584,0.73387,0.45571,0.17188,0.61460
7585,0.71317,0.42630,0.16845,0.62243
7586,0.69103,0.39519,0.16442,0.62913
7587,0.66725,0.36245,0.15998,0.63456
7588,0.64197,0.32818,0.15515,0.63889
7589,0.61513,0.29263,0.15007,0.64209
7590,0.58668,0.25596,0.14488,0.64422
7591,0.55668,0.21811,0.13979,0.64531
7592,0.52527,0.17933,0.13477,0.64543
7593,0.49243,0.13968,0.12996,0.64461
7594,0.45822,0.09938,0.12552,0.64311
7595,0.42274,0.05851,0.12152,0.64073
7596,0.38598,0.01704,0.11793,0.63775
7597,0.34812,-0.02486,0.11505,0.63416
7598,0.30914,-0.06710,0.11273,0.63016
7599,0.26923,-0.10968,0.11120,0.62575
7600,0.22857,-0.15229,0.11033,0.62095
7601,0.18707,-0.19502,0.11033,0.61589
7602,0.14497,-0.23777,0.11106,0.61064
7603,0.10255,-0.28041,0.11274,0.60524
7604,0.05973,-0.32289,0.11517,0.59975
7605,0.01688,-0.36524,0.11839,0.59433
7606,-0.02600,-0.40722,0.12237,0.58900
7607,-0.06881,-0.44897,0.12705,0.58384
7608,-0.11131,-0.49020,0.13237,0.57875
7609,-0.15328,-0.53100,0.13819,0.57391
7610,-0.19459,-0.57121,0.14467,0.56923
7611,-0.23511,-0.61076,0.15158,0.56470
7612,-0.27461,-0.64962,0.15886,0.56045
7613,-0.31298,-0.68773,0.16644,0.55647
7614,-0.34991,-0.72487,0.17413,0.55263
7615,-0.38545,-0.76112,0.18183,0.54887
7616,-0.41931,-0.79619,0.18949,0.54524
7617,-0.45122,-0.83019,0.19705,0.54171
7618,-0.48116,-0.86305,0.20426,0.53826
7619,-0.50887,-0.89457,0.21106,0.53464
7620,-0.53429,-0.92470,0.21747,0.53093
7621,-0.55721,-0.95337,0.22320,0.52705
7622,-0.57755,-0.98051,0.22826,0.52290
7623,-0.59518,-1.00591,0.23262,0.51835
7624,-0.60998,-1.02964,0.23607,0.51337
7625,-0.62187,-1.05144,0.23858,0.50787
7626,-0.63069,-1.07139,0.24007,0.50195
7627,-0.63634,-1.08930,0.24049,0.49534
7628,-0.63881,-1.10518,0.23975,0.48809
7629,-0.63812,-1.11887,0.23781,0.48009
7630,-0.63407,-1.13032,0.23468,0.47119
7631,-0.62675,-1.13944,0.23030,0.46150
7632,-0.61610,-1.14621,0.22462,0.45080
7633,-0.60214,-1.15056,0.21776,0.43926
7634,-0.58490,-1.15248,0.20969,0.42677
7635,-0.56431,-1.15204,0.20033,0.41338
7636,-0.54063,-1.14907,0.18982,0.39896
7637,-0.51368,-1.14353,0.17815,0.38364
7638,-0.48375,-1.13550,0.16535,0.36736
7639,-0.45080,-1.12501,0.15152,0.35021
7640,-0.41492,-1.11198,0.13679,0.33232
7641,-0.37627,-1.09643,0.12121,0.31363
7642,-0.33510,-1.07856,0.10476,0.29413
7643,-0.29138,-1.05827,0.08766,0.27407
7644,-0.24545,-1.03566,0.06986,0.25335
7645,-0.19736,-1.01073,0.05159,0.23201
7646,-0.14733,-0.98366,0.03282,0.21034
7647,-0.09567,-0.95449,0.01384,0.18826
7648,-0.04244,-0.92329,-0.00538,0.16596
7649,0.01199,-0.89016,-0.02460,0.14355
7650,0.06733,-0.85528,-0.04368,0.12098
7651,0.12366,-0.81872,-0.06257,0.09839
7652,0.18037,-0.78066,-0.08128,0.07583
7653,0.23738,-0.74119,-0.09954,0.05345
7654,0.29436,-0.70044,-0.11718,0.03124
7655,0.35105,-0.65862,-0.13422,0.00936
7656,0.40723,-0.61583,-0.15050,-0.01215
7657,0.46261,-0.57231,-0.16576,-0.03336
7658,0.51701,-0.52814,-0.18007,-0.05407
7659,0.56992,-0.48348,-0.19331,-0.07434
7660,0.62145,-0.43851,-0.20533,-0.09406
7661,0.67106,-0.39338,-0.21608,-0.11332
7662,0.71859,-0.34827,-0.22544,-0.13198
7663,0.76381,-0.30321,-0.23335,-0.15016
7664,0.80648,-0.25852,-0.23973,-0.16778
7665,0.84644,-0.21437,-0.24459,-0.18480
7666,0.88354,-0.17077,-0.24776,-0.20129
7667,0.91762,-0.12790,-0.24917,-0.21731
7668,0.94850,-0.08591,-0.24891,-0.23293
7669,0.97585,-0.04501,-0.24703,-0.24801
7670,0.99986,-0.00511,-0.24345,-0.26258
7671,1.02020,0.03355,-0.23815,-0.27673
7672,1.03708,0.07085,-0.23106,-0.29056
7673,1.05023,0.10672,-0.22238,-0.30401
7674,1.05974,0.14117,-0.21213,-0.31717
7675,1.06558,0.17405,-0.20032,-0.33003
7676,1.06787,0.20533,-0.18702,-0.34264
7677,1.06652,0.23496,-0.17229,-0.35492
7678,1.06171,0.26297,-0.15620,-0.36698
7679,1.05341,0.28922,-0.13887,-0.37883
7680,1.04192,0.31368,-0.12042,-0.39054
7681,1.02726,0.33640,-0.10090,-0.40197
7682,1.00966,0.35756,-0.08051,-0.41310
7683,0.98930,0.37692,-0.05939,-0.42404
7684,0.96627,0.39467,-0.03758,-0.43471
7685,0.94094,0.41083,-0.01530,-0.44514
7686,0.91348,0.42551,0.00720,-0.45530
7687,0.88416,0.43866,0.02994,-0.46510
7688,0.85310,0.45047,0.05254,-0.47468
7689,0.82066,0.46081,0.07509,-0.48392
7690,0.78707,0.46990,0.09728,-0.49264
7691,0.75261,0.47784,0.11902,-0.50103
7692,0.71755,0.48469,0.14011,-0.50888
7693,0.68215,0.49054,0.16036,-0.51613
7694,0.64666,0.49532,0.17968,-0.52287
7695,0.61115,0.49928,0.19794,-0.52905
7696,0.57604,0.50247,0.21488,-0.53456
7697,0.54150,0.50506,0.23046,-0.53938
7698,0.50777,0.50700,0.24449,-0.54347
7699,0.47501,0.50843,0.25699,-0.54678
7700,0.44348,0.50932,0.26778,-0.54927
7701,0.41320,0.50988,0.27679,-0.55103
7702,0.38442,0.51012,0.28401,-0.55182
7703,0.35719,0.51002,0.28927,-0.55170
7704,0.33160,0.50978,0.29263,-0.55070
7705,0.30788,0.50921,0.29402,-0.54888
7706,0.28604,0.50843,0.29346,-0.54608
7707,0.26594,0.50755,0.29097,-0.54227
7708,0.24774,0.50649,0.28652,-0.53755
7709,0.23136,0.50537,0.28019,-0.53181
7710,0.21692,0.50410,0.27210,-0.52522
7711,0.20433,0.50261,0.26222,-0.51762
7712,0.19352,0.50109,0.25064,-0.50901
7713,0.18451,0.49924,0.23767,-0.49948
7714,0.17713,0.49717,0.22319,-0.48911
7715,0.17118,0.49487,0.20735,-0.47770
7716,0.16674,0.49227,0.19032,-0.46535
7717,0.16360,0.48928,0.17232,-0.45218
7718,0.16168,0.48597,0.15346,-0.43810
7719,0.16079,0.48218,0.13393,-0.42328
7720,0.16082,0.47800,0.11396,-0.40746
7721,0.16163,0.47328,0.09359,-0.39075
7722,0.16301,0.46794,0.07311,-0.37331
7723,0.16500,0.46193,0.05260,-0.35509
7724,0.16717,0.45533,0.03234,-0.33604
7725,0.16958,0.44803,0.01237,-0.31641
7726,0.17213,0.43991,-0.00703,-0.29592
7727,0.17465,0.43106,-0.02578,-0.27487
7728,0.17684,0.42132,-0.04360,-0.25302
7729,0.17870,0.41079,-0.06044,-0.23063
7730,0.18014,0.39948,-0.07610,-0.20779
7731,0.18106,0.38722,-0.09050,-0.18448
7732,0.18136,0.37424,-0.10348,-0.16066
7733,0.18096,0.36032,-0.11503,-0.13640
7734,0.17973,0.34549,-0.12495,-0.11188
7735,0.17775,0.32992,-0.13313,-0.08716
7736,0.17476,0.31359,-0.13957,-0.06220
7737,0.17085,0.29645,-0.14421,-0.03726
7738,0.16586,0.27870,-0.14689,-0.01232
7739,0.16001,0.26018,-0.14768,0.01253
7740,0.15322,0.24117,-0.14655,0.03709
7741,0.14540,0.22158,-0.14352,0.06127
7742,0.13665,0.20164,-0.13852,0.08509
7743,0.12697,0.18122,-0.13151,0.10830
7744,0.11638,0.16056,-0.12263,0.13068
7745,0.10494,0.13967,-0.11183,0.15220
7746,0.09273,0.11861,-0.09912,0.17274
7747,0.07973,0.09757,-0.08457,0.19221
7748,0.06609,0.07655,-0.06815,0.21028
7749,0.05195,0.05568,-0.05001,0.22693
7750,0.03711,0.03503,-0.03022,0.24200
7751,0.02195,0.01481,-0.00875,0.25525
7752,0.00644,-0.00499,0.01432,0.26662
7753,-0.00942,-0.02416,0.03879,0.27589
7754,-0.02545,-0.04265,0.06466,0.28306
7755,-0.04158,-0.06039,0.09189,0.28793
7756,-0.05778,-0.07730,0.12035,0.29033
7757,-0.07384,-0.09335,0.15004,0.29016
7758,-0.08973,-0.10835,0.18076,0.28739
7759,-0.10535,-0.12234,0.21249,0.28188
7760,-0.12076,-0.13517,0.24505,0.27360
7761,-0.13580,-0.14673,0.27855,0.26248
7762,-0.15043,-0.15699,0.31267,0.24848
7763,-0.16454,-0.16581,0.34751,0.23154
7764,-0.17811,-0.17319,0.38281,0.21168
7765,-0.19110,-0.17924,0.41856,0.18878
7766,-0.20340,-0.18366,0.45446,0.16308
7767,-0.21506,-0.18656,0.49054,0.13448
7768,-0.22606,-0.18781,0.52673,0.10306
7769,-0.23645,-0.18748,0.56281,0.06881
7770,-0.24603,-0.18562,0.59868,0.03193
7771,-0.25487,-0.18202,0.63436,-0.00753
7772,-0.26313,-0.17687,0.66948,-0.04926
7773,-0.27060,-0.16999,0.70410,-0.09344
7774,-0.27738,-0.16149,0.73798,-0.13966
7775,-0.28350,-0.15138,0.77113,-0.18781
7776,-0.28893,-0.13972,0.80332,-0.23776
7777,-0.29374,-0.12657,0.83449,-0.28926
7778,-0.29802,-0.11186,0.86447,-0.34213
7779,-0.30164,-0.09574,0.89324,-0.39609
7780,-0.30481,-0.07822,0.92059,-0.45098
7781,-0.30740,-0.05938,0.94649,-0.50656
7782,-0.30959,-0.03935,0.97085,-0.56246
7783,-0.31126,-0.01817,0.99359,-0.61857
7784,-0.31254,0.00410,1.01458,-0.67467
7785,-0.31356,0.02740,1.03375,-0.73041
7786,-0.31424,0.05136,1.05115,-0.78556
7787,-0.31459,0.07618,1.06670,-0.83990
7788,-0.31477,0.10163,1.08033,-0.89322
7789,-0.31476,0.12746,1.09208,-0.94526
7790,-0.31448,0.15378,1.10204,-0.99567
7791,-0.31414,0.18018,1.11015,-1.04428
7792,-0.31377,0.20673,1.11635,-1.09094
7793,-0.31324,0.23318,1.12078,-1.13528
7794,-0.31276,0.25946,1.12348,-1.17721
7795,-0.31217,0.28534,1.12455,-1.21661
7796,-0.31159,0.31071,1.12409,-1.25325
7797,-0.31103,0.33546,1.12221,-1.28695
7798,-0.31057,0.35946,1.11883,-1.31753
7799,-0.31006,0.38247,1.11425,-1.34492
7800,-0.30958,0.40438,1.10847,-1.36902
7801,-0.30930,0.42515,1.10167,-1.38977
7802,-0.30907,0.44452,1.09404,-1.40705
7803,-0.30897,0.46244,1.08570,-1.42091
7804,-0.30899,0.47879,1.07675,-1.43120
7805,-0.30916,0.49348,1.06729,-1.43791
7806,-0.30946,0.50638,1.05749,-1.44111
7807,-0.31004,0.51752,1.04755,-1.44082
7808,-0.31074,0.52669,1.03748,-1.43714
7809,-0.31161,0.53393,1.02749,-1.43004
7810,-0.31271,0.53923,1.01770,-1.41976
7811,-0.31402,0.54257,1.00799,-1.40636
7812,-0.31560,0.54388,0.99879,-1.38998
7813,-0.31745,0.54323,0.98990,-1.37073
7814,-0.31961,0.54061,0.98158,-1.34873
7815,-0.32206,0.53609,0.97366,-1.32427
7816,-0.32483,0.52974,0.96637,-1.29750
7817,-0.32780,0.52165,0.95973,-1.26857
7818,-0.33116,0.51189,0.95367,-1.23773
7819,-0.33491,0.50055,0.94823,-1.20508
7820,-0.33895,0.48777,0.94331,-1.17099
7821,-0.34340,0.47357,0.93892,-1.13573
7822,-0.34807,0.45815,0.93505,-1.09951
7823,-0.35309,0.44170,0.93162,-1.06250
7824,-0.35837,0.42425,0.92853,-1.02501
7825,-0.36397,0.40601,0.92571,-0.98717
7826,-0.36985,0.38719,0.92306,-0.94923
7827,-0.37587,0.36797,0.92046,-0.91132
7828,-0.38217,0.34844,0.91793,-0.87381
7829,-0.38859,0.32870,0.91514,-0.83682
7830,-0.39517,0.30908,0.91211,-0.80055
7831,-0.40187,0.28957,0.90862,-0.76515
7832,-0.40852,0.27047,0.90453,-0.73077
7833,-0.41528,0.25177,0.89983,-0.69760
7834,-0.42184,0.23361,0.89431,-0.66571
7835,-0.42832,0.21627,0.88772,-0.63524
7836,-0.43458,0.19973,0.88014,-0.60619
7837,-0.44039,0.18415,0.87133,-0.57875
7838,-0.44599,0.16956,0.86117,-0.55296
7839,-0.45107,0.15601,0.84959,-0.52880
7840,-0.45562,0.14367,0.83656,-0.50635
7841,-0.45958,0.13259,0.82183,-0.48558
7842,-0.46289,0.12270,0.80527,-0.46634
7843,-0.46551,0.11418,0.78695,-0.44874
7844,-0.46723,0.10700,0.76688,-0.43268
7845,-0.46815,0.10102,0.74488,-0.41822
7846,-0.46806,0.09634,0.72099,-0.40509
7847,-0.46699,0.09304,0.69510,-0.39327
7848,-0.46487,0.09107,0.66735,-0.38267
7849,-0.46160,0.09028,0.63765,-0.37310
7850,-0.45722,0.09073,0.60607,-0.36460
7851,-0.45172,0.09237,0.57269,-0.35695
7852,-0.44492,0.09514,0.53752,-0.35000
7853,-0.43695,0.09887,0.50063,-0.34358
7854,-0.42773,0.10368,0.46212,-0.33755
7855,-0.41728,0.10959,0.42205,-0.33187
7856,-0.40559,0.11644,0.38055,-0.32637
7857,-0.39280,0.12405,0.33777,-0.32092
7858,-0.37880,0.13252,0.29379,-0.31532
7859,-0.36365,0.14174,0.24871,-0.30942
7860,-0.34741,0.15172,0.20280,-0.30321
7861,-0.33013,0.16243,0.15614,-0.29638
7862,-0.31189,0.17378,0.10887,-0.28905
7863,-0.29276,0.18567,0.06120,-0.28095
7864,-0.27274,0.19825,0.01318,-0.27211
7865,-0.25192,0.21138,-0.03492,-0.26246
7866,-0.23039,0.22513,-0.08304,-0.25177
7867,-0.20824,0.23935,-0.13092,-0.24019
7868,-0.18558,0.25414,-0.17848,-0.22755
7869,-0.16250,0.26953,-0.22552,-0.21390
7870,-0.13898,0.28532,-0.27197,-0.19924
7871,-0.11520,0.30171,-0.31756,-0.18356
7872,-0.09124,0.31865,-0.36224,-0.16682
7873,-0.06723,0.33606,-0.40600,-0.14915
7874,-0.04317,0.35398,-0.44857,-0.13060
7875,-0.01922,0.37251,-0.48995,-0.11118
7876,0.00468,0.39153,-0.52999,-0.09091
7877,0.02837,0.41111,-0.56869,-0.07003
7878,0.05186,0.43119,-0.60593,-0.04867
7879,0.07500,0.45174,-0.64175,-0.02688
7880,0.09772,0.47284,-0.67608,-0.00467
7881,0.12006,0.49441,-0.70883,0.01768
7882,0.14208,0.51633,-0.74003,0.04004
7883,0.16358,0.53872,-0.76961,0.06231
7884,0.18468,0.56137,-0.79763,0.08430
7885,0.20520,0.58435,-0.82414,0.10585
7886,0.22521,0.60765,-0.84913,0.12687
7887,0.24475,0.63097,-0.87266,0.14691
7888,0.26377,0.65442,-0.89482,0.16611
7889,0.28233,0.67797,-0.91549,0.18421
7890,0.30040,0.70141,-0.93471,0.20103
7891,0.31805,0.72467,-0.95267,0.21634
7892,0.33529,0.74776,-0.96942,0.23017
7893,0.35217,0.77047,-0.98504,0.24227
7894,0.36872,0.79279,-0.99939,0.25258
7895,0.38498,0.81438,-1.01274,0.26074
7896,0.40103,0.83542,-1.02501,0.26680
7897,0.41683,0.85570,-1.03629,0.27071
7898,0.43246,0.87497,-1.04661,0.27240
7899,0.44802,0.89334,-1.05603,0.27165
7900,0.46352,0.91055,-1.06465,0.26869
7901,0.47895,0.92661,-1.07246,0.26317
7902,0.49432,0.94128,-1.07949,0.25531
7903,0.50985,0.95461,-1.08584,0.24487
7904,0.52561,0.96635,-1.09143,0.23201
7905,0.54141,0.97641,-1.09635,0.21685
7906,0.55740,0.98493,-1.10061,0.19935
7907,0.57361,0.99159,-1.10428,0.17957
7908,0.59001,0.99644,-1.10722,0.15754
7909,0.60684,0.99945,-1.10966,0.13337
7910,0.62383,1.00050,-1.11153,0.10717
7911,0.64116,0.99957,-1.11274,0.07907
7912,0.65884,0.99668,-1.11342,0.04924
7913,0.67690,0.99164,-1.11355,0.01774
7914,0.69526,0.98467,-1.11306,-0.01529
7915,0.71399,0.97555,-1.11201,-0.04966
7916,0.73301,0.96432,-1.11035,-0.08520
7917,0.75232,0.95102,-1.10826,-0.12185
7918,0.77202,0.93577,-1.10562,-0.15936
7919,0.79196,0.91853,-1.10253,-0.19754
7920,0.81208,0.89941,-1.09887,-0.23641
7921,0.83250,0.87828,-1.09478,-0.27568
7922,0.85307,0.85535,-1.09024,-0.31531
7923,0.87386,0.83054,-1.08522,-0.35494
7924,0.89463,0.80413,-1.07980,-0.39452
7925,0.91556,0.77607,-1.07400,-0.43396
7926,0.93639,0.74633,-1.06790,-0.47302
7927,0.95730,0.71514,-1.06155,-0.51167
7928,0.97809,0.68267,-1.05479,-0.54974
7929,0.99872,0.64897,-1.04786,-0.58711
7930,1.01905,0.61403,-1.04080,-0.62378
7931,1.03916,0.57809,-1.03350,-0.65958
7932,1.05892,0.54132,-1.02614,-0.69431
7933,1.07823,0.50370,-1.01868,-0.72803
7934,1.09712,0.46547,-1.01109,-0.76062
7935,1.11559,0.42671,-1.00348,-0.79209
7936,1.13350,0.38750,-0.99604,-0.82235
7937,1.15077,0.34799,-0.98862,-0.85130
7938,1.16733,0.30829,-0.98140,-0.87892
7939,1.18330,0.26859,-0.97428,-0.90509
7940,1.19855,0.22908,-0.96736,-0.92983
7941,1.21301,0.18976,-0.96054,-0.95325
7942,1.22672,0.15082,-0.95399,-0.97519
7943,1.23967,0.11235,-0.94771,-0.99560
7944,1.25182,0.07455,-0.94174,-1.01450
7945,1.26310,0.03743,-0.93606,-1.03184
7946,1.27364,0.00109,-0.93072,-1.04770
7947,1.28346,-0.03422,-0.92565,-1.06211
7948,1.29242,-0.06864,-0.92100,-1.07482
7949,1.30062,-0.10185,-0.91667,-1.08607
7950,1.30804,-0.13396,-0.91286,-1.09569
7951,1.31488,-0.16479,-0.90932,-1.10375
7952,1.32105,-0.19430,-0.90622,-1.11025
7953,1.32664,-0.22240,-0.90347,-1.11514
7954,1.33165,-0.24910,-0.90112,-1.11852
7955,1.33615,-0.27425,-0.89914,-1.12025
7956,1.34022,-0.29784,-0.89763,-1.12052
7957,1.34404,-0.31988,-0.89657,-1.11925
7958,1.34737,-0.34043,-0.89586,-1.11642
7959,1.35053,-0.35948,-0.89548,-1.11215
7960,1.35349,-0.37690,-0.89551,-1.10640
7961,1.35627,-0.39271,-0.89597,-1.09911
7962,1.35894,-0.40708,-0.89674,-1.09035
7963,1.36163,-0.41992,-0.89791,-1.08022
7964,1.36434,-0.43120,-0.89933,-1.06871
7965,1.36709,-0.44106,-0.90115,-1.05583
7966,1.36992,-0.44947,-0.90324,-1.04177
7967,1.37291,-0.45649,-0.90563,-1.02638
7968,1.37593,-0.46218,-0.90826,-1.00985
7969,1.37913,-0.46656,-0.91113,-0.99215
7970,1.38246,-0.46965,-0.91433,-0.97338
7971,1.38588,-0.47150,-0.91765,-0.95361
7972,1.38944,-0.47217,-0.92121,-0.93283
7973,1.39302,-0.47172,-0.92497,-0.91125
7974,1.39660,-0.47013,-0.92890,-0.88887
7975,1.40024,-0.46742,-0.93291,-0.86577
7976,1.40380,-0.46375,-0.93699,-0.84196
7977,1.40718,-0.45897,-0.94128,-0.81758
7978,1.41035,-0.45318,-0.94555,-0.79265
7979,1.41331,-0.44637,-0.94989,-0.76728
7980,1.41590,-0.43856,-0.95413,-0.74153
7981,1.41809,-0.42978,-0.95833,-0.71549
7982,1.41972,-0.42009,-0.96257,-0.68921
7983,1.42071,-0.40940,-0.96669,-0.66276
7984,1.42096,-0.39769,-0.97070,-0.63628
7985,1.42039,-0.38505,-0.97458,-0.60970
7986,1.41899,-0.37149,-0.97809,-0.58301
7987,1.41655,-0.35700,-0.98153,-0.55650
7988,1.41308,-0.34139,-0.98465,-0.53012
7989,1.40844,-0.32476,-0.98750,-0.50390
7990,1.40257,-0.30717,-0.98984,-0.47782
7991,1.39536,-0.28853,-0.99193,-0.45199
7992,1.38684,-0.26879,-0.99359,-0.42643
7993,1.37691,-0.24801,-0.99479,-0.40110
7994,1.36562,-0.22619,-0.99542,-0.37610
7995,1.35278,-0.20319,-0.99558,-0.35133
7996,1.33849,-0.17905,-0.99517,-0.32685
7997,1.32255,-0.15389,-0.99418,-0.30272
7998,1.30508,-0.12762,-0.99254,-0.27886
7999,1.28609,-0.10028,-0.99030,-0.25533
8000,1.26562,-0.07183,-0.98743,-0.23215
8001,1.24357,-0.04243,-0.98379,-0.20916
8002,1.22002,-0.01209,-0.97935,-0.18659
8003,1.19510,0.01924,-0.97425,-0.16422
8004,1.16884,0.05160,-0.96829,-0.14203
8005,1.14124,0.08459,-0.96153,-0.12005
8006,1.11240,0.11846,-0.95399,-0.09835
8007,1.08232,0.15304,-0.94555,-0.07677
8008,1.05121,0.18821,-0.93637,-0.05538
8009,1.01904,0.22383,-0.92628,-0.03414
8010,0.98590,0.25987,-0.91524,-0.01303
8011,0.95191,0.29612,-0.90347,0.00789
8012,0.91700,0.33259,-0.89086,0.02877
8013,0.88159,0.36911,-0.87730,0.04954
8014,0.84550,0.40562,-0.86311,0.07020
8015,0.80877,0.44192,-0.84805,0.09074
8016,0.77170,0.47771,-0.83225,0.11121
8017,0.73431,0.51307,-0.81566,0.13159
8018,0.69665,0.54773,-0.79847,0.15191
8019,0.65876,0.58147,-0.78064,0.17197
8020,0.62073,0.61433,-0.76230,0.19202
8021,0.58255,0.64599,-0.74348,0.21190
8022,0.54447,0.67625,-0.72411,0.23161
8023,0.50639,0.70501,-0.70446,0.25114
8024,0.46841,0.73225,-0.68444,0.27033
8025,0.43072,0.75770,-0.66425,0.28931
8026,0.39326,0.78125,-0.64398,0.30796
8027,0.35605,0.80271,-0.62369,0.32616
8028,0.31911,0.82205,-0.60340,0.34401
8029,0.28258,0.83904,-0.58329,0.36135
8030,0.24641,0.85364,-0.56343,0.37833
8031,0.21061,0.86568,-0.54395,0.39468
8032,0.17536,0.87518,-0.52489,0.41037
8033,0.14052,0.88198,-0.50638,0.42542
8034,0.10615,0.88602,-0.48847,0.43967
8035,0.07228,0.88722,-0.47137,0.45324
8036,0.03904,0.88557,-0.45510,0.46587
8037,0.00637,0.88104,-0.43976,0.47759
8038,-0.02572,0.87367,-0.42539,0.48839
8039,-0.05718,0.86342,-0.41211,0.49816
8040,-0.08801,0.85032,-0.39994,0.50690
8041,-0.11813,0.83442,-0.38899,0.51443
8042,-0.14754,0.81580,-0.37932,0.52086
8043,-0.17612,0.79444,-0.37102,0.52603
8044,-0.20390,0.77041,-0.36404,0.53002
8045,-0.23082,0.74390,-0.35848,0.53265
8046,-0.25688,0.71487,-0.35438,0.53403
8047,-0.28202,0.68351,-0.35171,0.53400
8048,-0.30613,0.64996,-0.35038,0.53274
8049,-0.32917,0.61440,-0.35059,0.53011
8050,-0.35110,0.57689,-0.35224,0.52616
8051,-0.37192,0.53764,-0.35525,0.52085
8052,-0.39152,0.49683,-0.35959,0.51422
8053,-0.40986,0.45453,-0.36528,0.50646
8054,-0.42681,0.41096,-0.37213,0.49737
8055,-0.44245,0.36635,-0.38025,0.48716
8056,-0.45675,0.32090,-0.38962,0.47571
8057,-0.46956,0.27476,-0.40004,0.46327
8058,-0.48078,0.22812,-0.41142,0.44974
8059,-0.49050,0.18120,-0.42375,0.43535
8060,-0.49858,0.13423,-0.43694,0.42008
8061,-0.50513,0.08734,-0.45079,0.40397
8062,-0.51001,0.04077,-0.46525,0.38741
8063,-0.51328,-0.00528,-0.48026,0.37016
8064,-0.51490,-0.05079,-0.49583,0.35255
8065,-0.51486,-0.09543,-0.51178,0.33447
8066,-0.51327,-0.13905,-0.52803,0.31634
8067,-0.51013,-0.18149,-0.54443,0.29804
8068,-0.50540,-0.22260,-0.56085,0.27978
8069,-0.49925,-0.26220,-0.57735,0.26174
8070,-0.49175,-0.30015,-0.59382,0.24396
8071,-0.48295,-0.33634,-0.61019,0.22669
8072,-0.47281,-0.37059,-0.62637,0.20997
8073,-0.46158,-0.40273,-0.64222,0.19391
8074,-0.44933,-0.43289,-0.65781,0.17866
8075,-0.43616,-0.46076,-0.67295,0.16431
8076,-0.42224,-0.48637,-0.68770,0.15103
8077,-0.40763,-0.50946,-0.70206,0.13886
8078,-0.39257,-0.53015,-0.71597,0.12796
8079,-0.37723,-0.54830,-0.72939,0.11846
8080,-0.36167,-0.56384,-0.74233,0.11046
8081,-0.34610,-0.57689,-0.75471,0.10394
8082,-0.33064,-0.58729,-0.76666,0.09909
8083,-0.31548,-0.59501,-0.77815,0.09597
8084,-0.30088,-0.60004,-0.78908,0.09469
8085,-0.28677,-0.60245,-0.79963,0.09526
8086,-0.27342,-0.60223,-0.80975,0.09759
8087,-0.26101,-0.59939,-0.81949,0.10186
8088,-0.24966,-0.59385,-0.82883,0.10809
8089,-0.23941,-0.58577,-0.83790,0.11625
8090,-0.23052,-0.57516,-0.84660,0.12651
8091,-0.22304,-0.56202,-0.85512,0.13870
8092,-0.21698,-0.54646,-0.86332,0.15284
8093,-0.21261,-0.52861,-0.87137,0.16908
8094,-0.20980,-0.50844,-0.87919,0.18721
8095,-0.20859,-0.48604,-0.88694,0.20734
8096,-0.20924,-0.46137,-0.89455,0.22933
8097,-0.21153,-0.43468,-0.90202,0.25317
8098,-0.21560,-0.40590,-0.90937,0.27876
8099,-0.22141,-0.37525,-0.91663,0.30613
8100,-0.22894,-0.34272,-0.92380,0.33510
8101,-0.23816,-0.30843,-0.93077,0.36563
8102,-0.24913,-0.27246,-0.93757,0.39764
8103,-0.26145,-0.23504,-0.94427,0.43107
8104,-0.27517,-0.19606,-0.95065,0.46583
8105,-0.29021,-0.15562,-0.95675,0.50181
8106,-0.30649,-0.11398,-0.96259,0.53895
8107,-0.32393,-0.07125,-0.96805,0.57707
8108,-0.34225,-0.02736,-0.97302,0.61610
8109,-0.36139,0.01740,-0.97760,0.65599
8110,-0.38128,0.06306,-0.98138,0.69679
8111,-0.40165,0.10945,-0.98444,0.73814
8112,-0.42226,0.15651,-0.98675,0.78007
8113,-0.44310,0.20415,-0.98815,0.82243
8114,-0.46406,0.25213,-0.98854,0.86504
8115,-0.48477,0.30043,-0.98791,0.90788
8116,-0.50519,0.34895,-0.98610,0.95094
8117,-0.52513,0.39749,-0.98293,0.99402
8118,-0.54441,0.44604,-0.97843,1.03704
8119,-0.56300,0.49430,-0.97246,1.07998
8120,-0.58062,0.54250,-0.96497,1.12266
8121,-0.59727,0.59033,-0.95596,1.16509
8122,-0.61274,0.63764,-0.94525,1.20713
8123,-0.62682,0.68443,-0.93281,1.24882
8124,-0.63958,0.73040,-0.91869,1.29008
8125,-0.65080,0.77568,-0.90273,1.33074
8126,-0.66044,0.82008,-0.88508,1.37087
8127,-0.66835,0.86347,-0.86567,1.41044
8128,-0.67456,0.90566,-0.84455,1.44932
8129,-0.67895,0.94671,-0.82180,1.48742
8130,-0.68146,0.98645,-0.79744,1.52471
8131,-0.68209,1.02474,-0.77142,1.56134
8132,-0.68081,1.06158,-0.74397,1.59719
8133,-0.67756,1.09689,-0.71532,1.63224
8134,-0.67239,1.13062,-0.68543,1.66656
8135,-0.66522,1.16261,-0.65442,1.70001
8136,-0.65614,1.19285,-0.62251,1.73255
8137,-0.64513,1.22117,-0.58989,1.76433
8138,-0.63224,1.24772,-0.55667,1.79525
8139,-0.61745,1.27228,-0.52311,1.82535
8140,-0.60084,1.29493,-0.48931,1.85458
8141,-0.58234,1.31563,-0.45551,1.88302
8142,-0.56224,1.33432,-0.42188,1.91051
8143,-0.54028,1.35099,-0.38863,1.93719
8144,-0.51669,1.36555,-0.35601,1.96301
8145,-0.49144,1.37813,-0.32417,1.98808
8146,-0.46464,1.38858,-0.29345,2.01229
8147,-0.43640,1.39708,-0.26392,2.03562
8148,-0.40671,1.40358,-0.23561,2.05817
8149,-0.37568,1.40824,-0.20888,2.07991
8150,-0.34334,1.41091,-0.18390,2.10081
8151,-0.30984,1.41179,-0.16078,2.12089
8152,-0.27527,1.41088,-0.13959,2.14013
8153,-0.23952,1.40821,-0.12055,2.15850
8154,-0.20284,1.40398,-0.10370,2.17608
8155,-0.16528,1.39811,-0.08914,2.19286
8156,-0.12702,1.39077,-0.07693,2.20883
8157,-0.08801,1.38209,-0.06707,2.22405
8158,-0.04834,1.37219,-0.05963,2.23845
8159,-0.00817,1.36111,-0.05471,2.25206
8160,0.03234,1.34907,-0.05216,2.26494
8161,0.07321,1.33605,-0.05202,2.27697
8162,0.11434,1.32229,-0.05426,2.28821
8163,0.15550,1.30778,-0.05875,2.29875
8164,0.19673,1.29286,-0.06550,2.30849
8165,0.23773,1.27759,-0.07432,2.31741
8166,0.27852,1.26205,-0.08521,2.32558
8167,0.31894,1.24631,-0.09795,2.33296
8168,0.35888,1.23066,-0.11247,2.33955
8169,0.39812,1.21518,-0.12863,2.34540
8170,0.43669,1.19996,-0.14627,2.35043
8171,0.47432,1.18519,-0.16522,2.35471
8172,0.51094,1.17104,-0.18535,2.35827
8173,0.54644,1.15755,-0.20657,2.36090
8174,0.58067,1.14490,-0.22862,2.36280
8175,0.61356,1.13311,-0.25136,2.36380
8176,0.64492,1.12240,-0.27466,2.36390
8177,0.67461,1.11276,-0.29838,2.36320
8178,0.70260,1.10437,-0.32233,2.36156
8179,0.72865,1.09720,-0.34650,2.35891
8180,0.75279,1.09146,-0.37062,2.35526
8181,0.77482,1.08706,-0.39460,2.35056
8182,0.79459,1.08405,-0.41838,2.34482
8183,0.81217,1.08256,-0.44168,2.33793
8184,0.82746,1.08262,-0.46459,2.32987
8185,0.84030,1.08413,-0.48698,2.32062
8186,0.85074,1.08729,-0.50870,2.31012
8187,0.85871,1.09183,-0.52977,2.29827
8188,0.86406,1.09774,-0.55006,2.28512
8189,0.86687,1.10511,-0.56947,2.27057
8190,0.86712,1.11374,-0.58810,2.25448
8191,0.86474,1.12374,-0.60582,2.23693
8192,0.85983,1.13477,-0.62269,2.21774
8193,0.85251,1.14695,-0.63864,2.19706
8194,0.84264,1.16008,-0.65379,2.17486
8195,0.83037,1.17398,-0.66790,2.15098
8196,0.81573,1.18863,-0.68117,2.12556
8197,0.79864,1.20389,-0.69362,2.09850
8198,0.77939,1.21945,-0.70513,2.06988
8199,0.75804,1.23531,-0.71589,2.03972
8200,0.73455,1.25114,-0.72578,2.00800
8201,0.70917,1.26686,-0.73492,1.97472
8202,0.68193,1.28238,-0.74331,1.93999
8203,0.65304,1.29735,-0.75100,1.90380
8204,0.62248,1.31166,-0.75799,1.86631
8205,0.59035,1.32506,-0.76428,1.82747
8206,0.55703,1.33752,-0.76992,1.78750
8207,0.52248,1.34869,-0.77500,1.74651
8208,0.48683,1.35853,-0.77934,1.70455
8209,0.45024,1.36683,-0.78323,1.66172
8210,0.41285,1.37334,-0.78649,1.61808
8211,0.37471,1.37795,-0.78921,1.57395
8212,0.33606,1.38057,-0.79141,1.52936
8213,0.29694,1.38104,-0.79303,1.48431
8214,0.25753,1.37914,-0.79410,1.43916
8215,0.21790,1.37486,-0.79456,1.39389
8216,0.17811,1.36792,-0.79444,1.34880
8217,0.13836,1.35854,-0.79372,1.30382
8218,0.09874,1.34644,-0.79242,1.25927
8219,0.05930,1.33171,-0.79045,1.21516
8220,0.02017,1.31425,-0.78775,1.17175
8221,-0.01860,1.29401,-0.78437,1.12902
8222,-0.05680,1.27104,-0.78030,1.08713
8223,-0.09448,1.24533,-0.77549,1.04607
8224,-0.13161,1.21688,-0.76977,1.00613
8225,-0.16806,1.18575,-0.76323,0.96732
8226,-0.20377,1.15205,-0.75581,0.92967
8227,-0.23873,1.11583,-0.74759,0.89316
8228,-0.27289,1.07733,-0.73828,0.85778
8229,-0.30612,1.03644,-0.72809,0.82379
8230,-0.33847,0.99341,-0.71688,0.79095
8231,-0.36973,0.94832,-0.70457,0.75948
8232,-0.40011,0.90127,-0.69117,0.72918
8233,-0.42949,0.85246,-0.67686,0.70010
8234,-0.45783,0.80206,-0.66141,0.67217
8235,-0.48508,0.75020,-0.64483,0.64530
8236,-0.51120,0.69704,-0.62723,0.61950
8237,-0.53623,0.64276,-0.60851,0.59452
8238,-0.56003,0.58761,-0.58875,0.57042
8239,-0.58266,0.53166,-0.56788,0.54699
8240,-0.60403,0.47514,-0.54605,0.52427
8241,-0.62417,0.41818,-0.52313,0.50194
8242,-0.64308,0.36091,-0.49928,0.48002
8243,-0.66078,0.30358,-0.47467,0.45837
8244,-0.67712,0.24630,-0.44909,0.43677
8245,-0.69220,0.18932,-0.42270,0.41514
8246,-0.70596,0.13260,-0.39559,0.39335
8247,-0.71850,0.07633,-0.36779,0.37132
8248,-0.72967,0.02067,-0.33940,0.34885
8249,-0.73955,-0.03422,-0.31057,0.32590
8250,-0.74805,-0.08826,-0.28127,0.30230
8251,-0.75519,-0.14135,-0.25163,0.27799
8252,-0.76109,-0.19343,-0.22174,0.25286
8253,-0.76559,-0.24442,-0.19164,0.22686
8254,-0.76880,-0.29419,-0.16152,0.19976
8255,-0.77072,-0.34269,-0.13145,0.17161
8256,-0.77142,-0.38965,-0.10144,0.14239
8257,-0.77085,-0.43527,-0.07159,0.11202
8258,-0.76906,-0.47944,-0.04206,0.08055
8259,-0.76606,-0.52215,-0.01297,0.04792
8260,-0.76197,-0.56322,0.01568,0.01417
8261,-0.75686,-0.60268,0.04370,-0.02065
8262,-0.75068,-0.64046,0.07105,-0.05660
8263,-0.74350,-0.67660,0.09772,-0.09351
8264,-0.73551,-0.71106,0.12363,-0.13130
8265,-0.72664,-0.74377,0.14867,-0.17011
8266,-0.71694,-0.77458,0.17285,-0.20968
8267,-0.70658,-0.80362,0.19603,-0.24987
8268,-0.69555,-0.83081,0.21819,-0.29073
8269,-0.68408,-0.85612,0.23926,-0.33192
8270,-0.67220,-0.87962,0.25931,-0.37348
8271,-0.65995,-0.90131,0.27829,-0.41524
8272,-0.64751,-0.92105,0.29609,-0.45703
8273,-0.63488,-0.93888,0.31272,-0.49877
8274,-0.62214,-0.95491,0.32831,-0.54027
8275,-0.60939,-0.96895,0.34280,-0.58141
8276,-0.59683,-0.98112,0.35615,-0.62202
8277,-0.58443,-0.99144,0.36839,-0.66188
8278,-0.57261,-0.99978,0.37959,-0.70099
8279,-0.56125,-1.00640,0.38972,-0.73919
8280,-0.55042,-1.01115,0.39884,-0.77627
8281,-0.54027,-1.01403,0.40713,-0.81225
8282,-0.53089,-1.01500,0.41445,-0.84689
8283,-0.52255,-1.01433,0.42089,-0.88013
8284,-0.51513,-1.01195,0.42663,-0.91182
8285,-0.50880,-1.00796,0.43150,-0.94202
8286,-0.50372,-1.00240,0.43578,-0.97044
8287,-0.50005,-0.99529,0.43950,-0.99716
8288,-0.49771,-0.98682,0.44268,-1.02210
8289,-0.49684,-0.97694,0.44541,-1.04511
8290,-0.49773,-0.96592,0.44781,-1.06623
8291,-0.50027,-0.95375,0.44986,-1.08546
8292,-0.50463,-0.94045,0.45164,-1.10266
8293,-0.51082,-0.92625,0.45317,-1.11797
8294,-0.51877,-0.91128,0.45465,-1.13132
8295,-0.52879,-0.89573,0.45598,-1.14271
8296,-0.54082,-0.87966,0.45746,-1.15217
8297,-0.55496,-0.86314,0.45888,-1.15963
8298,-0.57124,-0.84640,0.46050,-1.16540
8299,-0.58965,-0.82948,0.46223,-1.16927
8300,-0.61024,-0.81262,0.46428,-1.17134
8301,-0.63309,-0.79590,0.46643,-1.17165
8302,-0.65812,-0.77950,0.46897,-1.17034
8303,-0.68529,-0.76350,0.47187,-1.16745
8304,-0.71460,-0.74811,0.47511,-1.16288
8305,-0.74606,-0.73344,0.47871,-1.15682
8306,-0.77962,-0.71951,0.48274,-1.14941
8307,-0.81521,-0.70644,0.48733,-1.14066
8308,-0.85277,-0.69442,0.49242,-1.13058
8309,-0.89222,-0.68354,0.49790,-1.11946
8310,-0.93345,-0.67391,0.50391,-1.10718
8311,-0.97632,-0.66545,0.51035,-1.09381
8312,-1.02081,-0.65824,0.51733,-1.07962
8313,-1.06677,-0.65255,0.52476,-1.06444
8314,-1.11407,-0.64822,0.53265,-1.04848
8315,-1.16253,-0.64538,0.54092,-1.03185
8316,-1.21207,-0.64389,0.54970,-1.01459
8317,-1.26229,-0.64391,0.55896,-0.99668
8318,-1.31343,-0.64525,0.56853,-0.97833
8319,-1.36501,-0.64794,0.57846,-0.95954
8320,-1.41703,-0.65191,0.58879,-0.94048
8321,-1.46919,-0.65710,0.59933,-0.92110
8322,-1.52127,-0.66348,0.61014,-0.90149
8323,-1.57313,-0.67094,0.62105,-0.88180
8324,-1.62455,-0.67941,0.63216,-0.86197
8325,-1.67552,-0.68865,0.64333,-0.84209
8326,-1.72553,-0.69853,0.65447,-0.82225
8327,-1.77458,-0.70904,0.66561,-0.80252
8328,-1.82247,-0.71989,0.67659,-0.78292
8329,-1.86897,-0.73100,0.68736,-0.76353
8330,-1.91395,-0.74213,0.69787,-0.74438
8331,-1.95718,-0.75317,0.70807,-0.72558
8332,-1.99863,-0.76397,0.71780,-0.70710
8333,-2.03806,-0.77428,0.72698,-0.68906
8334,-2.07525,-0.78394,0.73568,-0.67140
8335,-2.11014,-0.79278,0.74369,-0.65422
8336,-2.14270,-0.80048,0.75092,-0.63757
8337,-2.17277,-0.80716,0.75735,-0.62135
8338,-2.20018,-0.81247,0.76285,-0.60581
8339,-2.22498,-0.81632,0.76738,-0.59082
8340,-2.24696,-0.81852,0.77075,-0.57653
8341,-2.26616,-0.81892,0.77315,-0.56281
8342,-2.28252,-0.81732,0.77424,-0.54982
8343,-2.29597,-0.81387,0.77413,-0.53759
8344,-2.30643,-0.80822,0.77276,-0.52606
8345,-2.31392,-0.80044,0.76998,-0.51522
8346,-2.31842,-0.79034,0.76585,-0.50524
8347,-2.31993,-0.77800,0.76023,-0.49598
8348,-2.31854,-0.76335,0.75314,-0.48747
8349,-2.31423,-0.74638,0.74467,-0.47990
8350,-2.30715,-0.72709,0.73472,-0.47309
8351,-2.29724,-0.70556,0.72326,-0.46719
8352,-2.28450,-0.68175,0.71029,-0.46204
8353,-2.26905,-0.65589,0.69601,-0.45787
8354,-2.25099,-0.62800,0.68039,-0.45448
8355,-2.23035,-0.59806,0.66338,-0.45197
8356,-2.20716,-0.56630,0.64510,-0.45039
8357,-2.18144,-0.53281,0.62564,-0.44969
8358,-2.15351,-0.49779,0.60496,-0.44985
8359,-2.12325,-0.46151,0.58324,-0.45089
8360,-2.09083,-0.42406,0.56066,-0.45285
8361,-2.05631,-0.38574,0.53713,-0.45569
8362,-2.01989,-0.34659,0.51290,-0.45941
8363,-1.98152,-0.30685,0.48800,-0.46397
8364,-1.94145,-0.26685,0.46259,-0.46950
8365,-1.89968,-0.22676,0.43676,-0.47578
8366,-1.85629,-0.18676,0.41074,-0.48295
8367,-1.81154,-0.14701,0.38456,-0.49089
8368,-1.76557,-0.10797,0.35845,-0.49971
8369,-1.71841,-0.06956,0.33248,-0.50929
8370,-1.67024,-0.03213,0.30668,-0.51961
8371,-1.62115,0.00406,0.28139,-0.53078
8372,-1.57125,0.03887,0.25653,-0.54267
8373,-1.52069,0.07218,0.23233,-0.55526
8374,-1.46970,0.10367,0.20884,-0.56856
8375,-1.41832,0.13334,0.18623,-0.58247
8376,-1.36679,0.16090,0.16457,-0.59698
8377,-1.31518,0.18633,0.14398,-0.61202
8378,-1.26372,0.20955,0.12450,-0.62764
8379,-1.21240,0.23044,0.10620,-0.64374
8380,-1.16147,0.24887,0.08924,-0.66028
8381,-1.11115,0.26476,0.07353,-0.67723
8382,-1.06153,0.27828,0.05927,-0.69461
8383,-1.01280,0.28915,0.04632,-0.71234
8384,-0.96501,0.29753,0.03493,-0.73033
8385,-0.91833,0.30348,0.02484,-0.74859
8386,-0.87301,0.30691,0.01624,-0.76707
8387,-0.82910,0.30789,0.00912,-0.78567
8388,-0.78665,0.30647,0.00336,-0.80439
8389,-0.74588,0.30281,-0.00102,-0.82317
8390,-0.70689,0.29701,-0.00414,-0.84193
8391,-0.66968,0.28911,-0.00596,-0.86074
8392,-0.63442,0.27914,-0.00657,-0.87938
8393,-0.60129,0.26735,-0.00585,-0.89794
8394,-0.57017,0.25382,-0.00415,-0.91643
8395,-0.54118,0.23872,-0.00150,-0.93469
8396,-0.51439,0.22215,0.00213,-0.95270
8397,-0.48977,0.20434,0.00664,-0.97045
8398,-0.46744,0.18538,0.01181,-0.98777
8399,-0.44729,0.16543,0.01758,-1.00481
8400,-0.42927,0.14466,0.02392,-1.02148
8401,-0.41344,0.12328,0.03065,-1.03771
8402,-0.39967,0.10129,0.03790,-1.05339
8403,-0.38787,0.07888,0.04524,-1.06848
8404,-0.37814,0.05632,0.05273,-1.08304
8405,-0.37029,0.03373,0.06038,-1.09706
8406,-0.36418,0.01117,0.06791,-1.11040
8407,-0.35969,-0.01111,0.07531,-1.12317
8408,-0.35678,-0.03312,0.08259,-1.13512
8409,-0.35525,-0.05466,0.08959,-1.14641
8410,-0.35503,-0.07565,0.09615,-1.15693
8411,-0.35588,-0.09606,0.10238,-1.16665
8412,-0.35771,-0.11564,0.10813,-1.17551
8413,-0.36035,-0.13442,0.11337,-1.18355
8414,-0.36361,-0.15226,0.11815,-1.19076
8415,-0.36729,-0.16912,0.12235,-1.19706
8416,-0.37129,-0.18489,0.12602,-1.20243
8417,-0.37535,-0.19953,0.12909,-1.20679
8418,-0.37937,-0.21303,0.13177,-1.21017
8419,-0.38322,-0.22527,0.13378,-1.21247
8420,-0.38658,-0.23631,0.13527,-1.21377
8421,-0.38942,-0.24604,0.13631,-1.21402
8422,-0.39154,-0.25450,0.13694,-1.21315
8423,-0.39281,-0.26166,0.13713,-1.21114
8424,-0.39311,-0.26749,0.13709,-1.20800
8425,-0.39233,-0.27203,0.13667,-1.20378
8426,-0.39028,-0.27526,0.13617,-1.19832
8427,-0.38680,-0.27717,0.13552,-1.19156
8428,-0.38194,-0.27781,0.13475,-1.18358
8429,-0.37554,-0.27715,0.13403,-1.17430
8430,-0.36749,-0.27522,0.13341,-1.16377
8431,-0.35771,-0.27218,0.13287,-1.15198
8432,-0.34622,-0.26777,0.13262,-1.13892
8433,-0.33290,-0.26231,0.13263,-1.12453
8434,-0.31778,-0.25559,0.13316,-1.10880
8435,-0.30080,-0.24784,0.13416,-1.09177
8436,-0.28192,-0.23895,0.13577,-1.07331
8437,-0.26125,-0.22898,0.13806,-1.05348
8438,-0.23881,-0.21802,0.14087,-1.03238
8439,-0.21463,-0.20594,0.14435,-1.00985
8440,-0.18868,-0.19291,0.14864,-0.98597
8441,-0.16121,-0.17907,0.15364,-0.96070
8442,-0.13218,-0.16436,0.15955,-0.93405
8443,-0.10169,-0.14881,0.16626,-0.90605
8444,-0.06984,-0.13250,0.17381,-0.87671
8445,-0.03687,-0.11546,0.18222,-0.84601
8446,-0.00273,-0.09753,0.19137,-0.81399
8447,0.03233,-0.07911,0.20128,-0.78057
8448,0.06810,-0.06007,0.21194,-0.74588
8449,0.10452,-0.04034,0.22329,-0.71003
8450,0.14132,-0.02026,0.23529,-0.67274
8451,0.17839,0.00033,0.24777,-0.63419
8452,0.21551,0.02127,0.26084,-0.59458
8453,0.25258,0.04244,0.27425,-0.55375
8454,0.28933,0.06390,0.28795,-0.51174
8455,0.32537,0.08552,0.30184,-0.46868
8456,0.36083,0.10718,0.31576,-0.42452
8457,0.39538,0.12874,0.32969,-0.37940
8458,0.42875,0.15029,0.34347,-0.33328
8459,0.46080,0.17163,0.35691,-0.28637
8460,0.49137,0.19265,0.36993,-0.23856
8461,0.52030,0.21328,0.38242,-0.19004
8462,0.54738,0.23336,0.39429,-0.14073
8463,0.57247,0.25287,0.40525,-0.09070
8464,0.59546,0.27161,0.41533,-0.04020
8465,0.61625,0.28968,0.42431,0.01090
8466,0.63460,0.30671,0.43216,0.06247
8467,0.65046,0.32268,0.43870,0.11426
8468,0.66370,0.33757,0.44390,0.16645
8469,0.67426,0.35121,0.44752,0.21873
8470,0.68220,0.36349,0.44957,0.27120
8471,0.68738,0.37435,0.44991,0.32374
8472,0.68984,0.38364,0.44854,0.37608
8473,0.68959,0.39135,0.44536,0.42831
8474,0.68666,0.39739,0.44033,0.48027
8475,0.68112,0.40164,0.43334,0.53192
8476,0.67294,0.40412,0.42466,0.58300
8477,0.66226,0.40480,0.41390,0.63366
8478,0.64917,0.40357,0.40118,0.68366
8479,0.63383,0.40049,0.38664,0.73293
8480,0.61628,0.39552,0.37018,0.78130
8481,0.59667,0.38862,0.35190,0.82878
8482,0.57520,0.37973,0.33175,0.87521
8483,0.55204,0.36912,0.30998,0.92045
8484,0.52730,0.35673,0.28662,0.96458
8485,0.50118,0.34266,0.26169,1.00735
8486,0.47384,0.32691,0.23541,1.04866
8487,0.44547,0.30964,0.20784,1.08854
8488,0.41621,0.29096,0.17917,1.12674
8489,0.38632,0.27094,0.14937,1.16337
8490,0.35586,0.24974,0.11883,1.19832
8491,0.32506,0.22744,0.08745,1.23148
8492,0.29398,0.20434,0.05549,1.26272
8493,0.26297,0.18051,0.02314,1.29215
8494,0.23200,0.15604,-0.00950,1.31963
8495,0.20121,0.13110,-0.04224,1.34513
8496,0.17084,0.10598,-0.07489,1.36860
8497,0.14076,0.08087,-0.10737,1.39008
8498,0.11120,0.05583,-0.13950,1.40955
8499,0.08215,0.03103,-0.17124,1.42690
8500,0.05379,0.00670,-0.20234,1.44218
8501,0.02591,-0.01708,-0.23269,1.45542
8502,-0.00123,-0.04013,-0.26229,1.46682
8503,-0.02783,-0.06232,-0.29097,1.47618
8504,-0.05375,-0.08348,-0.31857,1.48371
8505,-0.07908,-0.10362,-0.34512,1.48938
8506,-0.10385,-0.12239,-0.37039,1.49332
8507,-0.12800,-0.13988,-0.39442,1.49549
8508,-0.15169,-0.15604,-0.41721,1.49624
8509,-0.17503,-0.17069,-0.43868,1.49534
8510,-0.19796,-0.18392,-0.45882,1.49308
8511,-0.22060,-0.19570,-0.47762,1.48955
8512,-0.24300,-0.20590,-0.49505,1.48485
8513,-0.26535,-0.21457,-0.51118,1.47921
8514,-0.28759,-0.22177,-0.52598,1.47269
8515,-0.30987,-0.22749,-0.53946,1.46548
8516,-0.33223,-0.23181,-0.55179,1.45749
8517,-0.35481,-0.23469,-0.56284,1.44916
8518,-0.37767,-0.23619,-0.57270,1.44047
8519,-0.40081,-0.23655,-0.58159,1.43166
8520,-0.42442,-0.23569,-0.58933,1.42269
8521,-0.44833,-0.23376,-0.59607,1.41382
8522,-0.47270,-0.23086,-0.60195,1.40513
8523,-0.49749,-0.22704,-0.60693,1.39681
8524,-0.52273,-0.22239,-0.61123,1.38893
8525,-0.54829,-0.21705,-0.61479,1.38157
8526,-0.57433,-0.21104,-0.61771,1.37490
8527,-0.60078,-0.20445,-0.62003,1.36885
8528,-0.62758,-0.19735,-0.62192,1.36365
8529,-0.65461,-0.18992,-0.62331,1.35925
8530,-0.68182,-0.18210,-0.62425,1.35577
8531,-0.70919,-0.17398,-0.62483,1.35328
8532,-0.73661,-0.16564,-0.62524,1.35160
8533,-0.76404,-0.15705,-0.62524,1.35088
8534,-0.79131,-0.14817,-0.62509,1.35102
8535,-0.81830,-0.13909,-0.62474,1.35203
8536,-0.84476,-0.12976,-0.62421,1.35383
8537,-0.87061,-0.12028,-0.62355,1.35644
8538,-0.89593,-0.11043,-0.62282,1.35971
8539,-0.92039,-0.10041,-0.62188,1.36365
8540,-0.94395,-0.08994,-0.62087,1.36809
8541,-0.96650,-0.07916,-0.61984,1.37294
8542,-0.98780,-0.06794,-0.61863,1.37812
8543,-1.00771,-0.05616,-0.61735,1.38345
8544,-1.02607,-0.04380,-0.61599,1.38877
8545,-1.04293,-0.03082,-0.61447,1.39403
8546,-1.05810,-0.01698,-0.61284,1.39906
8547,-1.07153,-0.00231,-0.61108,1.40385
8548,-1.08315,0.01327,-0.60921,1.40809
8549,-1.09273,0.02983,-0.60714,1.41172
8550,-1.10031,0.04746,-0.60489,1.41452
8551,-1.10571,0.06631,-0.60243,1.41651
8552,-1.10904,0.08626,-0.59976,1.41741
8553,-1.11019,0.10745,-0.59678,1.41716
8554,-1.10924,0.12987,-0.59355,1.41567
8555,-1.10603,0.15365,-0.59011,1.41288
8556,-1.10061,0.17880,-0.58620,1.40864
8557,-1.09311,0.20514,-0.58201,1.40292
8558,-1.08326,0.23291,-0.57746,1.39562
8559,-1.07138,0.26196,-0.57249,1.38671
8560,-1.05748,0.29229,-0.56698,1.37614
8561,-1.04146,0.32387,-0.56102,1.36389
8562,-1.02352,0.35670,-0.55467,1.34989
8563,-1.00368,0.39066,-0.54783,1.33426
8564,-0.98217,0.42560,-0.54043,1.31697
8565,-0.95898,0.46150,-0.53250,1.29797
8566,-0.93419,0.49827,-0.52406,1.27749
8567,-0.90794,0.53577,-0.51491,1.25542
8568,-0.88026,0.57397,-0.50530,1.23192
8569,-0.85140,0.61260,-0.49504,1.20708
8570,-0.82138,0.65160,-0.48417,1.18096
8571,-0.79032,0.69084,-0.47272,1.15367
8572,-0.75845,0.73012,-0.46069,1.12535
8573,-0.72569,0.76936,-0.44803,1.09598
8574,-0.69225,0.80837,-0.43477,1.06582
