accept@1231: best=1241 metric=0.758 walkback=10 bin=3
wid@1231.4867421773374: votes=5 margin=0.709
refine@0: groups=18 slopeHz=-0.23 intercept=0.023 pw=0.11/3.9 -0.43/4.2 -0.02/4.3 -0.04/5.0 -0.17/5.7 -0.13/6.2 0.03/5.5 -0.10/5.4 -0.04/6.0 0.10/6.0 -0.25/5.8 0.05/6.7 -0.31/6.8 -0.32/6.8 -0.32/7.1 0.04/5.8 -0.28/6.6 -0.41/9.0 
refine@9216: groups=72 slopeHz=-0.36 intercept=2.853 pw=3.08/7.7 -2.69/7.9 -3.01/8.0 -3.04/7.2 -2.96/6.1 -3.06/5.9 -3.12/7.6 -3.04/7.3 3.13/7.0 -2.93/7.7 -3.07/6.7 3.11/7.9 -3.12/5.4 3.14/5.4 3.04/5.1 2.98/8.0 2.97/5.8 2.53/3.7 2.61/5.6 -2.84/4.6 2.89/4.7 2.79/3.7 2.84/2.3 2.55/2.1 2.59/3.4 2.74/2.7 2.41/2.5 3.01/2.6 3.03/1.5 2.16/3.1 2.97/1.8 2.60/0.9 1.23/1.2 1.97/2.6 1.37/1.6 0.60/2.6 1.02/2.7 0.25/0.6 0.87/1.9 0.62/2.2 0.35/2.3 0.36/2.6 0.56/2.6 0.47/2.5 0.45/2.8 0.47/2.8 0.40/2.9 0.45/3.1 0.35/3.1 0.35/3.1 0.35/3.1 0.27/3.2 0.30/3.2 0.41/2.9 0.22/2.8 0.34/3.9 0.20/3.2 0.27/3.1 0.43/3.2 0.45/3.0 0.11/2.9 0.15/3.3 0.12/2.8 -0.03/2.9 0.13/2.8 -0.28/3.3 -0.05/4.8 0.16/3.7 0.11/2.7 -0.72/4.0 -0.37/2.9 0.51/1.2 
frame@11552: gain=0.641 ref=0.949 mse=0.161 tau=-0.003 omega=-1.28E-004 bad=0 tapChange=0.0191 floor=0.0191 fading=False/False preMse=0.258 energy=0.070/0.061 fresh=False phase=0.132 anchor=0.973@0.021 phi=-0.049
frame@11840: gain=0.577 ref=0.934 mse=0.209 tau=-0.008 omega=-9.93E-005 bad=0 tapChange=0.0162 floor=0.0162 fading=False/False preMse=0.335 energy=0.070/0.061 fresh=False phase=0.220 anchor=0.897@0.106 phi=-0.165
frame@12128: gain=0.573 ref=0.916 mse=0.376 tau=-0.008 omega=-4.80E-005 bad=0 tapChange=0.0370 floor=0.0171 fading=False/False preMse=0.602 energy=0.084/0.062 fresh=False phase=0.422 anchor=0.865@0.207 phi=-0.295
frame@12416: gain=0.639 ref=0.899 mse=0.353 tau=-0.008 omega=3.02E-006 bad=0 tapChange=0.0401 floor=0.0180 fading=False/False preMse=0.565 energy=0.118/0.063 fresh=False phase=0.375 anchor=0.926@0.189 phi=-0.294
frame@12704: gain=0.666 ref=0.886 mse=0.163 tau=-0.004 omega=4.81E-005 bad=0 tapChange=0.0213 floor=0.0190 fading=False/False preMse=0.260 energy=0.151/0.066 fresh=False phase=0.345 anchor=0.991@0.162 phi=-0.259
frame@12992: gain=0.645 ref=0.875 mse=0.039 tau=-0.004 omega=7.83E-005 bad=0 tapChange=0.0050 floor=0.0050 fading=False/False preMse=0.063 energy=0.154/0.070 fresh=False phase=0.197 anchor=0.989@0.117 phi=-0.174
frame@13280: gain=0.558 ref=0.863 mse=0.028 tau=-0.001 omega=9.43E-005 bad=0 tapChange=0.0078 floor=0.0053 fading=False/False preMse=0.045 energy=0.123/0.074 fresh=False phase=0.060 anchor=0.917@0.058 phi=-0.092
frame@13568: gain=0.454 ref=0.848 mse=0.124 tau=-0.002 omega=6.10E-005 bad=0 tapChange=0.0159 floor=0.0057 fading=False/False preMse=0.199 energy=0.074/0.077 fresh=False phase=-0.270 anchor=0.786@-0.135 phi=0.192
frame@13856: gain=0.374 ref=0.828 mse=0.263 tau=0.001 omega=-2.23E-005 bad=0 tapChange=0.0243 floor=0.0061 fading=False/False preMse=0.421 energy=0.048/0.076 fresh=False phase=-0.575 anchor=0.675@-0.356 phi=0.480
frame@14144: gain=0.390 ref=0.806 mse=0.248 tau=-0.004 omega=-1.12E-004 bad=0 tapChange=0.0387 floor=0.0065 fading=True/True preMse=0.397 energy=0.056/0.075 fresh=False phase=-0.623 anchor=0.739@-0.346 phi=0.517
frame@14432: gain=0.466 ref=0.785 mse=0.123 tau=-0.003 omega=-1.64E-004 bad=0 tapChange=0.0315 floor=0.0069 fading=True/True preMse=0.197 energy=0.075/0.074 fresh=False phase=-0.305 anchor=0.856@-0.200 phi=0.297
frame@14720: gain=0.530 ref=0.769 mse=0.091 tau=-0.000 omega=-1.88E-004 bad=0 tapChange=0.0251 floor=0.0074 fading=True/True preMse=0.146 energy=0.081/0.074 fresh=False phase=-0.061 anchor=0.889@-0.089 phi=0.140
frame@15008: gain=0.466 ref=0.757 mse=0.155 tau=0.000 omega=-2.02E-004 bad=0 tapChange=0.0344 floor=0.0078 fading=True/True preMse=0.248 energy=0.067/0.074 fresh=False phase=-0.010 anchor=0.840@-0.028 phi=0.078
frame@15296: gain=0.409 ref=0.742 mse=0.328 tau=0.001 omega=-2.09E-004 bad=0 tapChange=0.0412 floor=0.0083 fading=True/True preMse=0.525 energy=0.043/0.074 fresh=False phase=0.021 anchor=0.714@0.008 phi=0.041
frame@15584: gain=0.225 ref=0.726 mse=0.677 tau=0.003 omega=-2.39E-004 bad=0 tapChange=0.1345 floor=0.0089 fading=True/True preMse=1.083 energy=0.040/0.073 fresh=False phase=-0.160 anchor=0.553@-0.069 phi=0.177
frame@15872: gain=0.236 ref=0.726 mse=0.603 tau=-0.000 omega=-2.39E-004 bad=1 tapChange=0.0000 floor=0.0089 fading=True/True preMse=0.964 energy=0.074/0.073 fresh=True phase=-0.460 anchor=0.702@0.000 phi=0.000
frame@16160: gain=0.561 ref=0.726 mse=0.108 tau=-0.001 omega=-2.07E-004 bad=2 tapChange=0.0477 floor=0.0094 fading=True/True preMse=0.172 energy=0.112/0.073 fresh=False phase=0.226 anchor=0.931@0.066 phi=-0.185
frame@16448: gain=0.529 ref=0.717 mse=0.116 tau=-0.000 omega=-1.79E-004 bad=0 tapChange=0.0593 floor=0.0100 fading=True/True preMse=0.185 energy=0.116/0.075 fresh=False phase=0.228 anchor=0.869@0.106 phi=-0.162
frame@16736: gain=0.486 ref=0.708 mse=0.107 tau=-0.001 omega=-1.52E-004 bad=0 tapChange=0.0342 floor=0.0106 fading=True/True preMse=0.172 energy=0.097/0.077 fresh=False phase=0.197 anchor=0.826@0.116 phi=-0.155
frame@17024: gain=0.404 ref=0.697 mse=0.175 tau=0.001 omega=-1.17E-004 bad=0 tapChange=0.0772 floor=0.0112 fading=True/True preMse=0.279 energy=0.075/0.078 fresh=False phase=0.306 anchor=0.730@0.158 phi=-0.203
frame@17312: gain=0.419 ref=0.682 mse=0.141 tau=0.002 omega=-1.06E-004 bad=0 tapChange=0.0306 floor=0.0119 fading=True/True preMse=0.226 energy=0.061/0.077 fresh=False phase=0.093 anchor=0.752@0.087 phi=-0.062
frame@17600: gain=0.380 ref=0.669 mse=0.215 tau=0.003 omega=-7.43E-005 bad=0 tapChange=0.0545 floor=0.0125 fading=True/True preMse=0.345 energy=0.054/0.077 fresh=False phase=0.273 anchor=0.723@0.134 phi=-0.183
frame@17888: gain=0.365 ref=0.655 mse=0.249 tau=0.012 omega=-3.11E-005 bad=0 tapChange=0.0649 floor=0.0133 fading=True/True preMse=0.399 energy=0.057/0.076 fresh=False phase=0.318 anchor=0.742@0.157 phi=-0.249
frame@18176: gain=0.425 ref=0.640 mse=0.179 tau=-0.018 omega=9.14E-006 bad=0 tapChange=0.0492 floor=0.0140 fading=True/True preMse=0.286 energy=0.070/0.075 fresh=False phase=0.315 anchor=0.824@0.163 phi=-0.232
frame@18464: gain=0.456 ref=0.629 mse=0.089 tau=-0.015 omega=1.92E-005 bad=0 tapChange=0.0242 floor=0.0148 fading=True/True preMse=0.142 energy=0.082/0.074 fresh=False phase=0.084 anchor=0.875@0.052 phi=-0.058
frame@18752: gain=0.510 ref=0.621 mse=0.107 tau=-0.015 omega=2.10E-005 bad=0 tapChange=0.0161 floor=0.0157 fading=True/True preMse=0.171 energy=0.076/0.075 fresh=False phase=-0.000 anchor=0.862@-0.012 phi=-0.010
frame@19040: gain=0.448 ref=0.615 mse=0.217 tau=-0.014 omega=5.90E-006 bad=0 tapChange=0.0457 floor=0.0166 fading=True/True preMse=0.347 energy=0.065/0.075 fresh=False phase=-0.183 anchor=0.791@-0.088 phi=0.087
frame@19328: gain=0.363 ref=0.607 mse=0.310 tau=-0.013 omega=-1.32E-005 bad=0 tapChange=0.0911 floor=0.0175 fading=True/True preMse=0.496 energy=0.068/0.074 fresh=False phase=-0.275 anchor=0.736@-0.104 phi=0.110
frame@19616: gain=0.483 ref=0.595 mse=0.202 tau=-0.012 omega=-1.21E-005 bad=0 tapChange=0.0682 floor=0.0185 fading=True/True preMse=0.323 energy=0.084/0.074 fresh=False phase=-0.092 anchor=0.821@-0.042 phi=-0.006
frame@19904: gain=0.544 ref=0.589 mse=0.078 tau=-0.010 omega=-4.91E-006 bad=0 tapChange=0.0258 floor=0.0195 fading=True/True preMse=0.126 energy=0.101/0.074 fresh=False phase=-0.006 anchor=0.887@-0.012 phi=-0.042
frame@20192: gain=0.573 ref=0.587 mse=0.073 tau=-0.008 omega=2.35E-006 bad=0 tapChange=0.0518 floor=0.0206 fading=True/True preMse=0.117 energy=0.103/0.076 fresh=False phase=-0.112 anchor=0.946@0.000 phi=-0.042
frame@20480: gain=0.488 ref=0.586 mse=0.042 tau=-0.008 omega=2.21E-005 bad=0 tapChange=0.0241 floor=0.0217 fading=True/True preMse=0.067 energy=0.081/0.077 fresh=False phase=0.060 anchor=0.874@0.034 phi=-0.114
frame@20768: gain=0.431 ref=0.581 mse=0.068 tau=-0.004 omega=2.07E-005 bad=0 tapChange=0.0164 floor=0.0164 fading=True/True preMse=0.108 energy=0.048/0.077 fresh=False phase=-0.040 anchor=0.772@-0.017 phi=0.008
frame@21056: gain=0.265 ref=0.574 mse=0.220 tau=-0.003 omega=5.46E-006 bad=0 tapChange=0.0405 floor=0.0173 fading=True/True preMse=0.353 energy=0.023/0.076 fresh=False phase=-0.154 anchor=0.551@-0.078 phi=0.088
frame@21344: gain=0.088 ref=0.558 mse=0.518 tau=0.009 omega=1.72E-005 bad=0 tapChange=0.1365 floor=0.0183 fading=True/True preMse=0.828 energy=0.019/0.073 fresh=False phase=0.237 anchor=0.373@0.024 phi=-0.068
frame@21632: gain=0.070 ref=0.558 mse=0.662 tau=0.014 omega=1.72E-005 bad=1 tapChange=0.0000 floor=0.0183 fading=True/True preMse=1.059 energy=0.041/0.073 fresh=True phase=1.062 anchor=0.557@0.000 phi=0.000
frame@21920: gain=0.392 ref=0.558 mse=0.157 tau=0.019 omega=5.29E-006 bad=2 tapChange=0.1330 floor=0.0193 fading=True/True preMse=0.251 energy=0.063/0.073 fresh=False phase=-0.069 anchor=0.782@-0.022 phi=0.069
frame@22208: gain=0.464 ref=0.550 mse=0.095 tau=0.021 omega=-7.64E-007 bad=0 tapChange=0.0534 floor=0.0204 fading=True/True preMse=0.152 energy=0.059/0.073 fresh=False phase=-0.027 anchor=0.824@-0.014 phi=0.035
frame@22496: gain=0.451 ref=0.546 mse=0.076 tau=0.026 omega=-1.67E-005 bad=0 tapChange=0.0114 floor=0.0114 fading=True/True preMse=0.121 energy=0.043/0.072 fresh=False phase=-0.085 anchor=0.779@-0.052 phi=0.092
frame@22784: gain=0.416 ref=0.541 mse=0.135 tau=0.032 omega=-5.12E-005 bad=0 tapChange=0.0178 floor=0.0120 fading=True/True preMse=0.217 energy=0.045/0.071 fresh=False phase=-0.214 anchor=0.741@-0.110 phi=0.199
frame@23072: gain=0.430 ref=0.535 mse=0.122 tau=0.035 omega=-7.02E-005 bad=0 tapChange=0.0234 floor=0.0127 fading=True/True preMse=0.195 energy=0.059/0.069 fresh=False phase=-0.129 anchor=0.802@-0.064 phi=0.110
frame@23360: gain=0.520 ref=0.529 mse=0.125 tau=0.028 omega=-4.50E-005 bad=0 tapChange=0.0192 floor=0.0135 fading=True/True preMse=0.200 energy=0.059/0.069 fresh=False phase=0.237 anchor=0.865@0.099 phi=-0.145
frame@23648: gain=0.540 ref=0.529 mse=0.202 tau=0.023 omega=1.04E-005 bad=0 tapChange=0.0228 floor=0.0143 fading=True/True preMse=0.323 energy=0.055/0.068 fresh=False phase=0.417 anchor=0.839@0.221 phi=-0.319
frame@23936: gain=0.557 ref=0.530 mse=0.160 tau=0.029 omega=5.93E-005 bad=0 tapChange=0.0123 floor=0.0123 fading=True/True preMse=0.255 energy=0.059/0.068 fresh=False phase=0.322 anchor=0.838@0.201 phi=-0.282
frame@24224: gain=0.502 ref=0.531 mse=0.097 tau=0.035 omega=8.72E-005 bad=0 tapChange=0.0119 floor=0.0119 fading=True/True preMse=0.155 energy=0.054/0.067 fresh=False phase=0.199 anchor=0.833@0.111 phi=-0.161
frame@24512: gain=0.309 ref=0.529 mse=0.180 tau=0.039 omega=8.27E-005 bad=0 tapChange=0.0412 floor=0.0126 fading=True/True preMse=0.288 energy=0.039/0.066 fresh=False phase=-0.021 anchor=0.659@-0.002 phi=0.026
frame@24800: gain=0.172 ref=0.518 mse=0.525 tau=0.037 omega=4.11E-005 bad=0 tapChange=0.1409 floor=0.0133 fading=True/True preMse=0.840 energy=0.052/0.065 fresh=False phase=-0.755 anchor=0.551@-0.189 phi=0.240
frame@25088: gain=0.239 ref=0.518 mse=0.580 tau=0.036 omega=2.63E-005 bad=1 tapChange=0.1717 floor=0.0141 fading=True/True preMse=0.929 energy=0.087/0.065 fresh=False phase=-0.003 anchor=0.714@-0.068 phi=0.085
frame@25376: gain=0.374 ref=0.504 mse=0.264 tau=0.036 omega=-2.37E-006 bad=0 tapChange=0.1120 floor=0.0149 fading=True/True preMse=0.422 energy=0.094/0.066 fresh=False phase=-0.347 anchor=0.779@-0.083 phi=0.165
frame@25664: gain=0.442 ref=0.498 mse=0.231 tau=0.032 omega=-3.42E-005 bad=0 tapChange=0.0661 floor=0.0158 fading=True/True preMse=0.369 energy=0.066/0.068 fresh=False phase=-0.248 anchor=0.769@-0.104 phi=0.184
frame@25952: gain=0.382 ref=0.495 mse=0.154 tau=0.028 omega=-2.29E-005 bad=0 tapChange=0.0315 floor=0.0167 fading=True/True preMse=0.246 energy=0.035/0.068 fresh=False phase=0.074 anchor=0.725@0.024 phi=-0.065
frame@26240: gain=0.288 ref=0.489 mse=0.238 tau=0.023 omega=3.73E-006 bad=0 tapChange=0.0280 floor=0.0176 fading=True/True preMse=0.381 energy=0.015/0.066 fresh=False phase=0.138 anchor=0.548@0.101 phi=-0.153
frame@26528: gain=0.248 ref=0.479 mse=0.348 tau=0.023 omega=8.42E-005 bad=0 tapChange=0.0375 floor=0.0186 fading=True/True preMse=0.556 energy=0.010/0.063 fresh=False phase=0.479 anchor=0.467@0.321 phi=-0.463
frame@26816: gain=0.245 ref=0.468 mse=0.374 tau=0.022 omega=1.52E-004 bad=0 tapChange=0.0890 floor=0.0196 fading=True/True preMse=0.599 energy=0.017/0.061 fresh=False phase=0.569 anchor=0.551@0.265 phi=-0.392
frame@27104: gain=0.321 ref=0.457 mse=0.197 tau=0.018 omega=1.44E-004 bad=0 tapChange=0.0350 floor=0.0207 fading=True/True preMse=0.316 energy=0.019/0.059 fresh=False phase=-0.066 anchor=0.620@-0.014 phi=0.046
frame@27392: gain=0.299 ref=0.450 mse=0.207 tau=0.017 omega=1.39E-004 bad=0 tapChange=0.0275 floor=0.0218 fading=True/True preMse=0.332 energy=0.012/0.057 fresh=False phase=-0.021 anchor=0.581@-0.023 phi=0.032
frame@27680: gain=0.220 ref=0.442 mse=0.292 tau=0.014 omega=1.68E-004 bad=0 tapChange=0.0200 floor=0.0200 fading=True/True preMse=0.467 energy=0.005/0.054 fresh=False phase=0.195 anchor=0.401@0.140 phi=-0.171
frame@27968: gain=0.140 ref=0.431 mse=0.484 tau=0.016 omega=2.88E-004 bad=0 tapChange=0.0155 floor=0.0155 fading=True/True preMse=0.775 energy=0.002/0.052 fresh=False phase=0.757 anchor=0.255@0.625 phi=-0.689
frame@28256: gain=0.201 ref=0.431 mse=0.497 tau=0.018 omega=3.89E-004 bad=1 tapChange=0.0477 floor=0.0163 fading=True/True preMse=0.795 energy=0.008/0.052 fresh=False phase=0.756 anchor=0.420@0.470 phi=-0.581
frame@28544: gain=0.381 ref=0.420 mse=0.220 tau=0.019 omega=3.97E-004 bad=0 tapChange=0.0226 floor=0.0172 fading=True/True preMse=0.353 energy=0.021/0.050 fresh=False phase=0.011 anchor=0.706@0.039 phi=-0.047
frame@28832: gain=0.565 ref=0.418 mse=0.106 tau=0.020 omega=3.66E-004 bad=0 tapChange=0.0120 floor=0.0120 fading=True/True preMse=0.169 energy=0.030/0.048 fresh=False phase=-0.221 anchor=0.863@-0.113 phi=0.180
frame@29120: gain=0.546 ref=0.425 mse=0.233 tau=0.026 omega=2.87E-004 bad=0 tapChange=0.0096 floor=0.0096 fading=True/True preMse=0.373 energy=0.022/0.047 fresh=False phase=-0.450 anchor=0.824@-0.301 phi=0.452
frame@29408: gain=0.451 ref=0.431 mse=0.776 tau=0.021 omega=1.57E-004 bad=0 tapChange=0.0425 floor=0.0102 fading=True/True preMse=1.241 energy=0.020/0.046 fresh=False phase=-0.890 anchor=0.624@-0.559 phi=0.752
frame@29696: gain=0.430 ref=0.432 mse=0.697 tau=0.022 omega=4.99E-005 bad=0 tapChange=0.0969 floor=0.0108 fading=True/True preMse=1.115 energy=0.040/0.045 fresh=False phase=-0.839 anchor=0.681@-0.440 phi=0.616
frame@29984: gain=0.455 ref=0.432 mse=0.182 tau=0.011 omega=3.26E-005 bad=0 tapChange=0.0366 floor=0.0115 fading=True/True preMse=0.291 energy=0.064/0.045 fresh=False phase=-0.133 anchor=0.863@-0.072 phi=0.100
frame@30272: gain=0.468 ref=0.433 mse=0.106 tau=0.015 omega=5.40E-005 bad=0 tapChange=0.0222 floor=0.0121 fading=True/True preMse=0.169 energy=0.059/0.046 fresh=False phase=0.211 anchor=0.846@0.081 phi=-0.123
frame@30560: gain=0.497 ref=0.435 mse=0.282 tau=0.018 omega=1.20E-004 bad=0 tapChange=0.0389 floor=0.0128 fading=True/True preMse=0.451 energy=0.059/0.046 fresh=False phase=0.507 anchor=0.811@0.282 phi=-0.378
frame@30848: gain=0.490 ref=0.438 mse=0.201 tau=0.017 omega=1.68E-004 bad=0 tapChange=0.0354 floor=0.0136 fading=True/True preMse=0.322 energy=0.076/0.047 fresh=False phase=0.348 anchor=0.865@0.216 phi=-0.281
frame@31136: gain=0.463 ref=0.441 mse=0.088 tau=0.014 omega=1.68E-004 bad=0 tapChange=0.0191 floor=0.0144 fading=True/True preMse=0.141 energy=0.073/0.048 fresh=False phase=-0.024 anchor=0.845@0.022 phi=0.002
frame@31424: gain=0.418 ref=0.442 mse=0.187 tau=0.007 omega=1.03E-004 bad=0 tapChange=0.0206 floor=0.0152 fading=True/True preMse=0.300 energy=0.040/0.050 fresh=False phase=-0.438 anchor=0.721@-0.249 phi=0.376
frame@31712: gain=0.337 ref=0.441 mse=0.352 tau=0.007 omega=-9.72E-006 bad=0 tapChange=0.0170 floor=0.0160 fading=True/True preMse=0.564 energy=0.018/0.049 fresh=False phase=-0.642 anchor=0.567@-0.482 phi=0.648
frame@32000: gain=0.254 ref=0.435 mse=0.371 tau=0.002 omega=-6.03E-005 bad=0 tapChange=0.0749 floor=0.0169 fading=True/True preMse=0.593 energy=0.022/0.048 fresh=False phase=-0.331 anchor=0.551@-0.242 phi=0.291
frame@32288: gain=0.258 ref=0.426 mse=0.344 tau=0.002 omega=-3.41E-005 bad=0 tapChange=0.0958 floor=0.0179 fading=True/True preMse=0.551 energy=0.028/0.046 fresh=False phase=0.212 anchor=0.601@0.067 phi=-0.151
frame@32576: gain=0.294 ref=0.418 mse=0.342 tau=0.004 omega=1.66E-005 bad=0 tapChange=0.0800 floor=0.0189 fading=True/True preMse=0.547 energy=0.027/0.045 fresh=False phase=0.400 anchor=0.621@0.182 phi=-0.292
frame@32864: gain=0.187 ref=0.412 mse=0.501 tau=0.005 omega=6.05E-005 bad=0 tapChange=0.1010 floor=0.0199 fading=True/True preMse=0.801 energy=0.025/0.044 fresh=False phase=0.435 anchor=0.499@0.182 phi=-0.253
frame@33152: gain=0.263 ref=0.401 mse=0.383 tau=0.004 omega=1.28E-004 bad=0 tapChange=0.0567 floor=0.0210 fading=True/True preMse=0.612 energy=0.025/0.043 fresh=False phase=0.521 anchor=0.570@0.292 phi=-0.391
frame@33440: gain=0.362 ref=0.394 mse=0.186 tau=0.011 omega=1.49E-004 bad=0 tapChange=0.0285 floor=0.0222 fading=True/True preMse=0.298 energy=0.025/0.043 fresh=False phase=0.145 anchor=0.693@0.089 phi=-0.119
frame@33728: gain=0.409 ref=0.392 mse=0.141 tau=0.015 omega=1.15E-004 bad=0 tapChange=0.0134 floor=0.0134 fading=True/True preMse=0.226 energy=0.023/0.042 fresh=False phase=-0.207 anchor=0.722@-0.127 phi=0.196
frame@34016: gain=0.442 ref=0.393 mse=0.206 tau=0.016 omega=4.04E-005 bad=0 tapChange=0.0106 floor=0.0106 fading=True/True preMse=0.329 energy=0.019/0.041 fresh=False phase=-0.454 anchor=0.735@-0.313 phi=0.430
frame@34304: gain=0.412 ref=0.395 mse=0.310 tau=0.017 omega=-5.40E-005 bad=0 tapChange=0.0125 floor=0.0112 fading=True/True preMse=0.496 energy=0.016/0.040 fresh=False phase=-0.565 anchor=0.670@-0.404 phi=0.544
frame@34592: gain=0.371 ref=0.396 mse=0.524 tau=0.014 omega=-1.79E-004 bad=0 tapChange=0.0563 floor=0.0119 fading=True/True preMse=0.838 energy=0.020/0.038 fresh=False phase=-0.828 anchor=0.623@-0.516 phi=0.722
frame@34880: gain=0.489 ref=0.395 mse=0.377 tau=0.014 omega=-2.50E-004 bad=0 tapChange=0.0693 floor=0.0126 fading=True/True preMse=0.602 energy=0.042/0.038 fresh=False phase=-0.496 anchor=0.802@-0.261 phi=0.407
frame@35168: gain=0.674 ref=0.400 mse=0.255 tau=0.014 omega=-2.94E-004 bad=0 tapChange=0.0534 floor=0.0133 fading=True/True preMse=0.408 energy=0.077/0.038 fresh=False phase=-0.399 anchor=0.974@-0.154 phi=0.254
frame@35456: gain=0.606 ref=0.413 mse=0.110 tau=0.016 omega=-2.90E-004 bad=0 tapChange=0.0250 floor=0.0141 fading=True/True preMse=0.177 energy=0.102/0.040 fresh=False phase=-0.052 anchor=0.978@-0.012 phi=-0.022
frame@35744: gain=0.576 ref=0.423 mse=0.059 tau=0.013 omega=-2.76E-004 bad=0 tapChange=0.0124 floor=0.0124 fading=True/True preMse=0.094 energy=0.103/0.043 fresh=False phase=0.059 anchor=0.936@0.031 phi=-0.082
frame@36032: gain=0.503 ref=0.431 mse=0.044 tau=0.013 omega=-2.66E-004 bad=0 tapChange=0.0057 floor=0.0057 fading=True/True preMse=0.070 energy=0.076/0.046 fresh=False phase=0.042 anchor=0.856@0.039 phi=-0.059
frame@36320: gain=0.356 ref=0.434 mse=0.211 tau=0.016 omega=-2.40E-004 bad=0 tapChange=0.0157 floor=0.0061 fading=True/True preMse=0.338 energy=0.033/0.047 fresh=False phase=0.170 anchor=0.657@0.116 phi=-0.151
frame@36608: gain=0.143 ref=0.430 mse=0.633 tau=0.014 omega=-1.33E-004 bad=0 tapChange=0.0628 floor=0.0065 fading=True/True preMse=1.013 energy=0.012/0.047 fresh=False phase=0.904 anchor=0.310@0.563 phi=-0.614
frame@36896: gain=0.214 ref=0.430 mse=0.793 tau=0.009 omega=1.20E-005 bad=1 tapChange=0.2003 floor=0.0069 fading=True/True preMse=1.269 energy=0.028/0.047 fresh=False phase=1.529 anchor=0.410@0.614 phi=-0.835
frame@37184: gain=0.370 ref=0.420 mse=0.254 tau=0.007 omega=7.62E-005 bad=0 tapChange=0.0696 floor=0.0073 fading=True/True preMse=0.407 energy=0.042/0.046 fresh=False phase=0.381 anchor=0.721@0.207 phi=-0.370
frame@37472: gain=0.440 ref=0.417 mse=0.223 tau=0.006 omega=3.25E-005 bad=0 tapChange=0.0459 floor=0.0078 fading=True/True preMse=0.357 energy=0.033/0.046 fresh=False phase=-0.385 anchor=0.775@-0.140 phi=0.251
frame@37760: gain=0.570 ref=0.418 mse=0.294 tau=0.006 omega=-4.71E-005 bad=0 tapChange=0.0423 floor=0.0083 fading=True/True preMse=0.470 energy=0.040/0.045 fresh=False phase=-0.545 anchor=0.833@-0.289 phi=0.459
frame@38048: gain=0.591 ref=0.426 mse=0.115 tau=0.007 omega=-7.69E-005 bad=0 tapChange=0.0255 floor=0.0088 fading=True/True preMse=0.184 energy=0.068/0.045 fresh=False phase=-0.265 anchor=0.939@-0.115 phi=0.172
frame@38336: gain=0.574 ref=0.434 mse=0.073 tau=0.006 omega=-6.82E-005 bad=0 tapChange=0.0242 floor=0.0093 fading=True/True preMse=0.117 energy=0.079/0.046 fresh=False phase=-0.016 anchor=0.941@-0.002 phi=-0.050
frame@38624: gain=0.434 ref=0.441 mse=0.086 tau=0.008 omega=-5.73E-005 bad=0 tapChange=0.0197 floor=0.0099 fading=True/True preMse=0.138 energy=0.052/0.047 fresh=False phase=0.005 anchor=0.787@0.031 phi=-0.062
frame@38912: gain=0.184 ref=0.441 mse=0.347 tau=0.007 omega=-6.90E-005 bad=0 tapChange=0.0539 floor=0.0105 fading=True/True preMse=0.555 energy=0.023/0.048 fresh=False phase=-0.097 anchor=0.446@-0.041 phi=0.067
frame@39200: gain=0.048 ref=0.441 mse=0.821 tau=0.002 omega=-6.90E-005 bad=1 tapChange=0.0000 floor=0.0105 fading=True/True preMse=1.313 energy=0.030/0.048 fresh=True phase=-2.448 anchor=0.476@-0.000 phi=0.000
frame@39488: gain=0.454 ref=0.441 mse=0.206 tau=0.008 omega=-2.35E-005 bad=2 tapChange=0.0878 floor=0.0111 fading=True/True preMse=0.330 energy=0.070/0.048 fresh=False phase=0.298 anchor=0.788@0.084 phi=-0.262
frame@39776: gain=0.602 ref=0.441 mse=0.144 tau=0.006 omega=2.37E-006 bad=0 tapChange=0.0709 floor=0.0118 fading=True/True preMse=0.230 energy=0.121/0.049 fresh=False phase=0.215 anchor=0.929@0.079 phi=-0.149
frame@40064: gain=0.606 ref=0.449 mse=0.069 tau=0.007 omega=-6.87E-006 bad=0 tapChange=0.0271 floor=0.0125 fading=True/True preMse=0.111 energy=0.146/0.052 fresh=False phase=-0.009 anchor=0.937@0.001 phi=0.053
frame@40352: gain=0.518 ref=0.457 mse=0.065 tau=0.004 omega=-4.04E-005 bad=0 tapChange=0.0454 floor=0.0132 fading=True/True preMse=0.104 energy=0.121/0.057 fresh=False phase=-0.091 anchor=0.882@-0.061 phi=0.193
frame@40640: gain=0.412 ref=0.460 mse=0.125 tau=0.002 omega=-9.71E-005 bad=0 tapChange=0.0365 floor=0.0140 fading=True/True preMse=0.200 energy=0.074/0.060 fresh=False phase=-0.263 anchor=0.761@-0.161 phi=0.327
frame@40928: gain=0.400 ref=0.458 mse=0.272 tau=0.004 omega=-2.11E-004 bad=0 tapChange=0.0323 floor=0.0148 fading=True/True preMse=0.436 energy=0.061/0.061 fresh=False phase=-0.644 anchor=0.711@-0.400 phi=0.655
frame@41216: gain=0.597 ref=0.455 mse=0.092 tau=0.004 omega=-2.71E-004 bad=0 tapChange=0.0102 floor=0.0102 fading=True/True preMse=0.148 energy=0.099/0.061 fresh=False phase=-0.314 anchor=0.964@-0.212 phi=0.344
frame@41504: gain=0.763 ref=0.462 mse=0.063 tau=0.006 omega=-2.90E-004 bad=0 tapChange=0.0212 floor=0.0109 fading=True/True preMse=0.101 energy=0.149/0.063 fresh=False phase=-0.083 anchor=1.078@-0.061 phi=0.114
frame@41792: gain=0.689 ref=0.477 mse=0.016 tau=0.007 omega=-2.94E-004 bad=0 tapChange=0.0107 floor=0.0107 fading=True/True preMse=0.025 energy=0.159/0.067 fresh=False phase=-0.008 anchor=1.040@-0.005 phi=0.018
frame@42080: gain=0.606 ref=0.488 mse=0.023 tau=0.006 omega=-3.05E-004 bad=0 tapChange=0.0042 floor=0.0042 fading=True/True preMse=0.036 energy=0.128/0.072 fresh=False phase=-0.072 anchor=0.963@-0.033 phi=0.067
frame@42368: gain=0.545 ref=0.494 mse=0.072 tau=0.007 omega=-3.22E-004 bad=0 tapChange=0.0089 floor=0.0046 fading=True/True preMse=0.114 energy=0.103/0.074 fresh=False phase=-0.115 anchor=0.903@-0.060 phi=0.098
frame@42656: gain=0.527 ref=0.496 mse=0.097 tau=0.009 omega=-3.25E-004 bad=0 tapChange=0.0143 floor=0.0049 fading=True/True preMse=0.155 energy=0.102/0.076 fresh=False phase=-0.042 anchor=0.891@-0.018 phi=0.016
frame@42944: gain=0.500 ref=0.498 mse=0.096 tau=0.011 omega=-3.15E-004 bad=0 tapChange=0.0203 floor=0.0052 fading=True/True preMse=0.154 energy=0.101/0.077 fresh=False phase=0.049 anchor=0.875@0.030 phi=-0.056
frame@43232: gain=0.437 ref=0.498 mse=0.098 tau=0.008 omega=-3.05E-004 bad=0 tapChange=0.0235 floor=0.0056 fading=True/True preMse=0.157 energy=0.079/0.078 fresh=False phase=0.073 anchor=0.799@0.052 phi=-0.059
frame@43520: gain=0.309 ref=0.495 mse=0.203 tau=0.008 omega=-3.07E-004 bad=0 tapChange=0.0330 floor=0.0060 fading=True/True preMse=0.324 energy=0.043/0.078 fresh=False phase=0.014 anchor=0.606@0.021 phi=0.013
frame@43808: gain=0.115 ref=0.486 mse=0.469 tau=0.016 omega=-3.30E-004 bad=0 tapChange=0.1071 floor=0.0064 fading=True/True preMse=0.750 energy=0.018/0.077 fresh=False phase=-0.136 anchor=0.361@-0.066 phi=0.133
frame@44096: gain=0.098 ref=0.486 mse=0.802 tau=0.014 omega=-4.13E-004 bad=1 tapChange=0.2972 floor=0.0068 fading=True/True preMse=1.284 energy=0.022/0.077 fresh=False phase=-2.191 anchor=0.284@-0.342 phi=0.478
frame@44384: gain=0.172 ref=0.486 mse=0.524 tau=0.015 omega=-4.13E-004 bad=2 tapChange=0.0000 floor=0.0068 fading=True/True preMse=0.839 energy=0.049/0.077 fresh=True phase=0.022 anchor=0.635@-0.000 phi=0.000
frame@44672: gain=0.418 ref=0.486 mse=0.109 tau=0.015 omega=-3.77E-004 bad=3 tapChange=0.0876 floor=0.0072 fading=True/True preMse=0.174 energy=0.062/0.077 fresh=False phase=0.226 anchor=0.837@0.067 phi=-0.212
frame@44960: gain=0.446 ref=0.482 mse=0.171 tau=0.012 omega=-3.22E-004 bad=0 tapChange=0.0602 floor=0.0077 fading=True/True preMse=0.274 energy=0.047/0.076 fresh=False phase=0.355 anchor=0.778@0.206 phi=-0.312
frame@45248: gain=0.330 ref=0.480 mse=0.269 tau=0.013 omega=-2.47E-004 bad=0 tapChange=0.0349 floor=0.0082 fading=True/True preMse=0.431 energy=0.027/0.075 fresh=False phase=0.500 anchor=0.601@0.342 phi=-0.434
frame@45536: gain=0.258 ref=0.473 mse=0.273 tau=0.012 omega=-1.82E-004 bad=0 tapChange=0.0387 floor=0.0087 fading=True/True preMse=0.437 energy=0.015/0.072 fresh=False phase=0.383 anchor=0.514@0.308 phi=-0.375
frame@45824: gain=0.228 ref=0.462 mse=0.288 tau=0.010 omega=-1.92E-004 bad=0 tapChange=0.0437 floor=0.0092 fading=True/True preMse=0.461 energy=0.008/0.069 fresh=False phase=-0.115 anchor=0.447@-0.035 phi=0.059
frame@46112: gain=0.310 ref=0.450 mse=0.260 tau=0.008 omega=-2.61E-004 bad=0 tapChange=0.0160 floor=0.0098 fading=True/True preMse=0.416 energy=0.008/0.066 fresh=False phase=-0.423 anchor=0.536@-0.282 phi=0.394
frame@46400: gain=0.381 ref=0.443 mse=0.172 tau=0.009 omega=-2.65E-004 bad=0 tapChange=0.0161 floor=0.0104 fading=True/True preMse=0.275 energy=0.012/0.063 fresh=False phase=-0.034 anchor=0.674@-0.030 phi=0.023
frame@46688: gain=0.370 ref=0.440 mse=0.399 tau=0.008 omega=-2.08E-004 bad=0 tapChange=0.0401 floor=0.0110 fading=True/True preMse=0.638 energy=0.023/0.061 fresh=False phase=0.455 anchor=0.682@0.242 phi=-0.326
frame@46976: gain=0.459 ref=0.437 mse=0.572 tau=0.013 omega=-1.42E-004 bad=0 tapChange=0.0660 floor=0.0116 fading=True/True preMse=0.915 energy=0.046/0.059 fresh=False phase=0.638 anchor=0.779@0.291 phi=-0.381
frame@47264: gain=0.542 ref=0.438 mse=0.405 tau=0.009 omega=-8.91E-005 bad=0 tapChange=0.0597 floor=0.0123 fading=True/True preMse=0.649 energy=0.081/0.058 fresh=False phase=0.554 anchor=0.895@0.215 phi=-0.305
frame@47552: gain=0.605 ref=0.443 mse=0.169 tau=0.012 omega=-4.81E-005 bad=0 tapChange=0.0215 floor=0.0130 fading=True/True preMse=0.270 energy=0.116/0.059 fresh=False phase=0.312 anchor=0.935@0.161 phi=-0.236
frame@47840: gain=0.628 ref=0.451 mse=0.105 tau=0.026 omega=-1.06E-005 bad=0 tapChange=0.0108 floor=0.0108 fading=True/True preMse=0.167 energy=0.156/0.062 fresh=False phase=0.248 anchor=0.957@0.142 phi=-0.216
frame@48128: gain=0.638 ref=0.460 mse=0.078 tau=0.022 omega=-4.82E-006 bad=0 tapChange=0.0144 floor=0.0114 fading=True/True preMse=0.124 energy=0.134/0.067 fresh=False phase=-0.063 anchor=0.963@0.021 phi=-0.033
frame@48416: gain=0.610 ref=0.469 mse=0.085 tau=0.024 omega=-9.08E-006 bad=0 tapChange=0.0123 floor=0.0121 fading=True/True preMse=0.136 energy=0.122/0.070 fresh=False phase=-0.067 anchor=0.933@-0.025 phi=0.025
frame@48704: gain=0.614 ref=0.476 mse=0.132 tau=0.022 omega=-2.66E-005 bad=0 tapChange=0.0162 floor=0.0128 fading=True/True preMse=0.210 energy=0.111/0.073 fresh=False phase=-0.101 anchor=0.927@-0.066 phi=0.101
frame@48992: gain=0.530 ref=0.483 mse=0.172 tau=0.014 omega=-5.56E-005 bad=0 tapChange=0.0364 floor=0.0135 fading=True/True preMse=0.275 energy=0.118/0.075 fresh=False phase=-0.157 anchor=0.877@-0.080 phi=0.167
frame@49280: gain=0.508 ref=0.485 mse=0.170 tau=0.015 omega=-8.30E-005 bad=0 tapChange=0.0440 floor=0.0143 fading=True/True preMse=0.271 energy=0.141/0.077 fresh=False phase=-0.089 anchor=0.877@-0.064 phi=0.158
frame@49568: gain=0.490 ref=0.486 mse=0.147 tau=0.012 omega=-9.62E-005 bad=0 tapChange=0.0363 floor=0.0151 fading=True/True preMse=0.235 energy=0.145/0.080 fresh=False phase=0.079 anchor=0.857@-0.014 phi=0.076
frame@49856: gain=0.439 ref=0.487 mse=0.145 tau=0.011 omega=-9.42E-005 bad=0 tapChange=0.0294 floor=0.0159 fading=True/True preMse=0.232 energy=0.104/0.083 fresh=False phase=0.134 anchor=0.789@0.045 phi=-0.011
frame@50144: gain=0.301 ref=0.484 mse=0.374 tau=0.014 omega=-3.36E-005 bad=0 tapChange=0.0621 floor=0.0168 fading=True/True preMse=0.598 energy=0.048/0.084 fresh=False phase=0.560 anchor=0.577@0.293 phi=-0.349
frame@50432: gain=0.291 ref=0.475 mse=0.617 tau=0.021 omega=9.48E-005 bad=0 tapChange=0.1336 floor=0.0178 fading=True/True preMse=0.988 energy=0.030/0.082 fresh=False phase=1.008 anchor=0.507@0.557 phi=-0.740
frame@50720: gain=0.413 ref=0.466 mse=0.406 tau=0.026 omega=1.92E-004 bad=0 tapChange=0.0853 floor=0.0188 fading=True/True preMse=0.650 energy=0.047/0.080 fresh=False phase=0.675 anchor=0.706@0.313 phi=-0.562
frame@51008: gain=0.548 ref=0.463 mse=0.190 tau=0.025 omega=2.38E-004 bad=0 tapChange=0.0453 floor=0.0198 fading=True/True preMse=0.305 energy=0.080/0.078 fresh=False phase=0.304 anchor=0.894@0.149 phi=-0.265
frame@51296: gain=0.654 ref=0.467 mse=0.127 tau=0.031 omega=2.63E-004 bad=0 tapChange=0.0251 floor=0.0209 fading=True/True preMse=0.203 energy=0.123/0.078 fresh=False phase=0.185 anchor=0.974@0.090 phi=-0.143
frame@51584: gain=0.666 ref=0.477 mse=0.066 tau=0.028 omega=2.68E-004 bad=0 tapChange=0.0179 floor=0.0179 fading=True/True preMse=0.106 energy=0.156/0.081 fresh=False phase=-0.020 anchor=0.981@0.023 phi=-0.026
frame@51872: gain=0.621 ref=0.486 mse=0.045 tau=0.034 omega=2.56E-004 bad=0 tapChange=0.0126 floor=0.0126 fading=True/True preMse=0.072 energy=0.157/0.084 fresh=False phase=-0.108 anchor=0.952@-0.043 phi=0.070
frame@52160: gain=0.526 ref=0.493 mse=0.067 tau=0.039 omega=2.31E-004 bad=0 tapChange=0.0209 floor=0.0134 fading=True/True preMse=0.108 energy=0.128/0.088 fresh=False phase=-0.205 anchor=0.875@-0.099 phi=0.142
frame@52448: gain=0.431 ref=0.495 mse=0.095 tau=0.034 omega=2.09E-004 bad=0 tapChange=0.0219 floor=0.0141 fading=True/True preMse=0.153 energy=0.084/0.090 fresh=False phase=-0.158 anchor=0.772@-0.095 phi=0.126
frame@52736: gain=0.338 ref=0.491 mse=0.158 tau=0.024 omega=1.80E-004 bad=0 tapChange=0.0397 floor=0.0149 fading=True/True preMse=0.253 energy=0.042/0.090 fresh=False phase=-0.171 anchor=0.660@-0.115 phi=0.168
frame@53024: gain=0.264 ref=0.484 mse=0.242 tau=0.021 omega=1.80E-004 bad=0 tapChange=0.0902 floor=0.0158 fading=True/True preMse=0.387 energy=0.021/0.087 fresh=False phase=0.038 anchor=0.572@-0.006 phi=0.000
frame@53312: gain=0.236 ref=0.473 mse=0.309 tau=0.020 omega=1.81E-004 bad=0 tapChange=0.0961 floor=0.0167 fading=True/True preMse=0.494 energy=0.020/0.084 fresh=False phase=0.037 anchor=0.545@0.024 phi=-0.008
frame@53600: gain=0.283 ref=0.461 mse=0.280 tau=0.019 omega=1.77E-004 bad=0 tapChange=0.0676 floor=0.0176 fading=True/True preMse=0.447 energy=0.020/0.081 fresh=False phase=-0.061 anchor=0.592@-0.010 phi=0.023
frame@53888: gain=0.349 ref=0.452 mse=0.172 tau=0.016 omega=1.87E-004 bad=0 tapChange=0.0286 floor=0.0186 fading=True/True preMse=0.276 energy=0.019/0.078 fresh=False phase=0.109 anchor=0.649@0.046 phi=-0.057
frame@54176: gain=0.390 ref=0.447 mse=0.205 tau=0.014 omega=1.86E-004 bad=0 tapChange=0.0210 floor=0.0196 fading=True/True preMse=0.327 energy=0.022/0.075 fresh=False phase=0.009 anchor=0.684@0.019 phi=0.005
frame@54464: gain=0.563 ref=0.444 mse=0.220 tau=0.015 omega=1.77E-004 bad=0 tapChange=0.0226 floor=0.0207 fading=True/True preMse=0.352 energy=0.039/0.072 fresh=False phase=-0.028 anchor=0.854@-0.012 phi=0.054
frame@54752: gain=0.548 ref=0.450 mse=0.328 tau=0.014 omega=1.20E-004 bad=0 tapChange=0.0563 floor=0.0218 fading=True/True preMse=0.525 energy=0.066/0.070 fresh=False phase=-0.369 anchor=0.868@-0.160 phi=0.325
frame@55040: gain=0.696 ref=0.455 mse=0.300 tau=0.013 omega=6.95E-005 bad=0 tapChange=0.0650 floor=0.0230 fading=True/True preMse=0.480 energy=0.095/0.070 fresh=False phase=-0.337 anchor=0.951@-0.144 phi=0.292
frame@55328: gain=0.597 ref=0.467 mse=0.200 tau=0.012 omega=6.10E-005 bad=0 tapChange=0.0718 floor=0.0243 fading=True/True preMse=0.319 energy=0.125/0.071 fresh=False phase=-0.022 anchor=0.941@-0.022 phi=0.049
frame@55616: gain=0.732 ref=0.473 mse=0.191 tau=0.011 omega=4.41E-005 bad=0 tapChange=0.0855 floor=0.0256 fading=True/True preMse=0.306 energy=0.162/0.074 fresh=False phase=-0.155 anchor=0.998@-0.035 phi=0.097
frame@55904: gain=0.597 ref=0.486 mse=0.054 tau=0.009 omega=5.15E-005 bad=0 tapChange=0.0499 floor=0.0270 fading=True/True preMse=0.086 energy=0.178/0.079 fresh=False phase=-0.017 anchor=0.967@0.000 phi=-0.043
frame@56192: gain=0.590 ref=0.492 mse=0.022 tau=0.009 omega=6.54E-005 bad=0 tapChange=0.0258 floor=0.0258 fading=True/True preMse=0.035 energy=0.166/0.083 fresh=False phase=0.049 anchor=0.957@0.025 phi=-0.080
frame@56480: gain=0.505 ref=0.497 mse=0.037 tau=0.007 omega=7.60E-005 bad=0 tapChange=0.0190 floor=0.0190 fading=True/True preMse=0.059 energy=0.138/0.088 fresh=False phase=0.045 anchor=0.884@0.032 phi=-0.061
frame@56768: gain=0.463 ref=0.497 mse=0.060 tau=0.007 omega=7.91E-005 bad=0 tapChange=0.0203 floor=0.0201 fading=True/True preMse=0.097 energy=0.111/0.090 fresh=False phase=-0.002 anchor=0.838@0.005 phi=-0.018
frame@57056: gain=0.449 ref=0.495 mse=0.078 tau=0.004 omega=6.86E-005 bad=0 tapChange=0.0190 floor=0.0190 fading=True/True preMse=0.125 energy=0.088/0.091 fresh=False phase=-0.086 anchor=0.816@-0.052 phi=0.061
frame@57344: gain=0.453 ref=0.493 mse=0.063 tau=0.005 omega=5.47E-005 bad=0 tapChange=0.0171 floor=0.0171 fading=True/True preMse=0.101 energy=0.067/0.091 fresh=False phase=-0.100 anchor=0.834@-0.062 phi=0.080
frame@57632: gain=0.463 ref=0.491 mse=0.072 tau=0.002 omega=4.79E-005 bad=0 tapChange=0.0120 floor=0.0120 fading=True/True preMse=0.115 energy=0.051/0.090 fresh=False phase=-0.023 anchor=0.837@-0.023 phi=0.039
frame@57920: gain=0.454 ref=0.490 mse=0.179 tau=-0.001 omega=4.71E-005 bad=0 tapChange=0.0159 floor=0.0127 fading=True/True preMse=0.287 energy=0.053/0.088 fresh=False phase=0.028 anchor=0.814@0.008 phi=0.005
frame@58208: gain=0.447 ref=0.488 mse=0.196 tau=-0.003 omega=3.84E-005 bad=0 tapChange=0.0184 floor=0.0134 fading=True/True preMse=0.313 energy=0.063/0.086 fresh=False phase=-0.030 anchor=0.811@-0.019 phi=0.050
frame@58496: gain=0.401 ref=0.486 mse=0.127 tau=-0.003 omega=2.63E-005 bad=0 tapChange=0.0201 floor=0.0142 fading=True/True preMse=0.204 energy=0.057/0.085 fresh=False phase=-0.047 anchor=0.777@-0.048 phi=0.069
frame@58784: gain=0.299 ref=0.482 mse=0.205 tau=-0.008 omega=5.41E-005 bad=0 tapChange=0.0385 floor=0.0150 fading=True/True preMse=0.327 energy=0.039/0.084 fresh=False phase=0.288 anchor=0.648@0.108 phi=-0.160
frame@59072: gain=0.250 ref=0.473 mse=0.428 tau=-0.006 omega=1.39E-004 bad=0 tapChange=0.0895 floor=0.0159 fading=True/True preMse=0.684 energy=0.032/0.081 fresh=False phase=0.827 anchor=0.555@0.369 phi=-0.489
frame@59360: gain=0.351 ref=0.461 mse=0.417 tau=-0.007 omega=2.19E-004 bad=0 tapChange=0.0912 floor=0.0167 fading=True/True preMse=0.668 energy=0.044/0.079 fresh=False phase=0.683 anchor=0.707@0.320 phi=-0.460
frame@59648: gain=0.334 ref=0.456 mse=0.446 tau=-0.008 omega=2.57E-004 bad=0 tapChange=0.1204 floor=0.0177 fading=True/True preMse=0.714 energy=0.057/0.077 fresh=False phase=0.160 anchor=0.747@0.132 phi=-0.220
frame@59936: gain=0.532 ref=0.450 mse=0.369 tau=-0.005 omega=3.14E-004 bad=0 tapChange=0.0970 floor=0.0187 fading=True/True preMse=0.590 energy=0.069/0.076 fresh=False phase=0.466 anchor=0.834@0.157 phi=-0.330
frame@60224: gain=0.364 ref=0.454 mse=0.242 tau=-0.004 omega=2.94E-004 bad=0 tapChange=0.0621 floor=0.0197 fading=True/True preMse=0.388 energy=0.080/0.076 fresh=False phase=-0.172 anchor=0.775@-0.034 phi=0.119
frame@60512: gain=0.337 ref=0.449 mse=0.303 tau=-0.002 omega=2.46E-004 bad=0 tapChange=0.0924 floor=0.0208 fading=True/True preMse=0.485 energy=0.082/0.076 fresh=False phase=-0.391 anchor=0.760@-0.160 phi=0.274
frame@60800: gain=0.317 ref=0.444 mse=0.354 tau=0.000 omega=1.70E-004 bad=0 tapChange=0.0976 floor=0.0219 fading=True/True preMse=0.567 energy=0.081/0.076 fresh=False phase=-0.655 anchor=0.710@-0.300 phi=0.440
frame@61088: gain=0.324 ref=0.437 mse=0.371 tau=0.004 omega=1.00E-004 bad=0 tapChange=0.1163 floor=0.0231 fading=True/True preMse=0.594 energy=0.088/0.076 fresh=False phase=-0.572 anchor=0.708@-0.258 phi=0.402
frame@61376: gain=0.247 ref=0.432 mse=0.391 tau=0.004 omega=6.79E-005 bad=0 tapChange=0.1357 floor=0.0244 fading=True/True preMse=0.626 energy=0.093/0.077 fresh=False phase=-0.134 anchor=0.696@-0.092 phi=0.185
frame@61664: gain=0.229 ref=0.423 mse=0.492 tau=0.003 omega=7.94E-005 bad=0 tapChange=0.1699 floor=0.0257 fading=True/True preMse=0.788 energy=0.095/0.078 fresh=False phase=0.396 anchor=0.688@0.079 phi=-0.066
frame@61952: gain=0.317 ref=0.413 mse=0.394 tau=0.009 omega=1.25E-004 bad=0 tapChange=0.1371 floor=0.0271 fading=True/True preMse=0.631 energy=0.101/0.079 fresh=False phase=0.573 anchor=0.736@0.177 phi=-0.260
frame@62240: gain=0.419 ref=0.408 mse=0.196 tau=0.014 omega=1.66E-004 bad=0 tapChange=0.0617 floor=0.0285 fading=True/True preMse=0.313 energy=0.100/0.080 fresh=False phase=0.395 anchor=0.831@0.169 phi=-0.240
frame@62528: gain=0.477 ref=0.409 mse=0.063 tau=0.011 omega=1.81E-004 bad=0 tapChange=0.0218 floor=0.0218 fading=True/True preMse=0.101 energy=0.089/0.081 fresh=False phase=0.076 anchor=0.879@0.062 phi=-0.085
frame@62816: gain=0.485 ref=0.412 mse=0.044 tau=0.013 omega=1.70E-004 bad=0 tapChange=0.0120 floor=0.0120 fading=True/True preMse=0.070 energy=0.070/0.081 fresh=False phase=-0.080 anchor=0.860@-0.044 phi=0.062
frame@63104: gain=0.473 ref=0.416 mse=0.067 tau=0.010 omega=1.44E-004 bad=0 tapChange=0.0134 floor=0.0127 fading=True/True preMse=0.107 energy=0.056/0.081 fresh=False phase=-0.176 anchor=0.829@-0.104 phi=0.154
frame@63392: gain=0.451 ref=0.419 mse=0.064 tau=0.021 omega=1.30E-004 bad=0 tapChange=0.0145 floor=0.0135 fading=True/True preMse=0.103 energy=0.042/0.079 fresh=False phase=-0.086 anchor=0.814@-0.058 phi=0.079
frame@63680: gain=0.415 ref=0.420 mse=0.085 tau=0.016 omega=1.40E-004 bad=0 tapChange=0.0162 floor=0.0142 fading=True/True preMse=0.135 energy=0.028/0.078 fresh=False phase=0.072 anchor=0.753@0.037 phi=-0.060
frame@63968: gain=0.409 ref=0.420 mse=0.106 tau=0.007 omega=1.40E-004 bad=0 tapChange=0.0164 floor=0.0150 fading=True/True preMse=0.169 energy=0.021/0.075 fresh=False phase=0.014 anchor=0.738@0.007 phi=0.000
frame@64256: gain=0.397 ref=0.419 mse=0.316 tau=0.006 omega=8.59E-005 bad=0 tapChange=0.0469 floor=0.0159 fading=True/True preMse=0.506 energy=0.031/0.072 fresh=False phase=-0.431 anchor=0.701@-0.197 phi=0.313
frame@64544: gain=0.469 ref=0.418 mse=0.356 tau=0.006 omega=8.04E-005 bad=0 tapChange=0.0903 floor=0.0168 fading=True/True preMse=0.570 energy=0.057/0.070 fresh=False phase=-0.004 anchor=0.814@-0.057 phi=0.031
frame@64832: gain=0.648 ref=0.421 mse=0.256 tau=0.006 omega=4.44E-005 bad=0 tapChange=0.0700 floor=0.0177 fading=True/True preMse=0.410 energy=0.073/0.070 fresh=False phase=-0.306 anchor=0.903@-0.106 phi=0.207
frame@65120: gain=0.540 ref=0.432 mse=0.095 tau=0.008 omega=2.45E-005 bad=0 tapChange=0.0273 floor=0.0187 fading=True/True preMse=0.151 energy=0.064/0.070 fresh=False phase=-0.144 anchor=0.878@-0.070 phi=0.115
frame@65408: gain=0.499 ref=0.438 mse=0.115 tau=0.010 omega=-3.42E-006 bad=0 tapChange=0.0303 floor=0.0198 fading=True/True preMse=0.184 energy=0.058/0.070 fresh=False phase=-0.224 anchor=0.855@-0.084 phi=0.161
frame@65696: gain=0.487 ref=0.441 mse=0.107 tau=0.008 omega=-5.62E-006 bad=0 tapChange=0.0570 floor=0.0208 fading=True/True preMse=0.171 energy=0.067/0.069 fresh=False phase=-0.007 anchor=0.883@-0.029 phi=0.013
frame@65984: gain=0.585 ref=0.443 mse=0.053 tau=0.007 omega=1.60E-005 bad=0 tapChange=0.0265 floor=0.0220 fading=True/True preMse=0.084 energy=0.072/0.069 fresh=False phase=0.165 anchor=0.957@0.069 phi=-0.124
frame@66272: gain=0.560 ref=0.450 mse=0.041 tau=0.008 omega=3.85E-005 bad=0 tapChange=0.0107 floor=0.0107 fading=True/True preMse=0.066 energy=0.070/0.069 fresh=False phase=0.160 anchor=0.911@0.091 phi=-0.130
frame@66560: gain=0.398 ref=0.455 mse=0.088 tau=0.009 omega=4.21E-005 bad=0 tapChange=0.0166 floor=0.0114 fading=True/True preMse=0.142 energy=0.035/0.069 fresh=False phase=0.030 anchor=0.730@0.030 phi=-0.021
frame@66848: gain=0.217 ref=0.453 mse=0.352 tau=0.008 omega=-1.61E-005 bad=0 tapChange=0.0445 floor=0.0120 fading=True/True preMse=0.563 energy=0.014/0.067 fresh=False phase=-0.434 anchor=0.440@-0.241 phi=0.335
frame@67136: gain=0.206 ref=0.441 mse=0.655 tau=0.008 omega=-1.18E-004 bad=0 tapChange=0.1639 floor=0.0127 fading=True/True preMse=1.047 energy=0.023/0.065 fresh=False phase=-1.191 anchor=0.426@-0.435 phi=0.586
frame@67424: gain=0.275 ref=0.429 mse=0.388 tau=0.007 omega=-1.75E-004 bad=0 tapChange=0.0987 floor=0.0135 fading=True/True preMse=0.621 energy=0.039/0.063 fresh=False phase=-0.462 anchor=0.644@-0.213 phi=0.328
frame@67712: gain=0.362 ref=0.421 mse=0.222 tau=0.005 omega=-1.81E-004 bad=0 tapChange=0.0454 floor=0.0143 fading=True/True preMse=0.356 energy=0.041/0.061 fresh=False phase=0.076 anchor=0.734@-0.008 phi=0.034
frame@68000: gain=0.381 ref=0.418 mse=0.241 tau=0.004 omega=-1.51E-004 bad=0 tapChange=0.0388 floor=0.0151 fading=True/True preMse=0.385 energy=0.039/0.060 fresh=False phase=0.333 anchor=0.749@0.130 phi=-0.168
frame@68288: gain=0.421 ref=0.417 mse=0.125 tau=0.003 omega=-1.19E-004 bad=0 tapChange=0.0269 floor=0.0159 fading=True/True preMse=0.200 energy=0.036/0.059 fresh=False phase=0.290 anchor=0.788@0.158 phi=-0.187
frame@68576: gain=0.441 ref=0.417 mse=0.080 tau=0.003 omega=-1.06E-004 bad=0 tapChange=0.0104 floor=0.0104 fading=True/True preMse=0.128 energy=0.029/0.058 fresh=False phase=0.091 anchor=0.779@0.070 phi=-0.077
frame@68864: gain=0.364 ref=0.418 mse=0.199 tau=0.004 omega=-1.22E-004 bad=0 tapChange=0.0147 floor=0.0110 fading=True/True preMse=0.318 energy=0.020/0.057 fresh=False phase=-0.138 anchor=0.647@-0.075 phi=0.095
frame@69152: gain=0.273 ref=0.415 mse=0.399 tau=0.005 omega=-2.01E-004 bad=0 tapChange=0.0299 floor=0.0117 fading=True/True preMse=0.639 energy=0.013/0.055 fresh=False phase=-0.610 anchor=0.500@-0.383 phi=0.456
frame@69440: gain=0.407 ref=0.408 mse=0.406 tau=0.001 omega=-3.05E-004 bad=0 tapChange=0.0381 floor=0.0124 fading=True/True preMse=0.650 energy=0.017/0.053 fresh=False phase=-0.762 anchor=0.656@-0.450 phi=0.601
frame@69728: gain=0.549 ref=0.408 mse=0.128 tau=0.002 omega=-3.47E-004 bad=0 tapChange=0.0101 floor=0.0101 fading=True/True preMse=0.205 energy=0.032/0.051 fresh=False phase=-0.262 anchor=0.873@-0.165 phi=0.240
frame@70016: gain=0.709 ref=0.415 mse=0.074 tau=0.005 omega=-3.54E-004 bad=0 tapChange=0.0174 floor=0.0107 fading=True/True preMse=0.118 energy=0.044/0.050 fresh=False phase=-0.019 anchor=1.001@-0.026 phi=0.042
frame@70304: gain=0.611 ref=0.430 mse=0.068 tau=0.007 omega=-3.78E-004 bad=0 tapChange=0.0196 floor=0.0114 fading=True/True preMse=0.108 energy=0.052/0.050 fresh=False phase=-0.113 anchor=0.955@-0.070 phi=0.134
frame@70592: gain=0.684 ref=0.439 mse=0.144 tau=0.005 omega=-3.83E-004 bad=0 tapChange=0.0329 floor=0.0120 fading=True/True preMse=0.230 energy=0.073/0.050 fresh=False phase=0.026 anchor=1.035@-0.012 phi=0.032
frame@70880: gain=0.744 ref=0.451 mse=0.152 tau=0.005 omega=-3.70E-004 bad=0 tapChange=0.0383 floor=0.0127 fading=True/True preMse=0.244 energy=0.098/0.051 fresh=False phase=0.077 anchor=1.059@0.053 phi=-0.074
frame@71168: gain=0.680 ref=0.466 mse=0.084 tau=0.005 omega=-3.38E-004 bad=0 tapChange=0.0178 floor=0.0135 fading=True/True preMse=0.134 energy=0.106/0.053 fresh=False phase=0.179 anchor=1.007@0.111 phi=-0.185
frame@71456: gain=0.558 ref=0.477 mse=0.071 tau=0.005 omega=-2.97E-004 bad=0 tapChange=0.0082 floor=0.0082 fading=True/True preMse=0.114 energy=0.084/0.056 fresh=False phase=0.242 anchor=0.902@0.157 phi=-0.240
frame@71744: gain=0.440 ref=0.481 mse=0.127 tau=0.004 omega=-2.55E-004 bad=0 tapChange=0.0179 floor=0.0087 fading=True/True preMse=0.203 energy=0.055/0.057 fresh=False phase=0.246 anchor=0.766@0.178 phi=-0.237
frame@72032: gain=0.373 ref=0.479 mse=0.201 tau=0.002 omega=-2.08E-004 bad=0 tapChange=0.0321 floor=0.0092 fading=True/True preMse=0.321 energy=0.043/0.057 fresh=False phase=0.304 anchor=0.687@0.217 phi=-0.275
frame@72320: gain=0.363 ref=0.473 mse=0.185 tau=-0.004 omega=-1.69E-004 bad=0 tapChange=0.0342 floor=0.0098 fading=True/True preMse=0.295 energy=0.044/0.057 fresh=False phase=0.228 anchor=0.709@0.184 phi=-0.220
frame@72608: gain=0.394 ref=0.468 mse=0.122 tau=0.001 omega=-1.40E-004 bad=0 tapChange=0.0251 floor=0.0104 fading=True/True preMse=0.195 energy=0.046/0.056 fresh=False phase=0.157 anchor=0.764@0.131 phi=-0.168
frame@72896: gain=0.448 ref=0.464 mse=0.072 tau=0.003 omega=-1.17E-004 bad=0 tapChange=0.0091 floor=0.0091 fading=True/True preMse=0.115 energy=0.038/0.055 fresh=False phase=0.114 anchor=0.797@0.096 phi=-0.134
frame@73184: gain=0.399 ref=0.463 mse=0.167 tau=0.005 omega=-9.29E-005 bad=0 tapChange=0.0127 floor=0.0096 fading=True/True preMse=0.267 energy=0.023/0.055 fresh=False phase=0.161 anchor=0.711@0.093 phi=-0.138
frame@73472: gain=0.291 ref=0.460 mse=0.353 tau=0.003 omega=-8.89E-005 bad=0 tapChange=0.0310 floor=0.0102 fading=True/True preMse=0.565 energy=0.014/0.053 fresh=False phase=0.052 anchor=0.554@0.012 phi=-0.023
frame@73760: gain=0.208 ref=0.452 mse=0.562 tau=0.001 omega=-1.06E-004 bad=0 tapChange=0.0812 floor=0.0108 fading=True/True preMse=0.899 energy=0.027/0.051 fresh=False phase=-0.162 anchor=0.570@-0.093 phi=0.101
frame@74048: gain=0.358 ref=0.439 mse=0.433 tau=0.007 omega=-1.00E-004 bad=0 tapChange=0.0735 floor=0.0115 fading=True/True preMse=0.692 energy=0.062/0.050 fresh=False phase=0.242 anchor=0.776@0.034 phi=-0.036
frame@74336: gain=0.503 ref=0.435 mse=0.234 tau=-0.003 omega=-7.51E-005 bad=0 tapChange=0.0411 floor=0.0122 fading=True/True preMse=0.374 energy=0.100/0.050 fresh=False phase=0.332 anchor=0.888@0.112 phi=-0.145
frame@74624: gain=0.551 ref=0.439 mse=0.216 tau=-0.008 omega=-1.93E-005 bad=0 tapChange=0.0269 floor=0.0129 fading=True/True preMse=0.345 energy=0.111/0.053 fresh=False phase=0.445 anchor=0.888@0.220 phi=-0.321
frame@74912: gain=0.441 ref=0.444 mse=0.186 tau=-0.006 omega=1.94E-005 bad=0 tapChange=0.0272 floor=0.0136 fading=True/True preMse=0.298 energy=0.091/0.056 fresh=False phase=0.195 anchor=0.799@0.160 phi=-0.223
frame@75200: gain=0.337 ref=0.444 mse=0.281 tau=-0.008 omega=7.01E-005 bad=0 tapChange=0.0535 floor=0.0144 fading=True/True preMse=0.450 energy=0.074/0.058 fresh=False phase=0.420 anchor=0.676@0.207 phi=-0.292
frame@75488: gain=0.341 ref=0.439 mse=0.259 tau=-0.006 omega=1.09E-004 bad=0 tapChange=0.0688 floor=0.0152 fading=True/True preMse=0.414 energy=0.075/0.058 fresh=False phase=0.259 anchor=0.705@0.142 phi=-0.223
frame@75776: gain=0.341 ref=0.434 mse=0.309 tau=-0.004 omega=1.49E-004 bad=0 tapChange=0.0943 floor=0.0161 fading=True/True preMse=0.494 energy=0.068/0.059 fresh=False phase=0.217 anchor=0.700@0.134 phi=-0.231
frame@76064: gain=0.318 ref=0.429 mse=0.208 tau=-0.004 omega=1.70E-004 bad=0 tapChange=0.0662 floor=0.0170 fading=True/True preMse=0.334 energy=0.043/0.060 fresh=False phase=0.146 anchor=0.665@0.062 phi=-0.121
frame@76352: gain=0.320 ref=0.424 mse=0.227 tau=0.000 omega=2.13E-004 bad=0 tapChange=0.0295 floor=0.0179 fading=True/True preMse=0.363 energy=0.020/0.059 fresh=False phase=0.237 anchor=0.588@0.158 phi=-0.245
frame@76640: gain=0.350 ref=0.419 mse=0.217 tau=-0.002 omega=2.53E-004 bad=0 tapChange=0.0437 floor=0.0189 fading=True/True preMse=0.347 energy=0.023/0.057 fresh=False phase=0.295 anchor=0.679@0.150 phi=-0.230
frame@76928: gain=0.530 ref=0.415 mse=0.110 tau=-0.005 omega=2.69E-004 bad=0 tapChange=0.0139 floor=0.0139 fading=True/True preMse=0.177 energy=0.045/0.055 fresh=False phase=0.133 anchor=0.878@0.057 phi=-0.096
frame@77216: gain=0.545 ref=0.421 mse=0.058 tau=-0.004 omega=2.47E-004 bad=0 tapChange=0.0065 floor=0.0065 fading=True/True preMse=0.093 energy=0.050/0.055 fresh=False phase=-0.169 anchor=0.894@-0.077 phi=0.130
frame@77504: gain=0.503 ref=0.427 mse=0.176 tau=-0.003 omega=1.66E-004 bad=0 tapChange=0.0093 floor=0.0069 fading=True/True preMse=0.282 energy=0.030/0.055 fresh=False phase=-0.494 anchor=0.806@-0.305 phi=0.467
frame@77792: gain=0.541 ref=0.431 mse=0.545 tau=-0.003 omega=3.05E-005 bad=0 tapChange=0.0431 floor=0.0074 fading=True/True preMse=0.871 energy=0.035/0.053 fresh=False phase=-0.841 anchor=0.740@-0.535 phi=0.778
frame@78080: gain=0.762 ref=0.436 mse=0.463 tau=-0.006 omega=-3.08E-005 bad=0 tapChange=0.0765 floor=0.0078 fading=True/True preMse=0.740 energy=0.106/0.052 fresh=False phase=-0.440 anchor=0.952@-0.213 phi=0.353
frame@78368: gain=0.556 ref=0.453 mse=0.210 tau=-0.006 omega=-3.15E-005 bad=0 tapChange=0.0961 floor=0.0083 fading=True/True preMse=0.336 energy=0.190/0.055 fresh=False phase=-0.203 anchor=0.915@-0.032 phi=0.004
frame@78656: gain=0.607 ref=0.458 mse=0.153 tau=-0.005 omega=1.30E-006 bad=0 tapChange=0.0472 floor=0.0089 fading=True/True preMse=0.244 energy=0.199/0.062 fresh=False phase=0.130 anchor=0.919@0.065 phi=-0.189
frame@78944: gain=0.455 ref=0.465 mse=0.153 tau=-0.002 omega=4.33E-005 bad=0 tapChange=0.0530 floor=0.0094 fading=True/True preMse=0.244 energy=0.136/0.069 fresh=False phase=0.186 anchor=0.831@0.103 phi=-0.242
frame@79232: gain=0.300 ref=0.465 mse=0.260 tau=0.005 omega=1.09E-004 bad=0 tapChange=0.1127 floor=0.0100 fading=True/True preMse=0.416 energy=0.070/0.072 fresh=False phase=0.383 anchor=0.655@0.207 phi=-0.377
frame@79520: gain=0.287 ref=0.457 mse=0.254 tau=0.008 omega=1.77E-004 bad=0 tapChange=0.0915 floor=0.0106 fading=True/True preMse=0.407 energy=0.034/0.072 fresh=False phase=0.401 anchor=0.588@0.278 phi=-0.395
frame@79808: gain=0.210 ref=0.448 mse=0.317 tau=0.012 omega=2.07E-004 bad=0 tapChange=0.0602 floor=0.0112 fading=True/True preMse=0.508 energy=0.010/0.070 fresh=False phase=0.176 anchor=0.420@0.168 phi=-0.170
frame@80096: gain=0.072 ref=0.436 mse=0.668 tau=0.013 omega=3.34E-005 bad=0 tapChange=0.0618 floor=0.0119 fading=True/True preMse=1.069 energy=0.003/0.067 fresh=False phase=-1.433 anchor=0.146@-0.847 phi=0.998
frame@80384: gain=0.174 ref=0.436 mse=0.680 tau=0.013 omega=-1.20E-004 bad=1 tapChange=0.1625 floor=0.0125 fading=True/True preMse=1.088 energy=0.013/0.067 fresh=False phase=-1.356 anchor=0.386@-0.566 phi=0.881
frame@80672: gain=0.216 ref=0.436 mse=0.351 tau=0.012 omega=-1.60E-004 bad=2 tapChange=0.1007 floor=0.0133 fading=True/True preMse=0.562 energy=0.015/0.067 fresh=False phase=-0.231 anchor=0.498@-0.135 phi=0.234
frame@80960: gain=0.113 ref=0.425 mse=0.514 tau=0.015 omega=-2.14E-004 bad=0 tapChange=0.1137 floor=0.0140 fading=True/True preMse=0.822 energy=0.010/0.064 fresh=False phase=-0.599 anchor=0.339@-0.245 phi=0.309
frame@81248: gain=0.112 ref=0.425 mse=0.783 tau=0.017 omega=-2.73E-004 bad=1 tapChange=0.2332 floor=0.0148 fading=True/True preMse=1.253 energy=0.020/0.064 fresh=False phase=-1.597 anchor=0.372@-0.267 phi=0.340
frame@81536: gain=0.125 ref=0.425 mse=0.555 tau=0.018 omega=-2.73E-004 bad=2 tapChange=0.0000 floor=0.0148 fading=True/True preMse=0.889 energy=0.038/0.064 fresh=True phase=-0.115 anchor=0.547@0.000 phi=0.000
frame@81824: gain=0.355 ref=0.425 mse=0.167 tau=0.014 omega=-2.25E-004 bad=3 tapChange=0.1287 floor=0.0157 fading=True/True preMse=0.266 energy=0.037/0.064 fresh=False phase=0.273 anchor=0.751@0.130 phi=-0.273
frame@82112: gain=0.327 ref=0.422 mse=0.296 tau=0.009 omega=-1.30E-004 bad=0 tapChange=0.0364 floor=0.0166 fading=True/True preMse=0.474 energy=0.022/0.063 fresh=False phase=0.570 anchor=0.610@0.341 phi=-0.551
frame@82400: gain=0.302 ref=0.417 mse=0.613 tau=0.010 omega=-1.73E-005 bad=0 tapChange=0.1367 floor=0.0175 fading=True/True preMse=0.981 energy=0.033/0.061 fresh=False phase=0.877 anchor=0.569@0.432 phi=-0.647
frame@82688: gain=0.431 ref=0.411 mse=0.422 tau=0.012 omega=2.36E-005 bad=0 tapChange=0.1614 floor=0.0185 fading=True/True preMse=0.675 energy=0.073/0.060 fresh=False phase=0.328 anchor=0.821@0.122 phi=-0.235
frame@82976: gain=0.511 ref=0.412 mse=0.133 tau=0.011 omega=1.03E-005 bad=0 tapChange=0.0478 floor=0.0195 fading=True/True preMse=0.213 energy=0.088/0.060 fresh=False phase=-0.128 anchor=0.897@-0.018 phi=0.076
frame@83264: gain=0.443 ref=0.417 mse=0.115 tau=0.010 omega=-1.55E-005 bad=0 tapChange=0.0434 floor=0.0206 fading=True/True preMse=0.183 energy=0.053/0.062 fresh=False phase=-0.136 anchor=0.794@-0.086 phi=0.149
frame@83552: gain=0.252 ref=0.418 mse=0.415 tau=0.014 omega=-1.27E-004 bad=0 tapChange=0.0938 floor=0.0217 fading=True/True preMse=0.663 energy=0.016/0.061 fresh=False phase=-0.774 anchor=0.487@-0.467 phi=0.645
frame@83840: gain=0.378 ref=0.410 mse=0.606 tau=0.012 omega=-3.17E-004 bad=0 tapChange=0.0448 floor=0.0229 fading=True/True preMse=0.970 energy=0.027/0.059 fresh=False phase=-1.162 anchor=0.577@-0.751 phi=1.089
frame@84128: gain=0.527 ref=0.409 mse=0.136 tau=0.010 omega=-3.60E-004 bad=0 tapChange=0.0287 floor=0.0241 fading=True/True preMse=0.218 energy=0.067/0.057 fresh=False phase=-0.221 anchor=0.904@-0.144 phi=0.249
frame@84416: gain=0.549 ref=0.414 mse=0.111 tau=0.009 omega=-3.58E-004 bad=0 tapChange=0.0253 floor=0.0253 fading=True/True preMse=0.178 energy=0.083/0.058 fresh=False phase=0.135 anchor=0.932@0.006 phi=-0.010
frame@84704: gain=0.390 ref=0.421 mse=0.180 tau=0.004 omega=-3.70E-004 bad=0 tapChange=0.0321 floor=0.0266 fading=True/True preMse=0.287 energy=0.066/0.059 fresh=False phase=-0.043 anchor=0.750@-0.015 phi=0.069
frame@84992: gain=0.255 ref=0.420 mse=0.320 tau=-0.001 omega=-4.33E-004 bad=0 tapChange=0.0574 floor=0.0280 fading=True/True preMse=0.512 energy=0.044/0.060 fresh=False phase=-0.524 anchor=0.588@-0.252 phi=0.366
frame@85280: gain=0.381 ref=0.411 mse=0.253 tau=-0.006 omega=-5.08E-004 bad=0 tapChange=0.0510 floor=0.0295 fading=True/True preMse=0.405 energy=0.043/0.059 fresh=False phase=-0.539 anchor=0.738@-0.284 phi=0.427
frame@85568: gain=0.462 ref=0.410 mse=0.154 tau=-0.005 omega=-5.12E-004 bad=0 tapChange=0.0272 floor=0.0272 fading=True/True preMse=0.246 energy=0.044/0.058 fresh=False phase=0.025 anchor=0.811@-0.033 phi=0.026
frame@85856: gain=0.472 ref=0.412 mse=0.298 tau=-0.006 omega=-4.61E-004 bad=0 tapChange=0.0404 floor=0.0287 fading=True/True preMse=0.477 energy=0.041/0.057 fresh=False phase=0.307 anchor=0.794@0.199 phi=-0.296
frame@86144: gain=0.520 ref=0.415 mse=0.272 tau=-0.006 omega=-3.81E-004 bad=0 tapChange=0.0291 floor=0.0291 fading=True/True preMse=0.435 energy=0.050/0.056 fresh=False phase=0.485 anchor=0.845@0.301 phi=-0.460
frame@86432: gain=0.626 ref=0.421 mse=0.177 tau=-0.002 omega=-3.08E-004 bad=0 tapChange=0.0166 floor=0.0166 fading=True/True preMse=0.283 energy=0.071/0.056 fresh=False phase=0.446 anchor=0.958@0.258 phi=-0.421
frame@86720: gain=0.660 ref=0.431 mse=0.080 tau=0.002 omega=-2.69E-004 bad=0 tapChange=0.0080 floor=0.0080 fading=True/True preMse=0.128 energy=0.090/0.057 fresh=False phase=0.208 anchor=1.006@0.150 phi=-0.222
frame@87008: gain=0.571 ref=0.442 mse=0.097 tau=0.005 omega=-2.54E-004 bad=0 tapChange=0.0092 floor=0.0085 fading=True/True preMse=0.155 energy=0.088/0.059 fresh=False phase=0.077 anchor=0.907@0.073 phi=-0.089
frame@87296: gain=0.398 ref=0.449 mse=0.242 tau=0.008 omega=-2.73E-004 bad=0 tapChange=0.0412 floor=0.0091 fading=True/True preMse=0.386 energy=0.071/0.060 fresh=False phase=-0.170 anchor=0.734@-0.055 phi=0.110
frame@87584: gain=0.329 ref=0.446 mse=0.380 tau=0.003 omega=-3.37E-004 bad=0 tapChange=0.0913 floor=0.0096 fading=True/True preMse=0.608 energy=0.066/0.061 fresh=False phase=-0.597 anchor=0.686@-0.227 phi=0.368
frame@87872: gain=0.423 ref=0.440 mse=0.237 tau=0.002 omega=-3.92E-004 bad=0 tapChange=0.0586 floor=0.0102 fading=True/True preMse=0.379 energy=0.079/0.061 fresh=False phase=-0.408 anchor=0.822@-0.187 phi=0.320
frame@88160: gain=0.525 ref=0.440 mse=0.123 tau=0.001 omega=-4.22E-004 bad=0 tapChange=0.0369 floor=0.0108 fading=True/True preMse=0.197 energy=0.078/0.062 fresh=False phase=-0.136 anchor=0.900@-0.081 phi=0.168
frame@88448: gain=0.489 ref=0.444 mse=0.138 tau=0.002 omega=-3.79E-004 bad=0 tapChange=0.0288 floor=0.0115 fading=True/True preMse=0.220 energy=0.063/0.063 fresh=False phase=0.287 anchor=0.860@0.135 phi=-0.244
frame@88736: gain=0.523 ref=0.446 mse=0.144 tau=0.004 omega=-3.10E-004 bad=0 tapChange=0.0233 floor=0.0121 fading=True/True preMse=0.231 energy=0.056/0.063 fresh=False phase=0.461 anchor=0.849@0.282 phi=-0.401
frame@89024: gain=0.489 ref=0.450 mse=0.085 tau=0.002 omega=-2.69E-004 bad=0 tapChange=0.0095 floor=0.0095 fading=True/True preMse=0.137 energy=0.057/0.062 fresh=False phase=0.242 anchor=0.839@0.190 phi=-0.236
frame@89312: gain=0.397 ref=0.452 mse=0.130 tau=0.004 omega=-2.45E-004 bad=0 tapChange=0.0181 floor=0.0101 fading=True/True preMse=0.207 energy=0.052/0.062 fresh=False phase=0.106 anchor=0.735@0.107 phi=-0.138
frame@89600: gain=0.265 ref=0.449 mse=0.252 tau=0.007 omega=-2.37E-004 bad=0 tapChange=0.0536 floor=0.0107 fading=True/True preMse=0.404 energy=0.047/0.062 fresh=False phase=-0.009 anchor=0.631@0.037 phi=-0.041
frame@89888: gain=0.210 ref=0.440 mse=0.316 tau=0.013 omega=-2.20E-004 bad=0 tapChange=0.0855 floor=0.0113 fading=True/True preMse=0.505 energy=0.048/0.061 fresh=False phase=0.288 anchor=0.626@0.078 phi=-0.099
frame@90176: gain=0.203 ref=0.428 mse=0.439 tau=0.011 omega=-1.74E-004 bad=0 tapChange=0.1028 floor=0.0120 fading=True/True preMse=0.702 energy=0.049/0.060 fresh=False phase=0.584 anchor=0.570@0.190 phi=-0.264
frame@90464: gain=0.341 ref=0.417 mse=0.319 tau=0.015 omega=-1.41E-004 bad=0 tapChange=0.0683 floor=0.0127 fading=True/True preMse=0.510 energy=0.052/0.060 fresh=False phase=0.211 anchor=0.698@0.123 phi=-0.194
frame@90752: gain=0.441 ref=0.413 mse=0.220 tau=0.015 omega=-1.11E-004 bad=0 tapChange=0.0496 floor=0.0134 fading=True/True preMse=0.352 energy=0.050/0.059 fresh=False phase=0.125 anchor=0.755@0.089 phi=-0.171
frame@91040: gain=0.386 ref=0.415 mse=0.152 tau=0.013 omega=-1.01E-004 bad=0 tapChange=0.0322 floor=0.0142 fading=True/True preMse=0.244 energy=0.039/0.059 fresh=False phase=-0.021 anchor=0.731@0.034 phi=-0.055
frame@91328: gain=0.433 ref=0.413 mse=0.176 tau=0.014 omega=-5.61E-005 bad=0 tapChange=0.0139 floor=0.0139 fading=True/True preMse=0.281 energy=0.030/0.058 fresh=False phase=0.306 anchor=0.730@0.161 phi=-0.261
frame@91616: gain=0.423 ref=0.414 mse=0.149 tau=0.015 omega=-1.82E-005 bad=0 tapChange=0.0138 floor=0.0138 fading=True/True preMse=0.239 energy=0.028/0.056 fresh=False phase=0.233 anchor=0.731@0.140 phi=-0.218
frame@91904: gain=0.392 ref=0.415 mse=0.199 tau=0.014 omega=-4.67E-007 bad=0 tapChange=0.0374 floor=0.0146 fading=True/True preMse=0.319 energy=0.032/0.055 fresh=False phase=0.066 anchor=0.714@0.058 phi=-0.102
frame@92192: gain=0.421 ref=0.414 mse=0.235 tau=0.015 omega=-4.76E-006 bad=0 tapChange=0.0551 floor=0.0154 fading=True/True preMse=0.375 energy=0.049/0.054 fresh=False phase=-0.118 anchor=0.791@-0.034 phi=0.025
frame@92480: gain=0.564 ref=0.414 mse=0.248 tau=0.015 omega=8.20E-006 bad=0 tapChange=0.0521 floor=0.0163 fading=True/True preMse=0.397 energy=0.076/0.054 fresh=False phase=0.022 anchor=0.902@0.016 phi=-0.075
frame@92768: gain=0.631 ref=0.421 mse=0.080 tau=0.014 omega=9.71E-006 bad=0 tapChange=0.0315 floor=0.0172 fading=True/True preMse=0.128 energy=0.106/0.055 fresh=False phase=-0.039 anchor=0.983@-0.004 phi=-0.009
frame@93056: gain=0.634 ref=0.432 mse=0.118 tau=0.013 omega=3.82E-005 bad=0 tapChange=0.0488 floor=0.0181 fading=True/True preMse=0.188 energy=0.128/0.057 fresh=False phase=0.190 anchor=1.017@0.066 phi=-0.164
frame@93344: gain=0.642 ref=0.442 mse=0.040 tau=0.011 omega=5.76E-005 bad=0 tapChange=0.0211 floor=0.0191 fading=True/True preMse=0.064 energy=0.127/0.061 fresh=False phase=0.114 anchor=0.993@0.065 phi=-0.111
frame@93632: gain=0.506 ref=0.452 mse=0.026 tau=0.011 omega=6.61E-005 bad=0 tapChange=0.0092 floor=0.0092 fading=True/True preMse=0.041 energy=0.087/0.064 fresh=False phase=0.036 anchor=0.874@0.036 phi=-0.049
frame@93920: gain=0.288 ref=0.455 mse=0.197 tau=0.010 omega=4.69E-005 bad=0 tapChange=0.0331 floor=0.0098 fading=True/True preMse=0.315 energy=0.029/0.065 fresh=False phase=-0.111 anchor=0.568@-0.072 phi=0.111
frame@94208: gain=0.082 ref=0.446 mse=0.705 tau=0.003 omega=-8.92E-005 bad=0 tapChange=0.1371 floor=0.0104 fading=True/True preMse=1.128 energy=0.012/0.063 fresh=False phase=-1.790 anchor=0.196@-0.665 phi=0.784
frame@94496: gain=0.224 ref=0.446 mse=0.857 tau=0.004 omega=-2.42E-004 bad=1 tapChange=0.3602 floor=0.0110 fading=True/True preMse=1.371 energy=0.042/0.063 fresh=False phase=-1.811 anchor=0.419@-0.519 phi=0.880
frame@94784: gain=0.251 ref=0.435 mse=0.309 tau=0.004 omega=-2.54E-004 bad=0 tapChange=0.1876 floor=0.0117 fading=True/True preMse=0.494 energy=0.063/0.062 fresh=False phase=0.076 anchor=0.701@-0.068 phi=0.071
frame@95072: gain=0.383 ref=0.426 mse=0.147 tau=0.007 omega=-2.55E-004 bad=0 tapChange=0.0511 floor=0.0124 fading=True/True preMse=0.236 energy=0.049/0.062 fresh=False phase=0.108 anchor=0.753@0.039 phi=0.004
frame@95360: gain=0.286 ref=0.424 mse=0.224 tau=0.011 omega=-2.47E-004 bad=0 tapChange=0.0505 floor=0.0131 fading=True/True preMse=0.358 energy=0.020/0.062 fresh=False phase=0.150 anchor=0.566@0.052 phi=-0.047
frame@95648: gain=0.139 ref=0.417 mse=0.407 tau=0.008 omega=-2.52E-004 bad=0 tapChange=0.0365 floor=0.0138 fading=True/True preMse=0.651 energy=0.005/0.060 fresh=False phase=0.025 anchor=0.301@-0.015 phi=0.030
frame@95936: gain=0.098 ref=0.417 mse=0.537 tau=0.000 omega=-3.31E-004 bad=1 tapChange=0.0865 floor=0.0146 fading=True/True preMse=0.859 energy=0.007/0.060 fresh=False phase=-0.722 anchor=0.291@-0.371 phi=0.457
frame@96224: gain=0.181 ref=0.417 mse=0.332 tau=0.008 omega=-3.28E-004 bad=2 tapChange=0.0438 floor=0.0154 fading=True/True preMse=0.532 energy=0.006/0.060 fresh=False phase=0.071 anchor=0.384@0.010 phi=-0.020
frame@96512: gain=0.158 ref=0.417 mse=0.596 tau=-0.009 omega=-1.55E-004 bad=3 tapChange=0.0170 floor=0.0163 fading=True/True preMse=0.954 energy=0.002/0.060 fresh=False phase=1.038 anchor=0.239@0.856 phi=-0.996
frame@96800: gain=0.258 ref=0.417 mse=0.643 tau=-0.001 omega=2.70E-005 bad=4 tapChange=0.0575 floor=0.0172 fading=True/True preMse=1.029 energy=0.009/0.060 fresh=False phase=1.143 anchor=0.435@0.767 phi=-1.048
frame@97088: gain=0.342 ref=0.409 mse=0.273 tau=-0.003 omega=9.75E-005 bad=0 tapChange=0.0305 floor=0.0182 fading=True/True preMse=0.437 energy=0.013/0.057 fresh=False phase=0.377 anchor=0.615@0.269 phi=-0.406
frame@97376: gain=0.292 ref=0.406 mse=0.365 tau=-0.002 omega=1.96E-004 bad=0 tapChange=0.0237 floor=0.0192 fading=True/True preMse=0.585 energy=0.011/0.055 fresh=False phase=0.601 anchor=0.511@0.422 phi=-0.567
frame@97664: gain=0.393 ref=0.400 mse=0.442 tau=-0.005 omega=2.72E-004 bad=0 tapChange=0.0540 floor=0.0203 fading=True/True preMse=0.706 energy=0.027/0.053 fresh=False phase=0.576 anchor=0.652@0.329 phi=-0.440
frame@97952: gain=0.546 ref=0.400 mse=0.319 tau=-0.007 omega=3.15E-004 bad=0 tapChange=0.0494 floor=0.0214 fading=True/True preMse=0.510 energy=0.058/0.051 fresh=False phase=0.355 anchor=0.845@0.188 phi=-0.245
frame@98240: gain=0.592 ref=0.407 mse=0.120 tau=-0.003 omega=3.31E-004 bad=0 tapChange=0.0202 floor=0.0202 fading=True/True preMse=0.191 energy=0.071/0.052 fresh=False phase=0.131 anchor=0.919@0.072 phi=-0.096
frame@98528: gain=0.569 ref=0.416 mse=0.029 tau=-0.004 omega=3.42E-004 bad=0 tapChange=0.0069 floor=0.0069 fading=True/True preMse=0.047 energy=0.061/0.053 fresh=False phase=0.074 anchor=0.912@0.040 phi=-0.059
frame@98816: gain=0.508 ref=0.424 mse=0.074 tau=0.007 omega=3.56E-004 bad=0 tapChange=0.0090 floor=0.0073 fading=True/True preMse=0.118 energy=0.048/0.053 fresh=False phase=0.069 anchor=0.844@0.057 phi=-0.084
frame@99104: gain=0.418 ref=0.428 mse=0.193 tau=0.007 omega=3.71E-004 bad=0 tapChange=0.0307 floor=0.0078 fading=True/True preMse=0.308 energy=0.048/0.053 fresh=False phase=0.078 anchor=0.773@0.049 phi=-0.085
frame@99392: gain=0.244 ref=0.428 mse=0.561 tau=0.006 omega=3.94E-004 bad=0 tapChange=0.1499 floor=0.0083 fading=True/True preMse=0.897 energy=0.070/0.053 fresh=False phase=-0.004 anchor=0.652@0.053 phi=-0.135
frame@99680: gain=0.255 ref=0.418 mse=0.519 tau=0.004 omega=4.02E-004 bad=0 tapChange=0.1526 floor=0.0088 fading=True/True preMse=0.831 energy=0.099/0.054 fresh=False phase=-0.207 anchor=0.733@-0.024 phi=-0.043
frame@99968: gain=0.256 ref=0.410 mse=0.443 tau=0.003 omega=4.15E-004 bad=0 tapChange=0.1087 floor=0.0093 fading=True/True preMse=0.709 energy=0.108/0.056 fresh=False phase=0.159 anchor=0.687@-0.018 phi=-0.074
frame@100256: gain=0.256 ref=0.403 mse=0.378 tau=0.002 omega=4.07E-004 bad=0 tapChange=0.1007 floor=0.0099 fading=True/True preMse=0.606 energy=0.085/0.058 fresh=False phase=-0.131 anchor=0.643@-0.066 phi=0.044
frame@100544: gain=0.147 ref=0.395 mse=0.429 tau=-0.005 omega=4.10E-004 bad=0 tapChange=0.1382 floor=0.0105 fading=True/True preMse=0.686 energy=0.045/0.060 fresh=False phase=0.001 anchor=0.492@-0.038 phi=-0.019
frame@100832: gain=0.115 ref=0.395 mse=0.557 tau=-0.002 omega=4.10E-004 bad=1 tapChange=0.0000 floor=0.0105 fading=True/True preMse=0.891 energy=0.025/0.060 fresh=True phase=1.079 anchor=0.480@-0.000 phi=0.000
frame@101120: gain=0.191 ref=0.395 mse=0.355 tau=-0.001 omega=4.40E-004 bad=2 tapChange=0.2354 floor=0.0111 fading=True/True preMse=0.569 energy=0.019/0.060 fresh=False phase=0.250 anchor=0.474@0.127 phi=-0.168
frame@101408: gain=0.043 ref=0.385 mse=0.642 tau=0.002 omega=4.54E-004 bad=0 tapChange=0.2376 floor=0.0118 fading=True/True preMse=1.026 energy=0.011/0.058 fresh=False phase=0.618 anchor=0.286@0.074 phi=-0.082
frame@101696: gain=0.223 ref=0.385 mse=1.299 tau=0.007 omega=4.49E-004 bad=1 tapChange=0.6325 floor=0.0124 fading=True/True preMse=2.078 energy=0.038/0.058 fresh=False phase=2.810 anchor=0.337@0.019 phi=0.028
frame@101984: gain=0.154 ref=0.377 mse=0.753 tau=0.014 omega=3.83E-004 bad=0 tapChange=0.4790 floor=0.0132 fading=True/True preMse=1.205 energy=0.115/0.057 fresh=False phase=-1.013 anchor=0.604@-0.144 phi=0.379
frame@102272: gain=0.421 ref=0.377 mse=0.290 tau=0.018 omega=3.54E-004 bad=1 tapChange=0.1471 floor=0.0139 fading=True/True preMse=0.465 energy=0.187/0.057 fresh=False phase=-0.022 anchor=0.827@-0.054 phi=0.169
frame@102560: gain=0.491 ref=0.379 mse=0.134 tau=0.018 omega=3.21E-004 bad=0 tapChange=0.0518 floor=0.0147 fading=True/True preMse=0.214 energy=0.203/0.063 fresh=False phase=-0.165 anchor=0.872@-0.072 phi=0.191
frame@102848: gain=0.480 ref=0.385 mse=0.124 tau=0.018 omega=2.81E-004 bad=0 tapChange=0.0776 floor=0.0156 fading=True/True preMse=0.198 energy=0.162/0.070 fresh=False phase=-0.164 anchor=0.845@-0.110 phi=0.229
frame@103136: gain=0.404 ref=0.389 mse=0.187 tau=0.012 omega=2.23E-004 bad=0 tapChange=0.0583 floor=0.0164 fading=True/True preMse=0.300 energy=0.089/0.075 fresh=False phase=-0.374 anchor=0.763@-0.158 phi=0.333
frame@103424: gain=0.248 ref=0.390 mse=0.304 tau=0.017 omega=1.89E-004 bad=0 tapChange=0.1068 floor=0.0174 fading=True/True preMse=0.486 energy=0.029/0.075 fresh=False phase=-0.182 anchor=0.533@-0.139 phi=0.198
frame@103712: gain=0.129 ref=0.383 mse=0.540 tau=0.016 omega=1.92E-004 bad=0 tapChange=0.1228 floor=0.0183 fading=True/True preMse=0.864 energy=0.010/0.073 fresh=False phase=0.133 anchor=0.327@0.001 phi=-0.019
frame@104000: gain=0.073 ref=0.383 mse=0.654 tau=-0.012 omega=1.90E-004 bad=1 tapChange=0.2590 floor=0.0193 fading=True/True preMse=1.047 energy=0.020/0.073 fresh=False phase=0.259 anchor=0.396@-0.037 phi=0.010
frame@104288: gain=0.200 ref=0.383 mse=0.392 tau=0.007 omega=1.61E-004 bad=2 tapChange=0.1753 floor=0.0204 fading=True/True preMse=0.627 energy=0.033/0.073 fresh=False phase=-0.269 anchor=0.626@-0.093 phi=0.169
frame@104576: gain=0.344 ref=0.374 mse=0.204 tau=0.016 omega=1.66E-004 bad=0 tapChange=0.0570 floor=0.0215 fading=True/True preMse=0.327 energy=0.044/0.071 fresh=False phase=0.070 anchor=0.744@0.019 phi=-0.032
frame@104864: gain=0.445 ref=0.372 mse=0.160 tau=0.022 omega=1.99E-004 bad=0 tapChange=0.0309 floor=0.0227 fading=True/True preMse=0.256 energy=0.047/0.070 fresh=False phase=0.286 anchor=0.789@0.136 phi=-0.189
frame@105152: gain=0.438 ref=0.376 mse=0.128 tau=0.020 omega=2.48E-004 bad=0 tapChange=0.0172 floor=0.0172 fading=True/True preMse=0.205 energy=0.030/0.069 fresh=False phase=0.332 anchor=0.756@0.198 phi=-0.280
frame@105440: gain=0.336 ref=0.379 mse=0.236 tau=0.011 omega=3.13E-004 bad=0 tapChange=0.0120 floor=0.0120 fading=True/True preMse=0.377 energy=0.011/0.067 fresh=False phase=0.373 anchor=0.576@0.290 phi=-0.377
frame@105728: gain=0.321 ref=0.377 mse=0.406 tau=0.012 omega=4.07E-004 bad=0 tapChange=0.0346 floor=0.0127 fading=True/True preMse=0.650 energy=0.015/0.064 fresh=False phase=0.646 anchor=0.547@0.424 phi=-0.543
frame@106016: gain=0.371 ref=0.374 mse=0.318 tau=0.012 omega=4.68E-004 bad=0 tapChange=0.0463 floor=0.0134 fading=True/True preMse=0.509 energy=0.027/0.062 fresh=False phase=0.517 anchor=0.676@0.258 phi=-0.348
frame@106304: gain=0.382 ref=0.374 mse=0.155 tau=0.011 omega=4.47E-004 bad=0 tapChange=0.0088 floor=0.0088 fading=True/True preMse=0.248 energy=0.018/0.060 fresh=False phase=-0.124 anchor=0.658@-0.053 phi=0.119
frame@106592: gain=0.247 ref=0.374 mse=0.337 tau=0.008 omega=4.51E-004 bad=0 tapChange=0.0363 floor=0.0093 fading=True/True preMse=0.539 energy=0.010/0.058 fresh=False phase=0.012 anchor=0.473@0.018 phi=-0.025
frame@106880: gain=0.253 ref=0.368 mse=0.527 tau=0.010 omega=4.87E-004 bad=0 tapChange=0.0959 floor=0.0099 fading=True/True preMse=0.843 energy=0.030/0.055 fresh=False phase=0.431 anchor=0.614@0.129 phi=-0.202
frame@107168: gain=0.492 ref=0.362 mse=0.193 tau=0.013 omega=4.85E-004 bad=0 tapChange=0.0352 floor=0.0105 fading=True/True preMse=0.308 energy=0.059/0.054 fresh=False phase=0.015 anchor=0.875@-0.008 phi=0.011
frame@107456: gain=0.613 ref=0.369 mse=0.080 tau=0.015 omega=4.75E-004 bad=0 tapChange=0.0239 floor=0.0111 fading=True/True preMse=0.128 energy=0.067/0.054 fresh=False phase=-0.104 anchor=0.965@-0.043 phi=0.057
frame@107744: gain=0.566 ref=0.381 mse=0.033 tau=0.014 omega=4.83E-004 bad=0 tapChange=0.0227 floor=0.0118 fading=True/True preMse=0.053 energy=0.054/0.055 fresh=False phase=0.008 anchor=0.928@0.014 phi=-0.046
frame@108032: gain=0.525 ref=0.390 mse=0.033 tau=0.014 omega=4.99E-004 bad=0 tapChange=0.0092 floor=0.0092 fading=True/True preMse=0.053 energy=0.042/0.055 fresh=False phase=0.078 anchor=0.878@0.055 phi=-0.093
frame@108320: gain=0.522 ref=0.397 mse=0.048 tau=0.015 omega=4.87E-004 bad=0 tapChange=0.0057 floor=0.0057 fading=True/True preMse=0.077 energy=0.038/0.054 fresh=False phase=-0.085 anchor=0.889@-0.041 phi=0.069
frame@108608: gain=0.512 ref=0.403 mse=0.126 tau=0.014 omega=4.32E-004 bad=0 tapChange=0.0051 floor=0.0051 fading=True/True preMse=0.201 energy=0.036/0.053 fresh=False phase=-0.355 anchor=0.859@-0.216 phi=0.319
frame@108896: gain=0.480 ref=0.409 mse=0.153 tau=0.013 omega=3.62E-004 bad=0 tapChange=0.0056 floor=0.0055 fading=True/True preMse=0.244 energy=0.033/0.053 fresh=False phase=-0.435 anchor=0.805@-0.301 phi=0.401
frame@109184: gain=0.384 ref=0.412 mse=0.127 tau=0.013 omega=3.19E-004 bad=0 tapChange=0.0097 floor=0.0059 fading=True/True preMse=0.203 energy=0.021/0.052 fresh=False phase=-0.259 anchor=0.697@-0.213 phi=0.250
frame@109472: gain=0.206 ref=0.411 mse=0.299 tau=0.012 omega=3.01E-004 bad=0 tapChange=0.0154 floor=0.0063 fading=True/True preMse=0.478 energy=0.005/0.050 fresh=False phase=-0.049 anchor=0.391@-0.102 phi=0.099
frame@109760: gain=0.069 ref=0.401 mse=0.821 tau=0.010 omega=2.98E-004 bad=0 tapChange=0.0270 floor=0.0067 fading=True/True preMse=1.314 energy=0.001/0.048 fresh=False phase=-2.956 anchor=0.081@-2.583 phi=0.018
frame@110048: gain=0.317 ref=0.401 mse=1.463 tau=0.009 omega=2.70E-004 bad=1 tapChange=0.4560 floor=0.0071 fading=True/True preMse=2.340 energy=0.014/0.048 fresh=False phase=-2.973 anchor=0.093@-2.389 phi=0.162
frame@110336: gain=0.110 ref=0.396 mse=0.927 tau=0.008 omega=2.03E-004 bad=0 tapChange=1.3379 floor=0.0076 fading=True/True preMse=1.483 energy=0.033/0.046 fresh=False phase=-2.913 anchor=0.333@-0.081 phi=0.388
frame@110624: gain=0.207 ref=0.396 mse=0.309 tau=0.010 omega=1.98E-004 bad=1 tapChange=0.3056 floor=0.0080 fading=True/True preMse=0.495 energy=0.037/0.046 fresh=False phase=-0.099 anchor=0.562@-0.028 phi=0.024
frame@110912: gain=0.329 ref=0.387 mse=0.207 tau=0.008 omega=2.29E-004 bad=0 tapChange=0.0613 floor=0.0085 fading=True/True preMse=0.332 energy=0.027/0.046 fresh=False phase=0.231 anchor=0.627@0.094 phi=-0.176
frame@111200: gain=0.307 ref=0.384 mse=0.230 tau=0.006 omega=2.53E-004 bad=0 tapChange=0.0493 floor=0.0091 fading=True/True preMse=0.368 energy=0.018/0.045 fresh=False phase=0.172 anchor=0.592@0.091 phi=-0.137
frame@111488: gain=0.279 ref=0.380 mse=0.266 tau=0.004 omega=2.61E-004 bad=0 tapChange=0.0679 floor=0.0096 fading=True/True preMse=0.425 energy=0.018/0.043 fresh=False phase=0.092 anchor=0.589@0.049 phi=-0.047
frame@111776: gain=0.281 ref=0.375 mse=0.283 tau=0.008 omega=1.99E-004 bad=0 tapChange=0.0471 floor=0.0102 fading=True/True preMse=0.453 energy=0.015/0.042 fresh=False phase=-0.440 anchor=0.560@-0.233 phi=0.354
frame@112064: gain=0.321 ref=0.370 mse=0.522 tau=0.007 omega=5.33E-005 bad=0 tapChange=0.0361 floor=0.0108 fading=True/True preMse=0.835 energy=0.011/0.041 fresh=False phase=-0.926 anchor=0.513@-0.611 phi=0.842
frame@112352: gain=0.459 ref=0.368 mse=0.603 tau=0.007 omega=-6.51E-005 bad=0 tapChange=0.0807 floor=0.0115 fading=True/True preMse=0.964 energy=0.028/0.039 fresh=False phase=-0.818 anchor=0.684@-0.453 phi=0.682
frame@112640: gain=0.545 ref=0.372 mse=0.258 tau=0.002 omega=-9.28E-005 bad=0 tapChange=0.0396 floor=0.0121 fading=True/True preMse=0.412 energy=0.055/0.039 fresh=False phase=-0.157 anchor=0.880@-0.127 phi=0.159
frame@112928: gain=0.572 ref=0.381 mse=0.112 tau=-0.001 omega=-8.50E-005 bad=0 tapChange=0.0144 floor=0.0128 fading=True/True preMse=0.179 energy=0.064/0.040 fresh=False phase=0.070 anchor=0.930@0.024 phi=-0.045
frame@113216: gain=0.520 ref=0.391 mse=0.083 tau=-0.005 omega=-7.25E-005 bad=0 tapChange=0.0103 floor=0.0103 fading=True/True preMse=0.133 energy=0.051/0.041 fresh=False phase=0.124 anchor=0.869@0.062 phi=-0.072
frame@113504: gain=0.333 ref=0.397 mse=0.269 tau=-0.005 omega=-4.72E-005 bad=0 tapChange=0.0299 floor=0.0109 fading=True/True preMse=0.430 energy=0.030/0.041 fresh=False phase=0.159 anchor=0.639@0.130 phi=-0.146
frame@113792: gain=0.220 ref=0.394 mse=0.429 tau=0.002 omega=4.92E-006 bad=0 tapChange=0.0733 floor=0.0115 fading=True/True preMse=0.687 energy=0.021/0.041 fresh=False phase=0.409 anchor=0.501@0.255 phi=-0.300
frame@114080: gain=0.135 ref=0.385 mse=0.524 tau=0.002 omega=2.36E-005 bad=0 tapChange=0.1316 floor=0.0122 fading=True/True preMse=0.839 energy=0.024/0.040 fresh=False phase=0.165 anchor=0.465@0.124 phi=-0.108
frame@114368: gain=0.104 ref=0.385 mse=0.572 tau=0.003 omega=2.36E-005 bad=1 tapChange=0.0000 floor=0.0122 fading=True/True preMse=0.916 energy=0.035/0.040 fresh=True phase=-0.118 anchor=0.527@-0.000 phi=0.000
frame@114656: gain=0.342 ref=0.385 mse=0.179 tau=-0.001 omega=3.75E-005 bad=2 tapChange=0.1482 floor=0.0129 fading=True/True preMse=0.286 energy=0.038/0.040 fresh=False phase=0.126 anchor=0.728@0.036 phi=-0.080
frame@114944: gain=0.347 ref=0.383 mse=0.165 tau=-0.001 omega=3.75E-005 bad=0 tapChange=0.0544 floor=0.0137 fading=True/True preMse=0.264 energy=0.026/0.040 fresh=False phase=0.043 anchor=0.675@0.040 phi=-0.000
frame@115232: gain=0.223 ref=0.381 mse=0.328 tau=0.001 omega=-2.37E-005 bad=0 tapChange=0.0658 floor=0.0145 fading=True/True preMse=0.526 energy=0.016/0.039 fresh=False phase=-0.369 anchor=0.487@-0.232 phi=0.353
frame@115520: gain=0.288 ref=0.373 mse=0.348 tau=0.002 omega=-1.10E-004 bad=0 tapChange=0.0595 floor=0.0153 fading=True/True preMse=0.558 energy=0.016/0.038 fresh=False phase=-0.575 anchor=0.561@-0.339 phi=0.499
frame@115808: gain=0.302 ref=0.369 mse=0.318 tau=0.004 omega=-6.95E-005 bad=0 tapChange=0.0727 floor=0.0162 fading=True/True preMse=0.510 energy=0.028/0.037 fresh=False phase=0.325 anchor=0.679@0.124 phi=-0.235
frame@116096: gain=0.565 ref=0.366 mse=0.268 tau=0.006 omega=-5.75E-006 bad=0 tapChange=0.0497 floor=0.0171 fading=True/True preMse=0.428 energy=0.051/0.036 fresh=False phase=0.474 anchor=0.902@0.222 phi=-0.367
frame@116384: gain=0.516 ref=0.376 mse=0.140 tau=0.005 omega=2.06E-005 bad=0 tapChange=0.0449 floor=0.0180 fading=True/True preMse=0.224 energy=0.059/0.037 fresh=False phase=0.285 anchor=0.915@0.120 phi=-0.152
frame@116672: gain=0.355 ref=0.383 mse=0.176 tau=0.007 omega=2.68E-005 bad=0 tapChange=0.0363 floor=0.0190 fading=True/True preMse=0.282 energy=0.041/0.038 fresh=False phase=0.096 anchor=0.720@0.045 phi=-0.036
frame@116960: gain=0.109 ref=0.381 mse=0.478 tau=0.020 omega=-1.35E-005 bad=0 tapChange=0.0913 floor=0.0201 fading=True/True preMse=0.764 energy=0.025/0.038 fresh=False phase=-0.493 anchor=0.401@-0.192 phi=0.232
frame@117248: gain=0.198 ref=0.381 mse=0.785 tau=0.020 omega=-1.58E-004 bad=1 tapChange=0.1995 floor=0.0212 fading=True/True preMse=1.256 energy=0.028/0.038 fresh=False phase=-1.729 anchor=0.366@-0.650 phi=0.832
frame@117536: gain=0.325 ref=0.372 mse=0.328 tau=0.017 omega=-2.28E-004 bad=0 tapChange=0.0529 floor=0.0223 fading=True/True preMse=0.525 energy=0.031/0.038 fresh=False phase=-0.371 anchor=0.646@-0.268 phi=0.405
frame@117824: gain=0.366 ref=0.370 mse=0.195 tau=0.017 omega=-1.92E-004 bad=0 tapChange=0.0416 floor=0.0235 fading=True/True preMse=0.312 energy=0.022/0.037 fresh=False phase=0.288 anchor=0.673@0.117 phi=-0.209
frame@118112: gain=0.377 ref=0.370 mse=0.232 tau=0.015 omega=-1.13E-004 bad=0 tapChange=0.0155 floor=0.0155 fading=True/True preMse=0.371 energy=0.018/0.037 fresh=False phase=0.474 anchor=0.655@0.318 phi=-0.452
frame@118400: gain=0.470 ref=0.370 mse=0.231 tau=0.018 omega=-2.75E-005 bad=0 tapChange=0.0116 floor=0.0116 fading=True/True preMse=0.369 energy=0.021/0.036 fresh=False phase=0.498 anchor=0.749@0.334 phi=-0.495
frame@118688: gain=0.433 ref=0.375 mse=0.155 tau=0.018 omega=1.45E-005 bad=0 tapChange=0.0084 floor=0.0084 fading=True/True preMse=0.248 energy=0.020/0.035 fresh=False phase=0.218 anchor=0.732@0.183 phi=-0.242
frame@118976: gain=0.367 ref=0.378 mse=0.185 tau=0.027 omega=5.51E-006 bad=0 tapChange=0.0146 floor=0.0089 fading=True/True preMse=0.295 energy=0.019/0.034 fresh=False phase=-0.086 anchor=0.668@-0.012 phi=0.052
frame@119264: gain=0.299 ref=0.377 mse=0.254 tau=0.030 omega=-3.57E-005 bad=0 tapChange=0.0362 floor=0.0095 fading=True/True preMse=0.406 energy=0.022/0.033 fresh=False phase=-0.351 anchor=0.603@-0.163 phi=0.237
frame@119552: gain=0.396 ref=0.373 mse=0.165 tau=0.025 omega=-9.09E-005 bad=0 tapChange=0.0109 floor=0.0100 fading=True/True preMse=0.264 energy=0.020/0.033 fresh=False phase=-0.338 anchor=0.695@-0.238 phi=0.318
frame@119840: gain=0.514 ref=0.375 mse=0.140 tau=0.003 omega=-1.11E-004 bad=0 tapChange=0.0082 floor=0.0082 fading=True/True preMse=0.224 energy=0.023/0.032 fresh=False phase=-0.071 anchor=0.834@-0.096 phi=0.115
frame@120128: gain=0.521 ref=0.382 mse=0.322 tau=0.002 omega=-1.06E-004 bad=0 tapChange=0.0243 floor=0.0087 fading=True/True preMse=0.515 energy=0.056/0.032 fresh=False phase=0.007 anchor=0.843@0.003 phi=-0.028
frame@120416: gain=0.375 ref=0.389 mse=0.670 tau=0.000 omega=-6.95E-005 bad=0 tapChange=0.1173 floor=0.0092 fading=True/True preMse=1.072 energy=0.108/0.033 fresh=False phase=0.275 anchor=0.788@0.100 phi=-0.210
frame@120704: gain=0.407 ref=0.388 mse=0.534 tau=-0.002 omega=-3.04E-005 bad=0 tapChange=0.1307 floor=0.0098 fading=True/True preMse=0.854 energy=0.134/0.037 fresh=False phase=0.219 anchor=0.831@0.094 phi=-0.225
frame@120992: gain=0.321 ref=0.389 mse=0.306 tau=0.001 omega=-2.60E-005 bad=0 tapChange=0.0793 floor=0.0104 fading=True/True preMse=0.489 energy=0.114/0.042 fresh=False phase=-0.188 anchor=0.723@-0.004 phi=-0.025
frame@121280: gain=0.157 ref=0.385 mse=0.490 tau=-0.000 omega=-3.68E-005 bad=0 tapChange=0.1166 floor=0.0110 fading=True/True preMse=0.784 energy=0.067/0.045 fresh=False phase=-0.355 anchor=0.500@-0.080 phi=0.062
frame@121568: gain=0.075 ref=0.385 mse=0.715 tau=-0.002 omega=-3.68E-005 bad=1 tapChange=0.0000 floor=0.0110 fading=True/True preMse=1.144 energy=0.033/0.045 fresh=True phase=-1.294 anchor=0.551@0.000 phi=0.000
frame@121856: gain=0.227 ref=0.385 mse=0.349 tau=-0.008 omega=-1.05E-004 bad=2 tapChange=0.2301 floor=0.0117 fading=True/True preMse=0.558 energy=0.026/0.045 fresh=False phase=-0.498 anchor=0.575@-0.217 phi=0.396
frame@122144: gain=0.348 ref=0.377 mse=0.264 tau=-0.005 omega=-1.72E-004 bad=0 tapChange=0.0804 floor=0.0124 fading=True/True preMse=0.422 energy=0.031/0.044 fresh=False phase=-0.481 anchor=0.708@-0.255 phi=0.382
frame@122432: gain=0.396 ref=0.376 mse=0.219 tau=-0.008 omega=-2.20E-004 bad=0 tapChange=0.0431 floor=0.0131 fading=True/True preMse=0.351 energy=0.031/0.044 fresh=False phase=-0.355 anchor=0.705@-0.205 phi=0.276
frame@122720: gain=0.348 ref=0.377 mse=0.267 tau=-0.009 omega=-2.80E-004 bad=0 tapChange=0.0481 floor=0.0138 fading=True/True preMse=0.427 energy=0.028/0.043 fresh=False phase=-0.446 anchor=0.643@-0.251 phi=0.346
frame@123008: gain=0.443 ref=0.376 mse=0.182 tau=-0.007 omega=-3.34E-004 bad=0 tapChange=0.0283 floor=0.0146 fading=True/True preMse=0.291 energy=0.034/0.042 fresh=False phase=-0.350 anchor=0.766@-0.203 phi=0.312
frame@123296: gain=0.582 ref=0.379 mse=0.083 tau=-0.000 omega=-3.58E-004 bad=0 tapChange=0.0121 floor=0.0121 fading=True/True preMse=0.133 energy=0.054/0.042 fresh=False phase=-0.123 anchor=0.919@-0.086 phi=0.140
frame@123584: gain=0.627 ref=0.389 mse=0.080 tau=0.003 omega=-3.64E-004 bad=0 tapChange=0.0144 floor=0.0128 fading=True/True preMse=0.128 energy=0.079/0.042 fresh=False phase=-0.029 anchor=0.957@-0.015 phi=0.033
frame@123872: gain=0.608 ref=0.401 mse=0.087 tau=0.004 omega=-3.51E-004 bad=0 tapChange=0.0167 floor=0.0136 fading=True/True preMse=0.140 energy=0.096/0.044 fresh=False phase=0.103 anchor=0.931@0.050 phi=-0.072
frame@124160: gain=0.583 ref=0.411 mse=0.077 tau=0.009 omega=-3.28E-004 bad=0 tapChange=0.0200 floor=0.0143 fading=True/True preMse=0.123 energy=0.094/0.047 fresh=False phase=0.120 anchor=0.894@0.082 phi=-0.133
frame@124448: gain=0.415 ref=0.420 mse=0.153 tau=0.012 omega=-3.23E-004 bad=0 tapChange=0.0593 floor=0.0152 fading=True/True preMse=0.244 energy=0.069/0.049 fresh=False phase=-0.025 anchor=0.752@0.021 phi=-0.033
frame@124736: gain=0.333 ref=0.420 mse=0.212 tau=0.016 omega=-3.46E-004 bad=0 tapChange=0.0597 floor=0.0160 fading=True/True preMse=0.340 energy=0.035/0.050 fresh=False phase=-0.217 anchor=0.648@-0.086 phi=0.132
frame@125024: gain=0.219 ref=0.415 mse=0.370 tau=0.017 omega=-4.00E-004 bad=0 tapChange=0.0684 floor=0.0169 fading=True/True preMse=0.593 energy=0.018/0.049 fresh=False phase=-0.422 anchor=0.458@-0.241 phi=0.312
frame@125312: gain=0.252 ref=0.406 mse=0.444 tau=0.019 omega=-4.76E-004 bad=0 tapChange=0.1022 floor=0.0179 fading=True/True preMse=0.710 energy=0.025/0.048 fresh=False phase=-0.722 anchor=0.534@-0.312 phi=0.441
frame@125600: gain=0.287 ref=0.398 mse=0.292 tau=0.018 omega=-5.02E-004 bad=0 tapChange=0.0666 floor=0.0188 fading=True/True preMse=0.467 energy=0.038/0.047 fresh=False phase=-0.242 anchor=0.659@-0.135 phi=0.148
frame@125888: gain=0.332 ref=0.392 mse=0.255 tau=0.026 omega=-5.12E-004 bad=0 tapChange=0.0487 floor=0.0199 fading=True/True preMse=0.409 energy=0.045/0.046 fresh=False phase=-0.146 anchor=0.687@-0.066 phi=0.057
frame@126176: gain=0.420 ref=0.389 mse=0.196 tau=0.033 omega=-5.28E-004 bad=0 tapChange=0.0344 floor=0.0210 fading=True/True preMse=0.313 energy=0.049/0.046 fresh=False phase=-0.155 anchor=0.783@-0.051 phi=0.093
frame@126464: gain=0.472 ref=0.391 mse=0.180 tau=0.035 omega=-5.29E-004 bad=0 tapChange=0.0248 floor=0.0221 fading=True/True preMse=0.288 energy=0.050/0.046 fresh=False phase=0.026 anchor=0.805@0.005 phi=0.008
frame@126752: gain=0.451 ref=0.395 mse=0.157 tau=0.033 omega=-5.11E-004 bad=0 tapChange=0.0158 floor=0.0158 fading=True/True preMse=0.252 energy=0.043/0.046 fresh=False phase=0.157 anchor=0.776@0.091 phi=-0.104
frame@127040: gain=0.448 ref=0.398 mse=0.179 tau=0.030 omega=-4.81E-004 bad=0 tapChange=0.0128 floor=0.0128 fading=True/True preMse=0.287 energy=0.031/0.046 fresh=False phase=0.255 anchor=0.755@0.140 phi=-0.177
frame@127328: gain=0.434 ref=0.400 mse=0.228 tau=0.029 omega=-4.22E-004 bad=0 tapChange=0.0185 floor=0.0135 fading=True/True preMse=0.364 energy=0.024/0.046 fresh=False phase=0.408 anchor=0.725@0.248 phi=-0.336
frame@127616: gain=0.450 ref=0.402 mse=0.303 tau=0.030 omega=-3.30E-004 bad=0 tapChange=0.0227 floor=0.0143 fading=True/True preMse=0.485 energy=0.026/0.044 fresh=False phase=0.605 anchor=0.734@0.379 phi=-0.534
frame@127904: gain=0.551 ref=0.404 mse=0.216 tau=0.036 omega=-2.58E-004 bad=0 tapChange=0.0148 floor=0.0148 fading=True/True preMse=0.346 energy=0.035/0.043 fresh=False phase=0.448 anchor=0.841@0.293 phi=-0.411
frame@128192: gain=0.575 ref=0.412 mse=0.135 tau=0.034 omega=-2.07E-004 bad=0 tapChange=0.0072 floor=0.0072 fading=True/True preMse=0.216 energy=0.043/0.043 fresh=False phase=0.329 anchor=0.892@0.196 phi=-0.295
frame@128480: gain=0.568 ref=0.420 mse=0.103 tau=0.035 omega=-1.65E-004 bad=0 tapChange=0.0097 floor=0.0077 fading=True/True preMse=0.165 energy=0.046/0.043 fresh=False phase=0.229 anchor=0.883@0.169 phi=-0.243
frame@128768: gain=0.563 ref=0.427 mse=0.206 tau=0.034 omega=-1.02E-004 bad=0 tapChange=0.0366 floor=0.0082 fading=True/True preMse=0.330 energy=0.048/0.043 fresh=False phase=0.433 anchor=0.864@0.222 phi=-0.363
frame@129056: gain=0.546 ref=0.434 mse=0.178 tau=0.031 omega=-8.11E-005 bad=0 tapChange=0.0319 floor=0.0087 fading=True/True preMse=0.285 energy=0.052/0.043 fresh=False phase=0.213 anchor=0.873@0.107 phi=-0.120
frame@129344: gain=0.496 ref=0.440 mse=0.141 tau=0.029 omega=-7.79E-005 bad=0 tapChange=0.0291 floor=0.0092 fading=True/True preMse=0.225 energy=0.056/0.044 fresh=False phase=0.079 anchor=0.870@0.045 phi=-0.019
frame@129632: gain=0.490 ref=0.442 mse=0.181 tau=0.028 omega=-8.04E-005 bad=0 tapChange=0.0306 floor=0.0098 fading=True/True preMse=0.290 energy=0.060/0.044 fresh=False phase=0.028 anchor=0.882@0.009 phi=0.014
frame@129920: gain=0.473 ref=0.445 mse=0.190 tau=0.025 omega=-8.44E-005 bad=0 tapChange=0.0226 floor=0.0104 fading=True/True preMse=0.304 energy=0.064/0.045 fresh=False phase=-0.038 anchor=0.862@-0.007 phi=0.023
frame@130208: gain=0.402 ref=0.446 mse=0.158 tau=0.022 omega=-8.44E-005 bad=0 tapChange=0.0196 floor=0.0110 fading=True/True preMse=0.253 energy=0.054/0.046 fresh=False phase=0.000 anchor=0.761@0.008 phi=-0.000
frame@130496: gain=0.260 ref=0.444 mse=0.238 tau=0.024 omega=-7.58E-005 bad=0 tapChange=0.0334 floor=0.0116 fading=True/True preMse=0.381 energy=0.029/0.047 fresh=False phase=0.093 anchor=0.555@0.053 phi=-0.049
frame@130784: gain=0.119 ref=0.435 mse=0.514 tau=-0.006 omega=-4.46E-005 bad=0 tapChange=0.0751 floor=0.0123 fading=True/True preMse=0.822 energy=0.010/0.046 fresh=False phase=0.288 anchor=0.300@0.172 phi=-0.180
frame@131072: gain=0.079 ref=0.435 mse=0.634 tau=-0.006 omega=5.57E-005 bad=1 tapChange=0.0625 floor=0.0130 fading=True/True preMse=1.014 energy=0.003/0.046 fresh=False phase=0.762 anchor=0.177@0.520 phi=-0.578
frame@131360: gain=0.148 ref=0.435 mse=0.424 tau=0.000 omega=7.20E-005 bad=2 tapChange=0.0146 floor=0.0138 fading=True/True preMse=0.679 energy=0.002/0.046 fresh=False phase=0.032 anchor=0.250@0.063 phi=-0.094
frame@131648: gain=0.311 ref=0.435 mse=0.319 tau=0.006 omega=4.99E-006 bad=3 tapChange=0.0332 floor=0.0146 fading=True/True preMse=0.510 energy=0.012/0.046 fresh=False phase=-0.431 anchor=0.548@-0.264 phi=0.386
frame@131936: gain=0.558 ref=0.429 mse=0.163 tau=0.010 omega=4.29E-006 bad=0 tapChange=0.0248 floor=0.0154 fading=True/True preMse=0.260 energy=0.042/0.044 fresh=False phase=0.020 anchor=0.884@-0.007 phi=0.004
frame@132224: gain=0.850 ref=0.435 mse=0.301 tau=0.012 omega=2.25E-006 bad=0 tapChange=0.0638 floor=0.0163 fading=True/True preMse=0.482 energy=0.079/0.044 fresh=False phase=0.022 anchor=1.056@-0.004 phi=0.012
frame@132512: gain=0.670 ref=0.456 mse=0.114 tau=0.015 omega=1.34E-005 bad=0 tapChange=0.0447 floor=0.0172 fading=True/True preMse=0.182 energy=0.100/0.046 fresh=False phase=0.171 anchor=0.988@0.046 phi=-0.064
frame@132800: gain=0.542 ref=0.467 mse=0.062 tau=0.022 omega=2.65E-005 bad=0 tapChange=0.0208 floor=0.0181 fading=True/True preMse=0.099 energy=0.088/0.048 fresh=False phase=0.140 anchor=0.879@0.069 phi=-0.076
frame@133088: gain=0.351 ref=0.470 mse=0.180 tau=0.027 omega=6.93E-005 bad=0 tapChange=0.0244 floor=0.0191 fading=True/True preMse=0.287 energy=0.052/0.050 fresh=False phase=0.353 anchor=0.655@0.197 phi=-0.246
frame@133376: gain=0.197 ref=0.464 mse=0.490 tau=0.019 omega=1.73E-004 bad=0 tapChange=0.1045 floor=0.0202 fading=True/True preMse=0.784 energy=0.024/0.050 fresh=False phase=0.969 anchor=0.436@0.476 phi=-0.598
frame@133664: gain=0.290 ref=0.464 mse=0.799 tau=0.016 omega=3.37E-004 bad=1 tapChange=0.2460 floor=0.0213 fading=True/True preMse=1.279 energy=0.031/0.050 fresh=False phase=1.425 anchor=0.483@0.611 phi=-0.944
frame@133952: gain=0.311 ref=0.456 mse=0.378 tau=0.016 omega=3.56E-004 bad=0 tapChange=0.1468 floor=0.0225 fading=True/True preMse=0.605 energy=0.063/0.050 fresh=False phase=0.102 anchor=0.750@0.074 phi=-0.106
frame@134240: gain=0.402 ref=0.448 mse=0.238 tau=0.016 omega=3.48E-004 bad=0 tapChange=0.0593 floor=0.0237 fading=True/True preMse=0.381 energy=0.086/0.050 fresh=False phase=-0.152 anchor=0.807@-0.028 phi=0.041
frame@134528: gain=0.423 ref=0.446 mse=0.190 tau=0.011 omega=3.74E-004 bad=0 tapChange=0.0456 floor=0.0250 fading=True/True preMse=0.304 energy=0.087/0.052 fresh=False phase=0.156 anchor=0.826@0.077 phi=-0.148
frame@134816: gain=0.463 ref=0.445 mse=0.150 tau=0.013 omega=4.28E-004 bad=0 tapChange=0.0194 floor=0.0194 fading=True/True preMse=0.240 energy=0.088/0.054 fresh=False phase=0.401 anchor=0.834@0.214 phi=-0.309
frame@135104: gain=0.550 ref=0.446 mse=0.116 tau=0.014 omega=4.88E-004 bad=0 tapChange=0.0089 floor=0.0089 fading=True/True preMse=0.186 energy=0.099/0.055 fresh=False phase=0.391 anchor=0.916@0.236 phi=-0.350
frame@135392: gain=0.564 ref=0.451 mse=0.060 tau=0.018 omega=5.35E-004 bad=0 tapChange=0.0082 floor=0.0082 fading=True/True preMse=0.095 energy=0.094/0.058 fresh=False phase=0.252 anchor=0.930@0.179 phi=-0.270
frame@135680: gain=0.437 ref=0.457 mse=0.148 tau=0.021 omega=5.76E-004 bad=0 tapChange=0.0210 floor=0.0087 fading=True/True preMse=0.237 energy=0.059/0.059 fresh=False phase=0.190 anchor=0.800@0.154 phi=-0.237
frame@135968: gain=0.336 ref=0.456 mse=0.438 tau=0.019 omega=6.33E-004 bad=0 tapChange=0.0413 floor=0.0092 fading=True/True preMse=0.701 energy=0.030/0.059 fresh=False phase=0.382 anchor=0.625@0.205 phi=-0.325
frame@136256: gain=0.268 ref=0.450 mse=0.658 tau=0.016 omega=6.60E-004 bad=0 tapChange=0.1066 floor=0.0098 fading=True/True preMse=1.052 energy=0.041/0.058 fresh=False phase=0.392 anchor=0.613@0.078 phi=-0.155
frame@136544: gain=0.338 ref=0.441 mse=0.536 tau=0.014 omega=6.44E-004 bad=0 tapChange=0.1016 floor=0.0104 fading=True/True preMse=0.857 energy=0.073/0.057 fresh=False phase=-0.147 anchor=0.757@-0.087 phi=0.091
frame@136832: gain=0.471 ref=0.436 mse=0.261 tau=0.019 omega=6.12E-004 bad=0 tapChange=0.0514 floor=0.0110 fading=True/True preMse=0.418 energy=0.083/0.058 fresh=False phase=-0.265 anchor=0.834@-0.134 phi=0.186
frame@137120: gain=0.471 ref=0.437 mse=0.265 tau=0.015 omega=5.42E-004 bad=0 tapChange=0.0295 floor=0.0116 fading=True/True preMse=0.424 energy=0.057/0.059 fresh=False phase=-0.487 anchor=0.778@-0.271 phi=0.400
frame@137408: gain=0.344 ref=0.439 mse=0.466 tau=0.009 omega=4.40E-004 bad=0 tapChange=0.0337 floor=0.0123 fading=True/True preMse=0.745 energy=0.026/0.059 fresh=False phase=-0.653 anchor=0.551@-0.459 phi=0.590
frame@137696: gain=0.258 ref=0.434 mse=0.628 tau=0.002 omega=3.20E-004 bad=0 tapChange=0.0911 floor=0.0130 fading=True/True preMse=1.004 energy=0.023/0.057 fresh=False phase=-0.863 anchor=0.449@-0.555 phi=0.692
frame@137984: gain=0.312 ref=0.425 mse=0.501 tau=0.009 omega=2.30E-004 bad=0 tapChange=0.2018 floor=0.0138 fading=True/True preMse=0.801 energy=0.043/0.056 fresh=False phase=-0.684 anchor=0.665@-0.303 phi=0.516
frame@138272: gain=0.497 ref=0.420 mse=0.197 tau=-0.001 omega=1.68E-004 bad=0 tapChange=0.0568 floor=0.0146 fading=True/True preMse=0.316 energy=0.062/0.055 fresh=False phase=-0.415 anchor=0.885@-0.206 phi=0.360
frame@138560: gain=0.595 ref=0.424 mse=0.112 tau=0.004 omega=1.12E-004 bad=0 tapChange=0.0136 floor=0.0136 fading=True/True preMse=0.179 energy=0.066/0.055 fresh=False phase=-0.352 anchor=0.943@-0.206 phi=0.323
frame@138848: gain=0.519 ref=0.432 mse=0.096 tau=0.005 omega=6.27E-005 bad=0 tapChange=0.0061 floor=0.0061 fading=True/True preMse=0.154 energy=0.057/0.056 fresh=False phase=-0.299 anchor=0.865@-0.191 phi=0.282
frame@139136: gain=0.482 ref=0.437 mse=0.080 tau=0.005 omega=4.62E-005 bad=0 tapChange=0.0095 floor=0.0065 fading=True/True preMse=0.128 energy=0.041/0.056 fresh=False phase=-0.088 anchor=0.809@-0.081 phi=0.095
frame@139424: gain=0.378 ref=0.439 mse=0.155 tau=0.007 omega=7.37E-005 bad=0 tapChange=0.0273 floor=0.0070 fading=True/True preMse=0.249 energy=0.025/0.055 fresh=False phase=0.229 anchor=0.697@0.103 phi=-0.158
frame@139712: gain=0.317 ref=0.436 mse=0.292 tau=0.006 omega=1.29E-004 bad=0 tapChange=0.0683 floor=0.0074 fading=True/True preMse=0.468 energy=0.025/0.054 fresh=False phase=0.482 anchor=0.630@0.231 phi=-0.319
frame@140000: gain=0.415 ref=0.430 mse=0.153 tau=-0.005 omega=1.59E-004 bad=0 tapChange=0.0361 floor=0.0079 fading=True/True preMse=0.245 energy=0.043/0.052 fresh=False phase=0.238 anchor=0.800@0.132 phi=-0.171
frame@140288: gain=0.523 ref=0.429 mse=0.082 tau=-0.008 omega=1.74E-004 bad=0 tapChange=0.0115 floor=0.0084 fading=True/True preMse=0.131 energy=0.046/0.052 fresh=False phase=0.122 anchor=0.889@0.057 phi=-0.085
frame@140576: gain=0.561 ref=0.434 mse=0.026 tau=-0.009 omega=1.90E-004 bad=0 tapChange=0.0051 floor=0.0051 fading=True/True preMse=0.041 energy=0.046/0.052 fresh=False phase=0.119 anchor=0.922@0.056 phi=-0.097
frame@140864: gain=0.557 ref=0.440 mse=0.026 tau=-0.011 omega=2.05E-004 bad=0 tapChange=0.0031 floor=0.0031 fading=True/True preMse=0.042 energy=0.040/0.051 fresh=False phase=0.090 anchor=0.918@0.057 phi=-0.083
frame@141152: gain=0.544 ref=0.446 mse=0.062 tau=-0.012 omega=1.98E-004 bad=0 tapChange=0.0035 floor=0.0033 fading=True/True preMse=0.099 energy=0.030/0.051 fresh=False phase=-0.064 anchor=0.880@-0.023 phi=0.041
frame@141440: gain=0.364 ref=0.451 mse=0.230 tau=-0.010 omega=1.64E-004 bad=0 tapChange=0.0251 floor=0.0036 fading=True/True preMse=0.368 energy=0.021/0.050 fresh=False phase=-0.250 anchor=0.649@-0.154 phi=0.194
frame@141728: gain=0.269 ref=0.447 mse=0.407 tau=-0.009 omega=7.98E-005 bad=0 tapChange=0.0515 floor=0.0039 fading=True/True preMse=0.651 energy=0.018/0.048 fresh=False phase=-0.649 anchor=0.500@-0.379 phi=0.485
frame@142016: gain=0.337 ref=0.438 mse=0.519 tau=-0.008 omega=-1.74E-005 bad=0 tapChange=0.1123 floor=0.0042 fading=True/True preMse=0.831 energy=0.029/0.047 fresh=False phase=-0.874 anchor=0.632@-0.391 phi=0.559
frame@142304: gain=0.382 ref=0.433 mse=0.264 tau=-0.001 omega=-3.05E-005 bad=0 tapChange=0.0621 floor=0.0045 fading=True/True preMse=0.423 energy=0.051/0.046 fresh=False phase=-0.100 anchor=0.772@-0.076 phi=0.076
frame@142592: gain=0.467 ref=0.430 mse=0.197 tau=0.004 omega=-3.45E-005 bad=0 tapChange=0.0364 floor=0.0048 fading=True/True preMse=0.315 energy=0.071/0.046 fresh=False phase=-0.052 anchor=0.808@-0.028 phi=0.023
frame@142880: gain=0.554 ref=0.432 mse=0.237 tau=0.008 omega=-8.33E-006 bad=0 tapChange=0.0511 floor=0.0051 fading=True/True preMse=0.379 energy=0.085/0.047 fresh=False phase=0.236 anchor=0.853@0.081 phi=-0.151
frame@143168: gain=0.448 ref=0.438 mse=0.197 tau=0.009 omega=-7.22E-006 bad=0 tapChange=0.0585 floor=0.0055 fading=True/True preMse=0.316 energy=0.090/0.049 fresh=False phase=-0.080 anchor=0.806@0.018 phi=-0.006
frame@143456: gain=0.561 ref=0.439 mse=0.172 tau=0.012 omega=3.38E-006 bad=0 tapChange=0.0463 floor=0.0059 fading=True/True preMse=0.276 energy=0.094/0.051 fresh=False phase=0.062 anchor=0.864@0.012 phi=-0.061
frame@143744: gain=0.450 ref=0.445 mse=0.210 tau=0.014 omega=2.78E-005 bad=0 tapChange=0.0713 floor=0.0063 fading=True/True preMse=0.337 energy=0.107/0.053 fresh=False phase=0.148 anchor=0.837@0.055 phi=-0.141
frame@144032: gain=0.475 ref=0.445 mse=0.256 tau=0.012 omega=5.96E-005 bad=0 tapChange=0.0934 floor=0.0067 fading=True/True preMse=0.409 energy=0.127/0.056 fresh=False phase=0.126 anchor=0.850@0.061 phi=-0.183
frame@144320: gain=0.467 ref=0.446 mse=0.183 tau=0.011 omega=7.41E-005 bad=0 tapChange=0.0878 floor=0.0071 fading=True/True preMse=0.293 energy=0.122/0.060 fresh=False phase=0.081 anchor=0.866@0.043 phi=-0.084
frame@144608: gain=0.454 ref=0.447 mse=0.124 tau=0.011 omega=1.05E-004 bad=0 tapChange=0.0553 floor=0.0076 fading=True/True preMse=0.198 energy=0.084/0.063 fresh=False phase=0.233 anchor=0.828@0.082 phi=-0.176
frame@144896: gain=0.351 ref=0.448 mse=0.215 tau=0.010 omega=1.11E-004 bad=0 tapChange=0.0822 floor=0.0080 fading=True/True preMse=0.343 energy=0.058/0.064 fresh=False phase=0.052 anchor=0.695@0.018 phi=-0.033
frame@145184: gain=0.310 ref=0.443 mse=0.280 tau=0.007 omega=1.15E-004 bad=0 tapChange=0.0732 floor=0.0085 fading=True/True preMse=0.448 energy=0.064/0.063 fresh=False phase=0.054 anchor=0.678@0.019 phi=-0.025
frame@145472: gain=0.377 ref=0.436 mse=0.164 tau=0.014 omega=1.17E-004 bad=0 tapChange=0.0428 floor=0.0091 fading=True/True preMse=0.262 energy=0.075/0.064 fresh=False phase=-0.005 anchor=0.782@0.011 phi=-0.013
frame@145760: gain=0.463 ref=0.433 mse=0.053 tau=0.009 omega=1.24E-004 bad=0 tapChange=0.0146 floor=0.0096 fading=True/True preMse=0.086 energy=0.065/0.064 fresh=False phase=0.052 anchor=0.853@0.028 phi=-0.042
frame@146048: gain=0.428 ref=0.435 mse=0.086 tau=0.011 omega=1.09E-004 bad=0 tapChange=0.0141 floor=0.0102 fading=True/True preMse=0.138 energy=0.044/0.064 fresh=False phase=-0.109 anchor=0.786@-0.059 phi=0.090
frame@146336: gain=0.334 ref=0.434 mse=0.252 tau=0.021 omega=5.41E-005 bad=0 tapChange=0.0328 floor=0.0108 fading=True/True preMse=0.402 energy=0.027/0.063 fresh=False phase=-0.363 anchor=0.641@-0.238 phi=0.315
frame@146624: gain=0.361 ref=0.429 mse=0.324 tau=0.026 omega=-2.82E-005 bad=0 tapChange=0.0464 floor=0.0115 fading=True/True preMse=0.518 energy=0.024/0.061 fresh=False phase=-0.578 anchor=0.685@-0.339 phi=0.474
frame@146912: gain=0.420 ref=0.426 mse=0.145 tau=0.030 omega=-6.56E-005 bad=0 tapChange=0.0222 floor=0.0121 fading=True/True preMse=0.232 energy=0.029/0.059 fresh=False phase=-0.238 anchor=0.769@-0.168 phi=0.215
frame@147200: gain=0.476 ref=0.426 mse=0.064 tau=0.029 omega=-6.21E-005 bad=0 tapChange=0.0084 floor=0.0084 fading=True/True preMse=0.102 energy=0.029/0.058 fresh=False phase=0.023 anchor=0.818@-0.001 phi=-0.020
frame@147488: gain=0.490 ref=0.428 mse=0.088 tau=0.009 omega=-2.26E-005 bad=0 tapChange=0.0095 floor=0.0089 fading=True/True preMse=0.141 energy=0.025/0.057 fresh=False phase=0.282 anchor=0.815@0.151 phi=-0.227
frame@147776: gain=0.444 ref=0.431 mse=0.131 tau=0.020 omega=3.59E-005 bad=0 tapChange=0.0116 floor=0.0094 fading=True/True preMse=0.209 energy=0.020/0.055 fresh=False phase=0.367 anchor=0.760@0.255 phi=-0.337
frame@148064: gain=0.437 ref=0.432 mse=0.200 tau=-0.010 omega=1.21E-004 bad=0 tapChange=0.0129 floor=0.0100 fading=True/True preMse=0.320 energy=0.017/0.053 fresh=False phase=0.528 anchor=0.735@0.372 phi=-0.491
frame@148352: gain=0.535 ref=0.432 mse=0.241 tau=-0.002 omega=2.16E-004 bad=0 tapChange=0.0157 floor=0.0106 fading=True/True preMse=0.385 energy=0.024/0.051 fresh=False phase=0.575 anchor=0.835@0.396 phi=-0.544
frame@148640: gain=0.655 ref=0.437 mse=0.248 tau=0.003 omega=2.66E-004 bad=0 tapChange=0.0270 floor=0.0112 fading=True/True preMse=0.397 energy=0.042/0.050 fresh=False phase=0.337 anchor=0.924@0.208 phi=-0.290
frame@148928: gain=0.548 ref=0.448 mse=0.360 tau=0.006 omega=2.95E-004 bad=0 tapChange=0.0724 floor=0.0119 fading=True/True preMse=0.577 energy=0.064/0.050 fresh=False phase=0.246 anchor=0.838@0.124 phi=-0.166
frame@149216: gain=0.322 ref=0.453 mse=0.382 tau=0.008 omega=3.00E-004 bad=0 tapChange=0.1218 floor=0.0126 fading=True/True preMse=0.612 energy=0.074/0.050 fresh=False phase=0.094 anchor=0.751@0.020 phi=-0.028
frame@149504: gain=0.399 ref=0.447 mse=0.346 tau=0.007 omega=2.70E-004 bad=0 tapChange=0.1220 floor=0.0133 fading=True/True preMse=0.553 energy=0.063/0.052 fresh=False phase=-0.140 anchor=0.769@-0.062 phi=0.171
frame@149792: gain=0.217 ref=0.444 mse=0.486 tau=0.007 omega=2.16E-004 bad=0 tapChange=0.1783 floor=0.0141 fading=True/True preMse=0.777 energy=0.050/0.052 fresh=False phase=-0.476 anchor=0.635@-0.154 phi=0.308
frame@150080: gain=0.233 ref=0.433 mse=0.433 tau=0.008 omega=1.50E-004 bad=0 tapChange=0.1455 floor=0.0149 fading=True/True preMse=0.693 energy=0.043/0.052 fresh=False phase=-0.692 anchor=0.599@-0.238 phi=0.381
frame@150368: gain=0.363 ref=0.423 mse=0.355 tau=0.008 omega=2.51E-005 bad=0 tapChange=0.0598 floor=0.0158 fading=True/True preMse=0.568 energy=0.041/0.052 fresh=False phase=-0.803 anchor=0.698@-0.451 phi=0.721
frame@150656: gain=0.514 ref=0.420 mse=0.211 tau=0.008 omega=-5.27E-005 bad=0 tapChange=0.0453 floor=0.0166 fading=True/True preMse=0.337 energy=0.051/0.051 fresh=False phase=-0.467 anchor=0.869@-0.281 phi=0.448
frame@150944: gain=0.599 ref=0.425 mse=0.144 tau=0.009 omega=-7.60E-005 bad=0 tapChange=0.0207 floor=0.0176 fading=True/True preMse=0.231 energy=0.070/0.051 fresh=False phase=-0.142 anchor=0.954@-0.096 phi=0.134
frame@151232: gain=0.603 ref=0.433 mse=0.114 tau=0.013 omega=-8.20E-005 bad=0 tapChange=0.0127 floor=0.0127 fading=True/True preMse=0.183 energy=0.090/0.052 fresh=False phase=-0.023 anchor=0.962@-0.021 phi=0.035
frame@151520: gain=0.625 ref=0.442 mse=0.058 tau=0.014 omega=-7.54E-005 bad=0 tapChange=0.0063 floor=0.0063 fading=True/True preMse=0.092 energy=0.104/0.054 fresh=False phase=0.051 anchor=0.973@0.027 phi=-0.038
frame@151808: gain=0.616 ref=0.451 mse=0.017 tau=0.016 omega=-5.85E-005 bad=0 tapChange=0.0018 floor=0.0018 fading=True/True preMse=0.027 energy=0.106/0.056 fresh=False phase=0.114 anchor=0.975@0.062 phi=-0.097
frame@152096: gain=0.569 ref=0.459 mse=0.021 tau=0.019 omega=-3.42E-005 bad=0 tapChange=0.0009 floor=0.0009 fading=True/True preMse=0.034 energy=0.090/0.059 fresh=False phase=0.148 anchor=0.931@0.095 phi=-0.140
frame@152384: gain=0.502 ref=0.465 mse=0.056 tau=0.020 omega=1.32E-006 bad=0 tapChange=0.0039 floor=0.0010 fading=True/True preMse=0.090 energy=0.065/0.060 fresh=False phase=0.216 anchor=0.857@0.141 phi=-0.205
frame@152672: gain=0.456 ref=0.467 mse=0.097 tau=0.019 omega=4.73E-005 bad=0 tapChange=0.0095 floor=0.0012 fading=True/True preMse=0.156 energy=0.048/0.061 fresh=False phase=0.265 anchor=0.808@0.180 phi=-0.265
frame@152960: gain=0.472 ref=0.466 mse=0.143 tau=0.016 omega=9.11E-005 bad=0 tapChange=0.0136 floor=0.0013 fading=True/True preMse=0.229 energy=0.051/0.060 fresh=False phase=0.264 anchor=0.816@0.174 phi=-0.252
frame@153248: gain=0.476 ref=0.466 mse=0.123 tau=0.018 omega=1.09E-004 bad=0 tapChange=0.0142 floor=0.0015 fading=True/True preMse=0.196 energy=0.058/0.060 fresh=False phase=0.083 anchor=0.856@0.078 phi=-0.106
frame@153536: gain=0.446 ref=0.467 mse=0.082 tau=0.012 omega=1.17E-004 bad=0 tapChange=0.0111 floor=0.0017 fading=True/True preMse=0.131 energy=0.044/0.059 fresh=False phase=0.006 anchor=0.799@0.020 phi=-0.041
frame@153824: gain=0.335 ref=0.466 mse=0.219 tau=0.011 omega=8.80E-005 bad=0 tapChange=0.0138 floor=0.0019 fading=True/True preMse=0.351 energy=0.017/0.059 fresh=False phase=-0.165 anchor=0.601@-0.126 phi=0.165
frame@154112: gain=0.231 ref=0.459 mse=0.576 tau=0.012 omega=-4.72E-005 bad=0 tapChange=0.0165 floor=0.0021 fading=True/True preMse=0.922 energy=0.006/0.057 fresh=False phase=-0.756 anchor=0.388@-0.636 phi=0.778
frame@154400: gain=0.391 ref=0.448 mse=0.448 tau=0.012 omega=-1.58E-004 bad=0 tapChange=0.0438 floor=0.0023 fading=True/True preMse=0.716 energy=0.023/0.054 fresh=False phase=-0.727 anchor=0.674@-0.407 phi=0.640
frame@154688: gain=0.716 ref=0.445 mse=0.053 tau=0.016 omega=-1.75E-004 bad=0 tapChange=0.0158 floor=0.0025 fading=True/True preMse=0.085 energy=0.060/0.053 fresh=False phase=-0.089 anchor=1.036@-0.061 phi=0.097
frame@154976: gain=0.858 ref=0.459 mse=0.128 tau=0.018 omega=-1.67E-004 bad=0 tapChange=0.0317 floor=0.0027 fading=True/True preMse=0.204 energy=0.103/0.053 fresh=False phase=0.049 anchor=1.142@0.027 phi=-0.046
frame@155264: gain=0.741 ref=0.479 mse=0.079 tau=0.020 omega=-1.51E-004 bad=0 tapChange=0.0179 floor=0.0029 fading=True/True preMse=0.126 energy=0.119/0.055 fresh=False phase=0.094 anchor=1.052@0.063 phi=-0.091
frame@155552: gain=0.537 ref=0.492 mse=0.054 tau=0.021 omega=-1.31E-004 bad=0 tapChange=0.0065 floor=0.0032 fading=True/True preMse=0.087 energy=0.096/0.059 fresh=False phase=0.119 anchor=0.887@0.082 phi=-0.118
frame@155840: gain=0.376 ref=0.494 mse=0.120 tau=0.023 omega=-1.24E-004 bad=0 tapChange=0.0235 floor=0.0034 fading=True/True preMse=0.192 energy=0.063/0.060 fresh=False phase=0.040 anchor=0.736@0.039 phi=-0.036
frame@156128: gain=0.285 ref=0.488 mse=0.199 tau=0.022 omega=-1.38E-004 bad=0 tapChange=0.0413 floor=0.0037 fading=True/True preMse=0.318 energy=0.043/0.061 fresh=False phase=-0.134 anchor=0.621@-0.062 phi=0.077
frame@156416: gain=0.246 ref=0.478 mse=0.244 tau=0.020 omega=-1.42E-004 bad=0 tapChange=0.0791 floor=0.0040 fading=True/True preMse=0.391 energy=0.039/0.060 fresh=False phase=-0.012 anchor=0.631@-0.027 phi=0.022
frame@156704: gain=0.283 ref=0.466 mse=0.333 tau=-0.006 omega=-9.99E-005 bad=0 tapChange=0.0930 floor=0.0043 fading=True/True preMse=0.533 energy=0.056/0.059 fresh=False phase=0.520 anchor=0.716@0.185 phi=-0.240
frame@156992: gain=0.432 ref=0.457 mse=0.323 tau=-0.002 omega=-6.07E-005 bad=0 tapChange=0.0566 floor=0.0046 fading=True/True preMse=0.517 energy=0.110/0.059 fresh=False phase=0.517 anchor=0.845@0.175 phi=-0.226
frame@157280: gain=0.478 ref=0.456 mse=0.396 tau=-0.001 omega=-2.88E-005 bad=0 tapChange=0.0791 floor=0.0050 fading=True/True preMse=0.634 energy=0.176/0.061 fresh=False phase=0.325 anchor=0.841@0.130 phi=-0.184
frame@157568: gain=0.452 ref=0.457 mse=0.342 tau=0.000 omega=4.23E-007 bad=0 tapChange=0.1241 floor=0.0053 fading=True/True preMse=0.547 energy=0.186/0.067 fresh=False phase=0.168 anchor=0.818@0.072 phi=-0.168
frame@157856: gain=0.330 ref=0.457 mse=0.315 tau=-0.001 omega=-9.52E-006 bad=0 tapChange=0.1565 floor=0.0057 fading=True/True preMse=0.504 energy=0.136/0.073 fresh=False phase=-0.323 anchor=0.758@-0.029 phi=0.057
frame@158144: gain=0.340 ref=0.450 mse=0.228 tau=0.003 omega=-3.80E-005 bad=0 tapChange=0.0727 floor=0.0060 fading=True/True preMse=0.365 energy=0.087/0.076 fresh=False phase=-0.224 anchor=0.689@-0.102 phi=0.164
frame@158432: gain=0.271 ref=0.445 mse=0.340 tau=0.008 omega=-7.19E-005 bad=0 tapChange=0.0943 floor=0.0065 fading=True/True preMse=0.544 energy=0.055/0.077 fresh=False phase=-0.297 anchor=0.602@-0.169 phi=0.195
frame@158720: gain=0.319 ref=0.436 mse=0.186 tau=0.012 omega=-7.85E-005 bad=0 tapChange=0.0525 floor=0.0069 fading=True/True preMse=0.297 energy=0.038/0.076 fresh=False phase=-0.082 anchor=0.655@-0.056 phi=0.038
frame@159008: gain=0.222 ref=0.430 mse=0.316 tau=0.009 omega=-6.71E-005 bad=0 tapChange=0.0726 floor=0.0073 fading=True/True preMse=0.506 energy=0.015/0.074 fresh=False phase=0.017 anchor=0.477@0.023 phi=-0.066
frame@159296: gain=0.116 ref=0.420 mse=0.572 tau=0.009 omega=1.83E-005 bad=0 tapChange=0.0812 floor=0.0078 fading=True/True preMse=0.916 energy=0.008/0.071 fresh=False phase=0.735 anchor=0.291@0.371 phi=-0.492
frame@159584: gain=0.058 ref=0.420 mse=0.688 tau=0.012 omega=7.72E-005 bad=1 tapChange=0.2120 floor=0.0083 fading=True/True preMse=1.101 energy=0.014/0.071 fresh=False phase=1.456 anchor=0.297@0.278 phi=-0.340
frame@159872: gain=0.129 ref=0.420 mse=0.573 tau=0.021 omega=-4.45E-006 bad=2 tapChange=0.1558 floor=0.0088 fading=True/True preMse=0.916 energy=0.019/0.071 fresh=False phase=-0.928 anchor=0.376@-0.303 phi=0.470
frame@160160: gain=0.415 ref=0.420 mse=0.525 tau=0.024 omega=-1.33E-004 bad=3 tapChange=0.0652 floor=0.0093 fading=True/True preMse=0.840 energy=0.027/0.071 fresh=False phase=-0.780 anchor=0.666@-0.412 phi=0.741
frame@160448: gain=0.553 ref=0.420 mse=0.267 tau=0.027 omega=-1.90E-004 bad=0 tapChange=0.0447 floor=0.0099 fading=True/True preMse=0.427 energy=0.049/0.069 fresh=False phase=-0.325 anchor=0.841@-0.170 phi=0.326
frame@160736: gain=0.495 ref=0.426 mse=0.192 tau=0.022 omega=-1.83E-004 bad=0 tapChange=0.0370 floor=0.0105 fading=True/True preMse=0.307 energy=0.065/0.068 fresh=False phase=0.058 anchor=0.833@-0.013 phi=-0.039
frame@161024: gain=0.384 ref=0.430 mse=0.158 tau=0.020 omega=-1.85E-004 bad=0 tapChange=0.0569 floor=0.0111 fading=True/True preMse=0.253 energy=0.059/0.067 fresh=False phase=-0.084 anchor=0.762@-0.019 phi=0.015
frame@161312: gain=0.299 ref=0.427 mse=0.263 tau=0.022 omega=-2.00E-004 bad=0 tapChange=0.0808 floor=0.0118 fading=True/True preMse=0.420 energy=0.046/0.067 fresh=False phase=-0.175 anchor=0.652@-0.061 phi=0.084
frame@161600: gain=0.308 ref=0.421 mse=0.297 tau=0.023 omega=-1.78E-004 bad=0 tapChange=0.0791 floor=0.0125 fading=True/True preMse=0.475 energy=0.047/0.066 fresh=False phase=0.189 anchor=0.651@0.067 phi=-0.128
frame@161888: gain=0.373 ref=0.415 mse=0.269 tau=0.028 omega=-1.59E-004 bad=0 tapChange=0.0594 floor=0.0132 fading=True/True preMse=0.431 energy=0.060/0.065 fresh=False phase=0.072 anchor=0.715@0.069 phi=-0.108
frame@162176: gain=0.502 ref=0.413 mse=0.229 tau=0.029 omega=-1.32E-004 bad=0 tapChange=0.0422 floor=0.0139 fading=True/True preMse=0.367 energy=0.076/0.065 fresh=False phase=0.237 anchor=0.814@0.093 phi=-0.153
frame@162464: gain=0.544 ref=0.418 mse=0.190 tau=0.026 omega=-1.32E-004 bad=0 tapChange=0.0497 floor=0.0147 fading=True/True preMse=0.304 energy=0.085/0.065 fresh=False phase=-0.012 anchor=0.838@0.006 phi=-0.003
frame@162752: gain=0.460 ref=0.424 mse=0.188 tau=0.027 omega=-1.07E-004 bad=0 tapChange=0.0770 floor=0.0156 fading=True/True preMse=0.301 energy=0.086/0.066 fresh=False phase=0.222 anchor=0.822@0.062 phi=-0.145
frame@163040: gain=0.342 ref=0.426 mse=0.224 tau=0.026 omega=-8.78E-005 bad=0 tapChange=0.1078 floor=0.0164 fading=True/True preMse=0.359 energy=0.073/0.067 fresh=False phase=0.195 anchor=0.746@0.062 phi=-0.108
frame@163328: gain=0.302 ref=0.422 mse=0.256 tau=0.025 omega=-1.03E-004 bad=0 tapChange=0.0935 floor=0.0174 fading=True/True preMse=0.410 energy=0.044/0.068 fresh=False phase=-0.137 anchor=0.668@-0.046 phi=0.088
frame@163616: gain=0.210 ref=0.416 mse=0.317 tau=0.023 omega=-9.28E-005 bad=0 tapChange=0.0738 floor=0.0183 fading=True/True preMse=0.508 energy=0.014/0.066 fresh=False phase=0.077 anchor=0.462@0.018 phi=-0.059
frame@163904: gain=0.054 ref=0.405 mse=0.565 tau=0.021 omega=-6.37E-005 bad=0 tapChange=0.1240 floor=0.0194 fading=True/True preMse=0.904 energy=0.011/0.064 fresh=False phase=0.476 anchor=0.271@0.136 phi=-0.168
frame@164192: gain=0.136 ref=0.405 mse=0.550 tau=0.018 omega=-2.33E-006 bad=1 tapChange=0.1729 floor=0.0204 fading=True/True preMse=0.881 energy=0.023/0.064 fresh=False phase=0.915 anchor=0.461@0.231 phi=-0.354
frame@164480: gain=0.262 ref=0.405 mse=0.438 tau=0.019 omega=8.54E-005 bad=2 tapChange=0.0880 floor=0.0215 fading=True/True preMse=0.701 energy=0.024/0.064 fresh=False phase=0.731 anchor=0.563@0.316 phi=-0.505
frame@164768: gain=0.309 ref=0.398 mse=0.280 tau=0.020 omega=1.19E-004 bad=0 tapChange=0.0525 floor=0.0227 fading=True/True preMse=0.448 energy=0.017/0.062 fresh=False phase=0.215 anchor=0.585@0.167 phi=-0.193
frame@165056: gain=0.339 ref=0.394 mse=0.260 tau=0.023 omega=1.67E-004 bad=0 tapChange=0.0282 floor=0.0240 fading=True/True preMse=0.416 energy=0.017/0.060 fresh=False phase=0.294 anchor=0.609@0.207 phi=-0.279
frame@165344: gain=0.350 ref=0.391 mse=0.231 tau=0.019 omega=2.15E-004 bad=0 tapChange=0.0298 floor=0.0253 fading=True/True preMse=0.370 energy=0.019/0.057 fresh=False phase=0.282 anchor=0.669@0.204 phi=-0.273
frame@165632: gain=0.345 ref=0.389 mse=0.172 tau=0.005 omega=2.18E-004 bad=0 tapChange=0.0251 floor=0.0251 fading=True/True preMse=0.275 energy=0.014/0.056 fresh=False phase=0.008 anchor=0.653@0.015 phi=-0.018
frame@165920: gain=0.282 ref=0.387 mse=0.289 tau=0.002 omega=1.53E-004 bad=0 tapChange=0.0227 floor=0.0227 fading=True/True preMse=0.462 energy=0.009/0.053 fresh=False phase=-0.437 anchor=0.521@-0.302 phi=0.374
frame@166208: gain=0.369 ref=0.382 mse=0.341 tau=0.002 omega=3.16E-005 bad=0 tapChange=0.0135 floor=0.0135 fading=True/True preMse=0.545 energy=0.010/0.051 fresh=False phase=-0.709 anchor=0.616@-0.550 phi=0.699
frame@166496: gain=0.587 ref=0.381 mse=0.187 tau=-0.001 omega=-6.80E-006 bad=0 tapChange=0.0112 floor=0.0112 fading=True/True preMse=0.299 energy=0.024/0.049 fresh=False phase=-0.215 anchor=0.889@-0.150 phi=0.221
frame@166784: gain=0.746 ref=0.391 mse=0.349 tau=0.004 omega=-9.22E-006 bad=0 tapChange=0.0476 floor=0.0118 fading=True/True preMse=0.558 energy=0.052/0.048 fresh=False phase=0.016 anchor=0.990@-0.003 phi=0.014
frame@167072: gain=0.669 ref=0.409 mse=0.289 tau=0.007 omega=1.71E-005 bad=0 tapChange=0.0546 floor=0.0125 fading=True/True preMse=0.462 energy=0.075/0.048 fresh=False phase=0.294 anchor=0.930@0.083 phi=-0.152
frame@167360: gain=0.520 ref=0.422 mse=0.122 tau=0.003 omega=2.71E-005 bad=0 tapChange=0.0249 floor=0.0133 fading=True/True preMse=0.195 energy=0.071/0.050 fresh=False phase=0.060 anchor=0.855@0.051 phi=-0.057
frame@167648: gain=0.446 ref=0.427 mse=0.118 tau=0.006 omega=4.29E-005 bad=0 tapChange=0.0190 floor=0.0140 fading=True/True preMse=0.189 energy=0.043/0.051 fresh=False phase=0.148 anchor=0.758@0.070 phi=-0.091
frame@167936: gain=0.296 ref=0.428 mse=0.230 tau=0.012 omega=6.91E-005 bad=0 tapChange=0.0183 floor=0.0148 fading=True/True preMse=0.367 energy=0.013/0.050 fresh=False phase=0.151 anchor=0.525@0.124 phi=-0.151
frame@168224: gain=0.072 ref=0.421 mse=0.634 tau=0.011 omega=1.69E-004 bad=0 tapChange=0.0350 floor=0.0157 fading=True/True preMse=1.015 energy=0.003/0.048 fresh=False phase=0.770 anchor=0.140@0.524 phi=-0.577
frame@168512: gain=0.168 ref=0.421 mse=1.035 tau=0.018 omega=3.60E-004 bad=1 tapChange=0.3202 floor=0.0166 fading=True/True preMse=1.655 energy=0.014/0.048 fresh=False phase=2.384 anchor=0.180@0.818 phi=-1.097
frame@168800: gain=0.096 ref=0.421 mse=0.591 tau=0.026 omega=3.60E-004 bad=2 tapChange=0.0000 floor=0.0166 fading=True/True preMse=0.946 energy=0.023/0.048 fresh=True phase=0.606 anchor=0.463@-0.000 phi=0.000
frame@169088: gain=0.264 ref=0.421 mse=0.243 tau=0.032 omega=3.20E-004 bad=3 tapChange=0.2564 floor=0.0175 fading=True/True preMse=0.389 energy=0.022/0.048 fresh=False phase=-0.240 anchor=0.639@-0.126 phi=0.227
frame@169376: gain=0.281 ref=0.413 mse=0.283 tau=0.027 omega=2.78E-004 bad=0 tapChange=0.0786 floor=0.0185 fading=True/True preMse=0.452 energy=0.021/0.047 fresh=False phase=-0.292 anchor=0.595@-0.178 phi=0.241
frame@169664: gain=0.272 ref=0.407 mse=0.377 tau=0.025 omega=1.87E-004 bad=0 tapChange=0.0675 floor=0.0195 fading=True/True preMse=0.604 energy=0.016/0.046 fresh=False phase=-0.674 anchor=0.532@-0.390 phi=0.528
frame@169952: gain=0.226 ref=0.400 mse=0.482 tau=0.019 omega=3.80E-005 bad=0 tapChange=0.0194 floor=0.0194 fading=True/True preMse=0.771 energy=0.007/0.044 fresh=False phase=-0.900 anchor=0.389@-0.683 phi=0.857
frame@170240: gain=0.312 ref=0.391 mse=0.664 tau=0.017 omega=-1.56E-004 bad=0 tapChange=0.0267 floor=0.0205 fading=True/True preMse=1.063 energy=0.011/0.042 fresh=False phase=-1.127 anchor=0.470@-0.779 phi=1.115
frame@170528: gain=0.467 ref=0.387 mse=0.358 tau=0.012 omega=-2.41E-004 bad=0 tapChange=0.0606 floor=0.0216 fading=True/True preMse=0.573 energy=0.034/0.041 fresh=False phase=-0.538 anchor=0.756@-0.277 phi=0.491
frame@170816: gain=0.567 ref=0.391 mse=0.187 tau=0.014 omega=-2.69E-004 bad=0 tapChange=0.0355 floor=0.0228 fading=True/True preMse=0.300 energy=0.064/0.040 fresh=False phase=-0.196 anchor=0.900@-0.111 phi=0.161
frame@171104: gain=0.567 ref=0.400 mse=0.095 tau=0.015 omega=-2.70E-004 bad=0 tapChange=0.0210 floor=0.0210 fading=True/True preMse=0.153 energy=0.070/0.042 fresh=False phase=-0.058 anchor=0.891@-0.026 phi=0.008
frame@171392: gain=0.380 ref=0.408 mse=0.143 tau=0.011 omega=-2.57E-004 bad=0 tapChange=0.0358 floor=0.0221 fading=True/True preMse=0.229 energy=0.045/0.043 fresh=False phase=0.031 anchor=0.716@0.031 phi=-0.073
frame@171680: gain=0.229 ref=0.407 mse=0.325 tau=0.014 omega=-2.20E-004 bad=0 tapChange=0.0595 floor=0.0233 fading=True/True preMse=0.521 energy=0.021/0.043 fresh=False phase=0.204 anchor=0.493@0.143 phi=-0.217
frame@171968: gain=0.150 ref=0.398 mse=0.434 tau=0.021 omega=-1.52E-004 bad=0 tapChange=0.0738 floor=0.0246 fading=True/True preMse=0.694 energy=0.010/0.042 fresh=False phase=0.532 anchor=0.356@0.286 phi=-0.389
frame@172256: gain=0.139 ref=0.398 mse=0.411 tau=0.025 omega=-1.47E-004 bad=1 tapChange=0.0425 floor=0.0259 fading=True/True preMse=0.657 energy=0.004/0.042 fresh=False phase=0.013 anchor=0.290@0.031 phi=-0.029
frame@172544: gain=0.089 ref=0.398 mse=0.544 tau=0.025 omega=-2.60E-004 bad=2 tapChange=0.0073 floor=0.0073 fading=True/True preMse=0.871 energy=0.001/0.042 fresh=False phase=-0.710 anchor=0.166@-0.568 phi=0.649
frame@172832: gain=0.140 ref=0.398 mse=0.621 tau=0.025 omega=-4.64E-004 bad=3 tapChange=0.0124 floor=0.0077 fading=True/True preMse=0.994 energy=0.002/0.042 fresh=False phase=-1.260 anchor=0.233@-0.965 phi=1.178
frame@173120: gain=0.228 ref=0.398 mse=0.305 tau=0.015 omega=-4.92E-004 bad=4 tapChange=0.0399 floor=0.0082 fading=True/True preMse=0.488 energy=0.007/0.042 fresh=False phase=-0.092 anchor=0.456@-0.113 phi=0.159
frame@173408: gain=0.340 ref=0.390 mse=0.257 tau=0.013 omega=-4.49E-004 bad=0 tapChange=0.0366 floor=0.0087 fading=True/True preMse=0.410 energy=0.017/0.040 fresh=False phase=0.334 anchor=0.617@0.152 phi=-0.247
frame@173696: gain=0.464 ref=0.387 mse=0.223 tau=0.012 omega=-4.02E-004 bad=0 tapChange=0.0248 floor=0.0093 fading=True/True preMse=0.358 energy=0.030/0.039 fresh=False phase=0.363 anchor=0.798@0.175 phi=-0.270
frame@173984: gain=0.494 ref=0.391 mse=0.289 tau=0.009 omega=-3.39E-004 bad=0 tapChange=0.0305 floor=0.0098 fading=True/True preMse=0.463 energy=0.039/0.039 fresh=False phase=0.465 anchor=0.794@0.250 phi=-0.362
frame@174272: gain=0.574 ref=0.396 mse=0.164 tau=0.003 omega=-2.90E-004 bad=0 tapChange=0.0160 floor=0.0104 fading=True/True preMse=0.263 energy=0.035/0.039 fresh=False phase=0.316 anchor=0.860@0.203 phi=-0.284
frame@174560: gain=0.452 ref=0.405 mse=0.200 tau=-0.001 omega=-2.30E-004 bad=0 tapChange=0.0150 floor=0.0110 fading=True/True preMse=0.320 energy=0.028/0.038 fresh=False phase=0.364 anchor=0.773@0.234 phi=-0.348
frame@174848: gain=0.507 ref=0.407 mse=0.085 tau=-0.002 omega=-1.91E-004 bad=0 tapChange=0.0059 floor=0.0059 fading=True/True preMse=0.136 energy=0.027/0.038 fresh=False phase=0.222 anchor=0.821@0.152 phi=-0.221
frame@175136: gain=0.540 ref=0.412 mse=0.059 tau=-0.000 omega=-1.89E-004 bad=0 tapChange=0.0037 floor=0.0037 fading=True/True preMse=0.094 energy=0.032/0.037 fresh=False phase=0.021 anchor=0.864@0.013 phi=-0.011
frame@175424: gain=0.572 ref=0.419 mse=0.104 tau=-0.002 omega=-2.11E-004 bad=0 tapChange=0.0159 floor=0.0040 fading=True/True preMse=0.166 energy=0.036/0.037 fresh=False phase=-0.138 anchor=0.886@-0.069 phi=0.126
frame@175712: gain=0.466 ref=0.426 mse=0.109 tau=-0.002 omega=-2.22E-004 bad=0 tapChange=0.0189 floor=0.0043 fading=True/True preMse=0.174 energy=0.031/0.037 fresh=False phase=-0.044 anchor=0.796@-0.047 phi=0.062
frame@176000: gain=0.346 ref=0.428 mse=0.297 tau=-0.003 omega=-2.76E-004 bad=0 tapChange=0.0616 floor=0.0046 fading=True/True preMse=0.475 energy=0.025/0.037 fresh=False phase=-0.343 anchor=0.646@-0.203 phi=0.309
frame@176288: gain=0.403 ref=0.424 mse=0.323 tau=-0.002 omega=-3.41E-004 bad=0 tapChange=0.0582 floor=0.0049 fading=True/True preMse=0.517 energy=0.031/0.036 fresh=False phase=-0.470 anchor=0.712@-0.241 phi=0.374
frame@176576: gain=0.464 ref=0.423 mse=0.212 tau=0.001 omega=-3.55E-004 bad=0 tapChange=0.0458 floor=0.0053 fading=True/True preMse=0.340 energy=0.049/0.036 fresh=False phase=-0.198 anchor=0.806@-0.085 phi=0.082
frame@176864: gain=0.443 ref=0.425 mse=0.276 tau=0.000 omega=-3.39E-004 bad=0 tapChange=0.0398 floor=0.0056 fading=True/True preMse=0.442 energy=0.060/0.037 fresh=False phase=0.047 anchor=0.827@0.047 phi=-0.094
frame@177152: gain=0.458 ref=0.426 mse=0.087 tau=-0.002 omega=-3.17E-004 bad=0 tapChange=0.0125 floor=0.0060 fading=True/True preMse=0.139 energy=0.057/0.038 fresh=False phase=0.128 anchor=0.817@0.087 phi=-0.123
frame@177440: gain=0.365 ref=0.428 mse=0.145 tau=0.002 omega=-2.93E-004 bad=0 tapChange=0.0121 floor=0.0064 fading=True/True preMse=0.233 energy=0.026/0.039 fresh=False phase=0.137 anchor=0.674@0.099 phi=-0.137
frame@177728: gain=0.213 ref=0.425 mse=0.398 tau=0.002 omega=-2.65E-004 bad=0 tapChange=0.0125 floor=0.0068 fading=True/True preMse=0.636 energy=0.006/0.038 fresh=False phase=0.182 anchor=0.399@0.139 phi=-0.165
frame@178016: gain=0.098 ref=0.414 mse=0.611 tau=-0.002 omega=-1.38E-004 bad=0 tapChange=0.0115 floor=0.0073 fading=True/True preMse=0.977 energy=0.001/0.037 fresh=False phase=0.937 anchor=0.182@0.659 phi=-0.730
frame@178304: gain=0.159 ref=0.414 mse=0.533 tau=0.005 omega=-6.99E-007 bad=1 tapChange=0.0463 floor=0.0077 fading=True/True preMse=0.853 energy=0.005/0.037 fresh=False phase=0.936 anchor=0.299@0.623 phi=-0.791
frame@178592: gain=0.233 ref=0.414 mse=0.339 tau=0.011 omega=-1.33E-005 bad=2 tapChange=0.0627 floor=0.0082 fading=True/True preMse=0.542 energy=0.013/0.037 fresh=False phase=-0.205 anchor=0.496@-0.057 phi=0.072
frame@178880: gain=0.331 ref=0.405 mse=0.273 tau=0.017 omega=-7.11E-005 bad=0 tapChange=0.0349 floor=0.0087 fading=True/True preMse=0.437 energy=0.018/0.035 fresh=False phase=-0.494 anchor=0.601@-0.237 phi=0.333
frame@179168: gain=0.363 ref=0.401 mse=0.274 tau=0.012 omega=-1.38E-004 bad=0 tapChange=0.0198 floor=0.0093 fading=True/True preMse=0.438 energy=0.019/0.034 fresh=False phase=-0.486 anchor=0.644@-0.298 phi=0.386
frame@179456: gain=0.441 ref=0.399 mse=0.469 tau=0.017 omega=-2.23E-004 bad=0 tapChange=0.0418 floor=0.0098 fading=True/True preMse=0.750 energy=0.033/0.034 fresh=False phase=-0.691 anchor=0.716@-0.366 phi=0.490
frame@179744: gain=0.601 ref=0.401 mse=0.335 tau=0.022 omega=-2.59E-004 bad=0 tapChange=0.0400 floor=0.0104 fading=True/True preMse=0.536 energy=0.067/0.034 fresh=False phase=-0.301 anchor=0.891@-0.143 phi=0.206
frame@180032: gain=0.620 ref=0.411 mse=0.107 tau=0.025 omega=-2.77E-004 bad=0 tapChange=0.0133 floor=0.0110 fading=True/True preMse=0.171 energy=0.089/0.035 fresh=False phase=-0.145 anchor=0.960@-0.076 phi=0.102
frame@180320: gain=0.480 ref=0.422 mse=0.054 tau=0.018 omega=-2.59E-004 bad=0 tapChange=0.0076 floor=0.0076 fading=True/True preMse=0.086 energy=0.065/0.038 fresh=False phase=0.144 anchor=0.835@0.061 phi=-0.104
frame@180608: gain=0.208 ref=0.425 mse=0.381 tau=0.013 omega=-2.21E-004 bad=0 tapChange=0.0745 floor=0.0080 fading=True/True preMse=0.609 energy=0.028/0.039 fresh=False phase=0.369 anchor=0.488@0.163 phi=-0.215
frame@180896: gain=0.049 ref=0.414 mse=0.805 tau=0.015 omega=-1.97E-004 bad=0 tapChange=0.2887 floor=0.0086 fading=True/True preMse=1.289 energy=0.029/0.039 fresh=False phase=1.749 anchor=0.382@0.084 phi=-0.142
frame@181184: gain=0.105 ref=0.414 mse=0.612 tau=0.013 omega=-1.97E-004 bad=1 tapChange=0.0000 floor=0.0086 fading=True/True preMse=0.979 energy=0.049/0.039 fresh=True phase=0.257 anchor=0.592@0.000 phi=0.000
frame@181472: gain=0.376 ref=0.414 mse=0.122 tau=0.009 omega=-1.97E-004 bad=2 tapChange=0.1198 floor=0.0091 fading=True/True preMse=0.196 energy=0.044/0.039 fresh=False phase=-0.002 anchor=0.789@0.009 phi=0.001
frame@181760: gain=0.301 ref=0.412 mse=0.197 tau=0.009 omega=-2.02E-004 bad=0 tapChange=0.0460 floor=0.0096 fading=True/True preMse=0.315 energy=0.021/0.039 fresh=False phase=-0.016 anchor=0.588@-0.022 phi=0.031
frame@182048: gain=0.150 ref=0.406 mse=0.427 tau=0.010 omega=-2.76E-004 bad=0 tapChange=0.0508 floor=0.0102 fading=True/True preMse=0.684 energy=0.006/0.038 fresh=False phase=-0.523 anchor=0.315@-0.317 phi=0.422
frame@182336: gain=0.148 ref=0.406 mse=0.699 tau=0.009 omega=-5.02E-004 bad=1 tapChange=0.0415 floor=0.0108 fading=True/True preMse=1.119 energy=0.003/0.038 fresh=False phase=-1.416 anchor=0.222@-1.089 phi=1.303
frame@182624: gain=0.276 ref=0.406 mse=0.322 tau=0.010 omega=-5.81E-004 bad=2 tapChange=0.0334 floor=0.0115 fading=True/True preMse=0.515 energy=0.010/0.038 fresh=False phase=-0.390 anchor=0.539@-0.266 phi=0.454
frame@182912: gain=0.426 ref=0.400 mse=0.217 tau=0.006 omega=-5.19E-004 bad=0 tapChange=0.0300 floor=0.0121 fading=True/True preMse=0.347 energy=0.026/0.037 fresh=False phase=0.417 anchor=0.738@0.215 phi=-0.354
frame@183200: gain=0.544 ref=0.401 mse=0.287 tau=0.005 omega=-4.32E-004 bad=0 tapChange=0.0349 floor=0.0128 fading=True/True preMse=0.459 energy=0.035/0.036 fresh=False phase=0.613 anchor=0.832@0.328 phi=-0.503
frame@183488: gain=0.513 ref=0.408 mse=0.221 tau=0.002 omega=-3.52E-004 bad=0 tapChange=0.0211 floor=0.0136 fading=True/True preMse=0.353 energy=0.036/0.036 fresh=False phase=0.486 anchor=0.812@0.311 phi=-0.459
frame@183776: gain=0.480 ref=0.414 mse=0.259 tau=-0.005 omega=-2.67E-004 bad=0 tapChange=0.0208 floor=0.0144 fading=True/True preMse=0.414 energy=0.037/0.036 fresh=False phase=0.522 anchor=0.790@0.333 phi=-0.490
frame@184064: gain=0.535 ref=0.417 mse=0.160 tau=-0.002 omega=-2.09E-004 bad=0 tapChange=0.0126 floor=0.0126 fading=True/True preMse=0.256 energy=0.044/0.036 fresh=False phase=0.349 anchor=0.875@0.215 phi=-0.332
frame@184352: gain=0.616 ref=0.423 mse=0.093 tau=-0.008 omega=-1.81E-004 bad=0 tapChange=0.0077 floor=0.0077 fading=True/True preMse=0.149 energy=0.059/0.037 fresh=False phase=0.139 anchor=0.951@0.106 phi=-0.163
frame@184640: gain=0.652 ref=0.432 mse=0.122 tau=-0.009 omega=-1.49E-004 bad=0 tapChange=0.0148 floor=0.0082 fading=True/True preMse=0.195 energy=0.076/0.038 fresh=False phase=0.196 anchor=0.960@0.106 phi=-0.183
frame@184928: gain=0.588 ref=0.443 mse=0.090 tau=-0.002 omega=-1.46E-004 bad=0 tapChange=0.0131 floor=0.0087 fading=True/True preMse=0.143 energy=0.088/0.040 fresh=False phase=0.027 anchor=0.910@0.019 phi=-0.017
frame@185216: gain=0.482 ref=0.451 mse=0.126 tau=0.002 omega=-1.31E-004 bad=0 tapChange=0.0334 floor=0.0092 fading=True/True preMse=0.202 energy=0.078/0.042 fresh=False phase=0.199 anchor=0.823@0.070 phi=-0.087
frame@185504: gain=0.280 ref=0.452 mse=0.271 tau=0.007 omega=-1.18E-004 bad=0 tapChange=0.0830 floor=0.0098 fading=True/True preMse=0.434 energy=0.050/0.044 fresh=False phase=0.164 anchor=0.612@0.077 phi=-0.075
frame@185792: gain=0.231 ref=0.444 mse=0.366 tau=0.009 omega=-7.61E-005 bad=0 tapChange=0.1042 floor=0.0104 fading=True/True preMse=0.585 energy=0.029/0.044 fresh=False phase=0.380 anchor=0.525@0.190 phi=-0.243
frame@186080: gain=0.290 ref=0.433 mse=0.269 tau=0.008 omega=-6.85E-005 bad=0 tapChange=0.0812 floor=0.0110 fading=True/True preMse=0.430 energy=0.024/0.043 fresh=False phase=0.079 anchor=0.601@0.080 phi=-0.044
frame@186368: gain=0.375 ref=0.426 mse=0.211 tau=0.008 omega=-7.94E-005 bad=0 tapChange=0.0605 floor=0.0117 fading=True/True preMse=0.337 energy=0.040/0.042 fresh=False phase=-0.049 anchor=0.746@-0.013 phi=0.063
frame@186656: gain=0.716 ref=0.423 mse=0.135 tau=0.005 omega=-7.58E-005 bad=0 tapChange=0.0319 floor=0.0123 fading=True/True preMse=0.215 energy=0.073/0.042 fresh=False phase=0.017 anchor=1.024@0.020 phi=-0.020
frame@186944: gain=0.724 ref=0.438 mse=0.183 tau=0.003 omega=-4.58E-005 bad=0 tapChange=0.0637 floor=0.0131 fading=True/True preMse=0.293 energy=0.100/0.044 fresh=False phase=0.170 anchor=1.022@0.091 phi=-0.173
frame@187232: gain=0.678 ref=0.452 mse=0.115 tau=0.003 omega=4.97E-006 bad=0 tapChange=0.0382 floor=0.0138 fading=True/True preMse=0.184 energy=0.111/0.047 fresh=False phase=0.350 anchor=1.000@0.159 phi=-0.292
frame@187520: gain=0.653 ref=0.464 mse=0.068 tau=0.005 omega=4.10E-005 bad=0 tapChange=0.0211 floor=0.0146 fading=True/True preMse=0.108 energy=0.120/0.050 fresh=False phase=0.264 anchor=0.986@0.142 phi=-0.207
frame@187808: gain=0.588 ref=0.473 mse=0.038 tau=0.009 omega=6.70E-005 bad=0 tapChange=0.0070 floor=0.0070 fading=True/True preMse=0.062 energy=0.112/0.053 fresh=False phase=0.165 anchor=0.948@0.105 phi=-0.150
frame@188096: gain=0.468 ref=0.479 mse=0.065 tau=0.010 omega=9.59E-005 bad=0 tapChange=0.0129 floor=0.0075 fading=True/True preMse=0.104 energy=0.071/0.056 fresh=False phase=0.170 anchor=0.823@0.114 phi=-0.166
frame@188384: gain=0.333 ref=0.478 mse=0.202 tau=0.011 omega=1.66E-004 bad=0 tapChange=0.0293 floor=0.0080 fading=True/True preMse=0.322 energy=0.030/0.057 fresh=False phase=0.424 anchor=0.627@0.290 phi=-0.405
frame@188672: gain=0.361 ref=0.471 mse=0.303 tau=0.008 omega=2.81E-004 bad=0 tapChange=0.0330 floor=0.0085 fading=True/True preMse=0.485 energy=0.025/0.056 fresh=False phase=0.707 anchor=0.653@0.470 phi=-0.663
frame@188960: gain=0.456 ref=0.465 mse=0.108 tau=0.008 omega=3.04E-004 bad=0 tapChange=0.0222 floor=0.0090 fading=True/True preMse=0.173 energy=0.040/0.054 fresh=False phase=0.151 anchor=0.845@0.112 phi=-0.133
frame@189248: gain=0.462 ref=0.465 mse=0.119 tau=0.005 omega=2.80E-004 bad=0 tapChange=0.0195 floor=0.0095 fading=True/True preMse=0.191 energy=0.038/0.053 fresh=False phase=-0.171 anchor=0.833@-0.091 phi=0.139
frame@189536: gain=0.295 ref=0.465 mse=0.259 tau=0.001 omega=2.22E-004 bad=0 tapChange=0.0309 floor=0.0101 fading=True/True preMse=0.415 energy=0.020/0.053 fresh=False phase=-0.403 anchor=0.580@-0.274 phi=0.333
frame@189824: gain=0.136 ref=0.456 mse=0.679 tau=0.005 omega=8.64E-005 bad=0 tapChange=0.1107 floor=0.0107 fading=True/True preMse=1.087 energy=0.013/0.051 fresh=False phase=-1.562 anchor=0.288@-0.696 phi=0.784
frame@190112: gain=0.275 ref=0.456 mse=0.800 tau=0.006 omega=-5.83E-005 bad=1 tapChange=0.1984 floor=0.0114 fading=True/True preMse=1.280 energy=0.033/0.051 fresh=False phase=-1.469 anchor=0.501@-0.589 phi=0.833
frame@190400: gain=0.432 ref=0.447 mse=0.296 tau=0.006 omega=-1.28E-004 bad=0 tapChange=0.0940 floor=0.0120 fading=True/True preMse=0.473 energy=0.057/0.050 fresh=False phase=-0.417 anchor=0.792@-0.217 phi=0.401
frame@190688: gain=0.474 ref=0.446 mse=0.161 tau=0.008 omega=-9.64E-005 bad=0 tapChange=0.0469 floor=0.0127 fading=True/True preMse=0.257 energy=0.048/0.050 fresh=False phase=0.300 anchor=0.841@0.082 phi=-0.181
frame@190976: gain=0.342 ref=0.448 mse=0.269 tau=0.007 omega=-2.78E-005 bad=0 tapChange=0.0516 floor=0.0135 fading=True/True preMse=0.431 energy=0.022/0.050 fresh=False phase=0.445 anchor=0.621@0.288 phi=-0.395
frame@191264: gain=0.358 ref=0.443 mse=0.505 tau=0.009 omega=1.28E-004 bad=0 tapChange=0.0393 floor=0.0142 fading=True/True preMse=0.807 energy=0.022/0.049 fresh=False phase=0.979 anchor=0.582@0.652 phi=-0.900
frame@191552: gain=0.447 ref=0.438 mse=0.230 tau=0.008 omega=2.13E-004 bad=0 tapChange=0.0358 floor=0.0150 fading=True/True preMse=0.368 energy=0.040/0.048 fresh=False phase=0.541 anchor=0.811@0.327 phi=-0.487
frame@191840: gain=0.512 ref=0.439 mse=0.060 tau=0.006 omega=2.44E-004 bad=0 tapChange=0.0094 floor=0.0094 fading=True/True preMse=0.095 energy=0.040/0.047 fresh=False phase=0.164 anchor=0.882@0.128 phi=-0.181
frame@192128: gain=0.415 ref=0.442 mse=0.121 tau=0.009 omega=2.72E-004 bad=0 tapChange=0.0113 floor=0.0099 fading=True/True preMse=0.194 energy=0.028/0.047 fresh=False phase=0.149 anchor=0.729@0.128 phi=-0.161
frame@192416: gain=0.337 ref=0.441 mse=0.158 tau=0.005 omega=2.99E-004 bad=0 tapChange=0.0203 floor=0.0105 fading=True/True preMse=0.253 energy=0.021/0.046 fresh=False phase=0.146 anchor=0.639@0.133 phi=-0.156
frame@192704: gain=0.321 ref=0.436 mse=0.171 tau=0.001 omega=2.99E-004 bad=0 tapChange=0.0167 floor=0.0112 fading=True/True preMse=0.274 energy=0.013/0.045 fresh=False phase=-0.012 anchor=0.602@0.005 phi=-0.000
frame@192992: gain=0.276 ref=0.430 mse=0.307 tau=0.001 omega=2.55E-004 bad=0 tapChange=0.0109 floor=0.0109 fading=True/True preMse=0.492 energy=0.007/0.043 fresh=False phase=-0.212 anchor=0.498@-0.204 phi=0.253
frame@193280: gain=0.144 ref=0.422 mse=0.485 tau=0.001 omega=2.19E-004 bad=0 tapChange=0.0109 floor=0.0109 fading=True/True preMse=0.776 energy=0.002/0.041 fresh=False phase=-0.126 anchor=0.267@-0.205 phi=0.207
frame@193568: gain=0.046 ref=0.422 mse=0.766 tau=0.023 omega=2.28E-004 bad=1 tapChange=0.0475 floor=0.0115 fading=True/True preMse=1.226 energy=0.002/0.041 fresh=False phase=1.968 anchor=0.052@0.732 phi=-0.048
frame@193856: gain=0.079 ref=0.422 mse=0.916 tau=0.028 omega=3.60E-004 bad=2 tapChange=0.1528 floor=0.0122 fading=True/True preMse=1.466 energy=0.008/0.041 fresh=False phase=2.422 anchor=0.124@0.672 phi=-0.760
frame@194144: gain=0.137 ref=0.422 mse=0.893 tau=0.030 omega=2.99E-004 bad=3 tapChange=0.2477 floor=0.0129 fading=True/True preMse=1.428 energy=0.024/0.041 fresh=False phase=-1.750 anchor=0.396@-0.223 phi=0.348
frame@194432: gain=0.383 ref=0.422 mse=0.552 tau=0.050 omega=2.22E-004 bad=4 tapChange=0.0982 floor=0.0137 fading=True/True preMse=0.884 energy=0.058/0.041 fresh=False phase=-0.770 anchor=0.726@-0.244 phi=0.445
frame@194720: gain=0.602 ref=0.420 mse=0.207 tau=0.062 omega=1.72E-004 bad=0 tapChange=0.0327 floor=0.0145 fading=True/True preMse=0.331 energy=0.090/0.042 fresh=False phase=-0.346 anchor=0.927@-0.148 phi=0.291
frame@195008: gain=0.598 ref=0.430 mse=0.069 tau=0.064 omega=1.40E-004 bad=0 tapChange=0.0083 floor=0.0083 fading=True/True preMse=0.111 energy=0.089/0.045 fresh=False phase=-0.201 anchor=0.947@-0.118 phi=0.180
frame@195296: gain=0.515 ref=0.438 mse=0.049 tau=0.037 omega=1.53E-004 bad=0 tapChange=0.0057 floor=0.0057 fading=True/True preMse=0.079 energy=0.070/0.047 fresh=False phase=0.070 anchor=0.863@0.026 phi=-0.073
frame@195584: gain=0.430 ref=0.442 mse=0.125 tau=0.040 omega=1.86E-004 bad=0 tapChange=0.0108 floor=0.0061 fading=True/True preMse=0.199 energy=0.038/0.048 fresh=False phase=0.217 anchor=0.743@0.134 phi=-0.192
frame@195872: gain=0.373 ref=0.441 mse=0.150 tau=0.041 omega=1.98E-004 bad=0 tapChange=0.0243 floor=0.0065 fading=True/True preMse=0.241 energy=0.024/0.047 fresh=False phase=0.068 anchor=0.683@0.061 phi=-0.065
frame@196160: gain=0.253 ref=0.438 mse=0.304 tau=0.042 omega=1.67E-004 bad=0 tapChange=0.0288 floor=0.0069 fading=True/True preMse=0.486 energy=0.010/0.046 fresh=False phase=-0.158 anchor=0.478@-0.128 phi=0.179
frame@196448: gain=0.180 ref=0.429 mse=0.702 tau=0.042 omega=-1.47E-005 bad=0 tapChange=0.0387 floor=0.0074 fading=True/True preMse=1.124 energy=0.005/0.044 fresh=False phase=-1.168 anchor=0.297@-0.888 phi=1.045
frame@196736: gain=0.276 ref=0.429 mse=0.602 tau=0.035 omega=-1.40E-004 bad=1 tapChange=0.1081 floor=0.0078 fading=True/True preMse=0.963 energy=0.020/0.044 fresh=False phase=-0.953 anchor=0.525@-0.465 phi=0.719
frame@197024: gain=0.523 ref=0.421 mse=0.163 tau=0.031 omega=-1.51E-004 bad=0 tapChange=0.0248 floor=0.0083 fading=True/True preMse=0.261 energy=0.046/0.043 fresh=False phase=-0.026 anchor=0.838@-0.080 phi=0.068
frame@197312: gain=0.622 ref=0.426 mse=0.084 tau=0.029 omega=-1.43E-004 bad=0 tapChange=0.0132 floor=0.0088 fading=True/True preMse=0.135 energy=0.067/0.043 fresh=False phase=0.041 anchor=0.954@0.018 phi=-0.048
frame@197600: gain=0.658 ref=0.436 mse=0.093 tau=0.025 omega=-1.36E-004 bad=0 tapChange=0.0250 floor=0.0094 fading=True/True preMse=0.150 energy=0.073/0.044 fresh=False phase=0.003 anchor=0.961@0.018 phi=-0.038
frame@197888: gain=0.575 ref=0.447 mse=0.127 tau=0.020 omega=-1.42E-004 bad=0 tapChange=0.0153 floor=0.0100 fading=True/True preMse=0.203 energy=0.077/0.046 fresh=False phase=-0.007 anchor=0.903@-0.024 phi=0.034
frame@198176: gain=0.532 ref=0.453 mse=0.231 tau=0.023 omega=-1.85E-004 bad=0 tapChange=0.0288 floor=0.0106 fading=True/True preMse=0.370 energy=0.093/0.047 fresh=False phase=-0.253 anchor=0.863@-0.142 phi=0.247
frame@198464: gain=0.511 ref=0.457 mse=0.127 tau=0.019 omega=-2.12E-004 bad=0 tapChange=0.0290 floor=0.0112 fading=True/True preMse=0.204 energy=0.113/0.050 fresh=False phase=-0.135 anchor=0.894@-0.095 phi=0.152
frame@198752: gain=0.617 ref=0.460 mse=0.065 tau=0.021 omega=-2.38E-004 bad=0 tapChange=0.0126 floor=0.0118 fading=True/True preMse=0.103 energy=0.122/0.053 fresh=False phase=-0.090 anchor=0.959@-0.080 phi=0.152
frame@199040: gain=0.603 ref=0.468 mse=0.027 tau=0.023 omega=-2.30E-004 bad=0 tapChange=0.0076 floor=0.0076 fading=True/True preMse=0.043 energy=0.118/0.056 fresh=False phase=0.122 anchor=0.970@0.035 phi=-0.045
frame@199328: gain=0.603 ref=0.475 mse=0.026 tau=0.021 omega=-2.08E-004 bad=0 tapChange=0.0032 floor=0.0032 fading=True/True preMse=0.041 energy=0.106/0.059 fresh=False phase=0.155 anchor=0.959@0.094 phi=-0.130
frame@199616: gain=0.550 ref=0.481 mse=0.053 tau=0.020 omega=-1.69E-004 bad=0 tapChange=0.0020 floor=0.0020 fading=True/True preMse=0.085 energy=0.086/0.062 fresh=False phase=0.237 anchor=0.905@0.152 phi=-0.225
frame@199904: gain=0.451 ref=0.484 mse=0.118 tau=0.022 omega=-1.17E-004 bad=0 tapChange=0.0109 floor=0.0022 fading=True/True preMse=0.189 energy=0.058/0.063 fresh=False phase=0.343 anchor=0.807@0.213 phi=-0.301
frame@200192: gain=0.365 ref=0.483 mse=0.258 tau=0.023 omega=-2.92E-005 bad=0 tapChange=0.0336 floor=0.0024 fading=True/True preMse=0.413 energy=0.039/0.063 fresh=False phase=0.579 anchor=0.685@0.350 phi=-0.503
frame@200480: gain=0.357 ref=0.477 mse=0.297 tau=0.020 omega=5.65E-005 bad=0 tapChange=0.0604 floor=0.0026 fading=True/True preMse=0.475 energy=0.036/0.062 fresh=False phase=0.578 anchor=0.693@0.341 phi=-0.494
frame@200768: gain=0.341 ref=0.471 mse=0.222 tau=0.018 omega=9.96E-005 bad=0 tapChange=0.0555 floor=0.0028 fading=True/True preMse=0.355 energy=0.033/0.060 fresh=False phase=0.278 anchor=0.710@0.166 phi=-0.248
frame@201056: gain=0.283 ref=0.464 mse=0.266 tau=0.015 omega=1.63E-004 bad=0 tapChange=0.0479 floor=0.0031 fading=True/True preMse=0.426 energy=0.023/0.059 fresh=False phase=0.413 anchor=0.596@0.264 phi=-0.366
frame@201344: gain=0.248 ref=0.455 mse=0.398 tau=0.015 omega=2.67E-004 bad=0 tapChange=0.0513 floor=0.0033 fading=True/True preMse=0.637 energy=0.021/0.057 fresh=False phase=0.774 anchor=0.509@0.466 phi=-0.600
frame@201632: gain=0.336 ref=0.445 mse=0.226 tau=0.013 omega=3.10E-004 bad=0 tapChange=0.0395 floor=0.0036 fading=True/True preMse=0.362 energy=0.029/0.055 fresh=False phase=0.307 anchor=0.675@0.183 phi=-0.249
frame@201920: gain=0.381 ref=0.440 mse=0.140 tau=0.012 omega=3.16E-004 bad=0 tapChange=0.0210 floor=0.0039 fading=True/True preMse=0.224 energy=0.034/0.054 fresh=False phase=-0.009 anchor=0.728@0.013 phi=-0.033
frame@202208: gain=0.422 ref=0.437 mse=0.303 tau=0.016 omega=2.37E-004 bad=0 tapChange=0.0435 floor=0.0041 fading=True/True preMse=0.484 energy=0.034/0.053 fresh=False phase=-0.657 anchor=0.732@-0.308 phi=0.456
frame@202496: gain=0.625 ref=0.436 mse=0.529 tau=0.021 omega=1.26E-004 bad=0 tapChange=0.0620 floor=0.0045 fading=True/True preMse=0.846 energy=0.050/0.052 fresh=False phase=-0.768 anchor=0.868@-0.405 phi=0.638
frame@202784: gain=0.838 ref=0.445 mse=0.490 tau=0.021 omega=4.91E-005 bad=0 tapChange=0.0720 floor=0.0048 fading=True/True preMse=0.785 energy=0.099/0.052 fresh=False phase=-0.510 anchor=1.017@-0.248 phi=0.445
frame@203072: gain=0.789 ref=0.465 mse=0.282 tau=0.022 omega=-9.28E-006 bad=0 tapChange=0.0448 floor=0.0051 fading=True/True preMse=0.451 energy=0.155/0.054 fresh=False phase=-0.354 anchor=1.010@-0.176 phi=0.336
frame@203360: gain=0.708 ref=0.481 mse=0.123 tau=0.024 omega=-4.77E-005 bad=0 tapChange=0.0485 floor=0.0055 fading=True/True preMse=0.197 energy=0.192/0.059 fresh=False phase=-0.203 anchor=0.972@-0.131 phi=0.221
frame@203648: gain=0.618 ref=0.492 mse=0.059 tau=0.023 omega=-7.35E-005 bad=0 tapChange=0.0190 floor=0.0058 fading=True/True preMse=0.094 energy=0.206/0.066 fresh=False phase=-0.123 anchor=0.935@-0.086 phi=0.148
frame@203936: gain=0.541 ref=0.499 mse=0.049 tau=0.019 omega=-1.01E-004 bad=0 tapChange=0.0134 floor=0.0062 fading=True/True preMse=0.079 energy=0.208/0.073 fresh=False phase=-0.118 anchor=0.893@-0.097 phi=0.158
frame@204224: gain=0.528 ref=0.501 mse=0.056 tau=0.020 omega=-1.22E-004 bad=0 tapChange=0.0166 floor=0.0067 fading=True/True preMse=0.090 energy=0.212/0.080 fresh=False phase=-0.039 anchor=0.913@-0.064 phi=0.123
frame@204512: gain=0.531 ref=0.502 mse=0.079 tau=0.019 omega=-1.34E-004 bad=0 tapChange=0.0174 floor=0.0071 fading=True/True preMse=0.126 energy=0.207/0.086 fresh=False phase=0.052 anchor=0.911@-0.008 phi=0.068
frame@204800: gain=0.554 ref=0.504 mse=0.095 tau=0.018 omega=-1.19E-004 bad=0 tapChange=0.0157 floor=0.0075 fading=True/True preMse=0.153 energy=0.179/0.092 fresh=False phase=0.191 anchor=0.906@0.090 phi=-0.087
frame@205088: gain=0.532 ref=0.506 mse=0.148 tau=0.019 omega=-7.85E-005 bad=0 tapChange=0.0201 floor=0.0080 fading=True/True preMse=0.238 energy=0.132/0.097 fresh=False phase=0.311 anchor=0.887@0.173 phi=-0.234
frame@205376: gain=0.421 ref=0.507 mse=0.204 tau=0.018 omega=-2.36E-005 bad=0 tapChange=0.0259 floor=0.0085 fading=True/True preMse=0.326 energy=0.082/0.098 fresh=False phase=0.347 anchor=0.772@0.228 phi=-0.317
frame@205664: gain=0.319 ref=0.503 mse=0.264 tau=0.016 omega=5.36E-005 bad=0 tapChange=0.0369 floor=0.0090 fading=True/True preMse=0.422 energy=0.042/0.098 fresh=False phase=0.433 anchor=0.628@0.322 phi=-0.445
frame@205952: gain=0.281 ref=0.494 mse=0.399 tau=0.013 omega=1.81E-004 bad=0 tapChange=0.0455 floor=0.0096 fading=True/True preMse=0.638 energy=0.024/0.095 fresh=False phase=0.762 anchor=0.551@0.511 phi=-0.733
frame@206240: gain=0.355 ref=0.483 mse=0.359 tau=0.013 omega=2.80E-004 bad=0 tapChange=0.0751 floor=0.0102 fading=True/True preMse=0.574 energy=0.029/0.091 fresh=False phase=0.638 anchor=0.675@0.376 phi=-0.573
frame@206528: gain=0.495 ref=0.477 mse=0.227 tau=0.011 omega=3.26E-004 bad=0 tapChange=0.0340 floor=0.0108 fading=True/True preMse=0.363 energy=0.048/0.088 fresh=False phase=0.348 anchor=0.849@0.169 phi=-0.262
frame@206816: gain=0.541 ref=0.478 mse=0.154 tau=0.009 omega=3.22E-004 bad=0 tapChange=0.0176 floor=0.0114 fading=True/True preMse=0.247 energy=0.067/0.086 fresh=False phase=0.033 anchor=0.903@-0.004 phi=0.021
frame@207104: gain=0.532 ref=0.481 mse=0.128 tau=0.007 omega=2.89E-004 bad=0 tapChange=0.0098 floor=0.0098 fading=True/True preMse=0.204 energy=0.075/0.085 fresh=False phase=-0.216 anchor=0.884@-0.122 phi=0.190
frame@207392: gain=0.559 ref=0.484 mse=0.147 tau=0.007 omega=2.20E-004 bad=0 tapChange=0.0060 floor=0.0060 fading=True/True preMse=0.235 energy=0.076/0.085 fresh=False phase=-0.455 anchor=0.888@-0.270 phi=0.400
frame@207680: gain=0.666 ref=0.487 mse=0.143 tau=0.006 omega=1.50E-004 bad=0 tapChange=0.0187 floor=0.0064 fading=True/True preMse=0.229 energy=0.100/0.084 fresh=False phase=-0.419 anchor=1.006@-0.254 phi=0.402
frame@207968: gain=0.793 ref=0.496 mse=0.162 tau=0.006 omega=1.05E-004 bad=0 tapChange=0.0427 floor=0.0068 fading=True/True preMse=0.259 energy=0.154/0.085 fresh=False phase=-0.261 anchor=1.094@-0.140 phi=0.260
frame@208256: gain=0.809 ref=0.511 mse=0.087 tau=0.008 omega=8.55E-005 bad=0 tapChange=0.0279 floor=0.0073 fading=True/True preMse=0.139 energy=0.200/0.089 fresh=False phase=-0.085 anchor=1.092@-0.059 phi=0.112
frame@208544: gain=0.669 ref=0.526 mse=0.019 tau=0.008 omega=6.23E-005 bad=0 tapChange=0.0075 floor=0.0075 fading=True/True preMse=0.031 energy=0.187/0.094 fresh=False phase=-0.125 anchor=1.009@-0.070 phi=0.134
frame@208832: gain=0.516 ref=0.533 mse=0.047 tau=0.008 omega=3.08E-005 bad=0 tapChange=0.0073 floor=0.0073 fading=True/True preMse=0.075 energy=0.124/0.099 fresh=False phase=-0.183 anchor=0.874@-0.115 phi=0.181
frame@209120: gain=0.386 ref=0.532 mse=0.144 tau=0.010 omega=-6.96E-006 bad=0 tapChange=0.0359 floor=0.0078 fading=True/True preMse=0.231 energy=0.066/0.100 fresh=False phase=-0.229 anchor=0.729@-0.159 phi=0.218
frame@209408: gain=0.290 ref=0.525 mse=0.223 tau=0.015 omega=-3.86E-005 bad=0 tapChange=0.0634 floor=0.0082 fading=True/True preMse=0.356 energy=0.038/0.098 fresh=False phase=-0.191 anchor=0.611@-0.161 phi=0.183
frame@209696: gain=0.241 ref=0.513 mse=0.264 tau=0.017 omega=-2.84E-005 bad=0 tapChange=0.0889 floor=0.0088 fading=True/True preMse=0.422 energy=0.033/0.095 fresh=False phase=0.131 anchor=0.594@0.017 phi=-0.059
frame@209984: gain=0.340 ref=0.500 mse=0.193 tau=0.011 omega=8.82E-006 bad=0 tapChange=0.0586 floor=0.0093 fading=True/True preMse=0.309 energy=0.041/0.092 fresh=False phase=0.351 anchor=0.734@0.153 phi=-0.214
frame@210272: gain=0.482 ref=0.492 mse=0.065 tau=0.009 omega=2.90E-005 bad=0 tapChange=0.0099 floor=0.0099 fading=True/True preMse=0.103 energy=0.047/0.090 fresh=False phase=0.135 anchor=0.856@0.088 phi=-0.116
frame@210560: gain=0.497 ref=0.491 mse=0.047 tau=0.007 omega=3.14E-005 bad=0 tapChange=0.0079 floor=0.0079 fading=True/True preMse=0.076 energy=0.039/0.087 fresh=False phase=-0.029 anchor=0.858@0.012 phi=-0.014
frame@210848: gain=0.318 ref=0.491 mse=0.180 tau=-0.008 omega=3.60E-005 bad=0 tapChange=0.0262 floor=0.0084 fading=True/True preMse=0.288 energy=0.021/0.085 fresh=False phase=0.004 anchor=0.619@0.019 phi=-0.026
frame@211136: gain=0.081 ref=0.483 mse=0.664 tau=-0.004 omega=9.27E-005 bad=0 tapChange=0.1157 floor=0.0089 fading=True/True preMse=1.063 energy=0.013/0.082 fresh=False phase=0.762 anchor=0.293@0.296 phi=-0.326
frame@211424: gain=0.283 ref=0.483 mse=1.035 tau=-0.001 omega=2.48E-004 bad=1 tapChange=0.2627 floor=0.0094 fading=True/True preMse=1.656 energy=0.025/0.082 fresh=False phase=1.756 anchor=0.414@0.660 phi=-0.894
frame@211712: gain=0.327 ref=0.473 mse=0.384 tau=-0.002 omega=3.30E-004 bad=0 tapChange=0.1061 floor=0.0100 fading=True/True preMse=0.614 energy=0.038/0.079 fresh=False phase=0.664 anchor=0.659@0.282 phi=-0.475
frame@212000: gain=0.556 ref=0.466 mse=0.133 tau=-0.003 omega=3.77E-004 bad=0 tapChange=0.0244 floor=0.0106 fading=True/True preMse=0.212 energy=0.047/0.077 fresh=False phase=0.252 anchor=0.887@0.161 phi=-0.271
frame@212288: gain=0.639 ref=0.470 mse=0.089 tau=-0.033 omega=4.05E-004 bad=0 tapChange=0.0161 floor=0.0112 fading=True/True preMse=0.142 energy=0.063/0.075 fresh=False phase=0.182 anchor=0.970@0.085 phi=-0.158
frame@212576: gain=0.662 ref=0.478 mse=0.053 tau=-0.023 omega=4.01E-004 bad=0 tapChange=0.0080 floor=0.0080 fading=True/True preMse=0.084 energy=0.075/0.075 fresh=False phase=-0.033 anchor=0.992@-0.007 phi=0.024
frame@212864: gain=0.605 ref=0.488 mse=0.073 tau=-0.019 omega=3.83E-004 bad=0 tapChange=0.0073 floor=0.0073 fading=True/True preMse=0.117 energy=0.080/0.075 fresh=False phase=-0.134 anchor=0.936@-0.067 phi=0.103
frame@213152: gain=0.616 ref=0.494 mse=0.116 tau=-0.020 omega=3.63E-004 bad=0 tapChange=0.0207 floor=0.0078 fading=True/True preMse=0.185 energy=0.094/0.075 fresh=False phase=-0.137 anchor=0.927@-0.080 phi=0.113
frame@213440: gain=0.611 ref=0.500 mse=0.140 tau=-0.013 omega=3.36E-004 bad=0 tapChange=0.0328 floor=0.0083 fading=True/True preMse=0.224 energy=0.113/0.076 fresh=False phase=-0.200 anchor=0.921@-0.099 phi=0.156
frame@213728: gain=0.562 ref=0.505 mse=0.162 tau=0.002 omega=2.87E-004 bad=0 tapChange=0.0467 floor=0.0088 fading=True/True preMse=0.260 energy=0.098/0.078 fresh=False phase=-0.338 anchor=0.874@-0.173 phi=0.285
frame@214016: gain=0.487 ref=0.508 mse=0.153 tau=0.001 omega=2.33E-004 bad=0 tapChange=0.0295 floor=0.0093 fading=True/True preMse=0.246 energy=0.082/0.079 fresh=False phase=-0.363 anchor=0.808@-0.208 phi=0.311
